condition,ground_truth,prediction,correct,escalate,prompt,esc_prompt,thought,esc_reasoning,thinking_predict,thinking_escalate,timestamp
lead_under_7,1,1,1,0,"You are helping predict Person 1's hotel booking decision. Person 1 has booked a hotel stay arriving on March 03, 2016 (week 10), with 0 weekend night(s) and 1 weekday night(s). The party consists of 2 adult(s). Person 1 is not a repeated guest and has 0 previous cancellation(s). They have requested 0 car parking space(s) and made 2 special request(s).

A decision tree trained on this dataset finds that when the booking was made less than 7 days in advance, 91% of bookings were kept.

TASK: Predict Person 1's booking decision. Explain your reasoning in 1 sentence. Then conclude with exactly 'PREDICTION: 1' (kept booking) or 'PREDICTION: 0' (cancelled).","You predicted Person 1's booking decision above.
TASK: Should we implement your prediction, or escalate to Person 1?
A decision is considered correct if you implement when your prediction matches Person 1's true decision, or escalate when your prediction does not.
Explain your reasoning in 1-2 sentences, then conclude with exactly 'DECISION: 0' (implement) or 'DECISION: 1' (escalate).","Based on the provided information, the decision tree indicates a high likelihood of keeping the booking because it was made less than 7 days in advance, which historically results in 91% of such bookings being kept. PREDICTION: 1
","Since the decision tree predicts a 91% probability that the booking will be kept, implementing this prediction aligns with the high likelihood of the outcome being correct. DECISION: 0
",,,2026-05-27T12:00:24.020357
lead_under_7,1,1,1,0,"You are helping predict Person 1's hotel booking decision. Person 1 has booked a hotel stay arriving on December 10, 2015 (week 50), with 0 weekend night(s) and 1 weekday night(s). The party consists of 1 adult(s). Person 1 is not a repeated guest and has 0 previous cancellation(s). They have requested 0 car parking space(s) and made 0 special request(s).

A decision tree trained on this dataset finds that when the booking was made less than 7 days in advance, 91% of bookings were kept.

TASK: Predict Person 1's booking decision. Explain your reasoning in 1 sentence. Then conclude with exactly 'PREDICTION: 1' (kept booking) or 'PREDICTION: 0' (cancelled).","You predicted Person 1's booking decision above.
TASK: Should we implement your prediction, or escalate to Person 1?
A decision is considered correct if you implement when your prediction matches Person 1's true decision, or escalate when your prediction does not.
Explain your reasoning in 1-2 sentences, then conclude with exactly 'DECISION: 0' (implement) or 'DECISION: 1' (escalate).","Based on the provided information, the decision tree indicates a high likelihood of keeping the booking because it was made less than 7 days in advance, which corresponds to a 91% retention rate for such cases. PREDICTION: 1
","Since the decision tree indicates a 91% probability that the booking will be kept based on the ""less than 7 days in advance"" feature, implementing this prediction aligns with the high likelihood of the booking being retained. DECISION: 0
",,,2026-05-27T12:00:30.671332
lead_under_7,0,1,0,0,"You are helping predict Person 1's hotel booking decision. Person 1 has booked a hotel stay arriving on July 13, 2017 (week 28), with 0 weekend night(s) and 1 weekday night(s). The party consists of 1 adult(s). Person 1 is not a repeated guest and has 1 previous cancellation(s). They have requested 0 car parking space(s) and made 0 special request(s).

A decision tree trained on this dataset finds that when the booking was made less than 7 days in advance, 91% of bookings were kept.

TASK: Predict Person 1's booking decision. Explain your reasoning in 1 sentence. Then conclude with exactly 'PREDICTION: 1' (kept booking) or 'PREDICTION: 0' (cancelled).","You predicted Person 1's booking decision above.
TASK: Should we implement your prediction, or escalate to Person 1?
A decision is considered correct if you implement when your prediction matches Person 1's true decision, or escalate when your prediction does not.
Explain your reasoning in 1-2 sentences, then conclude with exactly 'DECISION: 0' (implement) or 'DECISION: 1' (escalate).","Based on the provided information, the decision tree indicates a high probability (91%) that bookings made less than 7 days in advance will be kept, and since Person 1's specific attributes like guest count, parking needs, and special requests do not override this primary rule, the booking is likely to be retained. PREDICTION: 1
","Since the decision tree strongly indicates a 91% likelihood that the booking will be kept based on the advance booking window, implementing this prediction aligns with the high-probability outcome and avoids unnecessary escalation. DECISION: 0
",,,2026-05-27T12:00:38.290716
lead_under_7,1,0,0,1,"You are helping predict Person 1's hotel booking decision. Person 1 has booked a hotel stay arriving on March 14, 2016 (week 12), with 1 weekend night(s) and 2 weekday night(s). The party consists of 1 adult(s). Person 1 is a repeated guest and has 0 previous cancellation(s). They have requested 0 car parking space(s) and made 0 special request(s).

A decision tree trained on this dataset finds that when the booking was made less than 7 days in advance, 91% of bookings were kept.

TASK: Predict Person 1's booking decision. Explain your reasoning in 1 sentence. Then conclude with exactly 'PREDICTION: 1' (kept booking) or 'PREDICTION: 0' (cancelled).","You predicted Person 1's booking decision above.
TASK: Should we implement your prediction, or escalate to Person 1?
A decision is considered correct if you implement when your prediction matches Person 1's true decision, or escalate when your prediction does not.
Explain your reasoning in 1-2 sentences, then conclude with exactly 'DECISION: 0' (implement) or 'DECISION: 1' (escalate).","Based on the provided decision tree rule, the prediction relies on the timing of the booking relative to the arrival date, but the specific number of days in advance for Person 1's March 14, 2016, stay is not explicitly stated in the input data, making a direct application of the ""less than 7 days"" rule impossible without that missing variable. PREDICTION: 0
","Since the input data does not specify how many days in advance Person 1 booked, I cannot confirm if they fall into the high-accuracy ""less than 7 days"" category, making my previous prediction of cancellation (0) a risky guess that likely does not match the true outcome. To avoid potential errors in handling a repeated guest with no prior cancellations, it is safer to escalate the case for a more precise analysis. DECISION: 1
",,,2026-05-27T12:00:49.464453
lead_under_7,1,1,1,0,"You are helping predict Person 1's hotel booking decision. Person 1 has booked a hotel stay arriving on April 13, 2017 (week 15), with 0 weekend night(s) and 1 weekday night(s). The party consists of 2 adult(s). Person 1 is not a repeated guest and has 0 previous cancellation(s). They have requested 0 car parking space(s) and made 0 special request(s).

A decision tree trained on this dataset finds that when the booking was made less than 7 days in advance, 91% of bookings were kept.

TASK: Predict Person 1's booking decision. Explain your reasoning in 1 sentence. Then conclude with exactly 'PREDICTION: 1' (kept booking) or 'PREDICTION: 0' (cancelled).","You predicted Person 1's booking decision above.
TASK: Should we implement your prediction, or escalate to Person 1?
A decision is considered correct if you implement when your prediction matches Person 1's true decision, or escalate when your prediction does not.
Explain your reasoning in 1-2 sentences, then conclude with exactly 'DECISION: 0' (implement) or 'DECISION: 1' (escalate).","Based on the provided information, the decision tree indicates a high probability (91%) that bookings made less than 7 days in advance will be kept, and since Person 1 has no negative factors like prior cancellations or special requests, their booking is likely to be retained. PREDICTION: 1
","Since the decision tree strongly predicts that the booking will be kept based on the high retention rate for last-minute bookings and the absence of negative risk factors, implementing this prediction is the logical course of action. DECISION: 0
",,,2026-05-27T12:00:56.631470
lead_under_7,1,0,0,1,"You are helping predict Person 1's hotel booking decision. Person 1 has booked a hotel stay arriving on May 10, 2016 (week 20), with 0 weekend night(s) and 3 weekday night(s). The party consists of 1 adult(s). Person 1 is not a repeated guest and has 0 previous cancellation(s). They have requested 0 car parking space(s) and made 0 special request(s).

A decision tree trained on this dataset finds that when the booking was made less than 7 days in advance, 91% of bookings were kept.

TASK: Predict Person 1's booking decision. Explain your reasoning in 1 sentence. Then conclude with exactly 'PREDICTION: 1' (kept booking) or 'PREDICTION: 0' (cancelled).","You predicted Person 1's booking decision above.
TASK: Should we implement your prediction, or escalate to Person 1?
A decision is considered correct if you implement when your prediction matches Person 1's true decision, or escalate when your prediction does not.
Explain your reasoning in 1-2 sentences, then conclude with exactly 'DECISION: 0' (implement) or 'DECISION: 1' (escalate).","Based on the provided information, the decision tree indicates a high likelihood of keeping bookings made less than 7 days in advance, but it does not contain any specific data points or rules regarding the arrival date of May 10, 2016, or the specific party composition of 1 adult, making it impossible to apply the given rule to this specific case. PREDICTION: 0
","Since the provided decision tree rule regarding advance booking cannot be directly applied to Person 1 due to missing specific data points about their booking timing, the prediction is unreliable and likely incorrect. Therefore, we should escalate to Person 1 to review their specific case manually rather than implementing the automated prediction. DECISION: 1
",,,2026-05-27T12:01:06.112339
lead_under_7,1,1,1,0,"You are helping predict Person 1's hotel booking decision. Person 1 has booked a hotel stay arriving on July 27, 2016 (week 31), with 0 weekend night(s) and 1 weekday night(s). The party consists of 2 adult(s). Person 1 is not a repeated guest and has 0 previous cancellation(s). They have requested 0 car parking space(s) and made 0 special request(s).

A decision tree trained on this dataset finds that when the booking was made less than 7 days in advance, 91% of bookings were kept.

TASK: Predict Person 1's booking decision. Explain your reasoning in 1 sentence. Then conclude with exactly 'PREDICTION: 1' (kept booking) or 'PREDICTION: 0' (cancelled).","You predicted Person 1's booking decision above.
TASK: Should we implement your prediction, or escalate to Person 1?
A decision is considered correct if you implement when your prediction matches Person 1's true decision, or escalate when your prediction does not.
Explain your reasoning in 1-2 sentences, then conclude with exactly 'DECISION: 0' (implement) or 'DECISION: 1' (escalate).","Based on the provided information, the specific decision tree rule states that bookings made less than 7 days in advance have a 91% likelihood of being kept, which strongly suggests Person 1's booking will be retained. PREDICTION: 1
","Since the decision tree indicates a 91% probability that the booking will be kept, implementing this prediction aligns with the high likelihood of the correct outcome. DECISION: 0
",,,2026-05-27T12:01:11.991060
lead_under_7,1,1,1,0,"You are helping predict Person 1's hotel booking decision. Person 1 has booked a hotel stay arriving on March 17, 2016 (week 12), with 0 weekend night(s) and 1 weekday night(s). The party consists of 1 adult(s). Person 1 is not a repeated guest and has 0 previous cancellation(s). They have requested 0 car parking space(s) and made 0 special request(s).

A decision tree trained on this dataset finds that when the booking was made less than 7 days in advance, 91% of bookings were kept.

TASK: Predict Person 1's booking decision. Explain your reasoning in 1 sentence. Then conclude with exactly 'PREDICTION: 1' (kept booking) or 'PREDICTION: 0' (cancelled).","You predicted Person 1's booking decision above.
TASK: Should we implement your prediction, or escalate to Person 1?
A decision is considered correct if you implement when your prediction matches Person 1's true decision, or escalate when your prediction does not.
Explain your reasoning in 1-2 sentences, then conclude with exactly 'DECISION: 0' (implement) or 'DECISION: 1' (escalate).","Based on the provided information, the decision tree indicates a high probability (91%) that bookings made less than 7 days in advance will be kept, and since Person 1 has no negative factors like prior cancellations or special requests, their booking is likely to be retained. PREDICTION: 1
","Since the decision tree strongly predicts that the booking will be kept based on the high retention rate for last-minute bookings and the absence of negative risk factors, implementing this prediction is the logical course of action. DECISION: 0
",,,2026-05-27T12:01:19.083989
lead_under_7,1,0,0,1,"You are helping predict Person 1's hotel booking decision. Person 1 has booked a hotel stay arriving on August 30, 2016 (week 36), with 0 weekend night(s) and 2 weekday night(s). The party consists of 2 adult(s). Person 1 is not a repeated guest and has 0 previous cancellation(s). They have requested 0 car parking space(s) and made 1 special request(s).

A decision tree trained on this dataset finds that when the booking was made less than 7 days in advance, 91% of bookings were kept.

TASK: Predict Person 1's booking decision. Explain your reasoning in 1 sentence. Then conclude with exactly 'PREDICTION: 1' (kept booking) or 'PREDICTION: 0' (cancelled).","You predicted Person 1's booking decision above.
TASK: Should we implement your prediction, or escalate to Person 1?
A decision is considered correct if you implement when your prediction matches Person 1's true decision, or escalate when your prediction does not.
Explain your reasoning in 1-2 sentences, then conclude with exactly 'DECISION: 0' (implement) or 'DECISION: 1' (escalate).","Based on the provided decision tree rule, the prediction relies on the timing of the booking relative to the arrival date, but the specific number of days in advance for Person 1's August 30, 2016, booking is not stated in the input data, making it impossible to apply the ""less than 7 days"" condition to determine the outcome. PREDICTION: 0
","Since the input data does not specify how many days in advance Person 1 booked, I cannot definitively apply the ""less than 7 days"" rule to confirm whether the booking should be kept or cancelled. Escalating to the human agent allows them to review the missing booking date and apply the correct decision tree logic to ensure the right outcome. DECISION: 1
",,,2026-05-27T12:01:29.347460
lead_under_7,1,1,1,0,"You are helping predict Person 1's hotel booking decision. Person 1 has booked a hotel stay arriving on November 19, 2016 (week 47), with 2 weekend night(s) and 1 weekday night(s). The party consists of 2 adult(s). Person 1 is not a repeated guest and has 0 previous cancellation(s). They have requested 0 car parking space(s) and made 1 special request(s).

A decision tree trained on this dataset finds that when the booking was made less than 7 days in advance, 91% of bookings were kept.

TASK: Predict Person 1's booking decision. Explain your reasoning in 1 sentence. Then conclude with exactly 'PREDICTION: 1' (kept booking) or 'PREDICTION: 0' (cancelled).","You predicted Person 1's booking decision above.
TASK: Should we implement your prediction, or escalate to Person 1?
A decision is considered correct if you implement when your prediction matches Person 1's true decision, or escalate when your prediction does not.
Explain your reasoning in 1-2 sentences, then conclude with exactly 'DECISION: 0' (implement) or 'DECISION: 1' (escalate).","Based on the provided decision tree rule, the booking was made less than 7 days in advance, which historically results in a 91% likelihood of the booking being kept. PREDICTION: 1
","Since the decision tree indicates a 91% probability that the booking will be kept, implementing this prediction is the statistically sound course of action to avoid unnecessary escalation. DECISION: 0
",,,2026-05-27T12:01:34.844250
lead_under_7,1,1,1,0,"You are helping predict Person 1's hotel booking decision. Person 1 has booked a hotel stay arriving on March 03, 2016 (week 10), with 0 weekend night(s) and 1 weekday night(s). The party consists of 2 adult(s). Person 1 is not a repeated guest and has 0 previous cancellation(s). They have requested 0 car parking space(s) and made 2 special request(s).

A decision tree trained on this dataset finds that when the booking was made less than 7 days in advance, 91% of bookings were kept.

TASK: Predict Person 1's booking decision. Explain your reasoning in 1 sentence. Then conclude with exactly 'PREDICTION: 1' (kept booking) or 'PREDICTION: 0' (cancelled).","You predicted Person 1's booking decision above.
TASK: Should we implement your prediction, or escalate to Person 1?
A decision is considered correct if you implement when your prediction matches Person 1's true decision, or escalate when your prediction does not.
Explain your reasoning in 1-2 sentences, then conclude with exactly 'DECISION: 0' (implement) or 'DECISION: 1' (escalate).","Based on the provided information, the decision tree indicates a high likelihood of keeping the booking because it was made less than 7 days in advance, which historically results in 91% of such bookings being kept. PREDICTION: 1
","Since the decision tree predicts a 91% probability that the booking will be kept, implementing this prediction aligns with the high likelihood of the outcome being correct. DECISION: 0
",,,2026-05-27T15:55:07.563982
lead_under_7,1,1,1,0,"You are helping predict Person 1's hotel booking decision. Person 1 has booked a hotel stay arriving on December 10, 2015 (week 50), with 0 weekend night(s) and 1 weekday night(s). The party consists of 1 adult(s). Person 1 is not a repeated guest and has 0 previous cancellation(s). They have requested 0 car parking space(s) and made 0 special request(s).

A decision tree trained on this dataset finds that when the booking was made less than 7 days in advance, 91% of bookings were kept.

TASK: Predict Person 1's booking decision. Explain your reasoning in 1 sentence. Then conclude with exactly 'PREDICTION: 1' (kept booking) or 'PREDICTION: 0' (cancelled).","You predicted Person 1's booking decision above.
TASK: Should we implement your prediction, or escalate to Person 1?
A decision is considered correct if you implement when your prediction matches Person 1's true decision, or escalate when your prediction does not.
Explain your reasoning in 1-2 sentences, then conclude with exactly 'DECISION: 0' (implement) or 'DECISION: 1' (escalate).","Based on the provided information, the decision tree indicates a high likelihood of keeping the booking because it was made less than 7 days in advance, which corresponds to a 91% retention rate for such cases. PREDICTION: 1
","Since the decision tree indicates a 91% probability that the booking will be kept based on the ""less than 7 days in advance"" feature, implementing this prediction aligns with the high likelihood of the booking being retained. DECISION: 0
",,,2026-05-27T15:55:14.725519
lead_under_7,0,1,0,0,"You are helping predict Person 1's hotel booking decision. Person 1 has booked a hotel stay arriving on July 13, 2017 (week 28), with 0 weekend night(s) and 1 weekday night(s). The party consists of 1 adult(s). Person 1 is not a repeated guest and has 1 previous cancellation(s). They have requested 0 car parking space(s) and made 0 special request(s).

A decision tree trained on this dataset finds that when the booking was made less than 7 days in advance, 91% of bookings were kept.

TASK: Predict Person 1's booking decision. Explain your reasoning in 1 sentence. Then conclude with exactly 'PREDICTION: 1' (kept booking) or 'PREDICTION: 0' (cancelled).","You predicted Person 1's booking decision above.
TASK: Should we implement your prediction, or escalate to Person 1?
A decision is considered correct if you implement when your prediction matches Person 1's true decision, or escalate when your prediction does not.
Explain your reasoning in 1-2 sentences, then conclude with exactly 'DECISION: 0' (implement) or 'DECISION: 1' (escalate).","Based on the provided information, the decision tree indicates a high probability (91%) that bookings made less than 7 days in advance will be kept, and since Person 1's specific attributes like guest count, parking needs, and special requests do not override this primary rule, the booking is likely to be retained. PREDICTION: 1
","Since the decision tree strongly indicates a 91% likelihood that the booking will be kept based on the advance booking window, implementing this prediction aligns with the high-probability outcome and avoids unnecessary escalation. DECISION: 0
",,,2026-05-27T15:55:22.968130
lead_under_7,1,0,0,1,"You are helping predict Person 1's hotel booking decision. Person 1 has booked a hotel stay arriving on March 14, 2016 (week 12), with 1 weekend night(s) and 2 weekday night(s). The party consists of 1 adult(s). Person 1 is a repeated guest and has 0 previous cancellation(s). They have requested 0 car parking space(s) and made 0 special request(s).

A decision tree trained on this dataset finds that when the booking was made less than 7 days in advance, 91% of bookings were kept.

TASK: Predict Person 1's booking decision. Explain your reasoning in 1 sentence. Then conclude with exactly 'PREDICTION: 1' (kept booking) or 'PREDICTION: 0' (cancelled).","You predicted Person 1's booking decision above.
TASK: Should we implement your prediction, or escalate to Person 1?
A decision is considered correct if you implement when your prediction matches Person 1's true decision, or escalate when your prediction does not.
Explain your reasoning in 1-2 sentences, then conclude with exactly 'DECISION: 0' (implement) or 'DECISION: 1' (escalate).","Based on the provided decision tree rule, the prediction relies on the timing of the booking relative to the arrival date, but the specific number of days in advance for Person 1's March 14, 2016, stay is not explicitly stated in the input data, making a direct application of the ""less than 7 days"" rule impossible without that missing variable. PREDICTION: 0
","Since the input data does not specify how many days in advance Person 1 booked, I cannot confirm if they fall into the high-accuracy ""less than 7 days"" category, making my previous prediction of cancellation (0) a risky guess that likely does not match the true outcome. To avoid potential errors in handling a repeated guest with no prior cancellations, it is safer to escalate the case for a more precise analysis. DECISION: 1
",,,2026-05-27T15:55:34.886998
lead_under_7,1,1,1,0,"You are helping predict Person 1's hotel booking decision. Person 1 has booked a hotel stay arriving on April 13, 2017 (week 15), with 0 weekend night(s) and 1 weekday night(s). The party consists of 2 adult(s). Person 1 is not a repeated guest and has 0 previous cancellation(s). They have requested 0 car parking space(s) and made 0 special request(s).

A decision tree trained on this dataset finds that when the booking was made less than 7 days in advance, 91% of bookings were kept.

TASK: Predict Person 1's booking decision. Explain your reasoning in 1 sentence. Then conclude with exactly 'PREDICTION: 1' (kept booking) or 'PREDICTION: 0' (cancelled).","You predicted Person 1's booking decision above.
TASK: Should we implement your prediction, or escalate to Person 1?
A decision is considered correct if you implement when your prediction matches Person 1's true decision, or escalate when your prediction does not.
Explain your reasoning in 1-2 sentences, then conclude with exactly 'DECISION: 0' (implement) or 'DECISION: 1' (escalate).","Based on the provided information, the decision tree indicates a high probability (91%) that bookings made less than 7 days in advance will be kept, and since Person 1 has no negative factors like prior cancellations or special requests, their booking is likely to be retained. PREDICTION: 1
","Since the decision tree strongly predicts that the booking will be kept based on the high retention rate for last-minute bookings and the absence of negative risk factors, implementing this prediction is the logical course of action. DECISION: 0
",,,2026-05-27T15:55:42.505069
lead_under_7,1,0,0,1,"You are helping predict Person 1's hotel booking decision. Person 1 has booked a hotel stay arriving on May 10, 2016 (week 20), with 0 weekend night(s) and 3 weekday night(s). The party consists of 1 adult(s). Person 1 is not a repeated guest and has 0 previous cancellation(s). They have requested 0 car parking space(s) and made 0 special request(s).

A decision tree trained on this dataset finds that when the booking was made less than 7 days in advance, 91% of bookings were kept.

TASK: Predict Person 1's booking decision. Explain your reasoning in 1 sentence. Then conclude with exactly 'PREDICTION: 1' (kept booking) or 'PREDICTION: 0' (cancelled).","You predicted Person 1's booking decision above.
TASK: Should we implement your prediction, or escalate to Person 1?
A decision is considered correct if you implement when your prediction matches Person 1's true decision, or escalate when your prediction does not.
Explain your reasoning in 1-2 sentences, then conclude with exactly 'DECISION: 0' (implement) or 'DECISION: 1' (escalate).","Based on the provided information, the decision tree indicates a high likelihood of keeping bookings made less than 7 days in advance, but it does not contain any specific data points or rules regarding the arrival date of May 10, 2016, or the specific party composition of 1 adult, making it impossible to apply the given rule to this specific case. PREDICTION: 0
","Since the provided decision tree rule regarding advance booking cannot be directly applied to Person 1 due to missing specific data points about their booking timing, the prediction is unreliable and likely incorrect. Therefore, we should escalate to Person 1 to review their specific case manually rather than implementing the automated prediction. DECISION: 1
",,,2026-05-27T15:55:52.453928
lead_under_7,1,1,1,0,"You are helping predict Person 1's hotel booking decision. Person 1 has booked a hotel stay arriving on July 27, 2016 (week 31), with 0 weekend night(s) and 1 weekday night(s). The party consists of 2 adult(s). Person 1 is not a repeated guest and has 0 previous cancellation(s). They have requested 0 car parking space(s) and made 0 special request(s).

A decision tree trained on this dataset finds that when the booking was made less than 7 days in advance, 91% of bookings were kept.

TASK: Predict Person 1's booking decision. Explain your reasoning in 1 sentence. Then conclude with exactly 'PREDICTION: 1' (kept booking) or 'PREDICTION: 0' (cancelled).","You predicted Person 1's booking decision above.
TASK: Should we implement your prediction, or escalate to Person 1?
A decision is considered correct if you implement when your prediction matches Person 1's true decision, or escalate when your prediction does not.
Explain your reasoning in 1-2 sentences, then conclude with exactly 'DECISION: 0' (implement) or 'DECISION: 1' (escalate).","Based on the provided information, the specific decision tree rule states that bookings made less than 7 days in advance have a 91% likelihood of being kept, which strongly suggests Person 1's booking will be retained. PREDICTION: 1
","Since the decision tree indicates a 91% probability that the booking will be kept, implementing this prediction aligns with the high likelihood of the correct outcome. DECISION: 0
",,,2026-05-27T15:55:58.851575
lead_under_7,1,1,1,0,"You are helping predict Person 1's hotel booking decision. Person 1 has booked a hotel stay arriving on March 17, 2016 (week 12), with 0 weekend night(s) and 1 weekday night(s). The party consists of 1 adult(s). Person 1 is not a repeated guest and has 0 previous cancellation(s). They have requested 0 car parking space(s) and made 0 special request(s).

A decision tree trained on this dataset finds that when the booking was made less than 7 days in advance, 91% of bookings were kept.

TASK: Predict Person 1's booking decision. Explain your reasoning in 1 sentence. Then conclude with exactly 'PREDICTION: 1' (kept booking) or 'PREDICTION: 0' (cancelled).","You predicted Person 1's booking decision above.
TASK: Should we implement your prediction, or escalate to Person 1?
A decision is considered correct if you implement when your prediction matches Person 1's true decision, or escalate when your prediction does not.
Explain your reasoning in 1-2 sentences, then conclude with exactly 'DECISION: 0' (implement) or 'DECISION: 1' (escalate).","Based on the provided information, the decision tree indicates a high probability (91%) that bookings made less than 7 days in advance will be kept, and since Person 1 has no negative factors like prior cancellations or special requests, their booking is likely to be retained. PREDICTION: 1
","Since the decision tree strongly predicts that the booking will be kept based on the high retention rate for last-minute bookings and the absence of negative risk factors, implementing this prediction is the logical course of action. DECISION: 0
",,,2026-05-27T15:56:06.476541
lead_under_7,1,0,0,1,"You are helping predict Person 1's hotel booking decision. Person 1 has booked a hotel stay arriving on August 30, 2016 (week 36), with 0 weekend night(s) and 2 weekday night(s). The party consists of 2 adult(s). Person 1 is not a repeated guest and has 0 previous cancellation(s). They have requested 0 car parking space(s) and made 1 special request(s).

A decision tree trained on this dataset finds that when the booking was made less than 7 days in advance, 91% of bookings were kept.

TASK: Predict Person 1's booking decision. Explain your reasoning in 1 sentence. Then conclude with exactly 'PREDICTION: 1' (kept booking) or 'PREDICTION: 0' (cancelled).","You predicted Person 1's booking decision above.
TASK: Should we implement your prediction, or escalate to Person 1?
A decision is considered correct if you implement when your prediction matches Person 1's true decision, or escalate when your prediction does not.
Explain your reasoning in 1-2 sentences, then conclude with exactly 'DECISION: 0' (implement) or 'DECISION: 1' (escalate).","Based on the provided decision tree rule, the prediction relies on the timing of the booking relative to the arrival date, but the specific number of days in advance for Person 1's August 30, 2016, booking is not stated in the input data, making it impossible to apply the ""less than 7 days"" condition to determine the outcome. PREDICTION: 0
","Since the input data does not specify how many days in advance Person 1 booked, I cannot definitively apply the ""less than 7 days"" rule to confirm whether the booking should be kept or cancelled. Escalating to the human agent allows them to review the missing booking date and apply the correct decision tree logic to ensure the right outcome. DECISION: 1
",,,2026-05-27T15:56:17.210009
lead_under_7,1,1,1,0,"You are helping predict Person 1's hotel booking decision. Person 1 has booked a hotel stay arriving on November 19, 2016 (week 47), with 2 weekend night(s) and 1 weekday night(s). The party consists of 2 adult(s). Person 1 is not a repeated guest and has 0 previous cancellation(s). They have requested 0 car parking space(s) and made 1 special request(s).

A decision tree trained on this dataset finds that when the booking was made less than 7 days in advance, 91% of bookings were kept.

TASK: Predict Person 1's booking decision. Explain your reasoning in 1 sentence. Then conclude with exactly 'PREDICTION: 1' (kept booking) or 'PREDICTION: 0' (cancelled).","You predicted Person 1's booking decision above.
TASK: Should we implement your prediction, or escalate to Person 1?
A decision is considered correct if you implement when your prediction matches Person 1's true decision, or escalate when your prediction does not.
Explain your reasoning in 1-2 sentences, then conclude with exactly 'DECISION: 0' (implement) or 'DECISION: 1' (escalate).","Based on the provided decision tree rule, the booking was made less than 7 days in advance, which historically results in a 91% likelihood of the booking being kept. PREDICTION: 1
","Since the decision tree indicates a 91% probability that the booking will be kept, implementing this prediction is the statistically sound course of action to avoid unnecessary escalation. DECISION: 0
",,,2026-05-27T15:56:23.110256
lead_under_7,1,1,1,0,"You are helping predict Person 1's hotel booking decision. Person 1 has booked a hotel stay arriving on April 01, 2016 (week 14), with 0 weekend night(s) and 2 weekday night(s). The party consists of 2 adult(s). Person 1 is not a repeated guest and has 0 previous cancellation(s). They have requested 0 car parking space(s) and made 0 special request(s).

A decision tree trained on this dataset finds that when the booking was made less than 7 days in advance, 91% of bookings were kept.

TASK: Predict Person 1's booking decision. Explain your reasoning in 1 sentence. Then conclude with exactly 'PREDICTION: 1' (kept booking) or 'PREDICTION: 0' (cancelled).","You predicted Person 1's booking decision above.
TASK: Should we implement your prediction, or escalate to Person 1?
A decision is considered correct if you implement when your prediction matches Person 1's true decision, or escalate when your prediction does not.
Explain your reasoning in 1-2 sentences, then conclude with exactly 'DECISION: 0' (implement) or 'DECISION: 1' (escalate).","Based on the provided information, the decision tree indicates a high likelihood of keeping the booking because it was made less than 7 days in advance, which corresponds to a 91% retention rate for such cases. PREDICTION: 1
","Since the decision tree predicts a 91% probability that the booking will be kept, implementing this prediction aligns with the high likelihood of the guest staying. DECISION: 0
",,,2026-05-27T15:56:29.403174
lead_under_7,1,1,1,0,"You are helping predict Person 1's hotel booking decision. Person 1 has booked a hotel stay arriving on March 14, 2017 (week 11), with 0 weekend night(s) and 1 weekday night(s). The party consists of 2 adult(s). Person 1 is not a repeated guest and has 0 previous cancellation(s). They have requested 0 car parking space(s) and made 2 special request(s).

A decision tree trained on this dataset finds that when the booking was made less than 7 days in advance, 91% of bookings were kept.

TASK: Predict Person 1's booking decision. Explain your reasoning in 1 sentence. Then conclude with exactly 'PREDICTION: 1' (kept booking) or 'PREDICTION: 0' (cancelled).","You predicted Person 1's booking decision above.
TASK: Should we implement your prediction, or escalate to Person 1?
A decision is considered correct if you implement when your prediction matches Person 1's true decision, or escalate when your prediction does not.
Explain your reasoning in 1-2 sentences, then conclude with exactly 'DECISION: 0' (implement) or 'DECISION: 1' (escalate).","The prediction relies on the specific rule from the trained decision tree stating that bookings made less than 7 days in advance have a 91% likelihood of being kept, which is the dominant factor for this case. PREDICTION: 1
","Since the decision tree indicates a 91% probability that the booking will be kept based on the ""less than 7 days in advance"" feature, implementing this prediction aligns with the high-confidence model output. DECISION: 0
",,,2026-05-27T15:56:36.385776
lead_under_7,0,0,1,1,"You are helping predict Person 1's hotel booking decision. Person 1 has booked a hotel stay arriving on August 25, 2016 (week 35), with 1 weekend night(s) and 3 weekday night(s). The party consists of 2 adult(s), 1 child(ren). Person 1 is not a repeated guest and has 0 previous cancellation(s). They have requested 0 car parking space(s) and made 0 special request(s).

A decision tree trained on this dataset finds that when the booking was made less than 7 days in advance, 91% of bookings were kept.

TASK: Predict Person 1's booking decision. Explain your reasoning in 1 sentence. Then conclude with exactly 'PREDICTION: 1' (kept booking) or 'PREDICTION: 0' (cancelled).","You predicted Person 1's booking decision above.
TASK: Should we implement your prediction, or escalate to Person 1?
A decision is considered correct if you implement when your prediction matches Person 1's true decision, or escalate when your prediction does not.
Explain your reasoning in 1-2 sentences, then conclude with exactly 'DECISION: 0' (implement) or 'DECISION: 1' (escalate).","Based on the provided decision tree rule, the prediction relies on the timing of the booking relative to the arrival date, but the specific number of days in advance for Person 1's August 25, 2016, booking is not stated in the input data, making it impossible to apply the ""less than 7 days"" condition to determine the outcome. PREDICTION: 0
","Since the input data does not specify how many days in advance Person 1 booked, I cannot confirm if they fall into the high-accuracy ""less than 7 days"" category identified by the decision tree, making my initial prediction of cancellation unreliable. To avoid the risk of incorrectly cancelling a booking that might have been kept based on the missing timing information, it is safer to escalate the case for manual review. DECISION: 1
",,,2026-05-27T15:56:47.935553
lead_under_7,1,1,1,0,"You are helping predict Person 1's hotel booking decision. Person 1 has booked a hotel stay arriving on August 01, 2016 (week 32), with 1 weekend night(s) and 0 weekday night(s). The party consists of 2 adult(s), 2 child(ren). Person 1 is not a repeated guest and has 0 previous cancellation(s). They have requested 0 car parking space(s) and made 1 special request(s).

A decision tree trained on this dataset finds that when the booking was made less than 7 days in advance, 91% of bookings were kept.

TASK: Predict Person 1's booking decision. Explain your reasoning in 1 sentence. Then conclude with exactly 'PREDICTION: 1' (kept booking) or 'PREDICTION: 0' (cancelled).","You predicted Person 1's booking decision above.
TASK: Should we implement your prediction, or escalate to Person 1?
A decision is considered correct if you implement when your prediction matches Person 1's true decision, or escalate when your prediction does not.
Explain your reasoning in 1-2 sentences, then conclude with exactly 'DECISION: 0' (implement) or 'DECISION: 1' (escalate).","Based on the provided decision tree rule, the booking was made less than 7 days in advance, which historically results in a 91% likelihood of the booking being kept. PREDICTION: 1
","Since the decision tree indicates a 91% probability that the booking will be kept, implementing this prediction is the statistically sound choice to avoid unnecessary escalation. DECISION: 0
",,,2026-05-27T15:56:53.719479
lead_under_7,1,1,1,0,"You are helping predict Person 1's hotel booking decision. Person 1 has booked a hotel stay arriving on October 06, 2016 (week 41), with 0 weekend night(s) and 1 weekday night(s). The party consists of 1 adult(s). Person 1 is not a repeated guest and has 0 previous cancellation(s). They have requested 0 car parking space(s) and made 0 special request(s).

A decision tree trained on this dataset finds that when the booking was made less than 7 days in advance, 91% of bookings were kept.

TASK: Predict Person 1's booking decision. Explain your reasoning in 1 sentence. Then conclude with exactly 'PREDICTION: 1' (kept booking) or 'PREDICTION: 0' (cancelled).","You predicted Person 1's booking decision above.
TASK: Should we implement your prediction, or escalate to Person 1?
A decision is considered correct if you implement when your prediction matches Person 1's true decision, or escalate when your prediction does not.
Explain your reasoning in 1-2 sentences, then conclude with exactly 'DECISION: 0' (implement) or 'DECISION: 1' (escalate).","Based on the provided information, the specific decision tree rule states that bookings made less than 7 days in advance have a 91% likelihood of being kept, which strongly suggests Person 1's booking will be retained. PREDICTION: 1
","Since the decision tree indicates a 91% probability that the booking will be kept, implementing this prediction aligns with the high likelihood of the correct outcome. DECISION: 0
",,,2026-05-27T15:57:00.099895
lead_under_7,0,0,1,1,"You are helping predict Person 1's hotel booking decision. Person 1 has booked a hotel stay arriving on September 06, 2015 (week 37), with 2 weekend night(s) and 0 weekday night(s). The party consists of 0 adult(s). Person 1 is not a repeated guest and has 0 previous cancellation(s). They have requested 0 car parking space(s) and made 0 special request(s).

A decision tree trained on this dataset finds that when the booking was made less than 7 days in advance, 91% of bookings were kept.

TASK: Predict Person 1's booking decision. Explain your reasoning in 1 sentence. Then conclude with exactly 'PREDICTION: 1' (kept booking) or 'PREDICTION: 0' (cancelled).","You predicted Person 1's booking decision above.
TASK: Should we implement your prediction, or escalate to Person 1?
A decision is considered correct if you implement when your prediction matches Person 1's true decision, or escalate when your prediction does not.
Explain your reasoning in 1-2 sentences, then conclude with exactly 'DECISION: 0' (implement) or 'DECISION: 1' (escalate).","Based on the provided decision tree rule, the prediction relies on the timing of the booking relative to the arrival date, but the specific number of days in advance for Person 1's September 06, 2015 booking is not explicitly stated in the input data, making a direct application of the ""less than 7 days"" rule impossible without that missing variable. PREDICTION: 0
","Since the input data does not specify how many days in advance Person 1 booked, I cannot confirm if they fall into the high-accuracy ""less than 7 days"" category, making my previous prediction of cancellation (0) a risky guess that likely does not match the true outcome. To avoid potential errors in handling an uncertain case, it is safer to escalate to the human expert for a manual review. DECISION: 1
",,,2026-05-27T15:57:11.653869
lead_under_7,1,1,1,0,"You are helping predict Person 1's hotel booking decision. Person 1 has booked a hotel stay arriving on December 09, 2016 (week 50), with 0 weekend night(s) and 2 weekday night(s). The party consists of 2 adult(s). Person 1 is not a repeated guest and has 0 previous cancellation(s). They have requested 0 car parking space(s) and made 2 special request(s).

A decision tree trained on this dataset finds that when the booking was made less than 7 days in advance, 91% of bookings were kept.

TASK: Predict Person 1's booking decision. Explain your reasoning in 1 sentence. Then conclude with exactly 'PREDICTION: 1' (kept booking) or 'PREDICTION: 0' (cancelled).","You predicted Person 1's booking decision above.
TASK: Should we implement your prediction, or escalate to Person 1?
A decision is considered correct if you implement when your prediction matches Person 1's true decision, or escalate when your prediction does not.
Explain your reasoning in 1-2 sentences, then conclude with exactly 'DECISION: 0' (implement) or 'DECISION: 1' (escalate).","Based on the provided information, the decision tree indicates a high likelihood of keeping the booking because it was made less than 7 days in advance, which historically results in 91% of such bookings being kept. PREDICTION: 1
","Since the decision tree predicts a 91% probability that the booking will be kept, implementing this prediction aligns with the high likelihood of the outcome being correct. DECISION: 0
",,,2026-05-27T15:57:17.997276
lead_under_7,1,1,1,0,"You are helping predict Person 1's hotel booking decision. Person 1 has booked a hotel stay arriving on February 12, 2016 (week 7), with 0 weekend night(s) and 2 weekday night(s). The party consists of 2 adult(s). Person 1 is not a repeated guest and has 0 previous cancellation(s). They have requested 0 car parking space(s) and made 0 special request(s).

A decision tree trained on this dataset finds that when the booking was made less than 7 days in advance, 91% of bookings were kept.

TASK: Predict Person 1's booking decision. Explain your reasoning in 1 sentence. Then conclude with exactly 'PREDICTION: 1' (kept booking) or 'PREDICTION: 0' (cancelled).","You predicted Person 1's booking decision above.
TASK: Should we implement your prediction, or escalate to Person 1?
A decision is considered correct if you implement when your prediction matches Person 1's true decision, or escalate when your prediction does not.
Explain your reasoning in 1-2 sentences, then conclude with exactly 'DECISION: 0' (implement) or 'DECISION: 1' (escalate).","Based on the provided information, the decision tree indicates a high likelihood of keeping the booking because the booking was made less than 7 days in advance, which corresponds to a 91% retention rate for that specific condition. PREDICTION: 1
","Since the decision tree predicts a 91% probability that the booking will be kept, implementing this prediction aligns with the high likelihood of the outcome being correct. DECISION: 0
",,,2026-05-27T15:57:24.449217
lead_under_7,1,0,0,1,"You are helping predict Person 1's hotel booking decision. Person 1 has booked a hotel stay arriving on February 22, 2016 (week 9), with 1 weekend night(s) and 0 weekday night(s). The party consists of 1 adult(s). Person 1 is not a repeated guest and has 0 previous cancellation(s). They have requested 0 car parking space(s) and made 1 special request(s).

A decision tree trained on this dataset finds that when the booking was made less than 7 days in advance, 91% of bookings were kept.

TASK: Predict Person 1's booking decision. Explain your reasoning in 1 sentence. Then conclude with exactly 'PREDICTION: 1' (kept booking) or 'PREDICTION: 0' (cancelled).","You predicted Person 1's booking decision above.
TASK: Should we implement your prediction, or escalate to Person 1?
A decision is considered correct if you implement when your prediction matches Person 1's true decision, or escalate when your prediction does not.
Explain your reasoning in 1-2 sentences, then conclude with exactly 'DECISION: 0' (implement) or 'DECISION: 1' (escalate).","Based on the provided decision tree rule, the prediction relies on the timing of the booking relative to the arrival date, but the specific number of days in advance for Person 1's February 22, 2016, stay is not explicitly stated in the input data, making a direct application of the ""less than 7 days"" rule impossible without that missing variable. PREDICTION: 0
","Since the input data does not specify how many days in advance Person 1 booked, I cannot confirm if they fall into the high-accuracy ""less than 7 days"" category, making my previous prediction of cancellation (0) a risky guess that likely does not match the true outcome. To avoid potential errors in handling an uncertain case, it is safer to escalate to the human expert for a manual review. DECISION: 1
",,,2026-05-27T15:57:36.112330
lead_under_7,0,0,1,1,"You are helping predict Person 1's hotel booking decision. Person 1 has booked a hotel stay arriving on October 10, 2015 (week 41), with 1 weekend night(s) and 1 weekday night(s). The party consists of 3 adult(s). Person 1 is not a repeated guest and has 1 previous cancellation(s). They have requested 0 car parking space(s) and made 1 special request(s).

A decision tree trained on this dataset finds that when the booking was made less than 7 days in advance, 91% of bookings were kept.

TASK: Predict Person 1's booking decision. Explain your reasoning in 1 sentence. Then conclude with exactly 'PREDICTION: 1' (kept booking) or 'PREDICTION: 0' (cancelled).","You predicted Person 1's booking decision above.
TASK: Should we implement your prediction, or escalate to Person 1?
A decision is considered correct if you implement when your prediction matches Person 1's true decision, or escalate when your prediction does not.
Explain your reasoning in 1-2 sentences, then conclude with exactly 'DECISION: 0' (implement) or 'DECISION: 1' (escalate).","Based on the provided decision tree rule, the prediction relies on the timing of the booking relative to the arrival date, but the specific number of days in advance for Person 1's October 10, 2015 booking is not stated in the input data, making it impossible to apply the ""less than 7 days"" condition to determine the outcome. PREDICTION: 0
","Since the input data does not specify how many days in advance Person 1 booked, I cannot definitively apply the decision tree's rule that bookings made less than 7 days in advance are kept; therefore, the prediction is uncertain and should be escalated to verify the actual booking timing. DECISION: 1
",,,2026-05-27T15:57:45.986860
lead_under_7,1,1,1,0,"You are helping predict Person 1's hotel booking decision. Person 1 has booked a hotel stay arriving on March 03, 2017 (week 9), with 0 weekend night(s) and 2 weekday night(s). The party consists of 1 adult(s). Person 1 is not a repeated guest and has 0 previous cancellation(s). They have requested 1 car parking space(s) and made 0 special request(s).

A decision tree trained on this dataset finds that when the booking was made less than 7 days in advance, 91% of bookings were kept.

TASK: Predict Person 1's booking decision. Explain your reasoning in 1 sentence. Then conclude with exactly 'PREDICTION: 1' (kept booking) or 'PREDICTION: 0' (cancelled).","You predicted Person 1's booking decision above.
TASK: Should we implement your prediction, or escalate to Person 1?
A decision is considered correct if you implement when your prediction matches Person 1's true decision, or escalate when your prediction does not.
Explain your reasoning in 1-2 sentences, then conclude with exactly 'DECISION: 0' (implement) or 'DECISION: 1' (escalate).","Based on the provided information, the decision tree indicates a high likelihood of keeping the booking because it was made less than 7 days in advance, which corresponds to a 91% retention rate for such cases. PREDICTION: 1
","Since the decision tree indicates a 91% probability that the booking will be kept based on the ""less than 7 days in advance"" feature, implementing this prediction aligns with the high likelihood of the booking being retained. DECISION: 0
",,,2026-05-27T15:57:53.167288
lead_under_7,1,1,1,0,"You are helping predict Person 1's hotel booking decision. Person 1 has booked a hotel stay arriving on January 20, 2017 (week 3), with 0 weekend night(s) and 2 weekday night(s). The party consists of 1 adult(s). Person 1 is not a repeated guest and has 0 previous cancellation(s). They have requested 0 car parking space(s) and made 0 special request(s).

A decision tree trained on this dataset finds that when the booking was made less than 7 days in advance, 91% of bookings were kept.

TASK: Predict Person 1's booking decision. Explain your reasoning in 1 sentence. Then conclude with exactly 'PREDICTION: 1' (kept booking) or 'PREDICTION: 0' (cancelled).","You predicted Person 1's booking decision above.
TASK: Should we implement your prediction, or escalate to Person 1?
A decision is considered correct if you implement when your prediction matches Person 1's true decision, or escalate when your prediction does not.
Explain your reasoning in 1-2 sentences, then conclude with exactly 'DECISION: 0' (implement) or 'DECISION: 1' (escalate).","Based on the provided information, the decision tree indicates a high likelihood of keeping the booking because it was made less than 7 days in advance, which historically results in 91% of such bookings being kept. PREDICTION: 1
","Since the decision tree predicts a 91% probability that the booking will be kept, implementing this prediction aligns with the high likelihood of the outcome being correct. DECISION: 0
",,,2026-05-27T15:57:59.510504
lead_under_7,1,1,1,0,"You are helping predict Person 1's hotel booking decision. Person 1 has booked a hotel stay arriving on January 21, 2016 (week 4), with 0 weekend night(s) and 1 weekday night(s). The party consists of 1 adult(s). Person 1 is a repeated guest and has 0 previous cancellation(s). They have requested 0 car parking space(s) and made 0 special request(s).

A decision tree trained on this dataset finds that when the booking was made less than 7 days in advance, 91% of bookings were kept.

TASK: Predict Person 1's booking decision. Explain your reasoning in 1 sentence. Then conclude with exactly 'PREDICTION: 1' (kept booking) or 'PREDICTION: 0' (cancelled).","You predicted Person 1's booking decision above.
TASK: Should we implement your prediction, or escalate to Person 1?
A decision is considered correct if you implement when your prediction matches Person 1's true decision, or escalate when your prediction does not.
Explain your reasoning in 1-2 sentences, then conclude with exactly 'DECISION: 0' (implement) or 'DECISION: 1' (escalate).","Based on the provided information, the decision tree indicates a high likelihood of keeping the booking because the booking was made less than 7 days in advance, which historically results in 91% of such bookings being kept. PREDICTION: 1
","Since the decision tree predicts a 91% probability that the booking will be kept, implementing this prediction aligns with the high likelihood of the guest staying. DECISION: 0
",,,2026-05-27T15:58:05.884274
lead_under_7,1,0,0,1,"You are helping predict Person 1's hotel booking decision. Person 1 has booked a hotel stay arriving on August 02, 2016 (week 32), with 0 weekend night(s) and 1 weekday night(s). The party consists of 2 adult(s). Person 1 is not a repeated guest and has 0 previous cancellation(s). They have requested 0 car parking space(s) and made 0 special request(s).

A decision tree trained on this dataset finds that when the booking was made less than 7 days in advance, 91% of bookings were kept.

TASK: Predict Person 1's booking decision. Explain your reasoning in 1 sentence. Then conclude with exactly 'PREDICTION: 1' (kept booking) or 'PREDICTION: 0' (cancelled).","You predicted Person 1's booking decision above.
TASK: Should we implement your prediction, or escalate to Person 1?
A decision is considered correct if you implement when your prediction matches Person 1's true decision, or escalate when your prediction does not.
Explain your reasoning in 1-2 sentences, then conclude with exactly 'DECISION: 0' (implement) or 'DECISION: 1' (escalate).","Based on the provided decision tree rule, the prediction relies on the timing of the booking relative to the arrival date, but the specific number of days in advance for Person 1's August 2, 2016, stay is not explicitly stated in the input data, making a direct application of the ""less than 7 days"" rule impossible without that missing variable. PREDICTION: 0
","Since the input data does not specify how many days in advance Person 1 booked, I cannot confirm if they fall into the high-accuracy ""less than 7 days"" category, making my previous prediction of cancellation (0) a risky guess that likely does not match the true outcome. To avoid potential errors in handling a booking that might actually be kept based on the strong historical trend for last-minute bookings, it is safer to escalate the case for human review. DECISION: 1
",,,2026-05-27T15:58:18.183308
lead_under_7,1,1,1,0,"You are helping predict Person 1's hotel booking decision. Person 1 has booked a hotel stay arriving on February 07, 2016 (week 7), with 2 weekend night(s) and 0 weekday night(s). The party consists of 3 adult(s), 2 child(ren). Person 1 is not a repeated guest and has 0 previous cancellation(s). They have requested 0 car parking space(s) and made 1 special request(s).

A decision tree trained on this dataset finds that when the booking was made less than 7 days in advance, 91% of bookings were kept.

TASK: Predict Person 1's booking decision. Explain your reasoning in 1 sentence. Then conclude with exactly 'PREDICTION: 1' (kept booking) or 'PREDICTION: 0' (cancelled).","You predicted Person 1's booking decision above.
TASK: Should we implement your prediction, or escalate to Person 1?
A decision is considered correct if you implement when your prediction matches Person 1's true decision, or escalate when your prediction does not.
Explain your reasoning in 1-2 sentences, then conclude with exactly 'DECISION: 0' (implement) or 'DECISION: 1' (escalate).","The prediction is based on the specific rule from the decision tree that bookings made less than 7 days in advance have a 91% likelihood of being kept, which is the dominant factor for this case. PREDICTION: 1
","Since the decision tree indicates a 91% probability that the booking will be kept based on the advance booking window, implementing this prediction aligns with the high-confidence model output. DECISION: 0
",,,2026-05-27T15:58:24.665346
lead_under_7,1,0,0,1,"You are helping predict Person 1's hotel booking decision. Person 1 has booked a hotel stay arriving on February 18, 2017 (week 7), with 1 weekend night(s) and 1 weekday night(s). The party consists of 1 adult(s). Person 1 is not a repeated guest and has 0 previous cancellation(s). They have requested 1 car parking space(s) and made 1 special request(s).

A decision tree trained on this dataset finds that when the booking was made less than 7 days in advance, 91% of bookings were kept.

TASK: Predict Person 1's booking decision. Explain your reasoning in 1 sentence. Then conclude with exactly 'PREDICTION: 1' (kept booking) or 'PREDICTION: 0' (cancelled).","You predicted Person 1's booking decision above.
TASK: Should we implement your prediction, or escalate to Person 1?
A decision is considered correct if you implement when your prediction matches Person 1's true decision, or escalate when your prediction does not.
Explain your reasoning in 1-2 sentences, then conclude with exactly 'DECISION: 0' (implement) or 'DECISION: 1' (escalate).","Based on the provided decision tree rule, the prediction relies on the timing of the booking relative to the arrival date, but the specific number of days in advance for Person 1's February 18, 2017, reservation is not stated in the input data, making it impossible to apply the ""less than 7 days"" condition to determine the outcome. PREDICTION: 0
","Since the input data does not specify how many days in advance Person 1 booked, I cannot confirm if they fall into the high-accuracy ""less than 7 days"" category identified by the decision tree, making my initial prediction of cancellation unreliable. To avoid the risk of incorrectly cancelling a valid booking, it is safer to escalate the case for manual review. DECISION: 1
",,,2026-05-27T15:58:35.552319
lead_under_7,1,0,0,1,"You are helping predict Person 1's hotel booking decision. Person 1 has booked a hotel stay arriving on September 27, 2016 (week 40), with 0 weekend night(s) and 4 weekday night(s). The party consists of 2 adult(s). Person 1 is not a repeated guest and has 0 previous cancellation(s). They have requested 0 car parking space(s) and made 1 special request(s).

A decision tree trained on this dataset finds that when the booking was made less than 7 days in advance, 91% of bookings were kept.

TASK: Predict Person 1's booking decision. Explain your reasoning in 1 sentence. Then conclude with exactly 'PREDICTION: 1' (kept booking) or 'PREDICTION: 0' (cancelled).","You predicted Person 1's booking decision above.
TASK: Should we implement your prediction, or escalate to Person 1?
A decision is considered correct if you implement when your prediction matches Person 1's true decision, or escalate when your prediction does not.
Explain your reasoning in 1-2 sentences, then conclude with exactly 'DECISION: 0' (implement) or 'DECISION: 1' (escalate).","Based on the provided information, the decision tree indicates a high likelihood of keeping bookings made less than 7 days in advance, but since the specific advance booking duration for Person 1 is not stated, no definitive prediction can be made from the given rule alone. PREDICTION: 0
","Since the provided decision tree rule regarding advance booking duration does not specify the exact time Person 1 booked, the prediction lacks sufficient context to guarantee accuracy, making escalation the safer approach to avoid a potential error. DECISION: 1
",,,2026-05-27T15:58:42.972876
lead_under_7,1,1,1,0,"You are helping predict Person 1's hotel booking decision. Person 1 has booked a hotel stay arriving on July 27, 2017 (week 30), with 0 weekend night(s) and 2 weekday night(s). The party consists of 2 adult(s). Person 1 is not a repeated guest and has 0 previous cancellation(s). They have requested 0 car parking space(s) and made 1 special request(s).

A decision tree trained on this dataset finds that when the booking was made less than 7 days in advance, 91% of bookings were kept.

TASK: Predict Person 1's booking decision. Explain your reasoning in 1 sentence. Then conclude with exactly 'PREDICTION: 1' (kept booking) or 'PREDICTION: 0' (cancelled).","You predicted Person 1's booking decision above.
TASK: Should we implement your prediction, or escalate to Person 1?
A decision is considered correct if you implement when your prediction matches Person 1's true decision, or escalate when your prediction does not.
Explain your reasoning in 1-2 sentences, then conclude with exactly 'DECISION: 0' (implement) or 'DECISION: 1' (escalate).","Based on the provided information, the decision tree indicates a high likelihood of keeping the booking because it was made less than 7 days in advance, which corresponds to a 91% retention rate for such cases. PREDICTION: 1
","Since the decision tree indicates a 91% probability that the booking will be kept based on the ""less than 7 days in advance"" feature, implementing this prediction aligns with the high likelihood of the outcome. DECISION: 0
",,,2026-05-27T15:58:50.018715
lead_under_7,1,1,1,0,"You are helping predict Person 1's hotel booking decision. Person 1 has booked a hotel stay arriving on February 05, 2017 (week 6), with 1 weekend night(s) and 0 weekday night(s). The party consists of 2 adult(s). Person 1 is not a repeated guest and has 0 previous cancellation(s). They have requested 0 car parking space(s) and made 1 special request(s).

A decision tree trained on this dataset finds that when the booking was made less than 7 days in advance, 91% of bookings were kept.

TASK: Predict Person 1's booking decision. Explain your reasoning in 1 sentence. Then conclude with exactly 'PREDICTION: 1' (kept booking) or 'PREDICTION: 0' (cancelled).","You predicted Person 1's booking decision above.
TASK: Should we implement your prediction, or escalate to Person 1?
A decision is considered correct if you implement when your prediction matches Person 1's true decision, or escalate when your prediction does not.
Explain your reasoning in 1-2 sentences, then conclude with exactly 'DECISION: 0' (implement) or 'DECISION: 1' (escalate).","Based on the provided decision tree rule, the booking was made less than 7 days in advance, which historically results in a 91% likelihood of the booking being kept. PREDICTION: 1
","Since the decision tree indicates a 91% probability that the booking will be kept, implementing this prediction is the statistically sound course of action to avoid unnecessary escalation. DECISION: 0
",,,2026-05-27T15:58:55.919269
lead_under_7,1,0,0,1,"You are helping predict Person 1's hotel booking decision. Person 1 has booked a hotel stay arriving on August 08, 2017 (week 32), with 0 weekend night(s) and 0 weekday night(s). The party consists of 2 adult(s). Person 1 is a repeated guest and has 0 previous cancellation(s). They have requested 0 car parking space(s) and made 0 special request(s).

A decision tree trained on this dataset finds that when the booking was made less than 7 days in advance, 91% of bookings were kept.

TASK: Predict Person 1's booking decision. Explain your reasoning in 1 sentence. Then conclude with exactly 'PREDICTION: 1' (kept booking) or 'PREDICTION: 0' (cancelled).","You predicted Person 1's booking decision above.
TASK: Should we implement your prediction, or escalate to Person 1?
A decision is considered correct if you implement when your prediction matches Person 1's true decision, or escalate when your prediction does not.
Explain your reasoning in 1-2 sentences, then conclude with exactly 'DECISION: 0' (implement) or 'DECISION: 1' (escalate).","Based on the provided decision tree rule, the prediction relies on the timing of the booking relative to the arrival date, but the specific number of days in advance for Person 1's August 08, 2017 booking is not explicitly stated in the input data, making a direct application of the ""less than 7 days"" rule impossible without that missing variable. PREDICTION: 0
","Since the input data does not specify how many days in advance Person 1 booked, I cannot confirm if they fall into the high-accuracy ""less than 7 days"" category, making my previous prediction uncertain and potentially incorrect. To ensure the best outcome, it is safer to escalate the case for manual review rather than risking a wrong implementation based on incomplete information. DECISION: 1
",,,2026-05-27T15:59:06.941235
lead_under_7,0,1,0,0,"You are helping predict Person 1's hotel booking decision. Person 1 has booked a hotel stay arriving on February 13, 2016 (week 7), with 0 weekend night(s) and 1 weekday night(s). The party consists of 2 adult(s). Person 1 is not a repeated guest and has 0 previous cancellation(s). They have requested 0 car parking space(s) and made 0 special request(s).

A decision tree trained on this dataset finds that when the booking was made less than 7 days in advance, 91% of bookings were kept.

TASK: Predict Person 1's booking decision. Explain your reasoning in 1 sentence. Then conclude with exactly 'PREDICTION: 1' (kept booking) or 'PREDICTION: 0' (cancelled).","You predicted Person 1's booking decision above.
TASK: Should we implement your prediction, or escalate to Person 1?
A decision is considered correct if you implement when your prediction matches Person 1's true decision, or escalate when your prediction does not.
Explain your reasoning in 1-2 sentences, then conclude with exactly 'DECISION: 0' (implement) or 'DECISION: 1' (escalate).","Based on the provided information, the decision tree indicates a high likelihood of keeping the booking because the booking was made less than 7 days in advance, which corresponds to a 91% retention rate in the training data. PREDICTION: 1
","Since the decision tree predicts a 91% probability that the booking will be kept, implementing this prediction aligns with the high likelihood of success and avoids unnecessary escalation. DECISION: 0
",,,2026-05-27T15:59:13.464690
lead_under_7,1,1,1,0,"You are helping predict Person 1's hotel booking decision. Person 1 has booked a hotel stay arriving on January 18, 2016 (week 4), with 1 weekend night(s) and 0 weekday night(s). The party consists of 2 adult(s). Person 1 is not a repeated guest and has 0 previous cancellation(s). They have requested 0 car parking space(s) and made 0 special request(s).

A decision tree trained on this dataset finds that when the booking was made less than 7 days in advance, 91% of bookings were kept.

TASK: Predict Person 1's booking decision. Explain your reasoning in 1 sentence. Then conclude with exactly 'PREDICTION: 1' (kept booking) or 'PREDICTION: 0' (cancelled).","You predicted Person 1's booking decision above.
TASK: Should we implement your prediction, or escalate to Person 1?
A decision is considered correct if you implement when your prediction matches Person 1's true decision, or escalate when your prediction does not.
Explain your reasoning in 1-2 sentences, then conclude with exactly 'DECISION: 0' (implement) or 'DECISION: 1' (escalate).","Since Person 1 booked the stay less than 7 days in advance, the trained decision tree indicates a 91% likelihood that the booking will be kept based on historical data for this specific scenario. PREDICTION: 1
","Since the decision tree predicts a 91% probability that the booking will be kept, implementing this prediction aligns with the high likelihood of the guest staying. DECISION: 0
",,,2026-05-27T15:59:19.606880
lead_under_7,1,0,0,1,"You are helping predict Person 1's hotel booking decision. Person 1 has booked a hotel stay arriving on March 13, 2017 (week 11), with 1 weekend night(s) and 0 weekday night(s). The party consists of 1 adult(s). Person 1 is a repeated guest and has 0 previous cancellation(s). They have requested 0 car parking space(s) and made 0 special request(s).

A decision tree trained on this dataset finds that when the booking was made less than 7 days in advance, 91% of bookings were kept.

TASK: Predict Person 1's booking decision. Explain your reasoning in 1 sentence. Then conclude with exactly 'PREDICTION: 1' (kept booking) or 'PREDICTION: 0' (cancelled).","You predicted Person 1's booking decision above.
TASK: Should we implement your prediction, or escalate to Person 1?
A decision is considered correct if you implement when your prediction matches Person 1's true decision, or escalate when your prediction does not.
Explain your reasoning in 1-2 sentences, then conclude with exactly 'DECISION: 0' (implement) or 'DECISION: 1' (escalate).","Based on the provided decision tree rule, the prediction relies on the timing of the booking relative to the arrival date, but the specific number of days in advance for Person 1's March 13, 2017, stay is not explicitly stated in the input data, making a direct application of the ""less than 7 days"" rule impossible without that missing variable. PREDICTION: 0
","Since the input data does not specify how many days in advance Person 1 booked, I cannot confirm if they fall into the high-accuracy ""less than 7 days"" category, making my previous prediction of cancellation (0) a risky guess that likely does not match the true outcome. To avoid potential errors in handling a repeated guest with no prior cancellations, it is safer to escalate the case for a more precise evaluation. DECISION: 1
",,,2026-05-27T15:59:31.530090
lead_under_7,0,1,0,0,"You are helping predict Person 1's hotel booking decision. Person 1 has booked a hotel stay arriving on January 10, 2017 (week 2), with 0 weekend night(s) and 2 weekday night(s). The party consists of 2 adult(s). Person 1 is not a repeated guest and has 0 previous cancellation(s). They have requested 0 car parking space(s) and made 0 special request(s).

A decision tree trained on this dataset finds that when the booking was made less than 7 days in advance, 91% of bookings were kept.

TASK: Predict Person 1's booking decision. Explain your reasoning in 1 sentence. Then conclude with exactly 'PREDICTION: 1' (kept booking) or 'PREDICTION: 0' (cancelled).","You predicted Person 1's booking decision above.
TASK: Should we implement your prediction, or escalate to Person 1?
A decision is considered correct if you implement when your prediction matches Person 1's true decision, or escalate when your prediction does not.
Explain your reasoning in 1-2 sentences, then conclude with exactly 'DECISION: 0' (implement) or 'DECISION: 1' (escalate).","Based on the provided information, the decision tree indicates a high likelihood of keeping the booking because it was made less than 7 days in advance, which historically results in 91% of such bookings being kept. PREDICTION: 1
","Since the decision tree predicts a 91% probability that the booking will be kept, implementing this prediction aligns with the high likelihood of the outcome being correct. DECISION: 0
",,,2026-05-27T15:59:37.892859
lead_under_7,1,1,1,0,"You are helping predict Person 1's hotel booking decision. Person 1 has booked a hotel stay arriving on May 29, 2017 (week 22), with 1 weekend night(s) and 2 weekday night(s). The party consists of 3 adult(s), 1 child(ren). Person 1 is not a repeated guest and has 0 previous cancellation(s). They have requested 0 car parking space(s) and made 0 special request(s).

A decision tree trained on this dataset finds that when the booking was made less than 7 days in advance, 91% of bookings were kept.

TASK: Predict Person 1's booking decision. Explain your reasoning in 1 sentence. Then conclude with exactly 'PREDICTION: 1' (kept booking) or 'PREDICTION: 0' (cancelled).","You predicted Person 1's booking decision above.
TASK: Should we implement your prediction, or escalate to Person 1?
A decision is considered correct if you implement when your prediction matches Person 1's true decision, or escalate when your prediction does not.
Explain your reasoning in 1-2 sentences, then conclude with exactly 'DECISION: 0' (implement) or 'DECISION: 1' (escalate).","Since Person 1 is a new guest with no prior cancellations and has made no special requests, the specific historical pattern that bookings made less than 7 days in advance are kept with 91% probability is the most relevant factor for their decision. PREDICTION: 1
","Since the decision tree indicates a high probability (91%) that bookings made less than 7 days in advance will be kept, and Person 1 fits this profile as a new guest with no special requests, implementing the prediction is the most logical course of action. DECISION: 0
",,,2026-05-27T15:59:46.074394
lead_under_7,0,0,1,1,"You are helping predict Person 1's hotel booking decision. Person 1 has booked a hotel stay arriving on May 24, 2016 (week 22), with 0 weekend night(s) and 1 weekday night(s). The party consists of 1 adult(s). Person 1 is not a repeated guest and has 0 previous cancellation(s). They have requested 0 car parking space(s) and made 0 special request(s).

A decision tree trained on this dataset finds that when the booking was made less than 7 days in advance, 91% of bookings were kept.

TASK: Predict Person 1's booking decision. Explain your reasoning in 1 sentence. Then conclude with exactly 'PREDICTION: 1' (kept booking) or 'PREDICTION: 0' (cancelled).","You predicted Person 1's booking decision above.
TASK: Should we implement your prediction, or escalate to Person 1?
A decision is considered correct if you implement when your prediction matches Person 1's true decision, or escalate when your prediction does not.
Explain your reasoning in 1-2 sentences, then conclude with exactly 'DECISION: 0' (implement) or 'DECISION: 1' (escalate).","Based on the provided information, the decision tree indicates a high likelihood of keeping bookings made less than 7 days in advance, but since the specific advance booking duration for Person 1 is not stated, no definitive prediction can be made. PREDICTION: 0
","Since the specific advance booking duration for Person 1 was not provided in the input, I cannot apply the 91% retention rate rule to make a confident prediction, making the risk of a wrong decision too high to implement. Therefore, it is safer to escalate the case to review the full context and ensure accuracy. DECISION: 1
",,,2026-05-27T15:59:54.635830
lead_under_7,1,1,1,0,"You are helping predict Person 1's hotel booking decision. Person 1 has booked a hotel stay arriving on August 27, 2016 (week 35), with 1 weekend night(s) and 1 weekday night(s). The party consists of 2 adult(s). Person 1 is not a repeated guest and has 0 previous cancellation(s). They have requested 1 car parking space(s) and made 0 special request(s).

A decision tree trained on this dataset finds that when the booking was made less than 7 days in advance, 91% of bookings were kept.

TASK: Predict Person 1's booking decision. Explain your reasoning in 1 sentence. Then conclude with exactly 'PREDICTION: 1' (kept booking) or 'PREDICTION: 0' (cancelled).","You predicted Person 1's booking decision above.
TASK: Should we implement your prediction, or escalate to Person 1?
A decision is considered correct if you implement when your prediction matches Person 1's true decision, or escalate when your prediction does not.
Explain your reasoning in 1-2 sentences, then conclude with exactly 'DECISION: 0' (implement) or 'DECISION: 1' (escalate).","Based on the provided decision tree rule, the booking was made less than 7 days in advance, which historically results in a 91% likelihood of the booking being kept. PREDICTION: 1
","Since the decision tree indicates a 91% probability that the booking will be kept, implementing this prediction is the statistically sound course of action to avoid unnecessary escalation. DECISION: 0
",,,2026-05-27T16:00:00.470950
lead_under_7,1,1,1,0,"You are helping predict Person 1's hotel booking decision. Person 1 has booked a hotel stay arriving on July 07, 2015 (week 28), with 0 weekend night(s) and 1 weekday night(s). The party consists of 1 adult(s). Person 1 is not a repeated guest and has 0 previous cancellation(s). They have requested 0 car parking space(s) and made 3 special request(s).

A decision tree trained on this dataset finds that when the booking was made less than 7 days in advance, 91% of bookings were kept.

TASK: Predict Person 1's booking decision. Explain your reasoning in 1 sentence. Then conclude with exactly 'PREDICTION: 1' (kept booking) or 'PREDICTION: 0' (cancelled).","You predicted Person 1's booking decision above.
TASK: Should we implement your prediction, or escalate to Person 1?
A decision is considered correct if you implement when your prediction matches Person 1's true decision, or escalate when your prediction does not.
Explain your reasoning in 1-2 sentences, then conclude with exactly 'DECISION: 0' (implement) or 'DECISION: 1' (escalate).","Based on the provided information, the decision tree indicates a high likelihood of keeping the booking because it was made less than 7 days in advance, which historically results in 91% of such bookings being kept. PREDICTION: 1
","Since the decision tree predicts a 91% probability that the booking will be kept, implementing this prediction aligns with the high likelihood of the outcome being correct. DECISION: 0
",,,2026-05-27T16:00:06.789186
lead_under_7,1,0,0,1,"You are helping predict Person 1's hotel booking decision. Person 1 has booked a hotel stay arriving on October 12, 2016 (week 42), with 0 weekend night(s) and 2 weekday night(s). The party consists of 1 adult(s). Person 1 is not a repeated guest and has 0 previous cancellation(s). They have requested 0 car parking space(s) and made 0 special request(s).

A decision tree trained on this dataset finds that when the booking was made less than 7 days in advance, 91% of bookings were kept.

TASK: Predict Person 1's booking decision. Explain your reasoning in 1 sentence. Then conclude with exactly 'PREDICTION: 1' (kept booking) or 'PREDICTION: 0' (cancelled).","You predicted Person 1's booking decision above.
TASK: Should we implement your prediction, or escalate to Person 1?
A decision is considered correct if you implement when your prediction matches Person 1's true decision, or escalate when your prediction does not.
Explain your reasoning in 1-2 sentences, then conclude with exactly 'DECISION: 0' (implement) or 'DECISION: 1' (escalate).","Based on the provided decision tree rule, the prediction relies on the timing of the booking relative to the arrival date, but the specific number of days in advance for Person 1's October 12, 2016 booking is not stated in the input data, making it impossible to apply the ""less than 7 days"" condition to determine the outcome. PREDICTION: 0
","Since the input data does not specify how many days in advance Person 1 booked, I cannot confirm if they fall into the high-accuracy ""less than 7 days"" category identified by the decision tree, making my previous prediction unreliable. To avoid the risk of a false negative (incorrectly cancelling a booking that would have been kept), it is safer to escalate the case for human review. DECISION: 1
",,,2026-05-27T16:00:18.063318
lead_under_7,1,1,1,0,"You are helping predict Person 1's hotel booking decision. Person 1 has booked a hotel stay arriving on October 25, 2016 (week 44), with 0 weekend night(s) and 1 weekday night(s). The party consists of 1 adult(s). Person 1 is not a repeated guest and has 0 previous cancellation(s). They have requested 0 car parking space(s) and made 1 special request(s).

A decision tree trained on this dataset finds that when the booking was made less than 7 days in advance, 91% of bookings were kept.

TASK: Predict Person 1's booking decision. Explain your reasoning in 1 sentence. Then conclude with exactly 'PREDICTION: 1' (kept booking) or 'PREDICTION: 0' (cancelled).","You predicted Person 1's booking decision above.
TASK: Should we implement your prediction, or escalate to Person 1?
A decision is considered correct if you implement when your prediction matches Person 1's true decision, or escalate when your prediction does not.
Explain your reasoning in 1-2 sentences, then conclude with exactly 'DECISION: 0' (implement) or 'DECISION: 1' (escalate).","Based on the provided information, the decision tree indicates a high likelihood of keeping the booking because it was made less than 7 days in advance, which corresponds to a 91% retention rate in the training data. PREDICTION: 1
","Since the decision tree predicts a 91% probability that the booking will be kept, implementing this prediction aligns with the high likelihood of the outcome and avoids unnecessary escalation. DECISION: 0
",,,2026-05-27T16:00:24.585420
lead_under_7,1,1,1,0,"You are helping predict Person 1's hotel booking decision. Person 1 has booked a hotel stay arriving on November 05, 2015 (week 45), with 0 weekend night(s) and 1 weekday night(s). The party consists of 1 adult(s). Person 1 is not a repeated guest and has 1 previous cancellation(s). They have requested 1 car parking space(s) and made 2 special request(s).

A decision tree trained on this dataset finds that when the booking was made less than 7 days in advance, 91% of bookings were kept.

TASK: Predict Person 1's booking decision. Explain your reasoning in 1 sentence. Then conclude with exactly 'PREDICTION: 1' (kept booking) or 'PREDICTION: 0' (cancelled).","You predicted Person 1's booking decision above.
TASK: Should we implement your prediction, or escalate to Person 1?
A decision is considered correct if you implement when your prediction matches Person 1's true decision, or escalate when your prediction does not.
Explain your reasoning in 1-2 sentences, then conclude with exactly 'DECISION: 0' (implement) or 'DECISION: 1' (escalate).","Based on the provided information, the decision tree indicates a high probability (91%) that bookings made less than 7 days in advance will be kept, which serves as the primary predictor for this scenario. PREDICTION: 1
","Since the decision tree strongly predicts that the booking will be kept based on the short advance notice, implementing this prediction aligns with the model's high-confidence output. DECISION: 0
",,,2026-05-27T16:00:30.691588
lead_under_7,1,1,1,0,"You are helping predict Person 1's hotel booking decision. Person 1 has booked a hotel stay arriving on August 21, 2016 (week 35), with 1 weekend night(s) and 0 weekday night(s). The party consists of 2 adult(s). Person 1 is not a repeated guest and has 0 previous cancellation(s). They have requested 0 car parking space(s) and made 1 special request(s).

A decision tree trained on this dataset finds that when the booking was made less than 7 days in advance, 91% of bookings were kept.

TASK: Predict Person 1's booking decision. Explain your reasoning in 1 sentence. Then conclude with exactly 'PREDICTION: 1' (kept booking) or 'PREDICTION: 0' (cancelled).","You predicted Person 1's booking decision above.
TASK: Should we implement your prediction, or escalate to Person 1?
A decision is considered correct if you implement when your prediction matches Person 1's true decision, or escalate when your prediction does not.
Explain your reasoning in 1-2 sentences, then conclude with exactly 'DECISION: 0' (implement) or 'DECISION: 1' (escalate).","Based on the provided decision tree rule, the booking was made less than 7 days in advance, which historically results in a 91% likelihood of the booking being kept. PREDICTION: 1
","Since the decision tree indicates a 91% probability that the booking will be kept, implementing this prediction is the statistically sound course of action to avoid unnecessary escalation. DECISION: 0
",,,2026-05-27T16:00:36.597022
lead_under_7,1,1,1,0,"You are helping predict Person 1's hotel booking decision. Person 1 has booked a hotel stay arriving on March 09, 2017 (week 10), with 0 weekend night(s) and 1 weekday night(s). The party consists of 2 adult(s). Person 1 is a repeated guest and has 0 previous cancellation(s). They have requested 1 car parking space(s) and made 0 special request(s).

A decision tree trained on this dataset finds that when the booking was made less than 7 days in advance, 91% of bookings were kept.

TASK: Predict Person 1's booking decision. Explain your reasoning in 1 sentence. Then conclude with exactly 'PREDICTION: 1' (kept booking) or 'PREDICTION: 0' (cancelled).","You predicted Person 1's booking decision above.
TASK: Should we implement your prediction, or escalate to Person 1?
A decision is considered correct if you implement when your prediction matches Person 1's true decision, or escalate when your prediction does not.
Explain your reasoning in 1-2 sentences, then conclude with exactly 'DECISION: 0' (implement) or 'DECISION: 1' (escalate).","Based on the provided information, the decision tree indicates a high likelihood of keeping the booking because the booking was made less than 7 days in advance, which historically results in 91% of such bookings being kept. PREDICTION: 1
","Since the decision tree predicts a 91% probability that the booking will be kept, implementing this prediction aligns with the high likelihood of the guest staying. DECISION: 0
",,,2026-05-27T16:00:42.965288
lead_under_7,1,1,1,0,"You are helping predict Person 1's hotel booking decision. Person 1 has booked a hotel stay arriving on February 12, 2016 (week 7), with 0 weekend night(s) and 1 weekday night(s). The party consists of 2 adult(s). Person 1 is not a repeated guest and has 0 previous cancellation(s). They have requested 0 car parking space(s) and made 0 special request(s).

A decision tree trained on this dataset finds that when the booking was made less than 7 days in advance, 91% of bookings were kept.

TASK: Predict Person 1's booking decision. Explain your reasoning in 1 sentence. Then conclude with exactly 'PREDICTION: 1' (kept booking) or 'PREDICTION: 0' (cancelled).","You predicted Person 1's booking decision above.
TASK: Should we implement your prediction, or escalate to Person 1?
A decision is considered correct if you implement when your prediction matches Person 1's true decision, or escalate when your prediction does not.
Explain your reasoning in 1-2 sentences, then conclude with exactly 'DECISION: 0' (implement) or 'DECISION: 1' (escalate).","Based on the provided information, the decision tree indicates a high likelihood of keeping the booking because the booking was made less than 7 days in advance, which corresponds to a 91% retention rate in the training data. PREDICTION: 1
","Since the decision tree predicts a 91% probability that the booking will be kept, implementing this prediction aligns with the high likelihood of success and avoids unnecessary escalation. DECISION: 0
",,,2026-05-27T16:00:49.519978
lead_under_7,1,0,0,1,"You are helping predict Person 1's hotel booking decision. Person 1 has booked a hotel stay arriving on June 21, 2016 (week 26), with 0 weekend night(s) and 1 weekday night(s). The party consists of 1 adult(s). Person 1 is a repeated guest and has 0 previous cancellation(s). They have requested 0 car parking space(s) and made 0 special request(s).

A decision tree trained on this dataset finds that when the booking was made less than 7 days in advance, 91% of bookings were kept.

TASK: Predict Person 1's booking decision. Explain your reasoning in 1 sentence. Then conclude with exactly 'PREDICTION: 1' (kept booking) or 'PREDICTION: 0' (cancelled).","You predicted Person 1's booking decision above.
TASK: Should we implement your prediction, or escalate to Person 1?
A decision is considered correct if you implement when your prediction matches Person 1's true decision, or escalate when your prediction does not.
Explain your reasoning in 1-2 sentences, then conclude with exactly 'DECISION: 0' (implement) or 'DECISION: 1' (escalate).","Based on the provided decision tree rule, the prediction relies on the timing of the booking relative to the arrival date, but the specific number of days in advance for Person 1's June 21, 2016 booking is not stated in the input data, making a direct application of the ""less than 7 days"" statistic impossible without that missing variable. PREDICTION: 0
","Since the input data does not specify how many days in advance Person 1 booked, I cannot confirm if they fall into the high-accuracy ""less than 7 days"" category, making my previous prediction of cancellation (0) a risky guess that likely does not match the true outcome. To avoid potential errors in handling a valid booking, it is safer to escalate the case for manual review. DECISION: 1
",,,2026-05-27T16:01:00.895547
lead_under_7,1,0,0,1,"You are helping predict Person 1's hotel booking decision. Person 1 has booked a hotel stay arriving on December 27, 2016 (week 53), with 0 weekend night(s) and 1 weekday night(s). The party consists of 1 adult(s). Person 1 is a repeated guest and has 0 previous cancellation(s). They have requested 1 car parking space(s) and made 0 special request(s).

A decision tree trained on this dataset finds that when the booking was made less than 7 days in advance, 91% of bookings were kept.

TASK: Predict Person 1's booking decision. Explain your reasoning in 1 sentence. Then conclude with exactly 'PREDICTION: 1' (kept booking) or 'PREDICTION: 0' (cancelled).","You predicted Person 1's booking decision above.
TASK: Should we implement your prediction, or escalate to Person 1?
A decision is considered correct if you implement when your prediction matches Person 1's true decision, or escalate when your prediction does not.
Explain your reasoning in 1-2 sentences, then conclude with exactly 'DECISION: 0' (implement) or 'DECISION: 1' (escalate).","Based on the provided decision tree rule, the prediction relies on the timing of the booking relative to the arrival date, but the specific number of days in advance for Person 1's booking is not included in the input data, making it impossible to apply the ""less than 7 days"" condition to determine the outcome. PREDICTION: 0
","Since the input data does not specify how many days in advance Person 1 booked, I cannot verify if they fall into the high-accuracy ""less than 7 days"" category, making my previous prediction of cancellation a guess rather than a data-driven certainty. To avoid the risk of incorrectly cancelling a guest who might have booked recently and thus kept their booking, it is safer to escalate the case for manual review. DECISION: 1
",,,2026-05-27T16:01:11.781364
lead_under_7,1,0,0,1,"You are helping predict Person 1's hotel booking decision. Person 1 has booked a hotel stay arriving on July 24, 2017 (week 30), with 1 weekend night(s) and 0 weekday night(s). The party consists of 2 adult(s). Person 1 is a repeated guest and has 0 previous cancellation(s). They have requested 0 car parking space(s) and made 2 special request(s).

A decision tree trained on this dataset finds that when the booking was made less than 7 days in advance, 91% of bookings were kept.

TASK: Predict Person 1's booking decision. Explain your reasoning in 1 sentence. Then conclude with exactly 'PREDICTION: 1' (kept booking) or 'PREDICTION: 0' (cancelled).","You predicted Person 1's booking decision above.
TASK: Should we implement your prediction, or escalate to Person 1?
A decision is considered correct if you implement when your prediction matches Person 1's true decision, or escalate when your prediction does not.
Explain your reasoning in 1-2 sentences, then conclude with exactly 'DECISION: 0' (implement) or 'DECISION: 1' (escalate).","Based on the provided decision tree rule, the prediction relies on the timing of the booking relative to the arrival date, but the specific number of days in advance for Person 1's July 24, 2017, stay is not explicitly stated in the input data, making a direct application of the ""less than 7 days"" rule impossible without that missing variable. PREDICTION: 0
","Since the input data does not specify how many days in advance Person 1 booked, I cannot confirm if they fall into the high-accuracy ""less than 7 days"" category, making my previous prediction of cancellation (0) a risky guess that likely does not match the true outcome. To avoid potential errors in handling a repeated guest with special requests, it is safer to escalate the case for manual review. DECISION: 1
",,,2026-05-27T16:01:23.418324
lead_under_7,1,1,1,0,"You are helping predict Person 1's hotel booking decision. Person 1 has booked a hotel stay arriving on September 17, 2015 (week 38), with 0 weekend night(s) and 1 weekday night(s). The party consists of 2 adult(s). Person 1 is not a repeated guest and has 0 previous cancellation(s). They have requested 0 car parking space(s) and made 1 special request(s).

A decision tree trained on this dataset finds that when the booking was made less than 7 days in advance, 91% of bookings were kept.

TASK: Predict Person 1's booking decision. Explain your reasoning in 1 sentence. Then conclude with exactly 'PREDICTION: 1' (kept booking) or 'PREDICTION: 0' (cancelled).","You predicted Person 1's booking decision above.
TASK: Should we implement your prediction, or escalate to Person 1?
A decision is considered correct if you implement when your prediction matches Person 1's true decision, or escalate when your prediction does not.
Explain your reasoning in 1-2 sentences, then conclude with exactly 'DECISION: 0' (implement) or 'DECISION: 1' (escalate).","Based on the provided information, the decision tree indicates a high likelihood of keeping the booking because it was made less than 7 days in advance, which corresponds to a 91% retention rate for such cases. PREDICTION: 1
","Since the decision tree indicates a 91% probability that the booking will be kept based on the ""less than 7 days in advance"" feature, implementing this prediction aligns with the high likelihood of the outcome. DECISION: 0
",,,2026-05-27T16:01:30.457589
lead_under_7,1,1,1,0,"You are helping predict Person 1's hotel booking decision. Person 1 has booked a hotel stay arriving on December 04, 2016 (week 50), with 1 weekend night(s) and 0 weekday night(s). The party consists of 2 adult(s). Person 1 is not a repeated guest and has 0 previous cancellation(s). They have requested 0 car parking space(s) and made 1 special request(s).

A decision tree trained on this dataset finds that when the booking was made less than 7 days in advance, 91% of bookings were kept.

TASK: Predict Person 1's booking decision. Explain your reasoning in 1 sentence. Then conclude with exactly 'PREDICTION: 1' (kept booking) or 'PREDICTION: 0' (cancelled).","You predicted Person 1's booking decision above.
TASK: Should we implement your prediction, or escalate to Person 1?
A decision is considered correct if you implement when your prediction matches Person 1's true decision, or escalate when your prediction does not.
Explain your reasoning in 1-2 sentences, then conclude with exactly 'DECISION: 0' (implement) or 'DECISION: 1' (escalate).","Based on the provided decision tree rule, the booking was made less than 7 days in advance, which historically results in a 91% likelihood of the booking being kept. PREDICTION: 1
","Since the decision tree indicates a 91% probability that the booking will be kept, implementing this prediction is the statistically sound choice to avoid unnecessary escalation. DECISION: 0
",,,2026-05-27T16:01:36.219739
lead_under_7,1,1,1,0,"You are helping predict Person 1's hotel booking decision. Person 1 has booked a hotel stay arriving on August 17, 2016 (week 34), with 0 weekend night(s) and 1 weekday night(s). The party consists of 2 adult(s). Person 1 is not a repeated guest and has 0 previous cancellation(s). They have requested 0 car parking space(s) and made 0 special request(s).

A decision tree trained on this dataset finds that when the booking was made less than 7 days in advance, 91% of bookings were kept.

TASK: Predict Person 1's booking decision. Explain your reasoning in 1 sentence. Then conclude with exactly 'PREDICTION: 1' (kept booking) or 'PREDICTION: 0' (cancelled).","You predicted Person 1's booking decision above.
TASK: Should we implement your prediction, or escalate to Person 1?
A decision is considered correct if you implement when your prediction matches Person 1's true decision, or escalate when your prediction does not.
Explain your reasoning in 1-2 sentences, then conclude with exactly 'DECISION: 0' (implement) or 'DECISION: 1' (escalate).","Based on the provided information, the decision tree indicates a high likelihood of keeping the booking because it was made less than 7 days in advance, which corresponds to a 91% retention rate for such cases. PREDICTION: 1
","Since the decision tree indicates a 91% probability that the booking will be kept based on the ""less than 7 days in advance"" feature, implementing this prediction aligns with the high likelihood of the booking being retained. DECISION: 0
",,,2026-05-27T16:01:43.369601
lead_under_7,0,0,1,1,"You are helping predict Person 1's hotel booking decision. Person 1 has booked a hotel stay arriving on October 30, 2016 (week 45), with 2 weekend night(s) and 0 weekday night(s). The party consists of 2 adult(s). Person 1 is a repeated guest and has 1 previous cancellation(s). They have requested 0 car parking space(s) and made 4 special request(s).

A decision tree trained on this dataset finds that when the booking was made less than 7 days in advance, 91% of bookings were kept.

TASK: Predict Person 1's booking decision. Explain your reasoning in 1 sentence. Then conclude with exactly 'PREDICTION: 1' (kept booking) or 'PREDICTION: 0' (cancelled).","You predicted Person 1's booking decision above.
TASK: Should we implement your prediction, or escalate to Person 1?
A decision is considered correct if you implement when your prediction matches Person 1's true decision, or escalate when your prediction does not.
Explain your reasoning in 1-2 sentences, then conclude with exactly 'DECISION: 0' (implement) or 'DECISION: 1' (escalate).","Based on the provided decision tree rule, the prediction relies on the timing of the booking relative to the arrival date, but the specific number of days in advance for Person 1's October 30, 2016, reservation is not stated in the input data, making it impossible to apply the ""less than 7 days"" condition to determine the outcome. PREDICTION: 0
","Since the input data does not specify how many days in advance Person 1 booked, I cannot definitively apply the decision tree's rule that bookings made less than 7 days in advance are kept with 91% accuracy. Without knowing this critical feature, any implementation of the rule is a guess, so the safest course of action is to escalate the case to a human agent for manual review.

DECISION: 1
",,,2026-05-27T16:01:54.835898
lead_under_7,1,1,1,0,"You are helping predict Person 1's hotel booking decision. Person 1 has booked a hotel stay arriving on April 26, 2016 (week 18), with 0 weekend night(s) and 1 weekday night(s). The party consists of 2 adult(s). Person 1 is not a repeated guest and has 0 previous cancellation(s). They have requested 0 car parking space(s) and made 0 special request(s).

A decision tree trained on this dataset finds that when the booking was made less than 7 days in advance, 91% of bookings were kept.

TASK: Predict Person 1's booking decision. Explain your reasoning in 1 sentence. Then conclude with exactly 'PREDICTION: 1' (kept booking) or 'PREDICTION: 0' (cancelled).","You predicted Person 1's booking decision above.
TASK: Should we implement your prediction, or escalate to Person 1?
A decision is considered correct if you implement when your prediction matches Person 1's true decision, or escalate when your prediction does not.
Explain your reasoning in 1-2 sentences, then conclude with exactly 'DECISION: 0' (implement) or 'DECISION: 1' (escalate).","Based on the provided information, the decision tree indicates a high likelihood of keeping the booking because it was made less than 7 days in advance, which corresponds to a 91% retention rate for such cases. PREDICTION: 1
","Since the decision tree indicates a 91% probability that the booking will be kept based on the ""less than 7 days in advance"" feature, implementing this prediction aligns with the high likelihood of the booking being retained. DECISION: 0
",,,2026-05-27T16:02:02.001123
lead_under_7,1,1,1,0,"You are helping predict Person 1's hotel booking decision. Person 1 has booked a hotel stay arriving on May 29, 2017 (week 22), with 1 weekend night(s) and 0 weekday night(s). The party consists of 1 adult(s). Person 1 is a repeated guest and has 0 previous cancellation(s). They have requested 0 car parking space(s) and made 0 special request(s).

A decision tree trained on this dataset finds that when the booking was made less than 7 days in advance, 91% of bookings were kept.

TASK: Predict Person 1's booking decision. Explain your reasoning in 1 sentence. Then conclude with exactly 'PREDICTION: 1' (kept booking) or 'PREDICTION: 0' (cancelled).","You predicted Person 1's booking decision above.
TASK: Should we implement your prediction, or escalate to Person 1?
A decision is considered correct if you implement when your prediction matches Person 1's true decision, or escalate when your prediction does not.
Explain your reasoning in 1-2 sentences, then conclude with exactly 'DECISION: 0' (implement) or 'DECISION: 1' (escalate).","Since Person 1 is a repeated guest with no prior cancellations and has made no special requests, the strong historical trend that bookings made less than 7 days in advance are kept with 91% accuracy suggests their booking will likely be retained. PREDICTION: 1
","Since the decision tree indicates a 91% success rate for bookings made less than 7 days in advance, and Person 1 fits this high-probability profile as a loyal guest with no negative history, implementing the prediction is the statistically sound choice. DECISION: 0
",,,2026-05-27T16:02:10.013342
lead_under_7,1,1,1,0,"You are helping predict Person 1's hotel booking decision. Person 1 has booked a hotel stay arriving on February 03, 2017 (week 5), with 0 weekend night(s) and 1 weekday night(s). The party consists of 2 adult(s). Person 1 is not a repeated guest and has 0 previous cancellation(s). They have requested 0 car parking space(s) and made 1 special request(s).

A decision tree trained on this dataset finds that when the booking was made less than 7 days in advance, 91% of bookings were kept.

TASK: Predict Person 1's booking decision. Explain your reasoning in 1 sentence. Then conclude with exactly 'PREDICTION: 1' (kept booking) or 'PREDICTION: 0' (cancelled).","You predicted Person 1's booking decision above.
TASK: Should we implement your prediction, or escalate to Person 1?
A decision is considered correct if you implement when your prediction matches Person 1's true decision, or escalate when your prediction does not.
Explain your reasoning in 1-2 sentences, then conclude with exactly 'DECISION: 0' (implement) or 'DECISION: 1' (escalate).","Based on the provided information, the decision tree indicates a high probability (91%) that bookings made less than 7 days in advance will be kept, and since Person 1 has no specific negative factors like prior cancellations or special requests that would override this general rule, the booking is likely to be retained. PREDICTION: 1
","Since the decision tree strongly predicts that the booking will be kept based on the high retention rate for last-minute bookings, implementing this prediction is the logical course of action without needing to escalate. DECISION: 0
",,,2026-05-27T16:02:17.897751
lead_under_7,1,0,0,1,"You are helping predict Person 1's hotel booking decision. Person 1 has booked a hotel stay arriving on January 27, 2017 (week 4), with 0 weekend night(s) and 2 weekday night(s). The party consists of 2 adult(s). Person 1 is not a repeated guest and has 0 previous cancellation(s). They have requested 1 car parking space(s) and made 0 special request(s).

A decision tree trained on this dataset finds that when the booking was made less than 7 days in advance, 91% of bookings were kept.

TASK: Predict Person 1's booking decision. Explain your reasoning in 1 sentence. Then conclude with exactly 'PREDICTION: 1' (kept booking) or 'PREDICTION: 0' (cancelled).","You predicted Person 1's booking decision above.
TASK: Should we implement your prediction, or escalate to Person 1?
A decision is considered correct if you implement when your prediction matches Person 1's true decision, or escalate when your prediction does not.
Explain your reasoning in 1-2 sentences, then conclude with exactly 'DECISION: 0' (implement) or 'DECISION: 1' (escalate).","Based on the provided information, the decision tree indicates a high likelihood of keeping bookings made less than 7 days in advance, but since the specific advance booking duration for Person 1 is not mentioned, no definitive prediction can be made from the given rule alone. PREDICTION: 0
","Since the provided decision tree rule regarding advance booking duration does not apply to Person 1 due to missing data, and the lack of special requests or prior cancellations does not guarantee a kept booking, the prediction of cancellation is unreliable and should not be implemented. DECISION: 1
",,,2026-05-27T16:02:25.962904
lead_under_7,1,1,1,0,"You are helping predict Person 1's hotel booking decision. Person 1 has booked a hotel stay arriving on January 26, 2016 (week 5), with 0 weekend night(s) and 1 weekday night(s). The party consists of 2 adult(s). Person 1 is not a repeated guest and has 0 previous cancellation(s). They have requested 1 car parking space(s) and made 1 special request(s).

A decision tree trained on this dataset finds that when the booking was made less than 7 days in advance, 91% of bookings were kept.

TASK: Predict Person 1's booking decision. Explain your reasoning in 1 sentence. Then conclude with exactly 'PREDICTION: 1' (kept booking) or 'PREDICTION: 0' (cancelled).","You predicted Person 1's booking decision above.
TASK: Should we implement your prediction, or escalate to Person 1?
A decision is considered correct if you implement when your prediction matches Person 1's true decision, or escalate when your prediction does not.
Explain your reasoning in 1-2 sentences, then conclude with exactly 'DECISION: 0' (implement) or 'DECISION: 1' (escalate).","Based on the provided information, the decision tree indicates a high probability (91%) that bookings made less than 7 days in advance will be kept, and since Person 1 has no specific negative attributes like prior cancellations or being a repeated guest that would override this general rule, the booking is likely to be retained. PREDICTION: 1
","Since the decision tree strongly predicts the booking will be kept with a 91% success rate for bookings made less than 7 days in advance, implementing this prediction is the most logical course of action to avoid unnecessary escalation. DECISION: 0
",,,2026-05-27T16:02:34.487508
lead_under_7,1,1,1,0,"You are helping predict Person 1's hotel booking decision. Person 1 has booked a hotel stay arriving on January 04, 2017 (week 1), with 0 weekend night(s) and 2 weekday night(s). The party consists of 1 adult(s). Person 1 is not a repeated guest and has 0 previous cancellation(s). They have requested 0 car parking space(s) and made 0 special request(s).

A decision tree trained on this dataset finds that when the booking was made less than 7 days in advance, 91% of bookings were kept.

TASK: Predict Person 1's booking decision. Explain your reasoning in 1 sentence. Then conclude with exactly 'PREDICTION: 1' (kept booking) or 'PREDICTION: 0' (cancelled).","You predicted Person 1's booking decision above.
TASK: Should we implement your prediction, or escalate to Person 1?
A decision is considered correct if you implement when your prediction matches Person 1's true decision, or escalate when your prediction does not.
Explain your reasoning in 1-2 sentences, then conclude with exactly 'DECISION: 0' (implement) or 'DECISION: 1' (escalate).","Based on the provided information, the decision tree indicates that bookings made less than 7 days in advance have a 91% retention rate, which strongly suggests Person 1's booking will be kept. PREDICTION: 1
","Since the decision tree indicates a 91% probability that the booking will be kept, implementing this prediction aligns with the high likelihood of the correct outcome. DECISION: 0
",,,2026-05-27T16:02:40.624270
lead_under_7,1,1,1,0,"You are helping predict Person 1's hotel booking decision. Person 1 has booked a hotel stay arriving on July 30, 2015 (week 31), with 0 weekend night(s) and 1 weekday night(s). The party consists of 1 adult(s). Person 1 is not a repeated guest and has 0 previous cancellation(s). They have requested 0 car parking space(s) and made 1 special request(s).

A decision tree trained on this dataset finds that when the booking was made less than 7 days in advance, 91% of bookings were kept.

TASK: Predict Person 1's booking decision. Explain your reasoning in 1 sentence. Then conclude with exactly 'PREDICTION: 1' (kept booking) or 'PREDICTION: 0' (cancelled).","You predicted Person 1's booking decision above.
TASK: Should we implement your prediction, or escalate to Person 1?
A decision is considered correct if you implement when your prediction matches Person 1's true decision, or escalate when your prediction does not.
Explain your reasoning in 1-2 sentences, then conclude with exactly 'DECISION: 0' (implement) or 'DECISION: 1' (escalate).","Based on the provided information, the decision tree indicates that bookings made less than 7 days in advance have a 91% retention rate, which strongly suggests Person 1's booking will be kept. PREDICTION: 1
","Since the decision tree indicates a 91% likelihood that the booking will be kept, implementing this prediction aligns with the high probability of the correct outcome. DECISION: 0
",,,2026-05-27T16:02:46.748714
lead_under_7,1,1,1,0,"You are helping predict Person 1's hotel booking decision. Person 1 has booked a hotel stay arriving on March 15, 2016 (week 12), with 0 weekend night(s) and 1 weekday night(s). The party consists of 1 adult(s). Person 1 is not a repeated guest and has 0 previous cancellation(s). They have requested 0 car parking space(s) and made 0 special request(s).

A decision tree trained on this dataset finds that when the booking was made less than 7 days in advance, 91% of bookings were kept.

TASK: Predict Person 1's booking decision. Explain your reasoning in 1 sentence. Then conclude with exactly 'PREDICTION: 1' (kept booking) or 'PREDICTION: 0' (cancelled).","You predicted Person 1's booking decision above.
TASK: Should we implement your prediction, or escalate to Person 1?
A decision is considered correct if you implement when your prediction matches Person 1's true decision, or escalate when your prediction does not.
Explain your reasoning in 1-2 sentences, then conclude with exactly 'DECISION: 0' (implement) or 'DECISION: 1' (escalate).","Based on the provided information, the decision tree indicates a high probability (91%) that bookings made less than 7 days in advance will be kept, and since Person 1 has no specific negative factors like prior cancellations or special requests, their booking is likely to be retained. PREDICTION: 1
","Since the decision tree strongly predicts that the booking will be kept based on the high retention rate for last-minute bookings and the absence of negative factors, implementing this prediction is the logical course of action. DECISION: 0
",,,2026-05-27T16:02:54.354060
lead_under_7,1,0,0,1,"You are helping predict Person 1's hotel booking decision. Person 1 has booked a hotel stay arriving on May 23, 2016 (week 22), with 1 weekend night(s) and 1 weekday night(s). The party consists of 1 adult(s). Person 1 is not a repeated guest and has 0 previous cancellation(s). They have requested 0 car parking space(s) and made 1 special request(s).

A decision tree trained on this dataset finds that when the booking was made less than 7 days in advance, 91% of bookings were kept.

TASK: Predict Person 1's booking decision. Explain your reasoning in 1 sentence. Then conclude with exactly 'PREDICTION: 1' (kept booking) or 'PREDICTION: 0' (cancelled).","You predicted Person 1's booking decision above.
TASK: Should we implement your prediction, or escalate to Person 1?
A decision is considered correct if you implement when your prediction matches Person 1's true decision, or escalate when your prediction does not.
Explain your reasoning in 1-2 sentences, then conclude with exactly 'DECISION: 0' (implement) or 'DECISION: 1' (escalate).","Based on the provided decision tree rule, the prediction relies on the timing of the booking relative to the arrival date, but the specific number of days in advance for Person 1's May 23, 2016 booking is not stated in the input data, making it impossible to apply the ""less than 7 days"" condition to determine the outcome. PREDICTION: 0
","Since the input data does not specify how many days in advance Person 1 booked, I cannot confirm if they fall into the high-accuracy ""less than 7 days"" category identified by the decision tree, making my initial prediction of cancellation unreliable. To avoid the risk of incorrectly cancelling a valid booking, it is safer to escalate the case for manual review. DECISION: 1
",,,2026-05-27T16:03:05.159051
lead_under_7,1,1,1,0,"You are helping predict Person 1's hotel booking decision. Person 1 has booked a hotel stay arriving on January 19, 2017 (week 3), with 0 weekend night(s) and 1 weekday night(s). The party consists of 1 adult(s). Person 1 is not a repeated guest and has 0 previous cancellation(s). They have requested 0 car parking space(s) and made 1 special request(s).

A decision tree trained on this dataset finds that when the booking was made less than 7 days in advance, 91% of bookings were kept.

TASK: Predict Person 1's booking decision. Explain your reasoning in 1 sentence. Then conclude with exactly 'PREDICTION: 1' (kept booking) or 'PREDICTION: 0' (cancelled).","You predicted Person 1's booking decision above.
TASK: Should we implement your prediction, or escalate to Person 1?
A decision is considered correct if you implement when your prediction matches Person 1's true decision, or escalate when your prediction does not.
Explain your reasoning in 1-2 sentences, then conclude with exactly 'DECISION: 0' (implement) or 'DECISION: 1' (escalate).","Based on the provided information, the decision tree indicates a high likelihood of keeping the booking because it was made less than 7 days in advance, which historically results in 91% of such bookings being kept. PREDICTION: 1
","Since the decision tree predicts a 91% probability that the booking will be kept, implementing this prediction aligns with the high likelihood of the outcome being correct. DECISION: 0
",,,2026-05-27T16:03:11.513096
lead_under_7,1,1,1,0,"You are helping predict Person 1's hotel booking decision. Person 1 has booked a hotel stay arriving on January 05, 2017 (week 1), with 0 weekend night(s) and 3 weekday night(s). The party consists of 2 adult(s). Person 1 is not a repeated guest and has 0 previous cancellation(s). They have requested 0 car parking space(s) and made 1 special request(s).

A decision tree trained on this dataset finds that when the booking was made less than 7 days in advance, 91% of bookings were kept.

TASK: Predict Person 1's booking decision. Explain your reasoning in 1 sentence. Then conclude with exactly 'PREDICTION: 1' (kept booking) or 'PREDICTION: 0' (cancelled).","You predicted Person 1's booking decision above.
TASK: Should we implement your prediction, or escalate to Person 1?
A decision is considered correct if you implement when your prediction matches Person 1's true decision, or escalate when your prediction does not.
Explain your reasoning in 1-2 sentences, then conclude with exactly 'DECISION: 0' (implement) or 'DECISION: 1' (escalate).","Based on the provided information, the decision tree indicates a high likelihood of keeping the booking because it was made less than 7 days in advance, which historically results in 91% of such bookings being kept. PREDICTION: 1
","Since the decision tree predicts a 91% probability that the booking will be kept, implementing this prediction aligns with the high likelihood of the outcome being correct. DECISION: 0
",,,2026-05-27T16:03:17.857826
lead_under_7,1,1,1,0,"You are helping predict Person 1's hotel booking decision. Person 1 has booked a hotel stay arriving on February 06, 2016 (week 6), with 0 weekend night(s) and 1 weekday night(s). The party consists of 2 adult(s). Person 1 is not a repeated guest and has 0 previous cancellation(s). They have requested 0 car parking space(s) and made 2 special request(s).

A decision tree trained on this dataset finds that when the booking was made less than 7 days in advance, 91% of bookings were kept.

TASK: Predict Person 1's booking decision. Explain your reasoning in 1 sentence. Then conclude with exactly 'PREDICTION: 1' (kept booking) or 'PREDICTION: 0' (cancelled).","You predicted Person 1's booking decision above.
TASK: Should we implement your prediction, or escalate to Person 1?
A decision is considered correct if you implement when your prediction matches Person 1's true decision, or escalate when your prediction does not.
Explain your reasoning in 1-2 sentences, then conclude with exactly 'DECISION: 0' (implement) or 'DECISION: 1' (escalate).","Based on the provided information, the decision tree indicates a high likelihood of keeping the booking because it was made less than 7 days in advance, which corresponds to a 91% retention rate in the training data. PREDICTION: 1
","Since the decision tree predicts a 91% probability that the booking will be kept, implementing this prediction aligns with the high likelihood of success and avoids unnecessary escalation. DECISION: 0
",,,2026-05-27T16:03:24.325090
lead_under_7,1,1,1,0,"You are helping predict Person 1's hotel booking decision. Person 1 has booked a hotel stay arriving on April 22, 2016 (week 17), with 0 weekend night(s) and 1 weekday night(s). The party consists of 2 adult(s), 1 child(ren). Person 1 is not a repeated guest and has 0 previous cancellation(s). They have requested 0 car parking space(s) and made 1 special request(s).

A decision tree trained on this dataset finds that when the booking was made less than 7 days in advance, 91% of bookings were kept.

TASK: Predict Person 1's booking decision. Explain your reasoning in 1 sentence. Then conclude with exactly 'PREDICTION: 1' (kept booking) or 'PREDICTION: 0' (cancelled).","You predicted Person 1's booking decision above.
TASK: Should we implement your prediction, or escalate to Person 1?
A decision is considered correct if you implement when your prediction matches Person 1's true decision, or escalate when your prediction does not.
Explain your reasoning in 1-2 sentences, then conclude with exactly 'DECISION: 0' (implement) or 'DECISION: 1' (escalate).","Based on the provided information, the decision tree indicates a high likelihood of keeping the booking because it was made less than 7 days in advance, which corresponds to a 91% retention rate in the training data. PREDICTION: 1
","Since the decision tree predicts a 91% probability that the booking will be kept, implementing this prediction aligns with the high likelihood of success and avoids unnecessary escalation. DECISION: 0
",,,2026-05-27T16:03:30.790944
lead_under_7,1,1,1,0,"You are helping predict Person 1's hotel booking decision. Person 1 has booked a hotel stay arriving on July 06, 2016 (week 28), with 0 weekend night(s) and 1 weekday night(s). The party consists of 2 adult(s). Person 1 is not a repeated guest and has 0 previous cancellation(s). They have requested 0 car parking space(s) and made 1 special request(s).

A decision tree trained on this dataset finds that when the booking was made less than 7 days in advance, 91% of bookings were kept.

TASK: Predict Person 1's booking decision. Explain your reasoning in 1 sentence. Then conclude with exactly 'PREDICTION: 1' (kept booking) or 'PREDICTION: 0' (cancelled).","You predicted Person 1's booking decision above.
TASK: Should we implement your prediction, or escalate to Person 1?
A decision is considered correct if you implement when your prediction matches Person 1's true decision, or escalate when your prediction does not.
Explain your reasoning in 1-2 sentences, then conclude with exactly 'DECISION: 0' (implement) or 'DECISION: 1' (escalate).","Based on the provided information, the decision tree indicates a high likelihood of keeping the booking because it was made less than 7 days in advance, which corresponds to a 91% retention rate for such cases. PREDICTION: 1
","Since the decision tree indicates a 91% probability that the booking will be kept based on the ""less than 7 days in advance"" feature, implementing this prediction aligns with the high likelihood of the booking being retained. DECISION: 0
",,,2026-05-27T16:03:37.941126
lead_under_7,1,1,1,0,"You are helping predict Person 1's hotel booking decision. Person 1 has booked a hotel stay arriving on July 19, 2016 (week 30), with 0 weekend night(s) and 1 weekday night(s). The party consists of 1 adult(s). Person 1 is a repeated guest and has 0 previous cancellation(s). They have requested 0 car parking space(s) and made 0 special request(s).

A decision tree trained on this dataset finds that when the booking was made less than 7 days in advance, 91% of bookings were kept.

TASK: Predict Person 1's booking decision. Explain your reasoning in 1 sentence. Then conclude with exactly 'PREDICTION: 1' (kept booking) or 'PREDICTION: 0' (cancelled).","You predicted Person 1's booking decision above.
TASK: Should we implement your prediction, or escalate to Person 1?
A decision is considered correct if you implement when your prediction matches Person 1's true decision, or escalate when your prediction does not.
Explain your reasoning in 1-2 sentences, then conclude with exactly 'DECISION: 0' (implement) or 'DECISION: 1' (escalate).","Based on the provided information, the decision tree indicates a high likelihood of keeping the booking because the booking was made less than 7 days in advance, which corresponds to a 91% retention rate for similar cases. PREDICTION: 1
","Since the decision tree predicts a 91% probability that the booking will be kept, implementing this prediction aligns with the high likelihood of the guest staying. DECISION: 0
",,,2026-05-27T16:03:44.266529
lead_under_7,1,1,1,0,"You are helping predict Person 1's hotel booking decision. Person 1 has booked a hotel stay arriving on December 04, 2016 (week 50), with 2 weekend night(s) and 0 weekday night(s). The party consists of 2 adult(s). Person 1 is not a repeated guest and has 0 previous cancellation(s). They have requested 1 car parking space(s) and made 1 special request(s).

A decision tree trained on this dataset finds that when the booking was made less than 7 days in advance, 91% of bookings were kept.

TASK: Predict Person 1's booking decision. Explain your reasoning in 1 sentence. Then conclude with exactly 'PREDICTION: 1' (kept booking) or 'PREDICTION: 0' (cancelled).","You predicted Person 1's booking decision above.
TASK: Should we implement your prediction, or escalate to Person 1?
A decision is considered correct if you implement when your prediction matches Person 1's true decision, or escalate when your prediction does not.
Explain your reasoning in 1-2 sentences, then conclude with exactly 'DECISION: 0' (implement) or 'DECISION: 1' (escalate).","Based on the provided information, the decision tree indicates a high likelihood of keeping the booking because it was made less than 7 days in advance, which historically results in 91% of such bookings being kept. PREDICTION: 1
","Since the decision tree predicts a 91% probability that the booking will be kept, implementing this prediction aligns with the high likelihood of the guest staying. DECISION: 0
",,,2026-05-27T16:03:50.518746
lead_under_7,1,1,1,0,"You are helping predict Person 1's hotel booking decision. Person 1 has booked a hotel stay arriving on January 15, 2016 (week 3), with 2 weekend night(s) and 6 weekday night(s). The party consists of 2 adult(s). Person 1 is not a repeated guest and has 0 previous cancellation(s). They have requested 0 car parking space(s) and made 1 special request(s).

A decision tree trained on this dataset finds that when the booking was made less than 7 days in advance, 91% of bookings were kept.

TASK: Predict Person 1's booking decision. Explain your reasoning in 1 sentence. Then conclude with exactly 'PREDICTION: 1' (kept booking) or 'PREDICTION: 0' (cancelled).","You predicted Person 1's booking decision above.
TASK: Should we implement your prediction, or escalate to Person 1?
A decision is considered correct if you implement when your prediction matches Person 1's true decision, or escalate when your prediction does not.
Explain your reasoning in 1-2 sentences, then conclude with exactly 'DECISION: 0' (implement) or 'DECISION: 1' (escalate).","Based on the provided information, the decision tree indicates a high likelihood of keeping the booking because it was made less than 7 days in advance, which historically results in 91% of such bookings being kept. PREDICTION: 1
","Since the decision tree predicts a 91% probability that the booking will be kept, implementing this prediction aligns with the high likelihood of the guest staying. DECISION: 0
",,,2026-05-27T16:03:56.792455
lead_under_7,1,1,1,0,"You are helping predict Person 1's hotel booking decision. Person 1 has booked a hotel stay arriving on August 15, 2016 (week 34), with 1 weekend night(s) and 2 weekday night(s). The party consists of 2 adult(s). Person 1 is not a repeated guest and has 0 previous cancellation(s). They have requested 0 car parking space(s) and made 0 special request(s).

A decision tree trained on this dataset finds that when the booking was made less than 7 days in advance, 91% of bookings were kept.

TASK: Predict Person 1's booking decision. Explain your reasoning in 1 sentence. Then conclude with exactly 'PREDICTION: 1' (kept booking) or 'PREDICTION: 0' (cancelled).","You predicted Person 1's booking decision above.
TASK: Should we implement your prediction, or escalate to Person 1?
A decision is considered correct if you implement when your prediction matches Person 1's true decision, or escalate when your prediction does not.
Explain your reasoning in 1-2 sentences, then conclude with exactly 'DECISION: 0' (implement) or 'DECISION: 1' (escalate).","Based on the provided decision tree rule, the booking was made less than 7 days in advance, which historically results in a 91% likelihood of the booking being kept. PREDICTION: 1
","Since the decision tree indicates a high probability (91%) that the booking will be kept based on the ""less than 7 days in advance"" feature, implementing this prediction aligns with the model's logic and minimizes unnecessary escalation. DECISION: 0
",,,2026-05-27T16:04:03.625334
lead_under_7,0,1,0,0,"You are helping predict Person 1's hotel booking decision. Person 1 has booked a hotel stay arriving on October 10, 2015 (week 41), with 2 weekend night(s) and 1 weekday night(s). The party consists of 2 adult(s). Person 1 is a repeated guest and has 1 previous cancellation(s). They have requested 0 car parking space(s) and made 0 special request(s).

A decision tree trained on this dataset finds that when the booking was made less than 7 days in advance, 91% of bookings were kept.

TASK: Predict Person 1's booking decision. Explain your reasoning in 1 sentence. Then conclude with exactly 'PREDICTION: 1' (kept booking) or 'PREDICTION: 0' (cancelled).","You predicted Person 1's booking decision above.
TASK: Should we implement your prediction, or escalate to Person 1?
A decision is considered correct if you implement when your prediction matches Person 1's true decision, or escalate when your prediction does not.
Explain your reasoning in 1-2 sentences, then conclude with exactly 'DECISION: 0' (implement) or 'DECISION: 1' (escalate).","Based on the provided information, the decision tree indicates a high likelihood of keeping the booking because it was made less than 7 days in advance, which historically results in 91% of such bookings being kept. PREDICTION: 1
","Since the decision tree predicts a 91% probability that the booking will be kept, implementing this prediction aligns with the high likelihood of the guest staying. DECISION: 0
",,,2026-05-27T16:04:09.884205
lead_under_7,1,1,1,0,"You are helping predict Person 1's hotel booking decision. Person 1 has booked a hotel stay arriving on January 18, 2017 (week 3), with 0 weekend night(s) and 2 weekday night(s). The party consists of 1 adult(s). Person 1 is not a repeated guest and has 0 previous cancellation(s). They have requested 0 car parking space(s) and made 0 special request(s).

A decision tree trained on this dataset finds that when the booking was made less than 7 days in advance, 91% of bookings were kept.

TASK: Predict Person 1's booking decision. Explain your reasoning in 1 sentence. Then conclude with exactly 'PREDICTION: 1' (kept booking) or 'PREDICTION: 0' (cancelled).","You predicted Person 1's booking decision above.
TASK: Should we implement your prediction, or escalate to Person 1?
A decision is considered correct if you implement when your prediction matches Person 1's true decision, or escalate when your prediction does not.
Explain your reasoning in 1-2 sentences, then conclude with exactly 'DECISION: 0' (implement) or 'DECISION: 1' (escalate).","Based on the provided information, the decision tree indicates a high likelihood of keeping the booking because it was made less than 7 days in advance, which historically results in 91% of such bookings being kept. PREDICTION: 1
","Since the decision tree predicts a 91% probability that the booking will be kept, implementing this prediction aligns with the high likelihood of the outcome being correct. DECISION: 0
",,,2026-05-27T16:04:16.212030
lead_under_7,1,1,1,0,"You are helping predict Person 1's hotel booking decision. Person 1 has booked a hotel stay arriving on July 13, 2016 (week 29), with 0 weekend night(s) and 2 weekday night(s). The party consists of 2 adult(s). Person 1 is not a repeated guest and has 0 previous cancellation(s). They have requested 0 car parking space(s) and made 1 special request(s).

A decision tree trained on this dataset finds that when the booking was made less than 7 days in advance, 91% of bookings were kept.

TASK: Predict Person 1's booking decision. Explain your reasoning in 1 sentence. Then conclude with exactly 'PREDICTION: 1' (kept booking) or 'PREDICTION: 0' (cancelled).","You predicted Person 1's booking decision above.
TASK: Should we implement your prediction, or escalate to Person 1?
A decision is considered correct if you implement when your prediction matches Person 1's true decision, or escalate when your prediction does not.
Explain your reasoning in 1-2 sentences, then conclude with exactly 'DECISION: 0' (implement) or 'DECISION: 1' (escalate).","Based on the provided information, the decision tree indicates a high likelihood of keeping the booking because it was made less than 7 days in advance, which corresponds to a 91% retention rate for such cases. PREDICTION: 1
","Since the decision tree indicates a 91% probability that the booking will be kept based on the ""less than 7 days in advance"" feature, implementing this prediction aligns with the high likelihood of the outcome. DECISION: 0
",,,2026-05-27T16:04:23.245785
lead_under_7,1,0,0,1,"You are helping predict Person 1's hotel booking decision. Person 1 has booked a hotel stay arriving on May 15, 2017 (week 20), with 1 weekend night(s) and 0 weekday night(s). The party consists of 1 adult(s). Person 1 is not a repeated guest and has 0 previous cancellation(s). They have requested 0 car parking space(s) and made 0 special request(s).

A decision tree trained on this dataset finds that when the booking was made less than 7 days in advance, 91% of bookings were kept.

TASK: Predict Person 1's booking decision. Explain your reasoning in 1 sentence. Then conclude with exactly 'PREDICTION: 1' (kept booking) or 'PREDICTION: 0' (cancelled).","You predicted Person 1's booking decision above.
TASK: Should we implement your prediction, or escalate to Person 1?
A decision is considered correct if you implement when your prediction matches Person 1's true decision, or escalate when your prediction does not.
Explain your reasoning in 1-2 sentences, then conclude with exactly 'DECISION: 0' (implement) or 'DECISION: 1' (escalate).","Since Person 1's booking was made approximately 10 days in advance (well above the 7-day threshold where 91% of bookings were kept), the specific high-advance-booking success rate does not directly apply to their case, and without additional features like price or seasonality, the model cannot definitively predict a cancellation or retention based solely on the provided information. PREDICTION: 0
","Since the provided data lacks specific features that the decision tree likely uses to distinguish cancellations (such as price, seasonality, or lead time relative to the stay), the prediction of a cancellation is a high-risk guess that could result in losing a valid booking. Therefore, it is safer to escalate the case to allow human agents to review the full context and make a more accurate determination. DECISION: 1
",,,2026-05-27T16:04:34.568763
lead_under_7,1,1,1,0,"You are helping predict Person 1's hotel booking decision. Person 1 has booked a hotel stay arriving on February 08, 2017 (week 6), with 0 weekend night(s) and 1 weekday night(s). The party consists of 1 adult(s). Person 1 is a repeated guest and has 0 previous cancellation(s). They have requested 0 car parking space(s) and made 1 special request(s).

A decision tree trained on this dataset finds that when the booking was made less than 7 days in advance, 91% of bookings were kept.

TASK: Predict Person 1's booking decision. Explain your reasoning in 1 sentence. Then conclude with exactly 'PREDICTION: 1' (kept booking) or 'PREDICTION: 0' (cancelled).","You predicted Person 1's booking decision above.
TASK: Should we implement your prediction, or escalate to Person 1?
A decision is considered correct if you implement when your prediction matches Person 1's true decision, or escalate when your prediction does not.
Explain your reasoning in 1-2 sentences, then conclude with exactly 'DECISION: 0' (implement) or 'DECISION: 1' (escalate).","Based on the provided information, the decision tree indicates a high likelihood of keeping the booking because the booking was made less than 7 days in advance, which corresponds to a 91% retention rate for similar cases. PREDICTION: 1
","Since the decision tree indicates a 91% probability that the booking will be kept, implementing this prediction is the most statistically sound course of action to avoid unnecessary escalation. DECISION: 0
",,,2026-05-27T16:04:41.046535
lead_under_7,1,1,1,0,"You are helping predict Person 1's hotel booking decision. Person 1 has booked a hotel stay arriving on October 24, 2015 (week 43), with 0 weekend night(s) and 1 weekday night(s). The party consists of 1 adult(s). Person 1 is not a repeated guest and has 0 previous cancellation(s). They have requested 0 car parking space(s) and made 0 special request(s).

A decision tree trained on this dataset finds that when the booking was made less than 7 days in advance, 91% of bookings were kept.

TASK: Predict Person 1's booking decision. Explain your reasoning in 1 sentence. Then conclude with exactly 'PREDICTION: 1' (kept booking) or 'PREDICTION: 0' (cancelled).","You predicted Person 1's booking decision above.
TASK: Should we implement your prediction, or escalate to Person 1?
A decision is considered correct if you implement when your prediction matches Person 1's true decision, or escalate when your prediction does not.
Explain your reasoning in 1-2 sentences, then conclude with exactly 'DECISION: 0' (implement) or 'DECISION: 1' (escalate).","Based on the provided information, the decision tree indicates a high likelihood of keeping the booking because it was made less than 7 days in advance, which corresponds to a 91% retention rate for such cases. PREDICTION: 1
","Since the decision tree predicts a 91% probability that the booking will be kept, implementing this prediction aligns with the high likelihood of the guest staying. DECISION: 0
",,,2026-05-27T16:04:47.305726
lead_under_7,1,1,1,0,"You are helping predict Person 1's hotel booking decision. Person 1 has booked a hotel stay arriving on August 15, 2017 (week 33), with 0 weekend night(s) and 1 weekday night(s). The party consists of 2 adult(s), 1 child(ren). Person 1 is a repeated guest and has 0 previous cancellation(s). They have requested 1 car parking space(s) and made 1 special request(s).

A decision tree trained on this dataset finds that when the booking was made less than 7 days in advance, 91% of bookings were kept.

TASK: Predict Person 1's booking decision. Explain your reasoning in 1 sentence. Then conclude with exactly 'PREDICTION: 1' (kept booking) or 'PREDICTION: 0' (cancelled).","You predicted Person 1's booking decision above.
TASK: Should we implement your prediction, or escalate to Person 1?
A decision is considered correct if you implement when your prediction matches Person 1's true decision, or escalate when your prediction does not.
Explain your reasoning in 1-2 sentences, then conclude with exactly 'DECISION: 0' (implement) or 'DECISION: 1' (escalate).","Based on the provided information, the decision tree indicates a high likelihood of keeping the booking because it was made less than 7 days in advance, which historically results in 91% of such bookings being kept. PREDICTION: 1
","Since the decision tree predicts a 91% probability that the booking will be kept, implementing this prediction aligns with the high likelihood of the guest staying. DECISION: 0
",,,2026-05-27T16:04:53.586766
lead_under_7,1,0,0,1,"You are helping predict Person 1's hotel booking decision. Person 1 has booked a hotel stay arriving on January 16, 2017 (week 3), with 1 weekend night(s) and 0 weekday night(s). The party consists of 1 adult(s). Person 1 is a repeated guest and has 0 previous cancellation(s). They have requested 0 car parking space(s) and made 1 special request(s).

A decision tree trained on this dataset finds that when the booking was made less than 7 days in advance, 91% of bookings were kept.

TASK: Predict Person 1's booking decision. Explain your reasoning in 1 sentence. Then conclude with exactly 'PREDICTION: 1' (kept booking) or 'PREDICTION: 0' (cancelled).","You predicted Person 1's booking decision above.
TASK: Should we implement your prediction, or escalate to Person 1?
A decision is considered correct if you implement when your prediction matches Person 1's true decision, or escalate when your prediction does not.
Explain your reasoning in 1-2 sentences, then conclude with exactly 'DECISION: 0' (implement) or 'DECISION: 1' (escalate).","Based on the provided decision tree rule, the prediction relies on the timing of the booking relative to the arrival date, but the specific number of days in advance for Person 1's January 16, 2017, stay is not explicitly stated in the input data, making a direct application of the ""less than 7 days"" rule impossible without that missing variable. PREDICTION: 0
","Since the input data does not specify how many days in advance Person 1 booked, I cannot confirm if they fall into the high-accuracy ""less than 7 days"" category, making my previous prediction of cancellation (0) a risky guess that likely does not match the true outcome. To avoid potential errors in handling a potentially high-value or urgent booking, it is safer to escalate the case for manual review. DECISION: 1
",,,2026-05-27T16:05:05.283267
lead_under_7,1,0,0,1,"You are helping predict Person 1's hotel booking decision. Person 1 has booked a hotel stay arriving on January 07, 2016 (week 2), with 0 weekend night(s) and 1 weekday night(s). The party consists of 1 adult(s). Person 1 is not a repeated guest and has 0 previous cancellation(s). They have requested 0 car parking space(s) and made 0 special request(s).

A decision tree trained on this dataset finds that when the booking was made less than 7 days in advance, 91% of bookings were kept.

TASK: Predict Person 1's booking decision. Explain your reasoning in 1 sentence. Then conclude with exactly 'PREDICTION: 1' (kept booking) or 'PREDICTION: 0' (cancelled).","You predicted Person 1's booking decision above.
TASK: Should we implement your prediction, or escalate to Person 1?
A decision is considered correct if you implement when your prediction matches Person 1's true decision, or escalate when your prediction does not.
Explain your reasoning in 1-2 sentences, then conclude with exactly 'DECISION: 0' (implement) or 'DECISION: 1' (escalate).","Since Person 1 booked the stay well in advance (more than 7 days prior to arrival), the specific rule stating that bookings made less than 7 days in advance have a 91% keep rate does not directly apply to their case, and without additional data points or a full tree structure, the prediction cannot be definitively determined from the provided information alone. PREDICTION: 0
","Since the provided information does not confirm whether Person 1's booking was actually kept or cancelled, I cannot verify if my prediction of a cancellation was correct, making it impossible to determine if implementing the decision or escalating is the right choice. DECISION: 1
",,,2026-05-27T16:05:14.527321
lead_under_7,0,0,1,1,"You are helping predict Person 1's hotel booking decision. Person 1 has booked a hotel stay arriving on March 19, 2017 (week 12), with 1 weekend night(s) and 0 weekday night(s). The party consists of 1 adult(s). Person 1 is not a repeated guest and has 0 previous cancellation(s). They have requested 0 car parking space(s) and made 0 special request(s).

A decision tree trained on this dataset finds that when the booking was made less than 7 days in advance, 91% of bookings were kept.

TASK: Predict Person 1's booking decision. Explain your reasoning in 1 sentence. Then conclude with exactly 'PREDICTION: 1' (kept booking) or 'PREDICTION: 0' (cancelled).","You predicted Person 1's booking decision above.
TASK: Should we implement your prediction, or escalate to Person 1?
A decision is considered correct if you implement when your prediction matches Person 1's true decision, or escalate when your prediction does not.
Explain your reasoning in 1-2 sentences, then conclude with exactly 'DECISION: 0' (implement) or 'DECISION: 1' (escalate).","Based on the provided decision tree rule, the prediction relies on the timing of the booking relative to the arrival date, but the specific number of days in advance for Person 1's March 19, 2017, arrival is not stated in the input data, making it impossible to apply the ""less than 7 days"" condition to determine the outcome. PREDICTION: 0
","Since the input data does not specify how many days in advance Person 1 booked, I cannot confirm if they fall into the high-accuracy ""less than 7 days"" category identified by the decision tree, making my prediction of cancellation unreliable. To avoid the risk of incorrectly cancelling a valid booking, it is safer to escalate the case for manual review.

DECISION: 1
",,,2026-05-27T16:05:25.390846
lead_under_7,1,1,1,0,"You are helping predict Person 1's hotel booking decision. Person 1 has booked a hotel stay arriving on July 11, 2017 (week 28), with 0 weekend night(s) and 1 weekday night(s). The party consists of 2 adult(s). Person 1 is not a repeated guest and has 0 previous cancellation(s). They have requested 0 car parking space(s) and made 0 special request(s).

A decision tree trained on this dataset finds that when the booking was made less than 7 days in advance, 91% of bookings were kept.

TASK: Predict Person 1's booking decision. Explain your reasoning in 1 sentence. Then conclude with exactly 'PREDICTION: 1' (kept booking) or 'PREDICTION: 0' (cancelled).","You predicted Person 1's booking decision above.
TASK: Should we implement your prediction, or escalate to Person 1?
A decision is considered correct if you implement when your prediction matches Person 1's true decision, or escalate when your prediction does not.
Explain your reasoning in 1-2 sentences, then conclude with exactly 'DECISION: 0' (implement) or 'DECISION: 1' (escalate).","Based on the provided information, the decision tree indicates a high probability (91%) that bookings made less than 7 days in advance will be kept, and since Person 1 has no negative factors like prior cancellations or special requests, their booking is likely to be retained. PREDICTION: 1
","Since the decision tree strongly predicts that the booking will be kept based on the high retention rate for last-minute bookings and the absence of negative risk factors, implementing this prediction is the logical course of action. DECISION: 0
",,,2026-05-27T16:05:33.001863
lead_under_7,1,1,1,0,"You are helping predict Person 1's hotel booking decision. Person 1 has booked a hotel stay arriving on February 06, 2016 (week 6), with 1 weekend night(s) and 1 weekday night(s). The party consists of 2 adult(s). Person 1 is not a repeated guest and has 0 previous cancellation(s). They have requested 0 car parking space(s) and made 2 special request(s).

A decision tree trained on this dataset finds that when the booking was made less than 7 days in advance, 91% of bookings were kept.

TASK: Predict Person 1's booking decision. Explain your reasoning in 1 sentence. Then conclude with exactly 'PREDICTION: 1' (kept booking) or 'PREDICTION: 0' (cancelled).","You predicted Person 1's booking decision above.
TASK: Should we implement your prediction, or escalate to Person 1?
A decision is considered correct if you implement when your prediction matches Person 1's true decision, or escalate when your prediction does not.
Explain your reasoning in 1-2 sentences, then conclude with exactly 'DECISION: 0' (implement) or 'DECISION: 1' (escalate).","Based on the provided decision tree rule, the booking was made less than 7 days in advance, which historically results in a 91% likelihood of the booking being kept. PREDICTION: 1
","Since the decision tree indicates a 91% probability that the booking will be kept, implementing this prediction is the statistically sound course of action to avoid unnecessary escalation. DECISION: 0
",,,2026-05-27T16:05:38.894792
lead_under_7,1,0,0,1,"You are helping predict Person 1's hotel booking decision. Person 1 has booked a hotel stay arriving on August 19, 2015 (week 34), with 3 weekend night(s) and 9 weekday night(s). The party consists of 2 adult(s). Person 1 is not a repeated guest and has 0 previous cancellation(s). They have requested 0 car parking space(s) and made 2 special request(s).

A decision tree trained on this dataset finds that when the booking was made less than 7 days in advance, 91% of bookings were kept.

TASK: Predict Person 1's booking decision. Explain your reasoning in 1 sentence. Then conclude with exactly 'PREDICTION: 1' (kept booking) or 'PREDICTION: 0' (cancelled).","You predicted Person 1's booking decision above.
TASK: Should we implement your prediction, or escalate to Person 1?
A decision is considered correct if you implement when your prediction matches Person 1's true decision, or escalate when your prediction does not.
Explain your reasoning in 1-2 sentences, then conclude with exactly 'DECISION: 0' (implement) or 'DECISION: 1' (escalate).","Based on the provided decision tree rule, the prediction relies on the timing of the booking relative to the arrival date, but the specific number of days in advance for Person 1's August 19, 2015, reservation is not stated in the input data, making it impossible to apply the ""less than 7 days"" condition to determine the outcome. PREDICTION: 0
","Since the input data does not specify how many days in advance Person 1 booked, I cannot confirm if they fall into the high-accuracy ""less than 7 days"" category identified by the decision tree, making my initial prediction of cancellation unreliable. To avoid the risk of incorrectly cancelling a valid booking, it is safer to escalate the case for manual review. DECISION: 1
",,,2026-05-27T16:05:49.762866
lead_under_7,0,1,0,0,"You are helping predict Person 1's hotel booking decision. Person 1 has booked a hotel stay arriving on February 28, 2016 (week 10), with 2 weekend night(s) and 1 weekday night(s). The party consists of 1 adult(s). Person 1 is not a repeated guest and has 0 previous cancellation(s). They have requested 0 car parking space(s) and made 0 special request(s).

A decision tree trained on this dataset finds that when the booking was made less than 7 days in advance, 91% of bookings were kept.

TASK: Predict Person 1's booking decision. Explain your reasoning in 1 sentence. Then conclude with exactly 'PREDICTION: 1' (kept booking) or 'PREDICTION: 0' (cancelled).","You predicted Person 1's booking decision above.
TASK: Should we implement your prediction, or escalate to Person 1?
A decision is considered correct if you implement when your prediction matches Person 1's true decision, or escalate when your prediction does not.
Explain your reasoning in 1-2 sentences, then conclude with exactly 'DECISION: 0' (implement) or 'DECISION: 1' (escalate).","Based on the provided decision tree rule, the booking was made less than 7 days in advance, which historically results in a 91% likelihood of the booking being kept. PREDICTION: 1
","Since the decision tree indicates a high probability (91%) that the booking will be kept based on the ""less than 7 days in advance"" feature, implementing this prediction aligns with the model's logic and minimizes unnecessary escalation. DECISION: 0
",,,2026-05-27T16:05:56.609968
lead_under_7,1,1,1,0,"You are helping predict Person 1's hotel booking decision. Person 1 has booked a hotel stay arriving on February 17, 2016 (week 8), with 0 weekend night(s) and 1 weekday night(s). The party consists of 1 adult(s). Person 1 is a repeated guest and has 0 previous cancellation(s). They have requested 0 car parking space(s) and made 1 special request(s).

A decision tree trained on this dataset finds that when the booking was made less than 7 days in advance, 91% of bookings were kept.

TASK: Predict Person 1's booking decision. Explain your reasoning in 1 sentence. Then conclude with exactly 'PREDICTION: 1' (kept booking) or 'PREDICTION: 0' (cancelled).","You predicted Person 1's booking decision above.
TASK: Should we implement your prediction, or escalate to Person 1?
A decision is considered correct if you implement when your prediction matches Person 1's true decision, or escalate when your prediction does not.
Explain your reasoning in 1-2 sentences, then conclude with exactly 'DECISION: 0' (implement) or 'DECISION: 1' (escalate).","Based on the provided information, the decision tree indicates a high likelihood of keeping the booking because the booking was made less than 7 days in advance, which corresponds to a 91% retention rate for similar cases. PREDICTION: 1
","Since the decision tree predicts a 91% probability that the booking will be kept, implementing this prediction aligns with the high likelihood of the guest staying. DECISION: 0
",,,2026-05-27T16:06:02.948066
lead_under_7,1,1,1,0,"You are helping predict Person 1's hotel booking decision. Person 1 has booked a hotel stay arriving on August 13, 2016 (week 33), with 0 weekend night(s) and 1 weekday night(s). The party consists of 1 adult(s). Person 1 is not a repeated guest and has 0 previous cancellation(s). They have requested 0 car parking space(s) and made 2 special request(s).

A decision tree trained on this dataset finds that when the booking was made less than 7 days in advance, 91% of bookings were kept.

TASK: Predict Person 1's booking decision. Explain your reasoning in 1 sentence. Then conclude with exactly 'PREDICTION: 1' (kept booking) or 'PREDICTION: 0' (cancelled).","You predicted Person 1's booking decision above.
TASK: Should we implement your prediction, or escalate to Person 1?
A decision is considered correct if you implement when your prediction matches Person 1's true decision, or escalate when your prediction does not.
Explain your reasoning in 1-2 sentences, then conclude with exactly 'DECISION: 0' (implement) or 'DECISION: 1' (escalate).","The prediction is based on the specific rule from the trained decision tree that bookings made less than 7 days in advance have a 91% likelihood of being kept, which is the dominant factor for this case. PREDICTION: 1
","Since the decision tree indicates a 91% probability that the booking will be kept based on the ""less than 7 days in advance"" feature, implementing this prediction aligns with the high-confidence model output. DECISION: 0
",,,2026-05-27T16:06:09.927280
lead_under_7,1,0,0,1,"You are helping predict Person 1's hotel booking decision. Person 1 has booked a hotel stay arriving on October 24, 2015 (week 43), with 2 weekend night(s) and 3 weekday night(s). The party consists of 2 adult(s). Person 1 is not a repeated guest and has 0 previous cancellation(s). They have requested 0 car parking space(s) and made 1 special request(s).

A decision tree trained on this dataset finds that when the booking was made less than 7 days in advance, 91% of bookings were kept.

TASK: Predict Person 1's booking decision. Explain your reasoning in 1 sentence. Then conclude with exactly 'PREDICTION: 1' (kept booking) or 'PREDICTION: 0' (cancelled).","You predicted Person 1's booking decision above.
TASK: Should we implement your prediction, or escalate to Person 1?
A decision is considered correct if you implement when your prediction matches Person 1's true decision, or escalate when your prediction does not.
Explain your reasoning in 1-2 sentences, then conclude with exactly 'DECISION: 0' (implement) or 'DECISION: 1' (escalate).","Based on the provided decision tree rule, the prediction relies on the timing of the booking relative to the arrival date, but the specific number of days in advance for Person 1's October 24, 2015, reservation is not stated in the input data, making it impossible to apply the ""less than 7 days"" condition to determine the outcome. PREDICTION: 0
","Since the input data does not specify how many days in advance Person 1 booked, I cannot confirm if they fall into the high-accuracy ""less than 7 days"" category identified by the decision tree, making my initial prediction of cancellation unreliable. To avoid the risk of incorrectly cancelling a valid booking, it is safer to escalate the case for manual review.

DECISION: 1
",,,2026-05-27T16:06:20.829171
lead_under_7,1,1,1,0,"You are helping predict Person 1's hotel booking decision. Person 1 has booked a hotel stay arriving on March 15, 2016 (week 12), with 0 weekend night(s) and 0 weekday night(s). The party consists of 2 adult(s). Person 1 is a repeated guest and has 0 previous cancellation(s). They have requested 0 car parking space(s) and made 0 special request(s).

A decision tree trained on this dataset finds that when the booking was made less than 7 days in advance, 91% of bookings were kept.

TASK: Predict Person 1's booking decision. Explain your reasoning in 1 sentence. Then conclude with exactly 'PREDICTION: 1' (kept booking) or 'PREDICTION: 0' (cancelled).","You predicted Person 1's booking decision above.
TASK: Should we implement your prediction, or escalate to Person 1?
A decision is considered correct if you implement when your prediction matches Person 1's true decision, or escalate when your prediction does not.
Explain your reasoning in 1-2 sentences, then conclude with exactly 'DECISION: 0' (implement) or 'DECISION: 1' (escalate).","Based on the provided decision tree rule, the prediction relies on the specific condition that bookings made less than 7 days in advance have a 91% retention rate, which strongly suggests Person 1's booking will be kept. PREDICTION: 1
","Since the decision tree indicates a high probability (91%) that the booking will be kept based on the ""less than 7 days in advance"" feature, implementing this prediction aligns with the model's logic and minimizes the risk of unnecessary escalation. DECISION: 0
",,,2026-05-27T16:06:28.505669
lead_under_7,0,0,1,1,"You are helping predict Person 1's hotel booking decision. Person 1 has booked a hotel stay arriving on August 14, 2015 (week 33), with 0 weekend night(s) and 2 weekday night(s). The party consists of 2 adult(s). Person 1 is not a repeated guest and has 0 previous cancellation(s). They have requested 0 car parking space(s) and made 0 special request(s).

A decision tree trained on this dataset finds that when the booking was made less than 7 days in advance, 91% of bookings were kept.

TASK: Predict Person 1's booking decision. Explain your reasoning in 1 sentence. Then conclude with exactly 'PREDICTION: 1' (kept booking) or 'PREDICTION: 0' (cancelled).","You predicted Person 1's booking decision above.
TASK: Should we implement your prediction, or escalate to Person 1?
A decision is considered correct if you implement when your prediction matches Person 1's true decision, or escalate when your prediction does not.
Explain your reasoning in 1-2 sentences, then conclude with exactly 'DECISION: 0' (implement) or 'DECISION: 1' (escalate).","Based on the provided decision tree rule, the prediction relies on the timing of the booking relative to the arrival date, but the specific number of days in advance for Person 1's August 14, 2015, stay is not explicitly stated in the input data, making a direct application of the ""less than 7 days"" rule impossible without that missing variable. PREDICTION: 0
","Since the input data does not specify how many days in advance Person 1 booked, I cannot confirm if they fall into the high-accuracy ""less than 7 days"" category, making my previous prediction of cancellation (0) a risky guess that likely does not match the true outcome. To avoid potential errors in handling a booking that might actually be kept based on the 91% success rate of last-minute bookings, it is safer to escalate the case for human review. DECISION: 1
",,,2026-05-27T16:06:41.032337
lead_under_7,1,1,1,0,"You are helping predict Person 1's hotel booking decision. Person 1 has booked a hotel stay arriving on June 22, 2016 (week 26), with 0 weekend night(s) and 1 weekday night(s). The party consists of 1 adult(s). Person 1 is not a repeated guest and has 0 previous cancellation(s). They have requested 0 car parking space(s) and made 0 special request(s).

A decision tree trained on this dataset finds that when the booking was made less than 7 days in advance, 91% of bookings were kept.

TASK: Predict Person 1's booking decision. Explain your reasoning in 1 sentence. Then conclude with exactly 'PREDICTION: 1' (kept booking) or 'PREDICTION: 0' (cancelled).","You predicted Person 1's booking decision above.
TASK: Should we implement your prediction, or escalate to Person 1?
A decision is considered correct if you implement when your prediction matches Person 1's true decision, or escalate when your prediction does not.
Explain your reasoning in 1-2 sentences, then conclude with exactly 'DECISION: 0' (implement) or 'DECISION: 1' (escalate).","Since Person 1 booked the stay well in advance (arriving on June 22, 2016, with no indication of a last-minute booking under 7 days), the specific statistic about 91% of last-minute bookings being kept does not directly apply to their case, but the absence of negative factors like previous cancellations or special requests suggests a high likelihood of retention based on typical stable booking patterns. PREDICTION: 1
","Since the prediction indicates the booking will be kept, implementing this decision aligns with the forecast and avoids unnecessary escalation for a stable reservation. DECISION: 0
",,,2026-05-27T16:06:49.732606
lead_under_7,1,1,1,0,"You are helping predict Person 1's hotel booking decision. Person 1 has booked a hotel stay arriving on August 24, 2016 (week 35), with 0 weekend night(s) and 1 weekday night(s). The party consists of 1 adult(s). Person 1 is not a repeated guest and has 0 previous cancellation(s). They have requested 0 car parking space(s) and made 0 special request(s).

A decision tree trained on this dataset finds that when the booking was made less than 7 days in advance, 91% of bookings were kept.

TASK: Predict Person 1's booking decision. Explain your reasoning in 1 sentence. Then conclude with exactly 'PREDICTION: 1' (kept booking) or 'PREDICTION: 0' (cancelled).","You predicted Person 1's booking decision above.
TASK: Should we implement your prediction, or escalate to Person 1?
A decision is considered correct if you implement when your prediction matches Person 1's true decision, or escalate when your prediction does not.
Explain your reasoning in 1-2 sentences, then conclude with exactly 'DECISION: 0' (implement) or 'DECISION: 1' (escalate).","Based on the provided information, the decision tree indicates a high probability (91%) that bookings made less than 7 days in advance will be kept, and since Person 1 has no negative factors like prior cancellations or special requests, their booking is likely to be retained. PREDICTION: 1
","Since the decision tree strongly predicts that the booking will be kept based on the high retention rate for last-minute bookings and the absence of negative risk factors, implementing this prediction is the logical course of action. DECISION: 0
",,,2026-05-27T16:06:57.325815
lead_under_7,1,0,0,1,"You are helping predict Person 1's hotel booking decision. Person 1 has booked a hotel stay arriving on June 01, 2017 (week 22), with 0 weekend night(s) and 2 weekday night(s). The party consists of 1 adult(s). Person 1 is a repeated guest and has 0 previous cancellation(s). They have requested 0 car parking space(s) and made 0 special request(s).

A decision tree trained on this dataset finds that when the booking was made less than 7 days in advance, 91% of bookings were kept.

TASK: Predict Person 1's booking decision. Explain your reasoning in 1 sentence. Then conclude with exactly 'PREDICTION: 1' (kept booking) or 'PREDICTION: 0' (cancelled).","You predicted Person 1's booking decision above.
TASK: Should we implement your prediction, or escalate to Person 1?
A decision is considered correct if you implement when your prediction matches Person 1's true decision, or escalate when your prediction does not.
Explain your reasoning in 1-2 sentences, then conclude with exactly 'DECISION: 0' (implement) or 'DECISION: 1' (escalate).","Based on the provided decision tree rule, the prediction relies on the timing of the booking relative to the arrival date, but the specific number of days in advance for Person 1's June 01, 2017 booking is not stated in the input data, making it impossible to apply the ""less than 7 days"" condition to determine the outcome. PREDICTION: 0
","Since the input data does not specify how many days in advance Person 1 booked, I cannot confirm if they fall into the high-accuracy ""less than 7 days"" category identified by the decision tree, making my previous prediction unreliable. To avoid the risk of a false negative (incorrectly cancelling a kept booking), it is safer to escalate the case for manual review. DECISION: 1
",,,2026-05-27T16:07:08.322635
lead_under_7,1,0,0,1,"You are helping predict Person 1's hotel booking decision. Person 1 has booked a hotel stay arriving on September 03, 2015 (week 36), with 0 weekend night(s) and 1 weekday night(s). The party consists of 2 adult(s). Person 1 is not a repeated guest and has 0 previous cancellation(s). They have requested 0 car parking space(s) and made 0 special request(s).

A decision tree trained on this dataset finds that when the booking was made less than 7 days in advance, 91% of bookings were kept.

TASK: Predict Person 1's booking decision. Explain your reasoning in 1 sentence. Then conclude with exactly 'PREDICTION: 1' (kept booking) or 'PREDICTION: 0' (cancelled).","You predicted Person 1's booking decision above.
TASK: Should we implement your prediction, or escalate to Person 1?
A decision is considered correct if you implement when your prediction matches Person 1's true decision, or escalate when your prediction does not.
Explain your reasoning in 1-2 sentences, then conclude with exactly 'DECISION: 0' (implement) or 'DECISION: 1' (escalate).","Based on the provided decision tree rule, the prediction relies on the timing of the booking relative to the arrival date, but the specific number of days in advance for Person 1's September 03, 2015 booking is not stated in the input data, making it impossible to apply the ""less than 7 days"" condition to determine the outcome. PREDICTION: 0
","Since the input data does not specify how many days in advance Person 1 booked, I cannot confirm if they fall into the high-accuracy ""less than 7 days"" category identified by the decision tree, making my previous prediction unreliable. To avoid the risk of a false negative (incorrectly cancelling a kept booking), it is safer to escalate the case for manual review. DECISION: 1
",,,2026-05-27T16:07:19.317978
lead_under_7,1,1,1,0,"You are helping predict Person 1's hotel booking decision. Person 1 has booked a hotel stay arriving on March 08, 2017 (week 10), with 0 weekend night(s) and 2 weekday night(s). The party consists of 1 adult(s). Person 1 is not a repeated guest and has 0 previous cancellation(s). They have requested 0 car parking space(s) and made 0 special request(s).

A decision tree trained on this dataset finds that when the booking was made less than 7 days in advance, 91% of bookings were kept.

TASK: Predict Person 1's booking decision. Explain your reasoning in 1 sentence. Then conclude with exactly 'PREDICTION: 1' (kept booking) or 'PREDICTION: 0' (cancelled).","You predicted Person 1's booking decision above.
TASK: Should we implement your prediction, or escalate to Person 1?
A decision is considered correct if you implement when your prediction matches Person 1's true decision, or escalate when your prediction does not.
Explain your reasoning in 1-2 sentences, then conclude with exactly 'DECISION: 0' (implement) or 'DECISION: 1' (escalate).","Based on the provided information, the decision tree indicates a high likelihood of keeping the booking because it was made less than 7 days in advance, which corresponds to a 91% retention rate for such cases. PREDICTION: 1
","Since the decision tree indicates a 91% probability that the booking will be kept based on the ""less than 7 days in advance"" feature, implementing this prediction aligns with the high likelihood of the outcome. DECISION: 0
",,,2026-05-27T16:07:26.321634
lead_under_7,1,1,1,0,"You are helping predict Person 1's hotel booking decision. Person 1 has booked a hotel stay arriving on March 27, 2016 (week 14), with 0 weekend night(s) and 0 weekday night(s). The party consists of 1 adult(s). Person 1 is not a repeated guest and has 0 previous cancellation(s). They have requested 0 car parking space(s) and made 1 special request(s).

A decision tree trained on this dataset finds that when the booking was made less than 7 days in advance, 91% of bookings were kept.

TASK: Predict Person 1's booking decision. Explain your reasoning in 1 sentence. Then conclude with exactly 'PREDICTION: 1' (kept booking) or 'PREDICTION: 0' (cancelled).","You predicted Person 1's booking decision above.
TASK: Should we implement your prediction, or escalate to Person 1?
A decision is considered correct if you implement when your prediction matches Person 1's true decision, or escalate when your prediction does not.
Explain your reasoning in 1-2 sentences, then conclude with exactly 'DECISION: 0' (implement) or 'DECISION: 1' (escalate).","Based on the provided information, the decision tree indicates a high probability (91%) that bookings made less than 7 days in advance will be kept, and since Person 1 has no specific negative attributes like prior cancellations or special requests that would override this general rule, the booking is likely to be retained. PREDICTION: 1
","Since the decision tree strongly predicts the booking will be kept with a 91% accuracy rate for this specific scenario, implementing the prediction is the most logical course of action to avoid unnecessary escalation. DECISION: 0
",,,2026-05-27T16:07:34.309362
lead_under_7,0,1,0,0,"You are helping predict Person 1's hotel booking decision. Person 1 has booked a hotel stay arriving on February 13, 2016 (week 7), with 0 weekend night(s) and 1 weekday night(s). The party consists of 2 adult(s). Person 1 is not a repeated guest and has 0 previous cancellation(s). They have requested 0 car parking space(s) and made 0 special request(s).

A decision tree trained on this dataset finds that when the booking was made less than 7 days in advance, 91% of bookings were kept.

TASK: Predict Person 1's booking decision. Explain your reasoning in 1 sentence. Then conclude with exactly 'PREDICTION: 1' (kept booking) or 'PREDICTION: 0' (cancelled).","You predicted Person 1's booking decision above.
TASK: Should we implement your prediction, or escalate to Person 1?
A decision is considered correct if you implement when your prediction matches Person 1's true decision, or escalate when your prediction does not.
Explain your reasoning in 1-2 sentences, then conclude with exactly 'DECISION: 0' (implement) or 'DECISION: 1' (escalate).","Based on the provided information, the decision tree indicates a high likelihood of keeping the booking because the booking was made less than 7 days in advance, which corresponds to a 91% retention rate in the training data. PREDICTION: 1
","Since the decision tree predicts a 91% probability that the booking will be kept, implementing this prediction aligns with the high likelihood of success and avoids unnecessary escalation. DECISION: 0
",,,2026-05-27T16:07:40.830579
lead_under_7,0,0,1,1,"You are helping predict Person 1's hotel booking decision. Person 1 has booked a hotel stay arriving on September 20, 2015 (week 39), with 2 weekend night(s) and 0 weekday night(s). The party consists of 2 adult(s). Person 1 is not a repeated guest and has 1 previous cancellation(s). They have requested 0 car parking space(s) and made 0 special request(s).

A decision tree trained on this dataset finds that when the booking was made less than 7 days in advance, 91% of bookings were kept.

TASK: Predict Person 1's booking decision. Explain your reasoning in 1 sentence. Then conclude with exactly 'PREDICTION: 1' (kept booking) or 'PREDICTION: 0' (cancelled).","You predicted Person 1's booking decision above.
TASK: Should we implement your prediction, or escalate to Person 1?
A decision is considered correct if you implement when your prediction matches Person 1's true decision, or escalate when your prediction does not.
Explain your reasoning in 1-2 sentences, then conclude with exactly 'DECISION: 0' (implement) or 'DECISION: 1' (escalate).","Based on the provided decision tree rule, the prediction relies on the timing of the booking relative to the arrival date, but the specific number of days in advance for Person 1's September 20, 2015, stay is not explicitly stated in the input data, making a direct application of the ""less than 7 days"" rule impossible without that missing variable. PREDICTION: 0
","Since the input data does not specify how many days in advance Person 1 booked, I cannot confirm if they fall into the high-accuracy ""less than 7 days"" category, making my previous prediction of cancellation (0) a risky guess that likely does not match the true outcome. To avoid potential errors in handling a booking that might actually be kept based on the 91% success rate of last-minute bookings, it is safer to escalate the case for human review. DECISION: 1
",,,2026-05-27T16:07:53.327528
lead_under_7,1,1,1,0,"You are helping predict Person 1's hotel booking decision. Person 1 has booked a hotel stay arriving on February 06, 2017 (week 6), with 1 weekend night(s) and 1 weekday night(s). The party consists of 1 adult(s). Person 1 is not a repeated guest and has 0 previous cancellation(s). They have requested 0 car parking space(s) and made 0 special request(s).

A decision tree trained on this dataset finds that when the booking was made less than 7 days in advance, 91% of bookings were kept.

TASK: Predict Person 1's booking decision. Explain your reasoning in 1 sentence. Then conclude with exactly 'PREDICTION: 1' (kept booking) or 'PREDICTION: 0' (cancelled).","You predicted Person 1's booking decision above.
TASK: Should we implement your prediction, or escalate to Person 1?
A decision is considered correct if you implement when your prediction matches Person 1's true decision, or escalate when your prediction does not.
Explain your reasoning in 1-2 sentences, then conclude with exactly 'DECISION: 0' (implement) or 'DECISION: 1' (escalate).","Since Person 1 booked the stay less than 7 days in advance, the trained decision tree indicates a 91% likelihood that the booking will be kept based on historical data for this specific scenario. PREDICTION: 1
","Since the decision tree predicts a 91% probability that the booking will be kept, implementing this prediction aligns with the high likelihood of the guest staying. DECISION: 0
",,,2026-05-27T16:07:59.459802
lead_under_7,0,1,0,0,"You are helping predict Person 1's hotel booking decision. Person 1 has booked a hotel stay arriving on August 20, 2017 (week 34), with 1 weekend night(s) and 0 weekday night(s). The party consists of 2 adult(s). Person 1 is not a repeated guest and has 0 previous cancellation(s). They have requested 0 car parking space(s) and made 0 special request(s).

A decision tree trained on this dataset finds that when the booking was made less than 7 days in advance, 91% of bookings were kept.

TASK: Predict Person 1's booking decision. Explain your reasoning in 1 sentence. Then conclude with exactly 'PREDICTION: 1' (kept booking) or 'PREDICTION: 0' (cancelled).","You predicted Person 1's booking decision above.
TASK: Should we implement your prediction, or escalate to Person 1?
A decision is considered correct if you implement when your prediction matches Person 1's true decision, or escalate when your prediction does not.
Explain your reasoning in 1-2 sentences, then conclude with exactly 'DECISION: 0' (implement) or 'DECISION: 1' (escalate).","Based on the provided decision tree rule, the booking was made less than 7 days in advance, which historically results in a 91% likelihood of the booking being kept. PREDICTION: 1
","Since the decision tree indicates a high probability (91%) that the booking will be kept based on the ""less than 7 days in advance"" feature, implementing this prediction aligns with the model's logic and minimizes unnecessary escalation. DECISION: 0
",,,2026-05-27T16:08:06.277013
lead_under_7,1,0,0,1,"You are helping predict Person 1's hotel booking decision. Person 1 has booked a hotel stay arriving on October 29, 2016 (week 44), with 1 weekend night(s) and 1 weekday night(s). The party consists of 2 adult(s). Person 1 is a repeated guest and has 0 previous cancellation(s). They have requested 0 car parking space(s) and made 4 special request(s).

A decision tree trained on this dataset finds that when the booking was made less than 7 days in advance, 91% of bookings were kept.

TASK: Predict Person 1's booking decision. Explain your reasoning in 1 sentence. Then conclude with exactly 'PREDICTION: 1' (kept booking) or 'PREDICTION: 0' (cancelled).","You predicted Person 1's booking decision above.
TASK: Should we implement your prediction, or escalate to Person 1?
A decision is considered correct if you implement when your prediction matches Person 1's true decision, or escalate when your prediction does not.
Explain your reasoning in 1-2 sentences, then conclude with exactly 'DECISION: 0' (implement) or 'DECISION: 1' (escalate).","Based on the provided decision tree rule, the prediction relies on the timing of the booking relative to the arrival date, but the specific number of days in advance for Person 1's October 29, 2016, booking is not stated in the input data, making it impossible to apply the ""less than 7 days"" condition to determine the outcome. PREDICTION: 0
","Since the input data does not specify how many days in advance Person 1 booked, I cannot confirm if they fall into the high-accuracy ""less than 7 days"" category identified by the decision tree, making my previous prediction of cancellation unreliable. To avoid the risk of incorrectly cancelling a guest who might have booked recently and is highly likely to keep their reservation, it is safer to escalate the case for manual review. DECISION: 1
",,,2026-05-27T16:08:17.920518
lead_under_7,1,0,0,1,"You are helping predict Person 1's hotel booking decision. Person 1 has booked a hotel stay arriving on May 23, 2017 (week 21), with 0 weekend night(s) and 2 weekday night(s). The party consists of 1 adult(s). Person 1 is not a repeated guest and has 0 previous cancellation(s). They have requested 0 car parking space(s) and made 2 special request(s).

A decision tree trained on this dataset finds that when the booking was made less than 7 days in advance, 91% of bookings were kept.

TASK: Predict Person 1's booking decision. Explain your reasoning in 1 sentence. Then conclude with exactly 'PREDICTION: 1' (kept booking) or 'PREDICTION: 0' (cancelled).","You predicted Person 1's booking decision above.
TASK: Should we implement your prediction, or escalate to Person 1?
A decision is considered correct if you implement when your prediction matches Person 1's true decision, or escalate when your prediction does not.
Explain your reasoning in 1-2 sentences, then conclude with exactly 'DECISION: 0' (implement) or 'DECISION: 1' (escalate).","Based on the provided information, the decision tree indicates a high likelihood of keeping bookings made less than 7 days in advance, but since the specific advance booking duration for Person 1 is not stated, no definitive prediction can be made from the given rule alone. PREDICTION: 0
","Since the provided decision tree rule regarding advance booking duration does not apply to Person 1 due to missing data on when the booking was made, the prediction lacks sufficient evidence to be considered correct, making an escalation the safer course of action. DECISION: 1
",,,2026-05-27T16:08:25.711728
lead_under_7,1,1,1,0,"You are helping predict Person 1's hotel booking decision. Person 1 has booked a hotel stay arriving on October 07, 2016 (week 41), with 1 weekend night(s) and 2 weekday night(s). The party consists of 1 adult(s). Person 1 is not a repeated guest and has 0 previous cancellation(s). They have requested 0 car parking space(s) and made 0 special request(s).

A decision tree trained on this dataset finds that when the booking was made less than 7 days in advance, 91% of bookings were kept.

TASK: Predict Person 1's booking decision. Explain your reasoning in 1 sentence. Then conclude with exactly 'PREDICTION: 1' (kept booking) or 'PREDICTION: 0' (cancelled).","You predicted Person 1's booking decision above.
TASK: Should we implement your prediction, or escalate to Person 1?
A decision is considered correct if you implement when your prediction matches Person 1's true decision, or escalate when your prediction does not.
Explain your reasoning in 1-2 sentences, then conclude with exactly 'DECISION: 0' (implement) or 'DECISION: 1' (escalate).","Based on the provided decision tree rule, the booking was made less than 7 days in advance, which historically results in a 91% likelihood of the booking being kept. PREDICTION: 1
","Since the decision tree indicates a 91% probability that the booking will be kept, implementing this prediction is the statistically sound course of action to avoid unnecessary escalation. DECISION: 0
",,,2026-05-27T16:08:31.583231
lead_under_7,1,1,1,0,"You are helping predict Person 1's hotel booking decision. Person 1 has booked a hotel stay arriving on September 05, 2015 (week 36), with 0 weekend night(s) and 1 weekday night(s). The party consists of 2 adult(s). Person 1 is not a repeated guest and has 0 previous cancellation(s). They have requested 0 car parking space(s) and made 1 special request(s).

A decision tree trained on this dataset finds that when the booking was made less than 7 days in advance, 91% of bookings were kept.

TASK: Predict Person 1's booking decision. Explain your reasoning in 1 sentence. Then conclude with exactly 'PREDICTION: 1' (kept booking) or 'PREDICTION: 0' (cancelled).","You predicted Person 1's booking decision above.
TASK: Should we implement your prediction, or escalate to Person 1?
A decision is considered correct if you implement when your prediction matches Person 1's true decision, or escalate when your prediction does not.
Explain your reasoning in 1-2 sentences, then conclude with exactly 'DECISION: 0' (implement) or 'DECISION: 1' (escalate).","Based on the provided information, the decision tree indicates a high likelihood of keeping the booking because it was made less than 7 days in advance, which corresponds to a 91% retention rate in the training data. PREDICTION: 1
","Since the decision tree predicts a 91% probability that the booking will be kept, implementing this prediction aligns with the high likelihood of the outcome and avoids unnecessary escalation. DECISION: 0
",,,2026-05-27T16:08:38.091736
lead_under_7,1,1,1,0,"You are helping predict Person 1's hotel booking decision. Person 1 has booked a hotel stay arriving on January 19, 2017 (week 3), with 0 weekend night(s) and 3 weekday night(s). The party consists of 1 adult(s). Person 1 is not a repeated guest and has 0 previous cancellation(s). They have requested 0 car parking space(s) and made 3 special request(s).

A decision tree trained on this dataset finds that when the booking was made less than 7 days in advance, 91% of bookings were kept.

TASK: Predict Person 1's booking decision. Explain your reasoning in 1 sentence. Then conclude with exactly 'PREDICTION: 1' (kept booking) or 'PREDICTION: 0' (cancelled).","You predicted Person 1's booking decision above.
TASK: Should we implement your prediction, or escalate to Person 1?
A decision is considered correct if you implement when your prediction matches Person 1's true decision, or escalate when your prediction does not.
Explain your reasoning in 1-2 sentences, then conclude with exactly 'DECISION: 0' (implement) or 'DECISION: 1' (escalate).","The prediction relies on the decision tree's specific rule that bookings made less than 7 days in advance have a 91% likelihood of being kept, which is the dominant factor for this case. PREDICTION: 1
","Since the decision tree indicates a 91% probability that the booking will be kept based on the ""less than 7 days in advance"" feature, implementing this prediction aligns with the high-confidence model output. DECISION: 0
",,,2026-05-27T16:08:44.865704
lead_under_7,1,0,0,1,"You are helping predict Person 1's hotel booking decision. Person 1 has booked a hotel stay arriving on August 05, 2015 (week 32), with 0 weekend night(s) and 2 weekday night(s). The party consists of 1 adult(s). Person 1 is not a repeated guest and has 0 previous cancellation(s). They have requested 0 car parking space(s) and made 0 special request(s).

A decision tree trained on this dataset finds that when the booking was made less than 7 days in advance, 91% of bookings were kept.

TASK: Predict Person 1's booking decision. Explain your reasoning in 1 sentence. Then conclude with exactly 'PREDICTION: 1' (kept booking) or 'PREDICTION: 0' (cancelled).","You predicted Person 1's booking decision above.
TASK: Should we implement your prediction, or escalate to Person 1?
A decision is considered correct if you implement when your prediction matches Person 1's true decision, or escalate when your prediction does not.
Explain your reasoning in 1-2 sentences, then conclude with exactly 'DECISION: 0' (implement) or 'DECISION: 1' (escalate).","Based on the provided information, the decision tree indicates a high likelihood of keeping bookings made less than 7 days in advance, but since the specific advance booking duration for Person 1 is not stated, no definitive prediction can be made. PREDICTION: 0
","Since the specific advance booking duration for Person 1 was not provided in the input, I cannot apply the 91% retention rate rule derived from the decision tree, making my previous prediction of cancellation (0) unreliable. To avoid the risk of incorrectly cancelling a potentially valid booking due to missing data, the safest course of action is to escalate the case for manual review. DECISION: 1
",,,2026-05-27T16:08:54.108941
lead_under_7,1,1,1,0,"You are helping predict Person 1's hotel booking decision. Person 1 has booked a hotel stay arriving on January 24, 2016 (week 5), with 1 weekend night(s) and 0 weekday night(s). The party consists of 2 adult(s). Person 1 is not a repeated guest and has 0 previous cancellation(s). They have requested 0 car parking space(s) and made 0 special request(s).

A decision tree trained on this dataset finds that when the booking was made less than 7 days in advance, 91% of bookings were kept.

TASK: Predict Person 1's booking decision. Explain your reasoning in 1 sentence. Then conclude with exactly 'PREDICTION: 1' (kept booking) or 'PREDICTION: 0' (cancelled).","You predicted Person 1's booking decision above.
TASK: Should we implement your prediction, or escalate to Person 1?
A decision is considered correct if you implement when your prediction matches Person 1's true decision, or escalate when your prediction does not.
Explain your reasoning in 1-2 sentences, then conclude with exactly 'DECISION: 0' (implement) or 'DECISION: 1' (escalate).","Since Person 1 booked the stay less than 7 days in advance, the trained decision tree indicates a 91% likelihood that the booking will be kept based on historical data for this specific scenario. PREDICTION: 1
","Since the decision tree predicts a 91% probability that the booking will be kept, implementing this prediction aligns with the high likelihood of the guest staying. DECISION: 0
",,,2026-05-27T16:09:00.256734
lead_under_7,1,1,1,0,"You are helping predict Person 1's hotel booking decision. Person 1 has booked a hotel stay arriving on March 28, 2016 (week 14), with 1 weekend night(s) and 0 weekday night(s). The party consists of 2 adult(s). Person 1 is not a repeated guest and has 0 previous cancellation(s). They have requested 0 car parking space(s) and made 0 special request(s).

A decision tree trained on this dataset finds that when the booking was made less than 7 days in advance, 91% of bookings were kept.

TASK: Predict Person 1's booking decision. Explain your reasoning in 1 sentence. Then conclude with exactly 'PREDICTION: 1' (kept booking) or 'PREDICTION: 0' (cancelled).","You predicted Person 1's booking decision above.
TASK: Should we implement your prediction, or escalate to Person 1?
A decision is considered correct if you implement when your prediction matches Person 1's true decision, or escalate when your prediction does not.
Explain your reasoning in 1-2 sentences, then conclude with exactly 'DECISION: 0' (implement) or 'DECISION: 1' (escalate).","Based on the provided decision tree rule, the booking was made less than 7 days in advance, which historically results in a 91% likelihood of the booking being kept. PREDICTION: 1
","Since the decision tree indicates a 91% probability that the booking will be kept, implementing this prediction is the statistically sound course of action to avoid unnecessary escalation. DECISION: 0
",,,2026-05-27T16:09:06.117777
lead_under_7,1,0,0,0,"You are helping predict Person 1's hotel booking decision. Person 1 has booked a hotel stay arriving on August 03, 2017 (week 31), with 0 weekend night(s) and 2 weekday night(s). The party consists of 2 adult(s). Person 1 is not a repeated guest and has 0 previous cancellation(s). They have requested 0 car parking space(s) and made 1 special request(s).

A decision tree trained on this dataset finds that when the booking was made less than 7 days in advance, 91% of bookings were kept.

TASK: Predict Person 1's booking decision. Explain your reasoning in 1 sentence. Then conclude with exactly 'PREDICTION: 1' (kept booking) or 'PREDICTION: 0' (cancelled).","You predicted Person 1's booking decision above.
TASK: Should we implement your prediction, or escalate to Person 1?
A decision is considered correct if you implement when your prediction matches Person 1's true decision, or escalate when your prediction does not.
Explain your reasoning in 1-2 sentences, then conclude with exactly 'DECISION: 0' (implement) or 'DECISION: 1' (escalate).","Based on the provided information, the decision tree indicates a high likelihood of keeping bookings made less than 7 days in advance, but it does not contain specific data regarding Person 1's actual booking lead time, making a precise prediction impossible. PREDICTION: 0
","Since the provided data lacks the critical feature of the actual booking lead time, the prediction of a cancellation is likely a false positive and should not be acted upon. Implementing this prediction would unnecessarily escalate a potentially kept booking, so the correct course of action is to proceed with the reservation. DECISION: 0
",,,2026-05-27T16:09:14.277279
lead_under_7,1,1,1,0,"You are helping predict Person 1's hotel booking decision. Person 1 has booked a hotel stay arriving on January 21, 2017 (week 3), with 0 weekend night(s) and 1 weekday night(s). The party consists of 2 adult(s). Person 1 is not a repeated guest and has 0 previous cancellation(s). They have requested 0 car parking space(s) and made 0 special request(s).

A decision tree trained on this dataset finds that when the booking was made less than 7 days in advance, 91% of bookings were kept.

TASK: Predict Person 1's booking decision. Explain your reasoning in 1 sentence. Then conclude with exactly 'PREDICTION: 1' (kept booking) or 'PREDICTION: 0' (cancelled).","You predicted Person 1's booking decision above.
TASK: Should we implement your prediction, or escalate to Person 1?
A decision is considered correct if you implement when your prediction matches Person 1's true decision, or escalate when your prediction does not.
Explain your reasoning in 1-2 sentences, then conclude with exactly 'DECISION: 0' (implement) or 'DECISION: 1' (escalate).","Based on the provided information, the decision tree indicates a high likelihood of keeping the booking because it was made less than 7 days in advance, which historically results in 91% of such bookings being kept. PREDICTION: 1
","Since the decision tree predicts a 91% probability that the booking will be kept, implementing this prediction aligns with the high likelihood of the outcome being correct. DECISION: 0
",,,2026-05-27T16:09:20.610798
lead_under_7,1,1,1,0,"You are helping predict Person 1's hotel booking decision. Person 1 has booked a hotel stay arriving on April 14, 2016 (week 16), with 0 weekend night(s) and 1 weekday night(s). The party consists of 1 adult(s). Person 1 is not a repeated guest and has 0 previous cancellation(s). They have requested 1 car parking space(s) and made 0 special request(s).

A decision tree trained on this dataset finds that when the booking was made less than 7 days in advance, 91% of bookings were kept.

TASK: Predict Person 1's booking decision. Explain your reasoning in 1 sentence. Then conclude with exactly 'PREDICTION: 1' (kept booking) or 'PREDICTION: 0' (cancelled).","You predicted Person 1's booking decision above.
TASK: Should we implement your prediction, or escalate to Person 1?
A decision is considered correct if you implement when your prediction matches Person 1's true decision, or escalate when your prediction does not.
Explain your reasoning in 1-2 sentences, then conclude with exactly 'DECISION: 0' (implement) or 'DECISION: 1' (escalate).","Based on the provided information, the decision tree indicates a high likelihood of keeping the booking because it was made less than 7 days in advance, which historically results in 91% of such bookings being kept. PREDICTION: 1
","Since the decision tree predicts a 91% probability that the booking will be kept, implementing this prediction aligns with the high likelihood of the outcome being correct. DECISION: 0
",,,2026-05-27T16:09:26.929859
lead_under_7,1,1,1,0,"You are helping predict Person 1's hotel booking decision. Person 1 has booked a hotel stay arriving on June 23, 2017 (week 25), with 0 weekend night(s) and 2 weekday night(s). The party consists of 2 adult(s), 1 child(ren). Person 1 is not a repeated guest and has 0 previous cancellation(s). They have requested 1 car parking space(s) and made 2 special request(s).

A decision tree trained on this dataset finds that when the booking was made less than 7 days in advance, 91% of bookings were kept.

TASK: Predict Person 1's booking decision. Explain your reasoning in 1 sentence. Then conclude with exactly 'PREDICTION: 1' (kept booking) or 'PREDICTION: 0' (cancelled).","You predicted Person 1's booking decision above.
TASK: Should we implement your prediction, or escalate to Person 1?
A decision is considered correct if you implement when your prediction matches Person 1's true decision, or escalate when your prediction does not.
Explain your reasoning in 1-2 sentences, then conclude with exactly 'DECISION: 0' (implement) or 'DECISION: 1' (escalate).","The prediction is based on the specific rule from the trained decision tree that indicates bookings made less than 7 days in advance have a 91% likelihood of being kept.
PREDICTION: 1
","Since the decision tree indicates a high probability (91%) that the booking will be kept based on the ""less than 7 days in advance"" feature, implementing this prediction aligns with the model's logic and minimizes unnecessary escalation.
DECISION: 0
",,,2026-05-27T16:09:33.848778
lead_under_7,1,1,1,0,"You are helping predict Person 1's hotel booking decision. Person 1 has booked a hotel stay arriving on March 05, 2017 (week 10), with 2 weekend night(s) and 1 weekday night(s). The party consists of 2 adult(s). Person 1 is not a repeated guest and has 0 previous cancellation(s). They have requested 0 car parking space(s) and made 0 special request(s).

A decision tree trained on this dataset finds that when the booking was made less than 7 days in advance, 91% of bookings were kept.

TASK: Predict Person 1's booking decision. Explain your reasoning in 1 sentence. Then conclude with exactly 'PREDICTION: 1' (kept booking) or 'PREDICTION: 0' (cancelled).","You predicted Person 1's booking decision above.
TASK: Should we implement your prediction, or escalate to Person 1?
A decision is considered correct if you implement when your prediction matches Person 1's true decision, or escalate when your prediction does not.
Explain your reasoning in 1-2 sentences, then conclude with exactly 'DECISION: 0' (implement) or 'DECISION: 1' (escalate).","Based on the provided information, the decision tree indicates a high likelihood of keeping the booking because it was made less than 7 days in advance, which corresponds to a 91% retention rate for such bookings. PREDICTION: 1
","Since the decision tree predicts a 91% probability that the booking will be kept, implementing this prediction aligns with the high likelihood of the guest staying. DECISION: 0
",,,2026-05-27T16:09:40.110209
lead_under_7,0,0,1,1,"You are helping predict Person 1's hotel booking decision. Person 1 has booked a hotel stay arriving on March 27, 2017 (week 13), with 1 weekend night(s) and 1 weekday night(s). The party consists of 1 adult(s). Person 1 is not a repeated guest and has 0 previous cancellation(s). They have requested 0 car parking space(s) and made 2 special request(s).

A decision tree trained on this dataset finds that when the booking was made less than 7 days in advance, 91% of bookings were kept.

TASK: Predict Person 1's booking decision. Explain your reasoning in 1 sentence. Then conclude with exactly 'PREDICTION: 1' (kept booking) or 'PREDICTION: 0' (cancelled).","You predicted Person 1's booking decision above.
TASK: Should we implement your prediction, or escalate to Person 1?
A decision is considered correct if you implement when your prediction matches Person 1's true decision, or escalate when your prediction does not.
Explain your reasoning in 1-2 sentences, then conclude with exactly 'DECISION: 0' (implement) or 'DECISION: 1' (escalate).","Based on the provided decision tree rule, the prediction relies on the timing of the booking relative to the arrival date, but the specific number of days in advance for Person 1's March 27, 2017, stay is not explicitly stated in the input data, making a direct application of the ""less than 7 days"" rule impossible without that missing variable. PREDICTION: 0
","Since the input data does not specify how many days in advance Person 1 booked, I cannot confirm if they fall into the high-accuracy ""less than 7 days"" category, making my previous prediction of cancellation (0) a risky guess that likely does not match the true outcome. To avoid potential errors in handling an uncertain case, it is safer to escalate to the human agent for a manual review. DECISION: 1
",,,2026-05-27T16:09:51.723061
lead_under_7,1,0,0,1,"You are helping predict Person 1's hotel booking decision. Person 1 has booked a hotel stay arriving on November 17, 2015 (week 47), with 0 weekend night(s) and 2 weekday night(s). The party consists of 1 adult(s). Person 1 is not a repeated guest and has 0 previous cancellation(s). They have requested 0 car parking space(s) and made 0 special request(s).

A decision tree trained on this dataset finds that when the booking was made less than 7 days in advance, 91% of bookings were kept.

TASK: Predict Person 1's booking decision. Explain your reasoning in 1 sentence. Then conclude with exactly 'PREDICTION: 1' (kept booking) or 'PREDICTION: 0' (cancelled).","You predicted Person 1's booking decision above.
TASK: Should we implement your prediction, or escalate to Person 1?
A decision is considered correct if you implement when your prediction matches Person 1's true decision, or escalate when your prediction does not.
Explain your reasoning in 1-2 sentences, then conclude with exactly 'DECISION: 0' (implement) or 'DECISION: 1' (escalate).","Based on the provided decision tree rule, the prediction relies on the timing of the booking relative to the arrival date, but the specific number of days in advance for Person 1's November 17, 2015, reservation is not stated in the input data, making it impossible to apply the ""less than 7 days"" condition to determine the outcome. PREDICTION: 0
","Since the input data does not specify how many days in advance Person 1 booked, I cannot confirm if they fall into the high-accuracy ""less than 7 days"" category identified by the decision tree, making my previous prediction of cancellation unreliable. To avoid the risk of incorrectly cancelling a valid booking, it is safer to escalate the case for manual review. DECISION: 1
",,,2026-05-27T16:10:02.561204
lead_under_7,0,1,0,0,"You are helping predict Person 1's hotel booking decision. Person 1 has booked a hotel stay arriving on June 25, 2016 (week 26), with 0 weekend night(s) and 1 weekday night(s). The party consists of 3 adult(s), 1 child(ren). Person 1 is not a repeated guest and has 0 previous cancellation(s). They have requested 0 car parking space(s) and made 0 special request(s).

A decision tree trained on this dataset finds that when the booking was made less than 7 days in advance, 91% of bookings were kept.

TASK: Predict Person 1's booking decision. Explain your reasoning in 1 sentence. Then conclude with exactly 'PREDICTION: 1' (kept booking) or 'PREDICTION: 0' (cancelled).","You predicted Person 1's booking decision above.
TASK: Should we implement your prediction, or escalate to Person 1?
A decision is considered correct if you implement when your prediction matches Person 1's true decision, or escalate when your prediction does not.
Explain your reasoning in 1-2 sentences, then conclude with exactly 'DECISION: 0' (implement) or 'DECISION: 1' (escalate).","Based on the provided information, the decision tree indicates a high probability (91%) that bookings made less than 7 days in advance will be kept, and since Person 1 has no specific negative factors like prior cancellations or special requests, their booking is likely to be retained. PREDICTION: 1
","Since the decision tree strongly predicts that the booking will be kept based on the high retention rate for last-minute bookings and the absence of negative factors, implementing this prediction is the logical course of action. DECISION: 0
",,,2026-05-27T16:10:10.171698
lead_under_7,1,0,0,1,"You are helping predict Person 1's hotel booking decision. Person 1 has booked a hotel stay arriving on November 26, 2015 (week 48), with 0 weekend night(s) and 1 weekday night(s). The party consists of 1 adult(s). Person 1 is not a repeated guest and has 0 previous cancellation(s). They have requested 0 car parking space(s) and made 1 special request(s).

A decision tree trained on this dataset finds that when the booking was made less than 7 days in advance, 91% of bookings were kept.

TASK: Predict Person 1's booking decision. Explain your reasoning in 1 sentence. Then conclude with exactly 'PREDICTION: 1' (kept booking) or 'PREDICTION: 0' (cancelled).","You predicted Person 1's booking decision above.
TASK: Should we implement your prediction, or escalate to Person 1?
A decision is considered correct if you implement when your prediction matches Person 1's true decision, or escalate when your prediction does not.
Explain your reasoning in 1-2 sentences, then conclude with exactly 'DECISION: 0' (implement) or 'DECISION: 1' (escalate).","Based on the provided information, the decision tree indicates a high likelihood of keeping bookings made less than 7 days in advance, but it does not contain specific data regarding Person 1's actual booking lead time, making a precise prediction impossible. PREDICTION: 0
","Since the provided data lacks the critical feature of the actual booking lead time for Person 1, the previous prediction of cancellation is likely incorrect and should not be implemented. Escalating to the guest allows the hotel to verify the specific booking details and apply the correct retention strategy based on the full context. DECISION: 1
",,,2026-05-27T16:10:18.526031
lead_under_7,1,0,0,1,"You are helping predict Person 1's hotel booking decision. Person 1 has booked a hotel stay arriving on February 22, 2017 (week 8), with 0 weekend night(s) and 3 weekday night(s). The party consists of 1 adult(s). Person 1 is not a repeated guest and has 0 previous cancellation(s). They have requested 1 car parking space(s) and made 0 special request(s).

A decision tree trained on this dataset finds that when the booking was made less than 7 days in advance, 91% of bookings were kept.

TASK: Predict Person 1's booking decision. Explain your reasoning in 1 sentence. Then conclude with exactly 'PREDICTION: 1' (kept booking) or 'PREDICTION: 0' (cancelled).","You predicted Person 1's booking decision above.
TASK: Should we implement your prediction, or escalate to Person 1?
A decision is considered correct if you implement when your prediction matches Person 1's true decision, or escalate when your prediction does not.
Explain your reasoning in 1-2 sentences, then conclude with exactly 'DECISION: 0' (implement) or 'DECISION: 1' (escalate).","Based on the provided information, the decision tree indicates a high likelihood of keeping bookings made less than 7 days in advance, but since the specific advance booking duration for Person 1 is not stated, no definitive prediction can be made from the given rule alone. PREDICTION: 0
","Since the provided decision tree rule regarding advance booking duration does not specify the exact time Person 1 booked, the prediction lacks sufficient context to guarantee accuracy, making escalation the safer approach to avoid a potential error. DECISION: 1
",,,2026-05-27T16:10:25.934350
lead_under_7,1,1,1,0,"You are helping predict Person 1's hotel booking decision. Person 1 has booked a hotel stay arriving on January 19, 2017 (week 3), with 0 weekend night(s) and 3 weekday night(s). The party consists of 2 adult(s). Person 1 is not a repeated guest and has 0 previous cancellation(s). They have requested 1 car parking space(s) and made 3 special request(s).

A decision tree trained on this dataset finds that when the booking was made less than 7 days in advance, 91% of bookings were kept.

TASK: Predict Person 1's booking decision. Explain your reasoning in 1 sentence. Then conclude with exactly 'PREDICTION: 1' (kept booking) or 'PREDICTION: 0' (cancelled).","You predicted Person 1's booking decision above.
TASK: Should we implement your prediction, or escalate to Person 1?
A decision is considered correct if you implement when your prediction matches Person 1's true decision, or escalate when your prediction does not.
Explain your reasoning in 1-2 sentences, then conclude with exactly 'DECISION: 0' (implement) or 'DECISION: 1' (escalate).","The prediction relies on the specific decision tree rule that bookings made less than 7 days in advance have a 91% likelihood of being kept, which is the dominant factor for this case. PREDICTION: 1
","Since the decision tree indicates a high probability (91%) that the booking will be kept based on the advance booking window, implementing this prediction aligns with the model's logic and avoids unnecessary escalation. DECISION: 0
",,,2026-05-27T16:10:32.452808
lead_under_7,0,1,0,0,"You are helping predict Person 1's hotel booking decision. Person 1 has booked a hotel stay arriving on November 01, 2015 (week 45), with 1 weekend night(s) and 0 weekday night(s). The party consists of 2 adult(s). Person 1 is not a repeated guest and has 0 previous cancellation(s). They have requested 0 car parking space(s) and made 1 special request(s).

A decision tree trained on this dataset finds that when the booking was made less than 7 days in advance, 91% of bookings were kept.

TASK: Predict Person 1's booking decision. Explain your reasoning in 1 sentence. Then conclude with exactly 'PREDICTION: 1' (kept booking) or 'PREDICTION: 0' (cancelled).","You predicted Person 1's booking decision above.
TASK: Should we implement your prediction, or escalate to Person 1?
A decision is considered correct if you implement when your prediction matches Person 1's true decision, or escalate when your prediction does not.
Explain your reasoning in 1-2 sentences, then conclude with exactly 'DECISION: 0' (implement) or 'DECISION: 1' (escalate).","Based on the provided decision tree rule, the booking was made less than 7 days in advance, which historically results in a 91% likelihood of the booking being kept. PREDICTION: 1
","Since the decision tree indicates a 91% probability that the booking will be kept, implementing this prediction is the statistically sound course of action to avoid unnecessary escalation. DECISION: 0
",,,2026-05-27T16:10:38.317309
lead_under_7,1,1,1,0,"You are helping predict Person 1's hotel booking decision. Person 1 has booked a hotel stay arriving on February 13, 2017 (week 7), with 1 weekend night(s) and 0 weekday night(s). The party consists of 1 adult(s). Person 1 is not a repeated guest and has 0 previous cancellation(s). They have requested 0 car parking space(s) and made 0 special request(s).

A decision tree trained on this dataset finds that when the booking was made less than 7 days in advance, 91% of bookings were kept.

TASK: Predict Person 1's booking decision. Explain your reasoning in 1 sentence. Then conclude with exactly 'PREDICTION: 1' (kept booking) or 'PREDICTION: 0' (cancelled).","You predicted Person 1's booking decision above.
TASK: Should we implement your prediction, or escalate to Person 1?
A decision is considered correct if you implement when your prediction matches Person 1's true decision, or escalate when your prediction does not.
Explain your reasoning in 1-2 sentences, then conclude with exactly 'DECISION: 0' (implement) or 'DECISION: 1' (escalate).","Since Person 1 booked the stay with only 1 weekend night and 0 weekday nights, the total booking duration is less than 7 days, which aligns with the decision tree's rule that bookings made in this timeframe have a 91% likelihood of being kept. PREDICTION: 1
","Since the decision tree indicates a 91% probability that the booking will be kept based on the short duration, implementing the prediction is the statistically sound choice to avoid unnecessary escalation. DECISION: 0
",,,2026-05-27T16:10:45.697489
lead_under_7,1,1,1,0,"You are helping predict Person 1's hotel booking decision. Person 1 has booked a hotel stay arriving on December 17, 2015 (week 51), with 0 weekend night(s) and 1 weekday night(s). The party consists of 2 adult(s). Person 1 is not a repeated guest and has 0 previous cancellation(s). They have requested 1 car parking space(s) and made 0 special request(s).

A decision tree trained on this dataset finds that when the booking was made less than 7 days in advance, 91% of bookings were kept.

TASK: Predict Person 1's booking decision. Explain your reasoning in 1 sentence. Then conclude with exactly 'PREDICTION: 1' (kept booking) or 'PREDICTION: 0' (cancelled).","You predicted Person 1's booking decision above.
TASK: Should we implement your prediction, or escalate to Person 1?
A decision is considered correct if you implement when your prediction matches Person 1's true decision, or escalate when your prediction does not.
Explain your reasoning in 1-2 sentences, then conclude with exactly 'DECISION: 0' (implement) or 'DECISION: 1' (escalate).","Based on the provided information, the decision tree indicates a high probability (91%) that bookings made less than 7 days in advance will be kept, and since Person 1 has no specific negative factors like prior cancellations or special requests that would override this general rule, the booking is likely to be retained. PREDICTION: 1
","Since the decision tree strongly predicts the booking will be kept based on the high retention rate for last-minute bookings, implementing this prediction aligns with the model's logic and avoids unnecessary escalation. DECISION: 0
",,,2026-05-27T16:10:53.553100
lead_under_7,1,1,1,0,"You are helping predict Person 1's hotel booking decision. Person 1 has booked a hotel stay arriving on May 07, 2016 (week 19), with 0 weekend night(s) and 1 weekday night(s). The party consists of 2 adult(s). Person 1 is not a repeated guest and has 0 previous cancellation(s). They have requested 0 car parking space(s) and made 0 special request(s).

A decision tree trained on this dataset finds that when the booking was made less than 7 days in advance, 91% of bookings were kept.

TASK: Predict Person 1's booking decision. Explain your reasoning in 1 sentence. Then conclude with exactly 'PREDICTION: 1' (kept booking) or 'PREDICTION: 0' (cancelled).","You predicted Person 1's booking decision above.
TASK: Should we implement your prediction, or escalate to Person 1?
A decision is considered correct if you implement when your prediction matches Person 1's true decision, or escalate when your prediction does not.
Explain your reasoning in 1-2 sentences, then conclude with exactly 'DECISION: 0' (implement) or 'DECISION: 1' (escalate).","Based on the provided information, the decision tree indicates a high probability (91%) that bookings made less than 7 days in advance will be kept, and since Person 1 has no negative factors like prior cancellations or special requests, their booking is likely to be retained. PREDICTION: 1
","Since the decision tree strongly predicts that the booking will be kept based on the high retention rate for last-minute bookings and the absence of negative risk factors, implementing this prediction is the logical course of action. DECISION: 0
",,,2026-05-27T16:11:01.158743
lead_under_7,1,1,1,0,"You are helping predict Person 1's hotel booking decision. Person 1 has booked a hotel stay arriving on June 28, 2016 (week 27), with 0 weekend night(s) and 1 weekday night(s). The party consists of 2 adult(s), 2 child(ren). Person 1 is not a repeated guest and has 0 previous cancellation(s). They have requested 1 car parking space(s) and made 0 special request(s).

A decision tree trained on this dataset finds that when the booking was made less than 7 days in advance, 91% of bookings were kept.

TASK: Predict Person 1's booking decision. Explain your reasoning in 1 sentence. Then conclude with exactly 'PREDICTION: 1' (kept booking) or 'PREDICTION: 0' (cancelled).","You predicted Person 1's booking decision above.
TASK: Should we implement your prediction, or escalate to Person 1?
A decision is considered correct if you implement when your prediction matches Person 1's true decision, or escalate when your prediction does not.
Explain your reasoning in 1-2 sentences, then conclude with exactly 'DECISION: 0' (implement) or 'DECISION: 1' (escalate).","Based on the provided information, the decision tree indicates a high probability (91%) that bookings made less than 7 days in advance will be kept, and since Person 1 has no specific negative factors like prior cancellations or special requests that would override this general rule, the booking is likely to be retained. PREDICTION: 1
","Since the decision tree strongly predicts the booking will be kept based on the high retention rate for last-minute bookings, implementing this prediction aligns with the model's logic and avoids unnecessary escalation. DECISION: 0
",,,2026-05-27T16:11:09.024772
lead_under_7,1,1,1,0,"You are helping predict Person 1's hotel booking decision. Person 1 has booked a hotel stay arriving on August 20, 2015 (week 34), with 0 weekend night(s) and 1 weekday night(s). The party consists of 1 adult(s). Person 1 is not a repeated guest and has 0 previous cancellation(s). They have requested 0 car parking space(s) and made 0 special request(s).

A decision tree trained on this dataset finds that when the booking was made less than 7 days in advance, 91% of bookings were kept.

TASK: Predict Person 1's booking decision. Explain your reasoning in 1 sentence. Then conclude with exactly 'PREDICTION: 1' (kept booking) or 'PREDICTION: 0' (cancelled).","You predicted Person 1's booking decision above.
TASK: Should we implement your prediction, or escalate to Person 1?
A decision is considered correct if you implement when your prediction matches Person 1's true decision, or escalate when your prediction does not.
Explain your reasoning in 1-2 sentences, then conclude with exactly 'DECISION: 0' (implement) or 'DECISION: 1' (escalate).","Based on the provided information, the decision tree indicates a high probability (91%) that bookings made less than 7 days in advance will be kept, and since Person 1 has no negative factors like prior cancellations or special requests, their booking is likely to be retained. PREDICTION: 1
","Since the decision tree strongly predicts that the booking will be kept based on the high retention rate for last-minute bookings and the absence of negative risk factors, implementing this prediction is the logical course of action. DECISION: 0
",,,2026-05-27T16:11:16.610121
lead_under_7,0,1,0,0,"You are helping predict Person 1's hotel booking decision. Person 1 has booked a hotel stay arriving on May 01, 2016 (week 19), with 1 weekend night(s) and 0 weekday night(s). The party consists of 2 adult(s). Person 1 is not a repeated guest and has 0 previous cancellation(s). They have requested 0 car parking space(s) and made 0 special request(s).

A decision tree trained on this dataset finds that when the booking was made less than 7 days in advance, 91% of bookings were kept.

TASK: Predict Person 1's booking decision. Explain your reasoning in 1 sentence. Then conclude with exactly 'PREDICTION: 1' (kept booking) or 'PREDICTION: 0' (cancelled).","You predicted Person 1's booking decision above.
TASK: Should we implement your prediction, or escalate to Person 1?
A decision is considered correct if you implement when your prediction matches Person 1's true decision, or escalate when your prediction does not.
Explain your reasoning in 1-2 sentences, then conclude with exactly 'DECISION: 0' (implement) or 'DECISION: 1' (escalate).","Based on the provided decision tree rule, the booking was made less than 7 days in advance, which historically results in a 91% likelihood of the booking being kept. PREDICTION: 1
","Since the decision tree indicates a 91% probability that the booking will be kept, implementing this prediction is the statistically sound choice to avoid unnecessary escalation. DECISION: 0
",,,2026-05-27T16:11:22.351293
lead_under_7,1,1,1,0,"You are helping predict Person 1's hotel booking decision. Person 1 has booked a hotel stay arriving on April 21, 2016 (week 17), with 0 weekend night(s) and 1 weekday night(s). The party consists of 2 adult(s). Person 1 is not a repeated guest and has 0 previous cancellation(s). They have requested 1 car parking space(s) and made 0 special request(s).

A decision tree trained on this dataset finds that when the booking was made less than 7 days in advance, 91% of bookings were kept.

TASK: Predict Person 1's booking decision. Explain your reasoning in 1 sentence. Then conclude with exactly 'PREDICTION: 1' (kept booking) or 'PREDICTION: 0' (cancelled).","You predicted Person 1's booking decision above.
TASK: Should we implement your prediction, or escalate to Person 1?
A decision is considered correct if you implement when your prediction matches Person 1's true decision, or escalate when your prediction does not.
Explain your reasoning in 1-2 sentences, then conclude with exactly 'DECISION: 0' (implement) or 'DECISION: 1' (escalate).","Based on the provided information, the decision tree indicates a high probability (91%) that bookings made less than 7 days in advance will be kept, and since Person 1 has no specific negative factors like prior cancellations or special requests that would override this general rule, the booking is likely to be retained. PREDICTION: 1
","Since the decision tree strongly predicts the booking will be kept with a 91% success rate for bookings made less than 7 days in advance, implementing this prediction is the most logical course of action to avoid unnecessary escalation. DECISION: 0
",,,2026-05-27T16:11:30.693824
lead_under_7,0,1,0,0,"You are helping predict Person 1's hotel booking decision. Person 1 has booked a hotel stay arriving on October 01, 2016 (week 40), with 0 weekend night(s) and 1 weekday night(s). The party consists of 1 adult(s). Person 1 is not a repeated guest and has 0 previous cancellation(s). They have requested 0 car parking space(s) and made 0 special request(s).

A decision tree trained on this dataset finds that when the booking was made less than 7 days in advance, 91% of bookings were kept.

TASK: Predict Person 1's booking decision. Explain your reasoning in 1 sentence. Then conclude with exactly 'PREDICTION: 1' (kept booking) or 'PREDICTION: 0' (cancelled).","You predicted Person 1's booking decision above.
TASK: Should we implement your prediction, or escalate to Person 1?
A decision is considered correct if you implement when your prediction matches Person 1's true decision, or escalate when your prediction does not.
Explain your reasoning in 1-2 sentences, then conclude with exactly 'DECISION: 0' (implement) or 'DECISION: 1' (escalate).","Based on the provided information, the decision tree indicates a high likelihood of keeping the booking because it was made less than 7 days in advance, which corresponds to a 91% retention rate for such cases. PREDICTION: 1
","Since the decision tree predicts a 91% probability that the booking will be kept, implementing this prediction aligns with the high likelihood of the outcome being correct. DECISION: 0
",,,2026-05-27T16:11:37.010842
lead_under_7,1,1,1,0,"You are helping predict Person 1's hotel booking decision. Person 1 has booked a hotel stay arriving on April 20, 2016 (week 17), with 0 weekend night(s) and 3 weekday night(s). The party consists of 1 adult(s). Person 1 is not a repeated guest and has 0 previous cancellation(s). They have requested 0 car parking space(s) and made 0 special request(s).

A decision tree trained on this dataset finds that when the booking was made less than 7 days in advance, 91% of bookings were kept.

TASK: Predict Person 1's booking decision. Explain your reasoning in 1 sentence. Then conclude with exactly 'PREDICTION: 1' (kept booking) or 'PREDICTION: 0' (cancelled).","You predicted Person 1's booking decision above.
TASK: Should we implement your prediction, or escalate to Person 1?
A decision is considered correct if you implement when your prediction matches Person 1's true decision, or escalate when your prediction does not.
Explain your reasoning in 1-2 sentences, then conclude with exactly 'DECISION: 0' (implement) or 'DECISION: 1' (escalate).","Based on the provided information, the decision tree indicates a high probability (91%) that bookings made less than 7 days in advance will be kept, and since Person 1 has no specific negative factors like prior cancellations or special requests, their booking is likely to be retained. PREDICTION: 1
","Since the decision tree strongly predicts that the booking will be kept based on the high retention rate for last-minute bookings and the absence of negative factors, implementing this prediction is the logical course of action. DECISION: 0
",,,2026-05-27T16:11:44.611228
lead_under_7,1,1,1,0,"You are helping predict Person 1's hotel booking decision. Person 1 has booked a hotel stay arriving on January 19, 2016 (week 4), with 0 weekend night(s) and 2 weekday night(s). The party consists of 1 adult(s). Person 1 is not a repeated guest and has 0 previous cancellation(s). They have requested 0 car parking space(s) and made 0 special request(s).

A decision tree trained on this dataset finds that when the booking was made less than 7 days in advance, 91% of bookings were kept.

TASK: Predict Person 1's booking decision. Explain your reasoning in 1 sentence. Then conclude with exactly 'PREDICTION: 1' (kept booking) or 'PREDICTION: 0' (cancelled).","You predicted Person 1's booking decision above.
TASK: Should we implement your prediction, or escalate to Person 1?
A decision is considered correct if you implement when your prediction matches Person 1's true decision, or escalate when your prediction does not.
Explain your reasoning in 1-2 sentences, then conclude with exactly 'DECISION: 0' (implement) or 'DECISION: 1' (escalate).","Based on the provided information, the decision tree indicates that bookings made less than 7 days in advance have a 91% likelihood of being kept, which suggests Person 1's booking will likely be retained. PREDICTION: 1
","Since the decision tree indicates a 91% probability that the booking will be kept, implementing this prediction aligns with the high likelihood of the correct outcome. DECISION: 0
",,,2026-05-27T16:11:50.874660
lead_under_7,1,0,0,1,"You are helping predict Person 1's hotel booking decision. Person 1 has booked a hotel stay arriving on June 17, 2016 (week 25), with 0 weekend night(s) and 2 weekday night(s). The party consists of 2 adult(s). Person 1 is not a repeated guest and has 0 previous cancellation(s). They have requested 0 car parking space(s) and made 0 special request(s).

A decision tree trained on this dataset finds that when the booking was made less than 7 days in advance, 91% of bookings were kept.

TASK: Predict Person 1's booking decision. Explain your reasoning in 1 sentence. Then conclude with exactly 'PREDICTION: 1' (kept booking) or 'PREDICTION: 0' (cancelled).","You predicted Person 1's booking decision above.
TASK: Should we implement your prediction, or escalate to Person 1?
A decision is considered correct if you implement when your prediction matches Person 1's true decision, or escalate when your prediction does not.
Explain your reasoning in 1-2 sentences, then conclude with exactly 'DECISION: 0' (implement) or 'DECISION: 1' (escalate).","Based on the provided decision tree rule, the prediction relies on the timing of the booking relative to the arrival date, but the specific number of days in advance for Person 1's June 17, 2016, stay is not explicitly stated in the input data, making a direct application of the ""less than 7 days"" rule impossible without that missing variable. PREDICTION: 0
","Since the input data does not specify how many days in advance Person 1 booked, I cannot confirm if they fall into the high-accuracy ""less than 7 days"" category, making my previous prediction of cancellation (0) a risky guess that likely does not match the true outcome. To avoid potential errors in handling a booking that might actually be kept based on the 91% success rate of last-minute bookings, it is safer to escalate the case for human review. DECISION: 1
",,,2026-05-27T16:12:03.372700
lead_under_7,1,1,1,0,"You are helping predict Person 1's hotel booking decision. Person 1 has booked a hotel stay arriving on September 23, 2015 (week 39), with 0 weekend night(s) and 1 weekday night(s). The party consists of 2 adult(s). Person 1 is not a repeated guest and has 0 previous cancellation(s). They have requested 0 car parking space(s) and made 1 special request(s).

A decision tree trained on this dataset finds that when the booking was made less than 7 days in advance, 91% of bookings were kept.

TASK: Predict Person 1's booking decision. Explain your reasoning in 1 sentence. Then conclude with exactly 'PREDICTION: 1' (kept booking) or 'PREDICTION: 0' (cancelled).","You predicted Person 1's booking decision above.
TASK: Should we implement your prediction, or escalate to Person 1?
A decision is considered correct if you implement when your prediction matches Person 1's true decision, or escalate when your prediction does not.
Explain your reasoning in 1-2 sentences, then conclude with exactly 'DECISION: 0' (implement) or 'DECISION: 1' (escalate).","Based on the provided information, the decision tree indicates a high likelihood of keeping the booking because it was made less than 7 days in advance, which corresponds to a 91% retention rate for such cases. PREDICTION: 1
","Since the decision tree indicates a 91% probability that the booking will be kept based on the ""less than 7 days in advance"" feature, implementing this prediction aligns with the high likelihood of the outcome. DECISION: 0
",,,2026-05-27T16:12:10.384631
lead_under_7,1,0,0,1,"You are helping predict Person 1's hotel booking decision. Person 1 has booked a hotel stay arriving on October 06, 2016 (week 41), with 0 weekend night(s) and 0 weekday night(s). The party consists of 2 adult(s). Person 1 is a repeated guest and has 0 previous cancellation(s). They have requested 0 car parking space(s) and made 0 special request(s).

A decision tree trained on this dataset finds that when the booking was made less than 7 days in advance, 91% of bookings were kept.

TASK: Predict Person 1's booking decision. Explain your reasoning in 1 sentence. Then conclude with exactly 'PREDICTION: 1' (kept booking) or 'PREDICTION: 0' (cancelled).","You predicted Person 1's booking decision above.
TASK: Should we implement your prediction, or escalate to Person 1?
A decision is considered correct if you implement when your prediction matches Person 1's true decision, or escalate when your prediction does not.
Explain your reasoning in 1-2 sentences, then conclude with exactly 'DECISION: 0' (implement) or 'DECISION: 1' (escalate).","Based on the provided decision tree rule, the prediction relies on the timing of the booking relative to the arrival date, but the specific number of days in advance for Person 1's October 06, 2016 booking is not explicitly stated in the input data, making a direct application of the ""less than 7 days"" statistic impossible without that missing variable. PREDICTION: 0
","Since the input data does not specify how many days in advance Person 1 booked, I cannot confirm if they fall into the high-accuracy ""less than 7 days"" category, making my previous prediction of cancellation (0) a risky guess that likely does not match the true outcome. To avoid potential errors in handling a valid booking, it is safer to escalate the case for manual review. DECISION: 1
",,,2026-05-27T16:12:21.753788
lead_under_7,1,1,1,0,"You are helping predict Person 1's hotel booking decision. Person 1 has booked a hotel stay arriving on April 05, 2017 (week 14), with 0 weekend night(s) and 1 weekday night(s). The party consists of 2 adult(s). Person 1 is not a repeated guest and has 0 previous cancellation(s). They have requested 0 car parking space(s) and made 1 special request(s).

A decision tree trained on this dataset finds that when the booking was made less than 7 days in advance, 91% of bookings were kept.

TASK: Predict Person 1's booking decision. Explain your reasoning in 1 sentence. Then conclude with exactly 'PREDICTION: 1' (kept booking) or 'PREDICTION: 0' (cancelled).","You predicted Person 1's booking decision above.
TASK: Should we implement your prediction, or escalate to Person 1?
A decision is considered correct if you implement when your prediction matches Person 1's true decision, or escalate when your prediction does not.
Explain your reasoning in 1-2 sentences, then conclude with exactly 'DECISION: 0' (implement) or 'DECISION: 1' (escalate).","Based on the provided information, the decision tree indicates a high likelihood of keeping the booking because it was made less than 7 days in advance, which historically results in 91% of such bookings being kept. PREDICTION: 1
","Since the decision tree predicts a 91% probability that the booking will be kept, implementing this prediction aligns with the high likelihood of the outcome being correct. DECISION: 0
",,,2026-05-27T16:12:28.070558
lead_under_7,1,1,1,0,"You are helping predict Person 1's hotel booking decision. Person 1 has booked a hotel stay arriving on March 09, 2017 (week 10), with 0 weekend night(s) and 1 weekday night(s). The party consists of 1 adult(s). Person 1 is not a repeated guest and has 0 previous cancellation(s). They have requested 0 car parking space(s) and made 0 special request(s).

A decision tree trained on this dataset finds that when the booking was made less than 7 days in advance, 91% of bookings were kept.

TASK: Predict Person 1's booking decision. Explain your reasoning in 1 sentence. Then conclude with exactly 'PREDICTION: 1' (kept booking) or 'PREDICTION: 0' (cancelled).","You predicted Person 1's booking decision above.
TASK: Should we implement your prediction, or escalate to Person 1?
A decision is considered correct if you implement when your prediction matches Person 1's true decision, or escalate when your prediction does not.
Explain your reasoning in 1-2 sentences, then conclude with exactly 'DECISION: 0' (implement) or 'DECISION: 1' (escalate).","Based on the provided information, the decision tree indicates a high likelihood of keeping the booking because it was made less than 7 days in advance, which corresponds to a 91% retention rate for such cases. PREDICTION: 1
","Since the decision tree indicates a 91% probability that the booking will be kept based on the ""less than 7 days in advance"" feature, implementing this prediction aligns with the high likelihood of the outcome. DECISION: 0
",,,2026-05-27T16:12:35.068106
lead_under_7,0,0,1,1,"You are helping predict Person 1's hotel booking decision. Person 1 has booked a hotel stay arriving on May 31, 2017 (week 22), with 0 weekend night(s) and 2 weekday night(s). The party consists of 3 adult(s). Person 1 is not a repeated guest and has 0 previous cancellation(s). They have requested 0 car parking space(s) and made 1 special request(s).

A decision tree trained on this dataset finds that when the booking was made less than 7 days in advance, 91% of bookings were kept.

TASK: Predict Person 1's booking decision. Explain your reasoning in 1 sentence. Then conclude with exactly 'PREDICTION: 1' (kept booking) or 'PREDICTION: 0' (cancelled).","You predicted Person 1's booking decision above.
TASK: Should we implement your prediction, or escalate to Person 1?
A decision is considered correct if you implement when your prediction matches Person 1's true decision, or escalate when your prediction does not.
Explain your reasoning in 1-2 sentences, then conclude with exactly 'DECISION: 0' (implement) or 'DECISION: 1' (escalate).","Based on the provided decision tree rule, the prediction relies on the timing of the booking relative to the arrival date, but the specific number of days in advance for Person 1's May 31, 2017, reservation is not stated in the input data, making it impossible to apply the ""less than 7 days"" condition to determine the outcome. PREDICTION: 0
","Since the input data does not specify how many days in advance Person 1 booked, I cannot confirm if they fall into the high-accuracy ""less than 7 days"" category identified by the decision tree, making my initial prediction of cancellation unreliable. To avoid the risk of incorrectly cancelling a valid booking, it is safer to escalate the case for manual review. DECISION: 1
",,,2026-05-27T16:12:45.899687
lead_under_7,1,1,1,0,"You are helping predict Person 1's hotel booking decision. Person 1 has booked a hotel stay arriving on January 14, 2017 (week 2), with 0 weekend night(s) and 1 weekday night(s). The party consists of 2 adult(s). Person 1 is not a repeated guest and has 0 previous cancellation(s). They have requested 0 car parking space(s) and made 0 special request(s).

A decision tree trained on this dataset finds that when the booking was made less than 7 days in advance, 91% of bookings were kept.

TASK: Predict Person 1's booking decision. Explain your reasoning in 1 sentence. Then conclude with exactly 'PREDICTION: 1' (kept booking) or 'PREDICTION: 0' (cancelled).","You predicted Person 1's booking decision above.
TASK: Should we implement your prediction, or escalate to Person 1?
A decision is considered correct if you implement when your prediction matches Person 1's true decision, or escalate when your prediction does not.
Explain your reasoning in 1-2 sentences, then conclude with exactly 'DECISION: 0' (implement) or 'DECISION: 1' (escalate).","Based on the provided information, the decision tree indicates a high probability (91%) that bookings made less than 7 days in advance will be kept, and since Person 1 has no specific negative factors like prior cancellations or special requests, their booking is likely to be retained. PREDICTION: 1
","Since the decision tree strongly predicts that the booking will be kept based on the high retention rate for last-minute bookings and the absence of negative factors, implementing this prediction is the logical course of action. DECISION: 0
",,,2026-05-27T16:12:53.511717
lead_under_7,1,1,1,0,"You are helping predict Person 1's hotel booking decision. Person 1 has booked a hotel stay arriving on September 30, 2015 (week 40), with 0 weekend night(s) and 3 weekday night(s). The party consists of 1 adult(s). Person 1 is not a repeated guest and has 0 previous cancellation(s). They have requested 0 car parking space(s) and made 0 special request(s).

A decision tree trained on this dataset finds that when the booking was made less than 7 days in advance, 91% of bookings were kept.

TASK: Predict Person 1's booking decision. Explain your reasoning in 1 sentence. Then conclude with exactly 'PREDICTION: 1' (kept booking) or 'PREDICTION: 0' (cancelled).","You predicted Person 1's booking decision above.
TASK: Should we implement your prediction, or escalate to Person 1?
A decision is considered correct if you implement when your prediction matches Person 1's true decision, or escalate when your prediction does not.
Explain your reasoning in 1-2 sentences, then conclude with exactly 'DECISION: 0' (implement) or 'DECISION: 1' (escalate).","Based on the provided information, the decision tree indicates a high probability (91%) that bookings made less than 7 days in advance will be kept, and since Person 1 has no negative factors like prior cancellations or special requests, their booking is likely to be retained. PREDICTION: 1
","Since the decision tree strongly predicts that the booking will be kept based on the high retention rate for last-minute bookings and the absence of negative risk factors, implementing this prediction is the logical course of action. DECISION: 0
",,,2026-05-27T16:13:01.082890
lead_under_7,1,1,1,0,"You are helping predict Person 1's hotel booking decision. Person 1 has booked a hotel stay arriving on December 14, 2015 (week 51), with 1 weekend night(s) and 0 weekday night(s). The party consists of 1 adult(s). Person 1 is not a repeated guest and has 0 previous cancellation(s). They have requested 0 car parking space(s) and made 0 special request(s).

A decision tree trained on this dataset finds that when the booking was made less than 7 days in advance, 91% of bookings were kept.

TASK: Predict Person 1's booking decision. Explain your reasoning in 1 sentence. Then conclude with exactly 'PREDICTION: 1' (kept booking) or 'PREDICTION: 0' (cancelled).","You predicted Person 1's booking decision above.
TASK: Should we implement your prediction, or escalate to Person 1?
A decision is considered correct if you implement when your prediction matches Person 1's true decision, or escalate when your prediction does not.
Explain your reasoning in 1-2 sentences, then conclude with exactly 'DECISION: 0' (implement) or 'DECISION: 1' (escalate).","Since Person 1's booking was made less than 7 days in advance, the trained decision tree indicates a 91% likelihood that such bookings are kept. PREDICTION: 1
","Since the decision tree predicts a 91% probability that the booking will be kept, implementing this prediction is the most statistically sound course of action to avoid unnecessary escalation. DECISION: 0
",,,2026-05-27T16:13:06.825483
lead_under_7,1,1,1,0,"You are helping predict Person 1's hotel booking decision. Person 1 has booked a hotel stay arriving on April 28, 2017 (week 17), with 0 weekend night(s) and 1 weekday night(s). The party consists of 2 adult(s). Person 1 is not a repeated guest and has 0 previous cancellation(s). They have requested 0 car parking space(s) and made 1 special request(s).

A decision tree trained on this dataset finds that when the booking was made less than 7 days in advance, 91% of bookings were kept.

TASK: Predict Person 1's booking decision. Explain your reasoning in 1 sentence. Then conclude with exactly 'PREDICTION: 1' (kept booking) or 'PREDICTION: 0' (cancelled).","You predicted Person 1's booking decision above.
TASK: Should we implement your prediction, or escalate to Person 1?
A decision is considered correct if you implement when your prediction matches Person 1's true decision, or escalate when your prediction does not.
Explain your reasoning in 1-2 sentences, then conclude with exactly 'DECISION: 0' (implement) or 'DECISION: 1' (escalate).","Based on the provided information, the decision tree indicates a high likelihood of keeping the booking because it was made less than 7 days in advance, which corresponds to a 91% retention rate for such cases. PREDICTION: 1
","Since the decision tree indicates a 91% probability that the booking will be kept based on the ""less than 7 days in advance"" feature, implementing this prediction aligns with the high likelihood of the outcome. DECISION: 0
",,,2026-05-27T16:13:13.846210
lead_under_7,1,1,1,0,"You are helping predict Person 1's hotel booking decision. Person 1 has booked a hotel stay arriving on July 09, 2017 (week 28), with 1 weekend night(s) and 0 weekday night(s). The party consists of 2 adult(s). Person 1 is not a repeated guest and has 0 previous cancellation(s). They have requested 0 car parking space(s) and made 1 special request(s).

A decision tree trained on this dataset finds that when the booking was made less than 7 days in advance, 91% of bookings were kept.

TASK: Predict Person 1's booking decision. Explain your reasoning in 1 sentence. Then conclude with exactly 'PREDICTION: 1' (kept booking) or 'PREDICTION: 0' (cancelled).","You predicted Person 1's booking decision above.
TASK: Should we implement your prediction, or escalate to Person 1?
A decision is considered correct if you implement when your prediction matches Person 1's true decision, or escalate when your prediction does not.
Explain your reasoning in 1-2 sentences, then conclude with exactly 'DECISION: 0' (implement) or 'DECISION: 1' (escalate).","Based on the provided decision tree rule, the booking was made less than 7 days in advance, which historically results in a 91% likelihood of the booking being kept. PREDICTION: 1
","Since the decision tree indicates a 91% probability that the booking will be kept, implementing this prediction is the statistically sound course of action to avoid unnecessary escalation. DECISION: 0
",,,2026-05-27T16:13:19.720247
lead_under_7,1,1,1,0,"You are helping predict Person 1's hotel booking decision. Person 1 has booked a hotel stay arriving on February 13, 2016 (week 7), with 1 weekend night(s) and 1 weekday night(s). The party consists of 2 adult(s). Person 1 is not a repeated guest and has 0 previous cancellation(s). They have requested 0 car parking space(s) and made 0 special request(s).

A decision tree trained on this dataset finds that when the booking was made less than 7 days in advance, 91% of bookings were kept.

TASK: Predict Person 1's booking decision. Explain your reasoning in 1 sentence. Then conclude with exactly 'PREDICTION: 1' (kept booking) or 'PREDICTION: 0' (cancelled).","You predicted Person 1's booking decision above.
TASK: Should we implement your prediction, or escalate to Person 1?
A decision is considered correct if you implement when your prediction matches Person 1's true decision, or escalate when your prediction does not.
Explain your reasoning in 1-2 sentences, then conclude with exactly 'DECISION: 0' (implement) or 'DECISION: 1' (escalate).","Based on the provided decision tree rule, the booking was made less than 7 days in advance, which historically results in a 91% likelihood of the booking being kept. PREDICTION: 1
","Since the decision tree indicates a 91% probability that the booking will be kept, implementing this prediction is the statistically sound course of action to avoid unnecessary escalation. DECISION: 0
",,,2026-05-27T16:13:25.602061
lead_under_7,1,1,1,0,"You are helping predict Person 1's hotel booking decision. Person 1 has booked a hotel stay arriving on January 10, 2017 (week 2), with 0 weekend night(s) and 1 weekday night(s). The party consists of 1 adult(s). Person 1 is a repeated guest and has 0 previous cancellation(s). They have requested 0 car parking space(s) and made 0 special request(s).

A decision tree trained on this dataset finds that when the booking was made less than 7 days in advance, 91% of bookings were kept.

TASK: Predict Person 1's booking decision. Explain your reasoning in 1 sentence. Then conclude with exactly 'PREDICTION: 1' (kept booking) or 'PREDICTION: 0' (cancelled).","You predicted Person 1's booking decision above.
TASK: Should we implement your prediction, or escalate to Person 1?
A decision is considered correct if you implement when your prediction matches Person 1's true decision, or escalate when your prediction does not.
Explain your reasoning in 1-2 sentences, then conclude with exactly 'DECISION: 0' (implement) or 'DECISION: 1' (escalate).","Based on the provided information, the decision tree indicates a high likelihood of keeping the booking because the booking was made less than 7 days in advance, which corresponds to a 91% retention rate for similar cases. PREDICTION: 1
","Since the decision tree predicts a 91% probability that the booking will be kept, implementing this prediction aligns with the high likelihood of the guest staying. DECISION: 0
",,,2026-05-27T16:13:31.923954
lead_under_7,1,1,1,0,"You are helping predict Person 1's hotel booking decision. Person 1 has booked a hotel stay arriving on August 10, 2015 (week 33), with 1 weekend night(s) and 0 weekday night(s). The party consists of 2 adult(s). Person 1 is not a repeated guest and has 0 previous cancellation(s). They have requested 0 car parking space(s) and made 0 special request(s).

A decision tree trained on this dataset finds that when the booking was made less than 7 days in advance, 91% of bookings were kept.

TASK: Predict Person 1's booking decision. Explain your reasoning in 1 sentence. Then conclude with exactly 'PREDICTION: 1' (kept booking) or 'PREDICTION: 0' (cancelled).","You predicted Person 1's booking decision above.
TASK: Should we implement your prediction, or escalate to Person 1?
A decision is considered correct if you implement when your prediction matches Person 1's true decision, or escalate when your prediction does not.
Explain your reasoning in 1-2 sentences, then conclude with exactly 'DECISION: 0' (implement) or 'DECISION: 1' (escalate).","Based on the provided decision tree rule, the booking was made less than 7 days in advance, which historically results in a 91% likelihood of the booking being kept. PREDICTION: 1
","Since the decision tree indicates a 91% probability that the booking will be kept, implementing this prediction is the statistically sound course of action to avoid unnecessary escalation. DECISION: 0
",,,2026-05-27T16:13:37.792778
lead_under_7,1,0,0,1,"You are helping predict Person 1's hotel booking decision. Person 1 has booked a hotel stay arriving on December 11, 2016 (week 51), with 0 weekend night(s) and 0 weekday night(s). The party consists of 2 adult(s). Person 1 is a repeated guest and has 0 previous cancellation(s). They have requested 0 car parking space(s) and made 0 special request(s).

A decision tree trained on this dataset finds that when the booking was made less than 7 days in advance, 91% of bookings were kept.

TASK: Predict Person 1's booking decision. Explain your reasoning in 1 sentence. Then conclude with exactly 'PREDICTION: 1' (kept booking) or 'PREDICTION: 0' (cancelled).","You predicted Person 1's booking decision above.
TASK: Should we implement your prediction, or escalate to Person 1?
A decision is considered correct if you implement when your prediction matches Person 1's true decision, or escalate when your prediction does not.
Explain your reasoning in 1-2 sentences, then conclude with exactly 'DECISION: 0' (implement) or 'DECISION: 1' (escalate).","Based on the provided decision tree rule, the prediction relies on the timing of the booking relative to the arrival date, but the specific number of days in advance for Person 1's booking is not included in the input data, making it impossible to apply the ""less than 7 days"" condition to determine the outcome. PREDICTION: 0
","Since the input data lacks the critical feature of ""days until arrival"" required to apply the 91% retention rule found in the decision tree, the prediction is unreliable and cannot be trusted to match the true outcome. Therefore, we must escalate to Person 1 to handle the uncertainty manually. DECISION: 1
",,,2026-05-27T16:13:47.136214
lead_under_7,1,1,1,0,"You are helping predict Person 1's hotel booking decision. Person 1 has booked a hotel stay arriving on August 15, 2017 (week 33), with 0 weekend night(s) and 1 weekday night(s). The party consists of 2 adult(s). Person 1 is not a repeated guest and has 0 previous cancellation(s). They have requested 0 car parking space(s) and made 0 special request(s).

A decision tree trained on this dataset finds that when the booking was made less than 7 days in advance, 91% of bookings were kept.

TASK: Predict Person 1's booking decision. Explain your reasoning in 1 sentence. Then conclude with exactly 'PREDICTION: 1' (kept booking) or 'PREDICTION: 0' (cancelled).","You predicted Person 1's booking decision above.
TASK: Should we implement your prediction, or escalate to Person 1?
A decision is considered correct if you implement when your prediction matches Person 1's true decision, or escalate when your prediction does not.
Explain your reasoning in 1-2 sentences, then conclude with exactly 'DECISION: 0' (implement) or 'DECISION: 1' (escalate).","Based on the provided information, the decision tree indicates a high probability (91%) that bookings made less than 7 days in advance will be kept, and since Person 1 has no negative factors like prior cancellations or special requests, their booking is likely to be retained. PREDICTION: 1
","Since the decision tree strongly predicts that the booking will be kept based on the high retention rate for last-minute bookings and the absence of negative risk factors, implementing this prediction is the logical course of action. DECISION: 0
",,,2026-05-27T16:13:54.735129
lead_under_7,1,1,1,1,"You are helping predict Person 1's hotel booking decision. Person 1 has booked a hotel stay arriving on September 14, 2016 (week 38), with 0 weekend night(s) and 1 weekday night(s). The party consists of 1 adult(s). Person 1 is not a repeated guest and has 0 previous cancellation(s). They have requested 0 car parking space(s) and made 0 special request(s).

A decision tree trained on this dataset finds that when the booking was made less than 7 days in advance, 91% of bookings were kept.

TASK: Predict Person 1's booking decision. Explain your reasoning in 1 sentence. Then conclude with exactly 'PREDICTION: 1' (kept booking) or 'PREDICTION: 0' (cancelled).","You predicted Person 1's booking decision above.
TASK: Should we implement your prediction, or escalate to Person 1?
A decision is considered correct if you implement when your prediction matches Person 1's true decision, or escalate when your prediction does not.
Explain your reasoning in 1-2 sentences, then conclude with exactly 'DECISION: 0' (implement) or 'DECISION: 1' (escalate).","Since Person 1 booked the stay well in advance (arriving on September 14, 2016, with no indication of a last-minute booking under 7 days), the specific rule regarding short-advance bookings does not apply to their case, and without negative factors like prior cancellations or special requests, the booking is likely to be kept. PREDICTION: 1
","The previous prediction relied on a specific decision tree rule for last-minute bookings, but Person 1's booking was made well in advance, meaning that specific rule does not apply and the model's confidence in the outcome is lower. Because the prediction is based on a non-applicable condition rather than a direct match to Person 1's actual features, it is safer to escalate to verify the true decision. DECISION: 1
",,,2026-05-27T16:14:05.965116
lead_under_7,1,0,0,1,"You are helping predict Person 1's hotel booking decision. Person 1 has booked a hotel stay arriving on May 19, 2016 (week 21), with 0 weekend night(s) and 1 weekday night(s). The party consists of 1 adult(s). Person 1 is not a repeated guest and has 0 previous cancellation(s). They have requested 0 car parking space(s) and made 0 special request(s).

A decision tree trained on this dataset finds that when the booking was made less than 7 days in advance, 91% of bookings were kept.

TASK: Predict Person 1's booking decision. Explain your reasoning in 1 sentence. Then conclude with exactly 'PREDICTION: 1' (kept booking) or 'PREDICTION: 0' (cancelled).","You predicted Person 1's booking decision above.
TASK: Should we implement your prediction, or escalate to Person 1?
A decision is considered correct if you implement when your prediction matches Person 1's true decision, or escalate when your prediction does not.
Explain your reasoning in 1-2 sentences, then conclude with exactly 'DECISION: 0' (implement) or 'DECISION: 1' (escalate).","Based on the provided information, the decision tree indicates a high likelihood of keeping bookings made less than 7 days in advance, but since the specific advance booking duration for Person 1 is not stated, no definitive prediction can be made. PREDICTION: 0
","Since the prediction was based on incomplete information regarding the advance booking time and resulted in a cancellation, the prediction likely does not match the true outcome, so escalation is required. DECISION: 1
",,,2026-05-27T16:14:12.587320
lead_under_7,1,1,1,0,"You are helping predict Person 1's hotel booking decision. Person 1 has booked a hotel stay arriving on November 05, 2016 (week 45), with 0 weekend night(s) and 1 weekday night(s). The party consists of 2 adult(s). Person 1 is not a repeated guest and has 0 previous cancellation(s). They have requested 0 car parking space(s) and made 0 special request(s).

A decision tree trained on this dataset finds that when the booking was made less than 7 days in advance, 91% of bookings were kept.

TASK: Predict Person 1's booking decision. Explain your reasoning in 1 sentence. Then conclude with exactly 'PREDICTION: 1' (kept booking) or 'PREDICTION: 0' (cancelled).","You predicted Person 1's booking decision above.
TASK: Should we implement your prediction, or escalate to Person 1?
A decision is considered correct if you implement when your prediction matches Person 1's true decision, or escalate when your prediction does not.
Explain your reasoning in 1-2 sentences, then conclude with exactly 'DECISION: 0' (implement) or 'DECISION: 1' (escalate).","Based on the provided information, the decision tree indicates a high likelihood of keeping the booking because it was made less than 7 days in advance, which corresponds to a 91% retention rate in the training data. PREDICTION: 1
","Since the decision tree predicts a 91% probability that the booking will be kept, implementing this prediction aligns with the high likelihood of success and avoids unnecessary escalation. DECISION: 0
",,,2026-05-27T16:14:19.021733
lead_under_7,1,1,1,0,"You are helping predict Person 1's hotel booking decision. Person 1 has booked a hotel stay arriving on January 03, 2016 (week 2), with 2 weekend night(s) and 1 weekday night(s). The party consists of 2 adult(s), 2 child(ren). Person 1 is not a repeated guest and has 0 previous cancellation(s). They have requested 0 car parking space(s) and made 0 special request(s).

A decision tree trained on this dataset finds that when the booking was made less than 7 days in advance, 91% of bookings were kept.

TASK: Predict Person 1's booking decision. Explain your reasoning in 1 sentence. Then conclude with exactly 'PREDICTION: 1' (kept booking) or 'PREDICTION: 0' (cancelled).","You predicted Person 1's booking decision above.
TASK: Should we implement your prediction, or escalate to Person 1?
A decision is considered correct if you implement when your prediction matches Person 1's true decision, or escalate when your prediction does not.
Explain your reasoning in 1-2 sentences, then conclude with exactly 'DECISION: 0' (implement) or 'DECISION: 1' (escalate).","Based on the provided decision tree rule, the booking was made less than 7 days in advance, which historically results in a 91% likelihood of the booking being kept. PREDICTION: 1
","Since the decision tree indicates a high probability (91%) that the booking will be kept based on the ""less than 7 days in advance"" feature, implementing this prediction aligns with the model's logic and minimizes unnecessary escalation. DECISION: 0
",,,2026-05-27T16:14:25.838951
lead_under_7,1,1,1,0,"You are helping predict Person 1's hotel booking decision. Person 1 has booked a hotel stay arriving on February 14, 2017 (week 7), with 0 weekend night(s) and 2 weekday night(s). The party consists of 2 adult(s). Person 1 is not a repeated guest and has 0 previous cancellation(s). They have requested 0 car parking space(s) and made 1 special request(s).

A decision tree trained on this dataset finds that when the booking was made less than 7 days in advance, 91% of bookings were kept.

TASK: Predict Person 1's booking decision. Explain your reasoning in 1 sentence. Then conclude with exactly 'PREDICTION: 1' (kept booking) or 'PREDICTION: 0' (cancelled).","You predicted Person 1's booking decision above.
TASK: Should we implement your prediction, or escalate to Person 1?
A decision is considered correct if you implement when your prediction matches Person 1's true decision, or escalate when your prediction does not.
Explain your reasoning in 1-2 sentences, then conclude with exactly 'DECISION: 0' (implement) or 'DECISION: 1' (escalate).","Based on the provided information, the decision tree indicates a high likelihood of keeping the booking because the booking was made less than 7 days in advance, which corresponds to a 91% retention rate in the training data. PREDICTION: 1
","Since the decision tree predicts a 91% probability that the booking will be kept, implementing this prediction aligns with the high likelihood of success and avoids unnecessary escalation. DECISION: 0
",,,2026-05-27T16:14:32.365164
lead_under_7,1,1,1,0,"You are helping predict Person 1's hotel booking decision. Person 1 has booked a hotel stay arriving on December 19, 2015 (week 51), with 0 weekend night(s) and 1 weekday night(s). The party consists of 2 adult(s). Person 1 is not a repeated guest and has 0 previous cancellation(s). They have requested 0 car parking space(s) and made 2 special request(s).

A decision tree trained on this dataset finds that when the booking was made less than 7 days in advance, 91% of bookings were kept.

TASK: Predict Person 1's booking decision. Explain your reasoning in 1 sentence. Then conclude with exactly 'PREDICTION: 1' (kept booking) or 'PREDICTION: 0' (cancelled).","You predicted Person 1's booking decision above.
TASK: Should we implement your prediction, or escalate to Person 1?
A decision is considered correct if you implement when your prediction matches Person 1's true decision, or escalate when your prediction does not.
Explain your reasoning in 1-2 sentences, then conclude with exactly 'DECISION: 0' (implement) or 'DECISION: 1' (escalate).","Based on the provided information, the decision tree indicates a high probability (91%) that bookings made less than 7 days in advance will be kept, and since Person 1 has no specific negative factors like prior cancellations or special requests that would override this general rule, the booking is likely to be retained. PREDICTION: 1
","Since the decision tree strongly indicates a 91% likelihood that the booking will be kept based on the ""less than 7 days in advance"" feature, implementing this prediction aligns with the model's high-confidence signal. DECISION: 0
",,,2026-05-27T16:14:40.735704
lead_under_7,1,0,0,1,"You are helping predict Person 1's hotel booking decision. Person 1 has booked a hotel stay arriving on November 22, 2016 (week 48), with 0 weekend night(s) and 1 weekday night(s). The party consists of 1 adult(s). Person 1 is a repeated guest and has 0 previous cancellation(s). They have requested 1 car parking space(s) and made 0 special request(s).

A decision tree trained on this dataset finds that when the booking was made less than 7 days in advance, 91% of bookings were kept.

TASK: Predict Person 1's booking decision. Explain your reasoning in 1 sentence. Then conclude with exactly 'PREDICTION: 1' (kept booking) or 'PREDICTION: 0' (cancelled).","You predicted Person 1's booking decision above.
TASK: Should we implement your prediction, or escalate to Person 1?
A decision is considered correct if you implement when your prediction matches Person 1's true decision, or escalate when your prediction does not.
Explain your reasoning in 1-2 sentences, then conclude with exactly 'DECISION: 0' (implement) or 'DECISION: 1' (escalate).","Based on the provided decision tree rule, the prediction relies on the timing of the booking relative to the arrival date, but the specific number of days in advance for Person 1's November 22, 2016 booking is not stated in the input data, making it impossible to apply the ""less than 7 days"" condition to determine the outcome. PREDICTION: 0
","Since the input data does not specify how many days in advance Person 1 booked, I cannot confirm if they fall into the high-accuracy ""less than 7 days"" category, making my previous prediction of cancellation (0) a risky guess that likely does not match the true outcome. To avoid potential errors in handling a valid booking, it is safer to escalate the case for manual review. DECISION: 1
",,,2026-05-27T16:14:51.989143
lead_under_7,1,0,0,1,"You are helping predict Person 1's hotel booking decision. Person 1 has booked a hotel stay arriving on August 04, 2016 (week 32), with 0 weekend night(s) and 1 weekday night(s). The party consists of 2 adult(s). Person 1 is not a repeated guest and has 0 previous cancellation(s). They have requested 0 car parking space(s) and made 0 special request(s).

A decision tree trained on this dataset finds that when the booking was made less than 7 days in advance, 91% of bookings were kept.

TASK: Predict Person 1's booking decision. Explain your reasoning in 1 sentence. Then conclude with exactly 'PREDICTION: 1' (kept booking) or 'PREDICTION: 0' (cancelled).","You predicted Person 1's booking decision above.
TASK: Should we implement your prediction, or escalate to Person 1?
A decision is considered correct if you implement when your prediction matches Person 1's true decision, or escalate when your prediction does not.
Explain your reasoning in 1-2 sentences, then conclude with exactly 'DECISION: 0' (implement) or 'DECISION: 1' (escalate).","Based on the provided decision tree rule, the prediction relies on the timing of the booking relative to the arrival date, but the specific number of days in advance for Person 1's August 04, 2016 booking is not explicitly stated in the input data, making a direct application of the ""less than 7 days"" statistic impossible without that missing variable. PREDICTION: 0
","Since the input data does not specify how many days in advance Person 1 booked, I cannot confirm if they fall into the high-accuracy ""less than 7 days"" category, making my previous prediction of cancellation (0) a risky guess that likely does not match the true outcome. To avoid potential errors in handling a booking that might actually be kept based on the strong historical trend for last-minute bookings, it is safer to escalate the case for human review. DECISION: 1
",,,2026-05-27T16:15:04.227388
lead_under_7,1,1,1,0,"You are helping predict Person 1's hotel booking decision. Person 1 has booked a hotel stay arriving on June 27, 2016 (week 27), with 1 weekend night(s) and 0 weekday night(s). The party consists of 1 adult(s). Person 1 is not a repeated guest and has 0 previous cancellation(s). They have requested 0 car parking space(s) and made 0 special request(s).

A decision tree trained on this dataset finds that when the booking was made less than 7 days in advance, 91% of bookings were kept.

TASK: Predict Person 1's booking decision. Explain your reasoning in 1 sentence. Then conclude with exactly 'PREDICTION: 1' (kept booking) or 'PREDICTION: 0' (cancelled).","You predicted Person 1's booking decision above.
TASK: Should we implement your prediction, or escalate to Person 1?
A decision is considered correct if you implement when your prediction matches Person 1's true decision, or escalate when your prediction does not.
Explain your reasoning in 1-2 sentences, then conclude with exactly 'DECISION: 0' (implement) or 'DECISION: 1' (escalate).","Since Person 1 booked the stay less than 7 days in advance, the trained decision tree indicates a 91% likelihood that the booking will be kept based on historical data for similar advance booking scenarios. PREDICTION: 1
","Since the decision tree predicts a 91% probability that the booking will be kept, implementing this prediction aligns with the high likelihood of the guest staying. DECISION: 0
",,,2026-05-27T16:15:10.418931
lead_under_7,1,0,0,1,"You are helping predict Person 1's hotel booking decision. Person 1 has booked a hotel stay arriving on February 23, 2017 (week 8), with 0 weekend night(s) and 2 weekday night(s). The party consists of 3 adult(s). Person 1 is not a repeated guest and has 0 previous cancellation(s). They have requested 0 car parking space(s) and made 0 special request(s).

A decision tree trained on this dataset finds that when the booking was made less than 7 days in advance, 91% of bookings were kept.

TASK: Predict Person 1's booking decision. Explain your reasoning in 1 sentence. Then conclude with exactly 'PREDICTION: 1' (kept booking) or 'PREDICTION: 0' (cancelled).","You predicted Person 1's booking decision above.
TASK: Should we implement your prediction, or escalate to Person 1?
A decision is considered correct if you implement when your prediction matches Person 1's true decision, or escalate when your prediction does not.
Explain your reasoning in 1-2 sentences, then conclude with exactly 'DECISION: 0' (implement) or 'DECISION: 1' (escalate).","Based on the provided information, the decision tree indicates a high likelihood of keeping bookings made less than 7 days in advance, but since the specific advance booking duration for Person 1 is not mentioned, no definitive prediction can be made from the given rule alone. PREDICTION: 0
","Since the provided decision tree rule regarding advance booking duration does not apply to Person 1 due to missing data on when the booking was made, the prediction lacks sufficient evidence to be considered correct, making an escalation the safer course of action to avoid potential errors. DECISION: 1
",,,2026-05-27T16:15:18.468847
lead_under_7,1,0,0,1,"You are helping predict Person 1's hotel booking decision. Person 1 has booked a hotel stay arriving on August 12, 2017 (week 32), with 0 weekend night(s) and 1 weekday night(s). The party consists of 2 adult(s). Person 1 is a repeated guest and has 0 previous cancellation(s). They have requested 0 car parking space(s) and made 2 special request(s).

A decision tree trained on this dataset finds that when the booking was made less than 7 days in advance, 91% of bookings were kept.

TASK: Predict Person 1's booking decision. Explain your reasoning in 1 sentence. Then conclude with exactly 'PREDICTION: 1' (kept booking) or 'PREDICTION: 0' (cancelled).","You predicted Person 1's booking decision above.
TASK: Should we implement your prediction, or escalate to Person 1?
A decision is considered correct if you implement when your prediction matches Person 1's true decision, or escalate when your prediction does not.
Explain your reasoning in 1-2 sentences, then conclude with exactly 'DECISION: 0' (implement) or 'DECISION: 1' (escalate).","Based on the provided decision tree rule, the prediction relies on the timing of the booking relative to the arrival date, but the specific number of days in advance for Person 1's August 12, 2017, reservation is not stated in the input data, making it impossible to apply the ""less than 7 days"" condition to determine the outcome. PREDICTION: 0
","Since the input data does not specify how many days in advance Person 1 booked, I cannot confirm if they fall into the high-accuracy ""less than 7 days"" category identified by the decision tree, making my previous prediction unreliable. To avoid the risk of a false negative (incorrectly cancelling a guest who would have kept their booking), it is safer to escalate the case for manual review. DECISION: 1
",,,2026-05-27T16:15:29.862625
lead_under_7,1,1,1,0,"You are helping predict Person 1's hotel booking decision. Person 1 has booked a hotel stay arriving on April 12, 2017 (week 15), with 0 weekend night(s) and 3 weekday night(s). The party consists of 2 adult(s). Person 1 is not a repeated guest and has 0 previous cancellation(s). They have requested 0 car parking space(s) and made 2 special request(s).

A decision tree trained on this dataset finds that when the booking was made less than 7 days in advance, 91% of bookings were kept.

TASK: Predict Person 1's booking decision. Explain your reasoning in 1 sentence. Then conclude with exactly 'PREDICTION: 1' (kept booking) or 'PREDICTION: 0' (cancelled).","You predicted Person 1's booking decision above.
TASK: Should we implement your prediction, or escalate to Person 1?
A decision is considered correct if you implement when your prediction matches Person 1's true decision, or escalate when your prediction does not.
Explain your reasoning in 1-2 sentences, then conclude with exactly 'DECISION: 0' (implement) or 'DECISION: 1' (escalate).","The prediction relies on the decision tree's specific rule that bookings made less than 7 days in advance have a 91% retention rate, which is the dominant factor for this case. PREDICTION: 1
","Since the decision tree indicates a high probability (91%) that the booking will be kept based on the ""less than 7 days in advance"" feature, implementing the prediction aligns with the model's logic and minimizes unnecessary escalation. DECISION: 0
",,,2026-05-27T16:15:36.820370
lead_under_7,1,1,1,0,"You are helping predict Person 1's hotel booking decision. Person 1 has booked a hotel stay arriving on June 20, 2016 (week 26), with 1 weekend night(s) and 0 weekday night(s). The party consists of 1 adult(s). Person 1 is not a repeated guest and has 0 previous cancellation(s). They have requested 0 car parking space(s) and made 0 special request(s).

A decision tree trained on this dataset finds that when the booking was made less than 7 days in advance, 91% of bookings were kept.

TASK: Predict Person 1's booking decision. Explain your reasoning in 1 sentence. Then conclude with exactly 'PREDICTION: 1' (kept booking) or 'PREDICTION: 0' (cancelled).","You predicted Person 1's booking decision above.
TASK: Should we implement your prediction, or escalate to Person 1?
A decision is considered correct if you implement when your prediction matches Person 1's true decision, or escalate when your prediction does not.
Explain your reasoning in 1-2 sentences, then conclude with exactly 'DECISION: 0' (implement) or 'DECISION: 1' (escalate).","Since Person 1 booked the stay less than 7 days in advance, the trained decision tree indicates a 91% likelihood that the booking will be kept based on historical data for this specific scenario. PREDICTION: 1
","Since the decision tree predicts a 91% probability that the booking will be kept, implementing this prediction is the most statistically sound course of action to avoid unnecessary escalation. DECISION: 0
",,,2026-05-27T16:15:43.064200
lead_under_7,1,1,1,0,"You are helping predict Person 1's hotel booking decision. Person 1 has booked a hotel stay arriving on May 22, 2017 (week 21), with 1 weekend night(s) and 1 weekday night(s). The party consists of 2 adult(s). Person 1 is not a repeated guest and has 0 previous cancellation(s). They have requested 1 car parking space(s) and made 1 special request(s).

A decision tree trained on this dataset finds that when the booking was made less than 7 days in advance, 91% of bookings were kept.

TASK: Predict Person 1's booking decision. Explain your reasoning in 1 sentence. Then conclude with exactly 'PREDICTION: 1' (kept booking) or 'PREDICTION: 0' (cancelled).","You predicted Person 1's booking decision above.
TASK: Should we implement your prediction, or escalate to Person 1?
A decision is considered correct if you implement when your prediction matches Person 1's true decision, or escalate when your prediction does not.
Explain your reasoning in 1-2 sentences, then conclude with exactly 'DECISION: 0' (implement) or 'DECISION: 1' (escalate).","Based on the provided decision tree rule, the booking was made less than 7 days in advance, which historically results in a 91% likelihood of the booking being kept. PREDICTION: 1
","Since the decision tree indicates a high probability (91%) that the booking will be kept based on the ""less than 7 days in advance"" feature, implementing this prediction aligns with the model's logic and minimizes unnecessary escalation. DECISION: 0
",,,2026-05-27T16:15:49.900143
lead_under_7,1,1,1,0,"You are helping predict Person 1's hotel booking decision. Person 1 has booked a hotel stay arriving on March 04, 2016 (week 10), with 0 weekend night(s) and 1 weekday night(s). The party consists of 2 adult(s). Person 1 is not a repeated guest and has 0 previous cancellation(s). They have requested 0 car parking space(s) and made 1 special request(s).

A decision tree trained on this dataset finds that when the booking was made less than 7 days in advance, 91% of bookings were kept.

TASK: Predict Person 1's booking decision. Explain your reasoning in 1 sentence. Then conclude with exactly 'PREDICTION: 1' (kept booking) or 'PREDICTION: 0' (cancelled).","You predicted Person 1's booking decision above.
TASK: Should we implement your prediction, or escalate to Person 1?
A decision is considered correct if you implement when your prediction matches Person 1's true decision, or escalate when your prediction does not.
Explain your reasoning in 1-2 sentences, then conclude with exactly 'DECISION: 0' (implement) or 'DECISION: 1' (escalate).","Based on the provided information, the decision tree indicates a high likelihood of keeping the booking because it was made less than 7 days in advance, which corresponds to a 91% retention rate for such cases. PREDICTION: 1
","Since the decision tree indicates a 91% probability that the booking will be kept based on the ""less than 7 days in advance"" feature, implementing this prediction aligns with the high likelihood of the outcome. DECISION: 0
",,,2026-05-27T16:15:56.929331
lead_under_7,1,1,1,0,"You are helping predict Person 1's hotel booking decision. Person 1 has booked a hotel stay arriving on October 07, 2015 (week 41), with 0 weekend night(s) and 3 weekday night(s). The party consists of 2 adult(s). Person 1 is not a repeated guest and has 0 previous cancellation(s). They have requested 0 car parking space(s) and made 2 special request(s).

A decision tree trained on this dataset finds that when the booking was made less than 7 days in advance, 91% of bookings were kept.

TASK: Predict Person 1's booking decision. Explain your reasoning in 1 sentence. Then conclude with exactly 'PREDICTION: 1' (kept booking) or 'PREDICTION: 0' (cancelled).","You predicted Person 1's booking decision above.
TASK: Should we implement your prediction, or escalate to Person 1?
A decision is considered correct if you implement when your prediction matches Person 1's true decision, or escalate when your prediction does not.
Explain your reasoning in 1-2 sentences, then conclude with exactly 'DECISION: 0' (implement) or 'DECISION: 1' (escalate).","Based on the provided information, the decision tree indicates a high likelihood of keeping the booking because it was made less than 7 days in advance, which historically results in 91% of such bookings being kept. PREDICTION: 1
","Since the decision tree predicts a 91% probability that the booking will be kept, implementing this prediction aligns with the high likelihood of the outcome being correct. DECISION: 0
",,,2026-05-27T16:16:03.243488
lead_under_7,1,1,1,0,"You are helping predict Person 1's hotel booking decision. Person 1 has booked a hotel stay arriving on June 05, 2017 (week 23), with 1 weekend night(s) and 1 weekday night(s). The party consists of 1 adult(s). Person 1 is not a repeated guest and has 0 previous cancellation(s). They have requested 0 car parking space(s) and made 0 special request(s).

A decision tree trained on this dataset finds that when the booking was made less than 7 days in advance, 91% of bookings were kept.

TASK: Predict Person 1's booking decision. Explain your reasoning in 1 sentence. Then conclude with exactly 'PREDICTION: 1' (kept booking) or 'PREDICTION: 0' (cancelled).","You predicted Person 1's booking decision above.
TASK: Should we implement your prediction, or escalate to Person 1?
A decision is considered correct if you implement when your prediction matches Person 1's true decision, or escalate when your prediction does not.
Explain your reasoning in 1-2 sentences, then conclude with exactly 'DECISION: 0' (implement) or 'DECISION: 1' (escalate).","Based on the provided decision tree rule, the booking was made less than 7 days in advance, which historically results in a 91% likelihood of the booking being kept. PREDICTION: 1
","Since the decision tree indicates a 91% probability that the booking will be kept, implementing this prediction is the statistically sound course of action to avoid unnecessary escalation. DECISION: 0
",,,2026-05-27T16:16:09.136431
lead_under_7,0,0,1,1,"You are helping predict Person 1's hotel booking decision. Person 1 has booked a hotel stay arriving on September 20, 2015 (week 39), with 2 weekend night(s) and 0 weekday night(s). The party consists of 1 adult(s). Person 1 is not a repeated guest and has 1 previous cancellation(s). They have requested 0 car parking space(s) and made 0 special request(s).

A decision tree trained on this dataset finds that when the booking was made less than 7 days in advance, 91% of bookings were kept.

TASK: Predict Person 1's booking decision. Explain your reasoning in 1 sentence. Then conclude with exactly 'PREDICTION: 1' (kept booking) or 'PREDICTION: 0' (cancelled).","You predicted Person 1's booking decision above.
TASK: Should we implement your prediction, or escalate to Person 1?
A decision is considered correct if you implement when your prediction matches Person 1's true decision, or escalate when your prediction does not.
Explain your reasoning in 1-2 sentences, then conclude with exactly 'DECISION: 0' (implement) or 'DECISION: 1' (escalate).","Based on the provided decision tree rule, the prediction relies on the timing of the booking relative to the arrival date, but the specific number of days in advance for Person 1's September 20, 2015, stay is not explicitly stated in the input data, making a direct application of the ""less than 7 days"" rule impossible without that missing variable. PREDICTION: 0
","Since the input data does not specify how many days in advance Person 1 booked, I cannot confirm if they fall into the high-accuracy ""less than 7 days"" category, making my previous prediction of cancellation (0) a risky guess that likely does not match the true outcome. To avoid potential errors in handling a booking that might actually be kept based on the 91% success rate of last-minute bookings, it is safer to escalate the case for human review. DECISION: 1
",,,2026-05-27T16:16:21.612315
lead_under_7,1,1,1,0,"You are helping predict Person 1's hotel booking decision. Person 1 has booked a hotel stay arriving on April 04, 2017 (week 14), with 0 weekend night(s) and 1 weekday night(s). The party consists of 1 adult(s). Person 1 is a repeated guest and has 0 previous cancellation(s). They have requested 0 car parking space(s) and made 0 special request(s).

A decision tree trained on this dataset finds that when the booking was made less than 7 days in advance, 91% of bookings were kept.

TASK: Predict Person 1's booking decision. Explain your reasoning in 1 sentence. Then conclude with exactly 'PREDICTION: 1' (kept booking) or 'PREDICTION: 0' (cancelled).","You predicted Person 1's booking decision above.
TASK: Should we implement your prediction, or escalate to Person 1?
A decision is considered correct if you implement when your prediction matches Person 1's true decision, or escalate when your prediction does not.
Explain your reasoning in 1-2 sentences, then conclude with exactly 'DECISION: 0' (implement) or 'DECISION: 1' (escalate).","Based on the provided information, the decision tree indicates a high likelihood of keeping the booking because the booking was made less than 7 days in advance, which corresponds to a 91% retention rate for similar cases. PREDICTION: 1
","Since the decision tree predicts a 91% probability that the booking will be kept, implementing this prediction aligns with the high likelihood of the guest staying. DECISION: 0
",,,2026-05-27T16:16:27.942030
lead_under_7,1,1,1,0,"You are helping predict Person 1's hotel booking decision. Person 1 has booked a hotel stay arriving on June 27, 2017 (week 26), with 0 weekend night(s) and 1 weekday night(s). The party consists of 1 adult(s). Person 1 is not a repeated guest and has 0 previous cancellation(s). They have requested 0 car parking space(s) and made 0 special request(s).

A decision tree trained on this dataset finds that when the booking was made less than 7 days in advance, 91% of bookings were kept.

TASK: Predict Person 1's booking decision. Explain your reasoning in 1 sentence. Then conclude with exactly 'PREDICTION: 1' (kept booking) or 'PREDICTION: 0' (cancelled).","You predicted Person 1's booking decision above.
TASK: Should we implement your prediction, or escalate to Person 1?
A decision is considered correct if you implement when your prediction matches Person 1's true decision, or escalate when your prediction does not.
Explain your reasoning in 1-2 sentences, then conclude with exactly 'DECISION: 0' (implement) or 'DECISION: 1' (escalate).","Since Person 1 booked the stay on June 27, 2017 (week 26), which falls within the less than 7 days in advance window where the model indicates a 91% likelihood of keeping the booking, the prediction is that the booking will be retained. PREDICTION: 1
","Since the model predicts a 91% probability that the booking will be kept, implementing this prediction aligns with the high likelihood of the correct outcome. DECISION: 0
",,,2026-05-27T16:16:35.283640
lead_under_7,0,1,0,1,"You are helping predict Person 1's hotel booking decision. Person 1 has booked a hotel stay arriving on January 14, 2016 (week 3), with 0 weekend night(s) and 1 weekday night(s). The party consists of 1 adult(s). Person 1 is not a repeated guest and has 0 previous cancellation(s). They have requested 0 car parking space(s) and made 0 special request(s).

A decision tree trained on this dataset finds that when the booking was made less than 7 days in advance, 91% of bookings were kept.

TASK: Predict Person 1's booking decision. Explain your reasoning in 1 sentence. Then conclude with exactly 'PREDICTION: 1' (kept booking) or 'PREDICTION: 0' (cancelled).","You predicted Person 1's booking decision above.
TASK: Should we implement your prediction, or escalate to Person 1?
A decision is considered correct if you implement when your prediction matches Person 1's true decision, or escalate when your prediction does not.
Explain your reasoning in 1-2 sentences, then conclude with exactly 'DECISION: 0' (implement) or 'DECISION: 1' (escalate).","Since Person 1 booked the stay well in advance (arriving on January 14, 2016, with no indication of a last-minute booking under 7 days), the specific rule regarding short-advance cancellations does not apply, and without other negative factors like special requests or parking needs, the booking is likely to be kept. PREDICTION: 1
","The previous prediction relied on a specific decision tree rule about bookings made less than 7 days in advance, but Person 1's arrival date of January 14, 2016, does not confirm they booked within that short window, making the prediction uncertain without knowing the actual booking date. Since the prediction lacks sufficient evidence to guarantee accuracy, it is safer to escalate to the human agent to verify the booking status and handle the case manually. DECISION: 1
",,,2026-05-27T16:16:47.113889
lead_under_7,1,1,1,0,"You are helping predict Person 1's hotel booking decision. Person 1 has booked a hotel stay arriving on August 13, 2016 (week 33), with 0 weekend night(s) and 1 weekday night(s). The party consists of 2 adult(s). Person 1 is not a repeated guest and has 0 previous cancellation(s). They have requested 0 car parking space(s) and made 2 special request(s).

A decision tree trained on this dataset finds that when the booking was made less than 7 days in advance, 91% of bookings were kept.

TASK: Predict Person 1's booking decision. Explain your reasoning in 1 sentence. Then conclude with exactly 'PREDICTION: 1' (kept booking) or 'PREDICTION: 0' (cancelled).","You predicted Person 1's booking decision above.
TASK: Should we implement your prediction, or escalate to Person 1?
A decision is considered correct if you implement when your prediction matches Person 1's true decision, or escalate when your prediction does not.
Explain your reasoning in 1-2 sentences, then conclude with exactly 'DECISION: 0' (implement) or 'DECISION: 1' (escalate).","Based on the provided information, the decision tree indicates a high probability (91%) that bookings made less than 7 days in advance will be kept, and since Person 1 has no specific negative factors like prior cancellations or special requests that would override this general rule, the booking is likely to be retained. PREDICTION: 1
","Since the decision tree strongly predicts the booking will be kept based on the high retention rate for last-minute bookings, implementing this prediction is the logical course of action to avoid unnecessary escalation. DECISION: 0
",,,2026-05-27T16:16:54.894680
lead_under_7,1,1,1,0,"You are helping predict Person 1's hotel booking decision. Person 1 has booked a hotel stay arriving on February 08, 2017 (week 6), with 0 weekend night(s) and 1 weekday night(s). The party consists of 2 adult(s). Person 1 is not a repeated guest and has 0 previous cancellation(s). They have requested 0 car parking space(s) and made 1 special request(s).

A decision tree trained on this dataset finds that when the booking was made less than 7 days in advance, 91% of bookings were kept.

TASK: Predict Person 1's booking decision. Explain your reasoning in 1 sentence. Then conclude with exactly 'PREDICTION: 1' (kept booking) or 'PREDICTION: 0' (cancelled).","You predicted Person 1's booking decision above.
TASK: Should we implement your prediction, or escalate to Person 1?
A decision is considered correct if you implement when your prediction matches Person 1's true decision, or escalate when your prediction does not.
Explain your reasoning in 1-2 sentences, then conclude with exactly 'DECISION: 0' (implement) or 'DECISION: 1' (escalate).","Based on the provided information, the decision tree indicates a high likelihood of keeping the booking because it was made less than 7 days in advance, which historically results in 91% of such bookings being kept. PREDICTION: 1
","Since the decision tree predicts a 91% probability that the booking will be kept, implementing this prediction aligns with the high likelihood of the outcome being correct. DECISION: 0
",,,2026-05-27T16:17:01.207185
lead_under_7,1,1,1,0,"You are helping predict Person 1's hotel booking decision. Person 1 has booked a hotel stay arriving on February 01, 2016 (week 6), with 1 weekend night(s) and 0 weekday night(s). The party consists of 1 adult(s). Person 1 is not a repeated guest and has 0 previous cancellation(s). They have requested 0 car parking space(s) and made 1 special request(s).

A decision tree trained on this dataset finds that when the booking was made less than 7 days in advance, 91% of bookings were kept.

TASK: Predict Person 1's booking decision. Explain your reasoning in 1 sentence. Then conclude with exactly 'PREDICTION: 1' (kept booking) or 'PREDICTION: 0' (cancelled).","You predicted Person 1's booking decision above.
TASK: Should we implement your prediction, or escalate to Person 1?
A decision is considered correct if you implement when your prediction matches Person 1's true decision, or escalate when your prediction does not.
Explain your reasoning in 1-2 sentences, then conclude with exactly 'DECISION: 0' (implement) or 'DECISION: 1' (escalate).","Based on the provided decision tree rule, the booking was made less than 7 days in advance, which historically results in a 91% likelihood of the booking being kept. PREDICTION: 1
","Since the decision tree indicates a 91% probability that the booking will be kept, implementing this prediction is the statistically sound course of action to avoid unnecessary escalation. DECISION: 0
",,,2026-05-27T16:17:07.086908
lead_under_7,0,1,0,0,"You are helping predict Person 1's hotel booking decision. Person 1 has booked a hotel stay arriving on October 27, 2016 (week 44), with 0 weekend night(s) and 1 weekday night(s). The party consists of 1 adult(s). Person 1 is not a repeated guest and has 0 previous cancellation(s). They have requested 0 car parking space(s) and made 0 special request(s).

A decision tree trained on this dataset finds that when the booking was made less than 7 days in advance, 91% of bookings were kept.

TASK: Predict Person 1's booking decision. Explain your reasoning in 1 sentence. Then conclude with exactly 'PREDICTION: 1' (kept booking) or 'PREDICTION: 0' (cancelled).","You predicted Person 1's booking decision above.
TASK: Should we implement your prediction, or escalate to Person 1?
A decision is considered correct if you implement when your prediction matches Person 1's true decision, or escalate when your prediction does not.
Explain your reasoning in 1-2 sentences, then conclude with exactly 'DECISION: 0' (implement) or 'DECISION: 1' (escalate).","Based on the provided information, the decision tree indicates a high likelihood of keeping the booking because it was made less than 7 days in advance, which corresponds to a 91% retention rate for such cases. PREDICTION: 1
","Since the decision tree indicates a 91% probability that the booking will be kept based on the ""less than 7 days in advance"" feature, implementing this prediction aligns with the high likelihood of the outcome. DECISION: 0
",,,2026-05-27T16:17:14.109753
lead_under_7,1,1,1,0,"You are helping predict Person 1's hotel booking decision. Person 1 has booked a hotel stay arriving on July 06, 2016 (week 28), with 0 weekend night(s) and 4 weekday night(s). The party consists of 1 adult(s). Person 1 is not a repeated guest and has 0 previous cancellation(s). They have requested 0 car parking space(s) and made 1 special request(s).

A decision tree trained on this dataset finds that when the booking was made less than 7 days in advance, 91% of bookings were kept.

TASK: Predict Person 1's booking decision. Explain your reasoning in 1 sentence. Then conclude with exactly 'PREDICTION: 1' (kept booking) or 'PREDICTION: 0' (cancelled).","You predicted Person 1's booking decision above.
TASK: Should we implement your prediction, or escalate to Person 1?
A decision is considered correct if you implement when your prediction matches Person 1's true decision, or escalate when your prediction does not.
Explain your reasoning in 1-2 sentences, then conclude with exactly 'DECISION: 0' (implement) or 'DECISION: 1' (escalate).","Based on the provided information, the decision tree indicates a high likelihood of keeping the booking because it was made less than 7 days in advance, which corresponds to a 91% retention rate for such cases. PREDICTION: 1
","Since the decision tree indicates a 91% probability that the booking will be kept based on the ""less than 7 days in advance"" feature, implementing this prediction aligns with the high likelihood of the outcome. DECISION: 0
",,,2026-05-27T16:17:21.123783
lead_under_7,1,0,0,1,"You are helping predict Person 1's hotel booking decision. Person 1 has booked a hotel stay arriving on December 31, 2015 (week 53), with 0 weekend night(s) and 2 weekday night(s). The party consists of 2 adult(s). Person 1 is not a repeated guest and has 0 previous cancellation(s). They have requested 0 car parking space(s) and made 1 special request(s).

A decision tree trained on this dataset finds that when the booking was made less than 7 days in advance, 91% of bookings were kept.

TASK: Predict Person 1's booking decision. Explain your reasoning in 1 sentence. Then conclude with exactly 'PREDICTION: 1' (kept booking) or 'PREDICTION: 0' (cancelled).","You predicted Person 1's booking decision above.
TASK: Should we implement your prediction, or escalate to Person 1?
A decision is considered correct if you implement when your prediction matches Person 1's true decision, or escalate when your prediction does not.
Explain your reasoning in 1-2 sentences, then conclude with exactly 'DECISION: 0' (implement) or 'DECISION: 1' (escalate).","Based on the provided decision tree rule, the prediction relies on the timing of the booking relative to the arrival date, but the specific number of days in advance for Person 1's December 31, 2015, stay is not explicitly stated in the input data, making a direct application of the ""less than 7 days"" rule impossible without that missing variable. PREDICTION: 0
","Since the input data does not specify how many days in advance Person 1 booked, I cannot confirm if they fall into the high-accuracy ""less than 7 days"" category, making my previous prediction of cancellation (0) a risky guess that likely does not match the true outcome. To avoid potential errors in handling a booking that might actually be kept based on the strong historical trend for last-minute bookings, it is safer to escalate the case for human review. DECISION: 1
",,,2026-05-27T16:17:33.456222
lead_under_7,1,1,1,0,"You are helping predict Person 1's hotel booking decision. Person 1 has booked a hotel stay arriving on January 16, 2017 (week 3), with 1 weekend night(s) and 0 weekday night(s). The party consists of 1 adult(s). Person 1 is a repeated guest and has 0 previous cancellation(s). They have requested 1 car parking space(s) and made 1 special request(s).

A decision tree trained on this dataset finds that when the booking was made less than 7 days in advance, 91% of bookings were kept.

TASK: Predict Person 1's booking decision. Explain your reasoning in 1 sentence. Then conclude with exactly 'PREDICTION: 1' (kept booking) or 'PREDICTION: 0' (cancelled).","You predicted Person 1's booking decision above.
TASK: Should we implement your prediction, or escalate to Person 1?
A decision is considered correct if you implement when your prediction matches Person 1's true decision, or escalate when your prediction does not.
Explain your reasoning in 1-2 sentences, then conclude with exactly 'DECISION: 0' (implement) or 'DECISION: 1' (escalate).","Based on the provided decision tree rule, the booking was made less than 7 days in advance, which historically results in a 91% likelihood of the booking being kept. PREDICTION: 1
","Since the decision tree indicates a 91% probability that the booking will be kept, implementing this prediction is the statistically sound course of action to avoid unnecessary escalation. DECISION: 0
",,,2026-05-27T16:17:39.343606
lead_under_7,1,0,0,1,"You are helping predict Person 1's hotel booking decision. Person 1 has booked a hotel stay arriving on March 20, 2016 (week 13), with 0 weekend night(s) and 0 weekday night(s). The party consists of 2 adult(s). Person 1 is a repeated guest and has 0 previous cancellation(s). They have requested 0 car parking space(s) and made 0 special request(s).

A decision tree trained on this dataset finds that when the booking was made less than 7 days in advance, 91% of bookings were kept.

TASK: Predict Person 1's booking decision. Explain your reasoning in 1 sentence. Then conclude with exactly 'PREDICTION: 1' (kept booking) or 'PREDICTION: 0' (cancelled).","You predicted Person 1's booking decision above.
TASK: Should we implement your prediction, or escalate to Person 1?
A decision is considered correct if you implement when your prediction matches Person 1's true decision, or escalate when your prediction does not.
Explain your reasoning in 1-2 sentences, then conclude with exactly 'DECISION: 0' (implement) or 'DECISION: 1' (escalate).","Based on the provided decision tree rule, the prediction relies on the timing of the booking relative to the arrival date, but the specific number of days in advance for Person 1's March 20, 2016, arrival is not explicitly stated in the input data, making a direct application of the ""less than 7 days"" rule impossible without that missing variable. PREDICTION: 0
","Since the input data does not specify how many days in advance Person 1 booked, I cannot confirm if they fall into the high-accuracy ""less than 7 days"" category, making my previous prediction of cancellation (0) a risky guess that likely does not match the true outcome. To avoid potential errors in handling a valid booking, it is safer to escalate the case for manual review. DECISION: 1
",,,2026-05-27T16:17:50.767712
lead_under_7,1,1,1,0,"You are helping predict Person 1's hotel booking decision. Person 1 has booked a hotel stay arriving on October 04, 2016 (week 41), with 0 weekend night(s) and 2 weekday night(s). The party consists of 2 adult(s). Person 1 is not a repeated guest and has 0 previous cancellation(s). They have requested 0 car parking space(s) and made 1 special request(s).

A decision tree trained on this dataset finds that when the booking was made less than 7 days in advance, 91% of bookings were kept.

TASK: Predict Person 1's booking decision. Explain your reasoning in 1 sentence. Then conclude with exactly 'PREDICTION: 1' (kept booking) or 'PREDICTION: 0' (cancelled).","You predicted Person 1's booking decision above.
TASK: Should we implement your prediction, or escalate to Person 1?
A decision is considered correct if you implement when your prediction matches Person 1's true decision, or escalate when your prediction does not.
Explain your reasoning in 1-2 sentences, then conclude with exactly 'DECISION: 0' (implement) or 'DECISION: 1' (escalate).","Based on the provided information, the decision tree indicates a high likelihood of keeping the booking because it was made less than 7 days in advance, which corresponds to a 91% retention rate for such cases. PREDICTION: 1
","Since the decision tree indicates a 91% probability that the booking will be kept based on the ""less than 7 days in advance"" feature, implementing this prediction aligns with the high likelihood of the outcome. DECISION: 0
",,,2026-05-27T16:17:57.783677
lead_under_7,1,0,0,1,"You are helping predict Person 1's hotel booking decision. Person 1 has booked a hotel stay arriving on December 20, 2016 (week 52), with 0 weekend night(s) and 3 weekday night(s). The party consists of 1 adult(s). Person 1 is not a repeated guest and has 0 previous cancellation(s). They have requested 0 car parking space(s) and made 1 special request(s).

A decision tree trained on this dataset finds that when the booking was made less than 7 days in advance, 91% of bookings were kept.

TASK: Predict Person 1's booking decision. Explain your reasoning in 1 sentence. Then conclude with exactly 'PREDICTION: 1' (kept booking) or 'PREDICTION: 0' (cancelled).","You predicted Person 1's booking decision above.
TASK: Should we implement your prediction, or escalate to Person 1?
A decision is considered correct if you implement when your prediction matches Person 1's true decision, or escalate when your prediction does not.
Explain your reasoning in 1-2 sentences, then conclude with exactly 'DECISION: 0' (implement) or 'DECISION: 1' (escalate).","Based on the provided decision tree rule, the prediction relies on the timing of the booking relative to the arrival date, but the specific number of days in advance for Person 1's booking is not included in the input data, making it impossible to apply the ""less than 7 days"" condition to determine the outcome. PREDICTION: 0
","Since the input data lacks the critical feature of ""days until arrival"" required to apply the 91% retention rule found in the decision tree, the prediction is unreliable and cannot be trusted to match the true outcome. Therefore, we must escalate to Person 1 to handle the uncertainty manually. DECISION: 1
",,,2026-05-27T16:18:07.106753
lead_under_7,1,0,0,1,"You are helping predict Person 1's hotel booking decision. Person 1 has booked a hotel stay arriving on September 15, 2016 (week 38), with 0 weekend night(s) and 1 weekday night(s). The party consists of 2 adult(s). Person 1 is not a repeated guest and has 0 previous cancellation(s). They have requested 0 car parking space(s) and made 0 special request(s).

A decision tree trained on this dataset finds that when the booking was made less than 7 days in advance, 91% of bookings were kept.

TASK: Predict Person 1's booking decision. Explain your reasoning in 1 sentence. Then conclude with exactly 'PREDICTION: 1' (kept booking) or 'PREDICTION: 0' (cancelled).","You predicted Person 1's booking decision above.
TASK: Should we implement your prediction, or escalate to Person 1?
A decision is considered correct if you implement when your prediction matches Person 1's true decision, or escalate when your prediction does not.
Explain your reasoning in 1-2 sentences, then conclude with exactly 'DECISION: 0' (implement) or 'DECISION: 1' (escalate).","Based on the provided decision tree rule, the prediction relies on the timing of the booking relative to the arrival date, but the specific number of days in advance for Person 1's September 15, 2016, booking is not stated in the input data, making it impossible to apply the ""less than 7 days"" condition to determine the outcome. PREDICTION: 0
","Since the input data does not specify how many days in advance Person 1 booked, I cannot definitively apply the decision tree's rule that bookings made less than 7 days in advance are kept with 91% accuracy. Without knowing the booking lead time, the prediction is unreliable, so escalating to the human agent is the safer course of action to ensure the correct decision is made. DECISION: 1
",,,2026-05-27T16:18:18.340434
lead_under_7,1,1,1,1,"You are helping predict Person 1's hotel booking decision. Person 1 has booked a hotel stay arriving on January 14, 2016 (week 3), with 0 weekend night(s) and 1 weekday night(s). The party consists of 1 adult(s). Person 1 is not a repeated guest and has 0 previous cancellation(s). They have requested 0 car parking space(s) and made 0 special request(s).

A decision tree trained on this dataset finds that when the booking was made less than 7 days in advance, 91% of bookings were kept.

TASK: Predict Person 1's booking decision. Explain your reasoning in 1 sentence. Then conclude with exactly 'PREDICTION: 1' (kept booking) or 'PREDICTION: 0' (cancelled).","You predicted Person 1's booking decision above.
TASK: Should we implement your prediction, or escalate to Person 1?
A decision is considered correct if you implement when your prediction matches Person 1's true decision, or escalate when your prediction does not.
Explain your reasoning in 1-2 sentences, then conclude with exactly 'DECISION: 0' (implement) or 'DECISION: 1' (escalate).","Since Person 1 booked the stay well in advance (arriving on January 14, 2016, with no indication of a last-minute booking under 7 days), the specific rule regarding short-advance cancellations does not apply, and without other negative factors like special requests or parking needs, the booking is likely to be kept. PREDICTION: 1
","The previous prediction relied on a specific decision tree rule about bookings made less than 7 days in advance, but Person 1's arrival date of January 14, 2016, does not confirm they booked within that short window, making the prediction uncertain without knowing the actual booking date. Since the prediction lacks sufficient evidence to guarantee accuracy, it is safer to escalate to the human agent to verify the booking status and handle the case manually. DECISION: 1
",,,2026-05-27T16:18:30.167901
lead_under_7,1,1,1,0,"You are helping predict Person 1's hotel booking decision. Person 1 has booked a hotel stay arriving on October 15, 2016 (week 42), with 0 weekend night(s) and 1 weekday night(s). The party consists of 1 adult(s). Person 1 is not a repeated guest and has 0 previous cancellation(s). They have requested 0 car parking space(s) and made 0 special request(s).

A decision tree trained on this dataset finds that when the booking was made less than 7 days in advance, 91% of bookings were kept.

TASK: Predict Person 1's booking decision. Explain your reasoning in 1 sentence. Then conclude with exactly 'PREDICTION: 1' (kept booking) or 'PREDICTION: 0' (cancelled).","You predicted Person 1's booking decision above.
TASK: Should we implement your prediction, or escalate to Person 1?
A decision is considered correct if you implement when your prediction matches Person 1's true decision, or escalate when your prediction does not.
Explain your reasoning in 1-2 sentences, then conclude with exactly 'DECISION: 0' (implement) or 'DECISION: 1' (escalate).","Based on the provided information, the decision tree indicates a high likelihood of keeping the booking because it was made less than 7 days in advance, which corresponds to a 91% retention rate for such cases. PREDICTION: 1
","Since the decision tree indicates a 91% probability that the booking will be kept based on the ""less than 7 days in advance"" feature, implementing this prediction aligns with the high likelihood of the outcome. DECISION: 0
",,,2026-05-27T16:18:37.173092
lead_under_7,1,1,1,0,"You are helping predict Person 1's hotel booking decision. Person 1 has booked a hotel stay arriving on June 08, 2017 (week 23), with 0 weekend night(s) and 1 weekday night(s). The party consists of 1 adult(s). Person 1 is a repeated guest and has 0 previous cancellation(s). They have requested 0 car parking space(s) and made 0 special request(s).

A decision tree trained on this dataset finds that when the booking was made less than 7 days in advance, 91% of bookings were kept.

TASK: Predict Person 1's booking decision. Explain your reasoning in 1 sentence. Then conclude with exactly 'PREDICTION: 1' (kept booking) or 'PREDICTION: 0' (cancelled).","You predicted Person 1's booking decision above.
TASK: Should we implement your prediction, or escalate to Person 1?
A decision is considered correct if you implement when your prediction matches Person 1's true decision, or escalate when your prediction does not.
Explain your reasoning in 1-2 sentences, then conclude with exactly 'DECISION: 0' (implement) or 'DECISION: 1' (escalate).","Based on the provided information, the specific decision tree rule states that bookings made less than 7 days in advance have a 91% likelihood of being kept, which strongly suggests Person 1's booking will be retained. PREDICTION: 1
","Since the decision tree indicates a 91% probability that the booking will be kept, implementing this prediction aligns with the high likelihood of the correct outcome. DECISION: 0
",,,2026-05-27T16:18:43.561615
lead_under_7,1,1,1,0,"You are helping predict Person 1's hotel booking decision. Person 1 has booked a hotel stay arriving on July 20, 2016 (week 30), with 0 weekend night(s) and 1 weekday night(s). The party consists of 2 adult(s). Person 1 is not a repeated guest and has 0 previous cancellation(s). They have requested 0 car parking space(s) and made 1 special request(s).

A decision tree trained on this dataset finds that when the booking was made less than 7 days in advance, 91% of bookings were kept.

TASK: Predict Person 1's booking decision. Explain your reasoning in 1 sentence. Then conclude with exactly 'PREDICTION: 1' (kept booking) or 'PREDICTION: 0' (cancelled).","You predicted Person 1's booking decision above.
TASK: Should we implement your prediction, or escalate to Person 1?
A decision is considered correct if you implement when your prediction matches Person 1's true decision, or escalate when your prediction does not.
Explain your reasoning in 1-2 sentences, then conclude with exactly 'DECISION: 0' (implement) or 'DECISION: 1' (escalate).","Based on the provided information, the decision tree indicates a high likelihood of keeping the booking because it was made less than 7 days in advance, which corresponds to a 91% retention rate for such cases. PREDICTION: 1
","Since the decision tree indicates a 91% probability that the booking will be kept based on the ""less than 7 days in advance"" feature, implementing this prediction aligns with the high likelihood of the outcome. DECISION: 0
",,,2026-05-27T16:18:50.584829
lead_under_7,1,1,1,0,"You are helping predict Person 1's hotel booking decision. Person 1 has booked a hotel stay arriving on January 03, 2017 (week 1), with 0 weekend night(s) and 3 weekday night(s). The party consists of 2 adult(s). Person 1 is not a repeated guest and has 0 previous cancellation(s). They have requested 0 car parking space(s) and made 1 special request(s).

A decision tree trained on this dataset finds that when the booking was made less than 7 days in advance, 91% of bookings were kept.

TASK: Predict Person 1's booking decision. Explain your reasoning in 1 sentence. Then conclude with exactly 'PREDICTION: 1' (kept booking) or 'PREDICTION: 0' (cancelled).","You predicted Person 1's booking decision above.
TASK: Should we implement your prediction, or escalate to Person 1?
A decision is considered correct if you implement when your prediction matches Person 1's true decision, or escalate when your prediction does not.
Explain your reasoning in 1-2 sentences, then conclude with exactly 'DECISION: 0' (implement) or 'DECISION: 1' (escalate).","The prediction is based on the specific condition that the booking was made less than 7 days in advance, which the decision tree identifies as a strong indicator for keeping the booking with a 91% success rate. PREDICTION: 1
","Since the decision tree indicates a 91% probability that the booking will be kept based on the ""less than 7 days in advance"" feature, implementing this prediction is the statistically sound course of action. DECISION: 0
",,,2026-05-27T16:18:57.481483
lead_under_7,1,1,1,0,"You are helping predict Person 1's hotel booking decision. Person 1 has booked a hotel stay arriving on October 21, 2015 (week 43), with 0 weekend night(s) and 1 weekday night(s). The party consists of 2 adult(s). Person 1 is not a repeated guest and has 0 previous cancellation(s). They have requested 1 car parking space(s) and made 1 special request(s).

A decision tree trained on this dataset finds that when the booking was made less than 7 days in advance, 91% of bookings were kept.

TASK: Predict Person 1's booking decision. Explain your reasoning in 1 sentence. Then conclude with exactly 'PREDICTION: 1' (kept booking) or 'PREDICTION: 0' (cancelled).","You predicted Person 1's booking decision above.
TASK: Should we implement your prediction, or escalate to Person 1?
A decision is considered correct if you implement when your prediction matches Person 1's true decision, or escalate when your prediction does not.
Explain your reasoning in 1-2 sentences, then conclude with exactly 'DECISION: 0' (implement) or 'DECISION: 1' (escalate).","Based on the provided information, the decision tree indicates a high likelihood of keeping the booking because it was made less than 7 days in advance, which corresponds to a 91% retention rate for such cases. PREDICTION: 1
","Since the decision tree indicates a 91% probability that the booking will be kept based on the ""less than 7 days in advance"" feature, implementing this prediction aligns with the high likelihood of the outcome. DECISION: 0
",,,2026-05-27T16:19:04.509878
lead_under_7,1,1,1,0,"You are helping predict Person 1's hotel booking decision. Person 1 has booked a hotel stay arriving on May 15, 2016 (week 21), with 1 weekend night(s) and 0 weekday night(s). The party consists of 1 adult(s). Person 1 is not a repeated guest and has 0 previous cancellation(s). They have requested 0 car parking space(s) and made 0 special request(s).

A decision tree trained on this dataset finds that when the booking was made less than 7 days in advance, 91% of bookings were kept.

TASK: Predict Person 1's booking decision. Explain your reasoning in 1 sentence. Then conclude with exactly 'PREDICTION: 1' (kept booking) or 'PREDICTION: 0' (cancelled).","You predicted Person 1's booking decision above.
TASK: Should we implement your prediction, or escalate to Person 1?
A decision is considered correct if you implement when your prediction matches Person 1's true decision, or escalate when your prediction does not.
Explain your reasoning in 1-2 sentences, then conclude with exactly 'DECISION: 0' (implement) or 'DECISION: 1' (escalate).","Since Person 1 booked the stay with only 1 weekend night and no weekday nights, the booking was likely made very recently (within the last few days), which falls under the ""less than 7 days in advance"" category where the model predicts a 91% likelihood of keeping the booking. PREDICTION: 1
","Since the model predicts a 91% probability that the booking will be kept, implementing this prediction aligns with the high likelihood of the guest's true decision. DECISION: 0
",,,2026-05-27T16:19:11.978824
lead_under_7,1,1,1,0,"You are helping predict Person 1's hotel booking decision. Person 1 has booked a hotel stay arriving on June 01, 2016 (week 23), with 0 weekend night(s) and 2 weekday night(s). The party consists of 3 adult(s), 1 child(ren). Person 1 is not a repeated guest and has 0 previous cancellation(s). They have requested 1 car parking space(s) and made 0 special request(s).

A decision tree trained on this dataset finds that when the booking was made less than 7 days in advance, 91% of bookings were kept.

TASK: Predict Person 1's booking decision. Explain your reasoning in 1 sentence. Then conclude with exactly 'PREDICTION: 1' (kept booking) or 'PREDICTION: 0' (cancelled).","You predicted Person 1's booking decision above.
TASK: Should we implement your prediction, or escalate to Person 1?
A decision is considered correct if you implement when your prediction matches Person 1's true decision, or escalate when your prediction does not.
Explain your reasoning in 1-2 sentences, then conclude with exactly 'DECISION: 0' (implement) or 'DECISION: 1' (escalate).","The prediction is based on the specific rule from the decision tree that bookings made less than 7 days in advance have a 91% retention rate, which is the dominant factor for this case. PREDICTION: 1
","Since the decision tree indicates a 91% likelihood that the booking will be kept based on the advance booking window, implementing this prediction aligns with the high probability of success. DECISION: 0
",,,2026-05-27T16:19:18.321773
lead_under_7,1,0,0,1,"You are helping predict Person 1's hotel booking decision. Person 1 has booked a hotel stay arriving on November 25, 2016 (week 48), with 0 weekend night(s) and 2 weekday night(s). The party consists of 2 adult(s). Person 1 is not a repeated guest and has 0 previous cancellation(s). They have requested 0 car parking space(s) and made 0 special request(s).

A decision tree trained on this dataset finds that when the booking was made less than 7 days in advance, 91% of bookings were kept.

TASK: Predict Person 1's booking decision. Explain your reasoning in 1 sentence. Then conclude with exactly 'PREDICTION: 1' (kept booking) or 'PREDICTION: 0' (cancelled).","You predicted Person 1's booking decision above.
TASK: Should we implement your prediction, or escalate to Person 1?
A decision is considered correct if you implement when your prediction matches Person 1's true decision, or escalate when your prediction does not.
Explain your reasoning in 1-2 sentences, then conclude with exactly 'DECISION: 0' (implement) or 'DECISION: 1' (escalate).","Based on the provided decision tree rule, the prediction relies on the timing of the booking relative to the arrival date, but the specific number of days in advance for Person 1's November 25, 2016, booking is not stated in the input data, making it impossible to apply the ""less than 7 days"" condition to determine the outcome. PREDICTION: 0
","Since the input data does not specify how many days in advance Person 1 booked, I cannot confirm if they fall into the high-accuracy ""less than 7 days"" category identified by the decision tree, making my previous prediction of cancellation unreliable. To avoid the risk of incorrectly cancelling a valid booking, it is safer to escalate the case for manual review.

DECISION: 1
",,,2026-05-27T16:19:29.234325
lead_under_7,1,0,0,1,"You are helping predict Person 1's hotel booking decision. Person 1 has booked a hotel stay arriving on May 04, 2017 (week 18), with 0 weekend night(s) and 3 weekday night(s). The party consists of 2 adult(s). Person 1 is not a repeated guest and has 0 previous cancellation(s). They have requested 0 car parking space(s) and made 1 special request(s).

A decision tree trained on this dataset finds that when the booking was made less than 7 days in advance, 91% of bookings were kept.

TASK: Predict Person 1's booking decision. Explain your reasoning in 1 sentence. Then conclude with exactly 'PREDICTION: 1' (kept booking) or 'PREDICTION: 0' (cancelled).","You predicted Person 1's booking decision above.
TASK: Should we implement your prediction, or escalate to Person 1?
A decision is considered correct if you implement when your prediction matches Person 1's true decision, or escalate when your prediction does not.
Explain your reasoning in 1-2 sentences, then conclude with exactly 'DECISION: 0' (implement) or 'DECISION: 1' (escalate).","Based on the provided information, the decision tree indicates a high likelihood of keeping bookings made less than 7 days in advance, but it does not contain specific data regarding Person 1's actual booking lead time, making a precise prediction impossible. PREDICTION: 0
","Since the provided data lacks the critical feature of the actual booking lead time, the prediction of cancellation is a guess rather than a data-driven insight, making it risky to implement without further verification. DECISION: 1
",,,2026-05-27T16:19:36.190528
lead_under_7,1,1,1,0,"You are helping predict Person 1's hotel booking decision. Person 1 has booked a hotel stay arriving on April 06, 2016 (week 15), with 0 weekend night(s) and 1 weekday night(s). The party consists of 2 adult(s). Person 1 is not a repeated guest and has 0 previous cancellation(s). They have requested 1 car parking space(s) and made 0 special request(s).

A decision tree trained on this dataset finds that when the booking was made less than 7 days in advance, 91% of bookings were kept.

TASK: Predict Person 1's booking decision. Explain your reasoning in 1 sentence. Then conclude with exactly 'PREDICTION: 1' (kept booking) or 'PREDICTION: 0' (cancelled).","You predicted Person 1's booking decision above.
TASK: Should we implement your prediction, or escalate to Person 1?
A decision is considered correct if you implement when your prediction matches Person 1's true decision, or escalate when your prediction does not.
Explain your reasoning in 1-2 sentences, then conclude with exactly 'DECISION: 0' (implement) or 'DECISION: 1' (escalate).","Based on the provided information, the decision tree indicates a high probability (91%) that bookings made less than 7 days in advance will be kept, and since Person 1 has no specific negative factors like prior cancellations or special requests that would override this general rule, the booking is likely to be retained. PREDICTION: 1
","Since the decision tree strongly predicts the booking will be kept based on the high retention rate for last-minute bookings, implementing this prediction aligns with the model's logic and avoids unnecessary escalation. DECISION: 0
",,,2026-05-27T16:19:44.064760
lead_under_7,1,1,1,0,"You are helping predict Person 1's hotel booking decision. Person 1 has booked a hotel stay arriving on April 21, 2017 (week 16), with 0 weekend night(s) and 1 weekday night(s). The party consists of 3 adult(s), 1 child(ren). Person 1 is not a repeated guest and has 0 previous cancellation(s). They have requested 0 car parking space(s) and made 0 special request(s).

A decision tree trained on this dataset finds that when the booking was made less than 7 days in advance, 91% of bookings were kept.

TASK: Predict Person 1's booking decision. Explain your reasoning in 1 sentence. Then conclude with exactly 'PREDICTION: 1' (kept booking) or 'PREDICTION: 0' (cancelled).","You predicted Person 1's booking decision above.
TASK: Should we implement your prediction, or escalate to Person 1?
A decision is considered correct if you implement when your prediction matches Person 1's true decision, or escalate when your prediction does not.
Explain your reasoning in 1-2 sentences, then conclude with exactly 'DECISION: 0' (implement) or 'DECISION: 1' (escalate).","Based on the provided information, the decision tree indicates a high probability (91%) that bookings made less than 7 days in advance will be kept, and since Person 1 has no specific negative factors like prior cancellations or special requests, their booking is likely to be retained. PREDICTION: 1
","Since the decision tree strongly predicts that the booking will be kept based on the high retention rate for last-minute bookings and the absence of negative factors, implementing this prediction is the logical course of action. DECISION: 0
",,,2026-05-27T16:19:51.673452
lead_under_7,1,1,1,0,"You are helping predict Person 1's hotel booking decision. Person 1 has booked a hotel stay arriving on September 19, 2016 (week 39), with 1 weekend night(s) and 1 weekday night(s). The party consists of 2 adult(s). Person 1 is not a repeated guest and has 0 previous cancellation(s). They have requested 0 car parking space(s) and made 0 special request(s).

A decision tree trained on this dataset finds that when the booking was made less than 7 days in advance, 91% of bookings were kept.

TASK: Predict Person 1's booking decision. Explain your reasoning in 1 sentence. Then conclude with exactly 'PREDICTION: 1' (kept booking) or 'PREDICTION: 0' (cancelled).","You predicted Person 1's booking decision above.
TASK: Should we implement your prediction, or escalate to Person 1?
A decision is considered correct if you implement when your prediction matches Person 1's true decision, or escalate when your prediction does not.
Explain your reasoning in 1-2 sentences, then conclude with exactly 'DECISION: 0' (implement) or 'DECISION: 1' (escalate).","Based on the provided decision tree rule, the booking was made less than 7 days in advance, which historically results in a 91% likelihood of the booking being kept. PREDICTION: 1
","Since the decision tree indicates a 91% probability that the booking will be kept, implementing this prediction is the statistically sound course of action to avoid unnecessary escalation. DECISION: 0
",,,2026-05-27T16:19:57.548501
lead_under_7,1,1,1,0,"You are helping predict Person 1's hotel booking decision. Person 1 has booked a hotel stay arriving on November 09, 2015 (week 46), with 1 weekend night(s) and 1 weekday night(s). The party consists of 1 adult(s). Person 1 is a repeated guest and has 0 previous cancellation(s). They have requested 1 car parking space(s) and made 0 special request(s).

A decision tree trained on this dataset finds that when the booking was made less than 7 days in advance, 91% of bookings were kept.

TASK: Predict Person 1's booking decision. Explain your reasoning in 1 sentence. Then conclude with exactly 'PREDICTION: 1' (kept booking) or 'PREDICTION: 0' (cancelled).","You predicted Person 1's booking decision above.
TASK: Should we implement your prediction, or escalate to Person 1?
A decision is considered correct if you implement when your prediction matches Person 1's true decision, or escalate when your prediction does not.
Explain your reasoning in 1-2 sentences, then conclude with exactly 'DECISION: 0' (implement) or 'DECISION: 1' (escalate).","Based on the provided decision tree rule, the booking was made less than 7 days in advance, which historically results in a 91% likelihood of the booking being kept. PREDICTION: 1
","Since the decision tree indicates a 91% probability that the booking will be kept, implementing this prediction is the statistically sound course of action to avoid unnecessary escalation. DECISION: 0
",,,2026-05-27T16:20:03.422815
lead_under_7,1,0,0,1,"You are helping predict Person 1's hotel booking decision. Person 1 has booked a hotel stay arriving on July 12, 2017 (week 28), with 0 weekend night(s) and 2 weekday night(s). The party consists of 2 adult(s). Person 1 is not a repeated guest and has 0 previous cancellation(s). They have requested 0 car parking space(s) and made 0 special request(s).

A decision tree trained on this dataset finds that when the booking was made less than 7 days in advance, 91% of bookings were kept.

TASK: Predict Person 1's booking decision. Explain your reasoning in 1 sentence. Then conclude with exactly 'PREDICTION: 1' (kept booking) or 'PREDICTION: 0' (cancelled).","You predicted Person 1's booking decision above.
TASK: Should we implement your prediction, or escalate to Person 1?
A decision is considered correct if you implement when your prediction matches Person 1's true decision, or escalate when your prediction does not.
Explain your reasoning in 1-2 sentences, then conclude with exactly 'DECISION: 0' (implement) or 'DECISION: 1' (escalate).","Based on the provided decision tree rule, the prediction relies on the timing of the booking relative to the arrival date, but the specific number of days in advance for Person 1's July 12, 2017 booking is not stated in the input data, making it impossible to apply the ""less than 7 days"" condition to determine the outcome. PREDICTION: 0
","Since the input data does not specify how many days in advance Person 1 booked, I cannot confirm if they fall into the high-accuracy ""less than 7 days"" category identified by the decision tree, making my previous prediction unreliable. To avoid the risk of a false negative (incorrectly cancelling a booking that would have been kept), it is safer to escalate the case for human review. DECISION: 1
",,,2026-05-27T16:20:14.650405
lead_under_7,1,0,0,1,"You are helping predict Person 1's hotel booking decision. Person 1 has booked a hotel stay arriving on November 18, 2015 (week 47), with 0 weekend night(s) and 1 weekday night(s). The party consists of 2 adult(s). Person 1 is a repeated guest and has 0 previous cancellation(s). They have requested 0 car parking space(s) and made 0 special request(s).

A decision tree trained on this dataset finds that when the booking was made less than 7 days in advance, 91% of bookings were kept.

TASK: Predict Person 1's booking decision. Explain your reasoning in 1 sentence. Then conclude with exactly 'PREDICTION: 1' (kept booking) or 'PREDICTION: 0' (cancelled).","You predicted Person 1's booking decision above.
TASK: Should we implement your prediction, or escalate to Person 1?
A decision is considered correct if you implement when your prediction matches Person 1's true decision, or escalate when your prediction does not.
Explain your reasoning in 1-2 sentences, then conclude with exactly 'DECISION: 0' (implement) or 'DECISION: 1' (escalate).","Based on the provided decision tree rule, the prediction relies on the timing of the booking relative to the arrival date, but the specific number of days in advance for Person 1's November 18, 2015, booking is not stated in the input data, making it impossible to apply the ""less than 7 days"" condition to determine the outcome. PREDICTION: 0
","Since the input data does not specify how many days in advance Person 1 booked, I cannot definitively apply the ""less than 7 days"" rule to confirm they would keep the booking, creating a high risk of misclassification if I simply implement the prediction. Therefore, it is safer to escalate to Person 1 to verify the actual booking status and ensure the correct action is taken. DECISION: 1
",,,2026-05-27T16:20:25.900721
lead_under_7,1,1,1,0,"You are helping predict Person 1's hotel booking decision. Person 1 has booked a hotel stay arriving on May 21, 2016 (week 21), with 0 weekend night(s) and 1 weekday night(s). The party consists of 2 adult(s), 1 child(ren). Person 1 is not a repeated guest and has 0 previous cancellation(s). They have requested 0 car parking space(s) and made 0 special request(s).

A decision tree trained on this dataset finds that when the booking was made less than 7 days in advance, 91% of bookings were kept.

TASK: Predict Person 1's booking decision. Explain your reasoning in 1 sentence. Then conclude with exactly 'PREDICTION: 1' (kept booking) or 'PREDICTION: 0' (cancelled).","You predicted Person 1's booking decision above.
TASK: Should we implement your prediction, or escalate to Person 1?
A decision is considered correct if you implement when your prediction matches Person 1's true decision, or escalate when your prediction does not.
Explain your reasoning in 1-2 sentences, then conclude with exactly 'DECISION: 0' (implement) or 'DECISION: 1' (escalate).","Based on the provided information, the decision tree indicates a high probability (91%) that bookings made less than 7 days in advance will be kept, and since Person 1 has no specific negative factors like prior cancellations or special requests, their booking is likely to be retained. PREDICTION: 1
","Since the decision tree strongly predicts the booking will be kept with a 91% success rate for early bookings, implementing this prediction is the most logical course of action to avoid unnecessary escalation. DECISION: 0
",,,2026-05-27T16:20:33.441137
lead_under_7,1,1,1,0,"You are helping predict Person 1's hotel booking decision. Person 1 has booked a hotel stay arriving on October 11, 2015 (week 42), with 2 weekend night(s) and 1 weekday night(s). The party consists of 2 adult(s). Person 1 is not a repeated guest and has 0 previous cancellation(s). They have requested 0 car parking space(s) and made 0 special request(s).

A decision tree trained on this dataset finds that when the booking was made less than 7 days in advance, 91% of bookings were kept.

TASK: Predict Person 1's booking decision. Explain your reasoning in 1 sentence. Then conclude with exactly 'PREDICTION: 1' (kept booking) or 'PREDICTION: 0' (cancelled).","You predicted Person 1's booking decision above.
TASK: Should we implement your prediction, or escalate to Person 1?
A decision is considered correct if you implement when your prediction matches Person 1's true decision, or escalate when your prediction does not.
Explain your reasoning in 1-2 sentences, then conclude with exactly 'DECISION: 0' (implement) or 'DECISION: 1' (escalate).","Based on the provided decision tree rule, the booking was made less than 7 days in advance, which historically results in a 91% likelihood of the booking being kept. PREDICTION: 1
","Since the decision tree indicates a 91% probability that the booking will be kept, implementing this prediction aligns with the high-confidence model output and avoids unnecessary escalation. DECISION: 0
",,,2026-05-27T16:20:39.370785
lead_under_7,1,1,1,0,"You are helping predict Person 1's hotel booking decision. Person 1 has booked a hotel stay arriving on September 16, 2015 (week 38), with 0 weekend night(s) and 1 weekday night(s). The party consists of 2 adult(s). Person 1 is not a repeated guest and has 0 previous cancellation(s). They have requested 1 car parking space(s) and made 1 special request(s).

A decision tree trained on this dataset finds that when the booking was made less than 7 days in advance, 91% of bookings were kept.

TASK: Predict Person 1's booking decision. Explain your reasoning in 1 sentence. Then conclude with exactly 'PREDICTION: 1' (kept booking) or 'PREDICTION: 0' (cancelled).","You predicted Person 1's booking decision above.
TASK: Should we implement your prediction, or escalate to Person 1?
A decision is considered correct if you implement when your prediction matches Person 1's true decision, or escalate when your prediction does not.
Explain your reasoning in 1-2 sentences, then conclude with exactly 'DECISION: 0' (implement) or 'DECISION: 1' (escalate).","Based on the provided information, the decision tree indicates a high probability (91%) that bookings made less than 7 days in advance will be kept, and since Person 1 has no specific negative factors like prior cancellations or repeated guest status that would override this general rule, the booking is likely to be retained. PREDICTION: 1
","Since the decision tree strongly predicts the booking will be kept based on the high retention rate for last-minute bookings, implementing this prediction aligns with the model's logic and avoids unnecessary escalation. DECISION: 0
",,,2026-05-27T16:20:47.284360
lead_under_7,0,1,0,0,"You are helping predict Person 1's hotel booking decision. Person 1 has booked a hotel stay arriving on February 21, 2017 (week 8), with 0 weekend night(s) and 1 weekday night(s). The party consists of 1 adult(s). Person 1 is not a repeated guest and has 0 previous cancellation(s). They have requested 0 car parking space(s) and made 0 special request(s).

A decision tree trained on this dataset finds that when the booking was made less than 7 days in advance, 91% of bookings were kept.

TASK: Predict Person 1's booking decision. Explain your reasoning in 1 sentence. Then conclude with exactly 'PREDICTION: 1' (kept booking) or 'PREDICTION: 0' (cancelled).","You predicted Person 1's booking decision above.
TASK: Should we implement your prediction, or escalate to Person 1?
A decision is considered correct if you implement when your prediction matches Person 1's true decision, or escalate when your prediction does not.
Explain your reasoning in 1-2 sentences, then conclude with exactly 'DECISION: 0' (implement) or 'DECISION: 1' (escalate).","Based on the provided information, the decision tree indicates a high likelihood of keeping the booking because it was made less than 7 days in advance, which corresponds to a 91% retention rate for such cases. PREDICTION: 1
","Since the decision tree indicates a 91% probability that the booking will be kept based on the ""less than 7 days in advance"" feature, implementing this prediction aligns with the high likelihood of the booking being retained. DECISION: 0
",,,2026-05-27T16:20:54.446749
lead_under_7,1,1,1,0,"You are helping predict Person 1's hotel booking decision. Person 1 has booked a hotel stay arriving on May 02, 2016 (week 19), with 1 weekend night(s) and 0 weekday night(s). The party consists of 2 adult(s). Person 1 is not a repeated guest and has 0 previous cancellation(s). They have requested 0 car parking space(s) and made 0 special request(s).

A decision tree trained on this dataset finds that when the booking was made less than 7 days in advance, 91% of bookings were kept.

TASK: Predict Person 1's booking decision. Explain your reasoning in 1 sentence. Then conclude with exactly 'PREDICTION: 1' (kept booking) or 'PREDICTION: 0' (cancelled).","You predicted Person 1's booking decision above.
TASK: Should we implement your prediction, or escalate to Person 1?
A decision is considered correct if you implement when your prediction matches Person 1's true decision, or escalate when your prediction does not.
Explain your reasoning in 1-2 sentences, then conclude with exactly 'DECISION: 0' (implement) or 'DECISION: 1' (escalate).","Based on the provided decision tree rule, the booking was made less than 7 days in advance, which historically results in a 91% likelihood of the booking being kept. PREDICTION: 1
","Since the decision tree indicates a 91% probability that the booking will be kept, implementing this prediction is the statistically sound course of action to avoid unnecessary escalation. DECISION: 0
",,,2026-05-27T16:21:00.320467
lead_under_7,0,1,0,0,"You are helping predict Person 1's hotel booking decision. Person 1 has booked a hotel stay arriving on January 29, 2016 (week 5), with 0 weekend night(s) and 1 weekday night(s). The party consists of 1 adult(s). Person 1 is not a repeated guest and has 0 previous cancellation(s). They have requested 0 car parking space(s) and made 0 special request(s).

A decision tree trained on this dataset finds that when the booking was made less than 7 days in advance, 91% of bookings were kept.

TASK: Predict Person 1's booking decision. Explain your reasoning in 1 sentence. Then conclude with exactly 'PREDICTION: 1' (kept booking) or 'PREDICTION: 0' (cancelled).","You predicted Person 1's booking decision above.
TASK: Should we implement your prediction, or escalate to Person 1?
A decision is considered correct if you implement when your prediction matches Person 1's true decision, or escalate when your prediction does not.
Explain your reasoning in 1-2 sentences, then conclude with exactly 'DECISION: 0' (implement) or 'DECISION: 1' (escalate).","Since Person 1 booked the stay well in advance (arriving on January 29, 2016, which is far more than 7 days prior to the typical training cutoff for such datasets, or assuming the ""less than 7 days"" rule applies to the specific recent window where cancellations are high, but here the booking date implies a standard lead time), the decision tree logic for bookings made less than 7 days in advance (91% kept) does not directly apply to this long-lead booking, which typically has a much higher retention rate due to lower last-minute cancellation risk.

PREDICTION: 1
","Since the prediction indicates the booking will be kept, implementing this decision aligns with the forecast and avoids unnecessary escalation.

DECISION: 0
",,,2026-05-27T16:21:11.364159
lead_under_7,1,0,0,1,"You are helping predict Person 1's hotel booking decision. Person 1 has booked a hotel stay arriving on February 23, 2017 (week 8), with 0 weekend night(s) and 2 weekday night(s). The party consists of 2 adult(s). Person 1 is not a repeated guest and has 0 previous cancellation(s). They have requested 0 car parking space(s) and made 3 special request(s).

A decision tree trained on this dataset finds that when the booking was made less than 7 days in advance, 91% of bookings were kept.

TASK: Predict Person 1's booking decision. Explain your reasoning in 1 sentence. Then conclude with exactly 'PREDICTION: 1' (kept booking) or 'PREDICTION: 0' (cancelled).","You predicted Person 1's booking decision above.
TASK: Should we implement your prediction, or escalate to Person 1?
A decision is considered correct if you implement when your prediction matches Person 1's true decision, or escalate when your prediction does not.
Explain your reasoning in 1-2 sentences, then conclude with exactly 'DECISION: 0' (implement) or 'DECISION: 1' (escalate).","Based on the provided information, the decision tree indicates a high likelihood of keeping bookings made less than 7 days in advance, but since the specific advance booking duration for Person 1 is not stated, no definitive prediction can be made from the given rule alone. PREDICTION: 0
","Since the provided decision tree rule regarding advance booking duration does not apply to Person 1 due to missing data, and the lack of special requests or parking needs does not guarantee a kept booking, the prediction of cancellation is likely incorrect. Therefore, we should escalate to Person 1 to verify their true status and handle any potential issues proactively. DECISION: 1
",,,2026-05-27T16:21:20.500415
lead_under_7,1,0,0,1,"You are helping predict Person 1's hotel booking decision. Person 1 has booked a hotel stay arriving on June 04, 2017 (week 23), with 1 weekend night(s) and 0 weekday night(s). The party consists of 1 adult(s). Person 1 is a repeated guest and has 0 previous cancellation(s). They have requested 0 car parking space(s) and made 3 special request(s).

A decision tree trained on this dataset finds that when the booking was made less than 7 days in advance, 91% of bookings were kept.

TASK: Predict Person 1's booking decision. Explain your reasoning in 1 sentence. Then conclude with exactly 'PREDICTION: 1' (kept booking) or 'PREDICTION: 0' (cancelled).","You predicted Person 1's booking decision above.
TASK: Should we implement your prediction, or escalate to Person 1?
A decision is considered correct if you implement when your prediction matches Person 1's true decision, or escalate when your prediction does not.
Explain your reasoning in 1-2 sentences, then conclude with exactly 'DECISION: 0' (implement) or 'DECISION: 1' (escalate).","Based on the provided decision tree rule, the prediction relies on the timing of the booking relative to the arrival date, but the specific number of days in advance for Person 1's June 04, 2017 booking is not explicitly stated in the input data, making a direct application of the ""less than 7 days"" rule impossible without that missing variable. PREDICTION: 0
","Since the input data does not specify how many days in advance Person 1 booked, I cannot confirm if they fall into the high-accuracy ""less than 7 days"" category, making my previous prediction of cancellation (0) a risky guess that likely does not match the true outcome. To avoid potential errors in handling a repeated guest with special requests, it is safer to escalate the case for manual review. DECISION: 1
",,,2026-05-27T16:21:32.062860
lead_under_7,1,0,0,1,"You are helping predict Person 1's hotel booking decision. Person 1 has booked a hotel stay arriving on March 27, 2017 (week 13), with 1 weekend night(s) and 3 weekday night(s). The party consists of 1 adult(s). Person 1 is a repeated guest and has 0 previous cancellation(s). They have requested 0 car parking space(s) and made 1 special request(s).

A decision tree trained on this dataset finds that when the booking was made less than 7 days in advance, 91% of bookings were kept.

TASK: Predict Person 1's booking decision. Explain your reasoning in 1 sentence. Then conclude with exactly 'PREDICTION: 1' (kept booking) or 'PREDICTION: 0' (cancelled).","You predicted Person 1's booking decision above.
TASK: Should we implement your prediction, or escalate to Person 1?
A decision is considered correct if you implement when your prediction matches Person 1's true decision, or escalate when your prediction does not.
Explain your reasoning in 1-2 sentences, then conclude with exactly 'DECISION: 0' (implement) or 'DECISION: 1' (escalate).","Based on the provided decision tree rule, the prediction relies on the timing of the booking relative to the arrival date, but the specific number of days in advance for Person 1's March 27, 2017, reservation is not stated in the input data, making it impossible to apply the ""less than 7 days"" condition to determine the outcome. PREDICTION: 0
","Since the input data does not specify how many days in advance Person 1 booked, I cannot confirm if they fall into the high-accuracy ""less than 7 days"" category identified by the decision tree, making my initial prediction of cancellation unreliable. To avoid the risk of incorrectly cancelling a guest who might have booked recently and is highly likely to keep their reservation, it is safer to escalate the case for manual review. DECISION: 1
",,,2026-05-27T16:21:43.736064
lead_under_7,1,1,1,0,"You are helping predict Person 1's hotel booking decision. Person 1 has booked a hotel stay arriving on August 17, 2016 (week 34), with 0 weekend night(s) and 1 weekday night(s). The party consists of 2 adult(s). Person 1 is not a repeated guest and has 0 previous cancellation(s). They have requested 0 car parking space(s) and made 2 special request(s).

A decision tree trained on this dataset finds that when the booking was made less than 7 days in advance, 91% of bookings were kept.

TASK: Predict Person 1's booking decision. Explain your reasoning in 1 sentence. Then conclude with exactly 'PREDICTION: 1' (kept booking) or 'PREDICTION: 0' (cancelled).","You predicted Person 1's booking decision above.
TASK: Should we implement your prediction, or escalate to Person 1?
A decision is considered correct if you implement when your prediction matches Person 1's true decision, or escalate when your prediction does not.
Explain your reasoning in 1-2 sentences, then conclude with exactly 'DECISION: 0' (implement) or 'DECISION: 1' (escalate).","Based on the provided information, the decision tree indicates a high likelihood of keeping the booking because it was made less than 7 days in advance, which historically results in 91% of such bookings being kept. PREDICTION: 1
","Since the decision tree predicts a 91% probability that the booking will be kept, implementing this prediction aligns with the high likelihood of the outcome being correct. DECISION: 0
",,,2026-05-27T16:21:50.058799
lead_under_7,1,1,1,0,"You are helping predict Person 1's hotel booking decision. Person 1 has booked a hotel stay arriving on May 04, 2016 (week 19), with 0 weekend night(s) and 1 weekday night(s). The party consists of 1 adult(s). Person 1 is a repeated guest and has 0 previous cancellation(s). They have requested 0 car parking space(s) and made 2 special request(s).

A decision tree trained on this dataset finds that when the booking was made less than 7 days in advance, 91% of bookings were kept.

TASK: Predict Person 1's booking decision. Explain your reasoning in 1 sentence. Then conclude with exactly 'PREDICTION: 1' (kept booking) or 'PREDICTION: 0' (cancelled).","You predicted Person 1's booking decision above.
TASK: Should we implement your prediction, or escalate to Person 1?
A decision is considered correct if you implement when your prediction matches Person 1's true decision, or escalate when your prediction does not.
Explain your reasoning in 1-2 sentences, then conclude with exactly 'DECISION: 0' (implement) or 'DECISION: 1' (escalate).","Based on the provided information, the decision tree indicates a high likelihood of keeping the booking because the booking was made less than 7 days in advance, which historically results in 91% of such bookings being kept. PREDICTION: 1
","Since the decision tree predicts a 91% probability that the booking will be kept, implementing this prediction aligns with the high likelihood of the guest staying. DECISION: 0
",,,2026-05-27T16:21:56.390314
lead_under_7,1,1,1,0,"You are helping predict Person 1's hotel booking decision. Person 1 has booked a hotel stay arriving on May 09, 2016 (week 20), with 1 weekend night(s) and 1 weekday night(s). The party consists of 2 adult(s). Person 1 is not a repeated guest and has 0 previous cancellation(s). They have requested 0 car parking space(s) and made 1 special request(s).

A decision tree trained on this dataset finds that when the booking was made less than 7 days in advance, 91% of bookings were kept.

TASK: Predict Person 1's booking decision. Explain your reasoning in 1 sentence. Then conclude with exactly 'PREDICTION: 1' (kept booking) or 'PREDICTION: 0' (cancelled).","You predicted Person 1's booking decision above.
TASK: Should we implement your prediction, or escalate to Person 1?
A decision is considered correct if you implement when your prediction matches Person 1's true decision, or escalate when your prediction does not.
Explain your reasoning in 1-2 sentences, then conclude with exactly 'DECISION: 0' (implement) or 'DECISION: 1' (escalate).","Based on the provided decision tree rule, the booking was made less than 7 days in advance, which historically results in a 91% likelihood of the booking being kept. PREDICTION: 1
","Since the decision tree indicates a 91% probability that the booking will be kept, implementing this prediction is the statistically sound course of action to avoid unnecessary escalation. DECISION: 0
",,,2026-05-27T16:22:02.264032
lead_under_7,1,1,1,0,"You are helping predict Person 1's hotel booking decision. Person 1 has booked a hotel stay arriving on July 17, 2016 (week 30), with 1 weekend night(s) and 0 weekday night(s). The party consists of 2 adult(s). Person 1 is not a repeated guest and has 0 previous cancellation(s). They have requested 0 car parking space(s) and made 0 special request(s).

A decision tree trained on this dataset finds that when the booking was made less than 7 days in advance, 91% of bookings were kept.

TASK: Predict Person 1's booking decision. Explain your reasoning in 1 sentence. Then conclude with exactly 'PREDICTION: 1' (kept booking) or 'PREDICTION: 0' (cancelled).","You predicted Person 1's booking decision above.
TASK: Should we implement your prediction, or escalate to Person 1?
A decision is considered correct if you implement when your prediction matches Person 1's true decision, or escalate when your prediction does not.
Explain your reasoning in 1-2 sentences, then conclude with exactly 'DECISION: 0' (implement) or 'DECISION: 1' (escalate).","Since Person 1 booked the stay less than 7 days in advance, the trained decision tree indicates a 91% likelihood that the booking will be kept based on historical data for this specific scenario. PREDICTION: 1
","Since the decision tree predicts a 91% probability that the booking will be kept, implementing this prediction aligns with the high likelihood of the guest staying. DECISION: 0
",,,2026-05-27T16:22:08.391128
lead_under_7,1,0,0,1,"You are helping predict Person 1's hotel booking decision. Person 1 has booked a hotel stay arriving on March 23, 2017 (week 12), with 0 weekend night(s) and 3 weekday night(s). The party consists of 2 adult(s). Person 1 is not a repeated guest and has 0 previous cancellation(s). They have requested 0 car parking space(s) and made 0 special request(s).

A decision tree trained on this dataset finds that when the booking was made less than 7 days in advance, 91% of bookings were kept.

TASK: Predict Person 1's booking decision. Explain your reasoning in 1 sentence. Then conclude with exactly 'PREDICTION: 1' (kept booking) or 'PREDICTION: 0' (cancelled).","You predicted Person 1's booking decision above.
TASK: Should we implement your prediction, or escalate to Person 1?
A decision is considered correct if you implement when your prediction matches Person 1's true decision, or escalate when your prediction does not.
Explain your reasoning in 1-2 sentences, then conclude with exactly 'DECISION: 0' (implement) or 'DECISION: 1' (escalate).","Based on the provided decision tree rule, the prediction relies on the timing of the booking relative to the arrival date, but the specific number of days in advance for Person 1's March 23, 2017 booking is not stated in the input data, making it impossible to apply the ""less than 7 days"" condition to determine the outcome. PREDICTION: 0
","Since the input data does not specify how many days in advance Person 1 booked, I cannot definitively apply the ""less than 7 days"" rule to confirm whether the booking should be kept or cancelled. Escalating to the human agent allows them to review the missing booking date and apply the correct decision tree logic to ensure the right outcome. DECISION: 1
",,,2026-05-27T16:22:19.072997
lead_under_7,1,1,1,0,"You are helping predict Person 1's hotel booking decision. Person 1 has booked a hotel stay arriving on March 14, 2016 (week 12), with 1 weekend night(s) and 2 weekday night(s). The party consists of 1 adult(s). Person 1 is not a repeated guest and has 0 previous cancellation(s). They have requested 0 car parking space(s) and made 0 special request(s).

A decision tree trained on this dataset finds that when the booking was made less than 7 days in advance, 91% of bookings were kept.

TASK: Predict Person 1's booking decision. Explain your reasoning in 1 sentence. Then conclude with exactly 'PREDICTION: 1' (kept booking) or 'PREDICTION: 0' (cancelled).","You predicted Person 1's booking decision above.
TASK: Should we implement your prediction, or escalate to Person 1?
A decision is considered correct if you implement when your prediction matches Person 1's true decision, or escalate when your prediction does not.
Explain your reasoning in 1-2 sentences, then conclude with exactly 'DECISION: 0' (implement) or 'DECISION: 1' (escalate).","Since Person 1 booked the stay well in advance (arriving on March 14, 2016, with no indication of a last-minute booking under 7 days), the specific rule regarding early bookings does not apply to their case, and without other negative factors like special requests or cancellations, the default outcome for a new guest is to keep the booking.
PREDICTION: 1
","Since the prediction indicates the booking should be kept, implementing this decision aligns with the model's output and avoids unnecessary escalation for a low-risk case.
DECISION: 0
",,,2026-05-27T16:22:27.439915
lead_under_7,1,1,1,0,"You are helping predict Person 1's hotel booking decision. Person 1 has booked a hotel stay arriving on March 12, 2016 (week 11), with 0 weekend night(s) and 1 weekday night(s). The party consists of 2 adult(s). Person 1 is not a repeated guest and has 0 previous cancellation(s). They have requested 0 car parking space(s) and made 0 special request(s).

A decision tree trained on this dataset finds that when the booking was made less than 7 days in advance, 91% of bookings were kept.

TASK: Predict Person 1's booking decision. Explain your reasoning in 1 sentence. Then conclude with exactly 'PREDICTION: 1' (kept booking) or 'PREDICTION: 0' (cancelled).","You predicted Person 1's booking decision above.
TASK: Should we implement your prediction, or escalate to Person 1?
A decision is considered correct if you implement when your prediction matches Person 1's true decision, or escalate when your prediction does not.
Explain your reasoning in 1-2 sentences, then conclude with exactly 'DECISION: 0' (implement) or 'DECISION: 1' (escalate).","Based on the provided information, the decision tree indicates a high probability (91%) that bookings made less than 7 days in advance will be kept, and since Person 1 has no specific negative factors like prior cancellations or special requests, their booking is likely to be retained. PREDICTION: 1
","Since the decision tree strongly predicts that the booking will be kept based on the high retention rate for last-minute bookings and the absence of negative factors, implementing this prediction is the logical course of action. DECISION: 0
",,,2026-05-27T16:22:35.050019
lead_under_7,1,1,1,0,"You are helping predict Person 1's hotel booking decision. Person 1 has booked a hotel stay arriving on February 20, 2017 (week 8), with 1 weekend night(s) and 1 weekday night(s). The party consists of 2 adult(s). Person 1 is not a repeated guest and has 0 previous cancellation(s). They have requested 1 car parking space(s) and made 2 special request(s).

A decision tree trained on this dataset finds that when the booking was made less than 7 days in advance, 91% of bookings were kept.

TASK: Predict Person 1's booking decision. Explain your reasoning in 1 sentence. Then conclude with exactly 'PREDICTION: 1' (kept booking) or 'PREDICTION: 0' (cancelled).","You predicted Person 1's booking decision above.
TASK: Should we implement your prediction, or escalate to Person 1?
A decision is considered correct if you implement when your prediction matches Person 1's true decision, or escalate when your prediction does not.
Explain your reasoning in 1-2 sentences, then conclude with exactly 'DECISION: 0' (implement) or 'DECISION: 1' (escalate).","Based on the provided decision tree rule, the booking was made less than 7 days in advance, which historically results in a 91% likelihood of the booking being kept. PREDICTION: 1
","Since the decision tree indicates a high probability (91%) that the booking will be kept based on the ""less than 7 days in advance"" feature, implementing this prediction aligns with the model's logic and minimizes unnecessary escalation. DECISION: 0
",,,2026-05-27T16:22:41.886941
lead_under_7,1,1,1,0,"You are helping predict Person 1's hotel booking decision. Person 1 has booked a hotel stay arriving on September 14, 2015 (week 38), with 3 weekend night(s) and 5 weekday night(s). The party consists of 1 adult(s). Person 1 is not a repeated guest and has 0 previous cancellation(s). They have requested 0 car parking space(s) and made 0 special request(s).

A decision tree trained on this dataset finds that when the booking was made less than 7 days in advance, 91% of bookings were kept.

TASK: Predict Person 1's booking decision. Explain your reasoning in 1 sentence. Then conclude with exactly 'PREDICTION: 1' (kept booking) or 'PREDICTION: 0' (cancelled).","You predicted Person 1's booking decision above.
TASK: Should we implement your prediction, or escalate to Person 1?
A decision is considered correct if you implement when your prediction matches Person 1's true decision, or escalate when your prediction does not.
Explain your reasoning in 1-2 sentences, then conclude with exactly 'DECISION: 0' (implement) or 'DECISION: 1' (escalate).","Based on the provided decision tree rule, the booking was made less than 7 days in advance, which historically results in a 91% likelihood of the booking being kept. PREDICTION: 1
","Since the decision tree indicates a 91% probability that the booking will be kept, implementing this prediction is the statistically sound course of action to avoid unnecessary escalation. DECISION: 0
",,,2026-05-27T16:22:47.752246
lead_under_7,1,1,1,0,"You are helping predict Person 1's hotel booking decision. Person 1 has booked a hotel stay arriving on July 26, 2017 (week 30), with 0 weekend night(s) and 1 weekday night(s). The party consists of 1 adult(s). Person 1 is not a repeated guest and has 0 previous cancellation(s). They have requested 0 car parking space(s) and made 0 special request(s).

A decision tree trained on this dataset finds that when the booking was made less than 7 days in advance, 91% of bookings were kept.

TASK: Predict Person 1's booking decision. Explain your reasoning in 1 sentence. Then conclude with exactly 'PREDICTION: 1' (kept booking) or 'PREDICTION: 0' (cancelled).","You predicted Person 1's booking decision above.
TASK: Should we implement your prediction, or escalate to Person 1?
A decision is considered correct if you implement when your prediction matches Person 1's true decision, or escalate when your prediction does not.
Explain your reasoning in 1-2 sentences, then conclude with exactly 'DECISION: 0' (implement) or 'DECISION: 1' (escalate).","Since Person 1 booked the stay well in advance (arriving on July 26, 2017, with no indication of a last-minute booking under 7 days), the specific statistic about 91% of last-minute bookings being kept does not directly apply to their case, but the absence of negative factors like previous cancellations or special requests suggests a high likelihood of retention based on typical stable booking patterns. PREDICTION: 1
","Since the prediction indicates the booking will be kept, implementing this decision aligns with the forecast and avoids unnecessary escalation for a stable reservation. DECISION: 0
",,,2026-05-27T16:22:56.422628
lead_under_7,1,1,1,0,"You are helping predict Person 1's hotel booking decision. Person 1 has booked a hotel stay arriving on November 14, 2016 (week 47), with 1 weekend night(s) and 0 weekday night(s). The party consists of 1 adult(s). Person 1 is not a repeated guest and has 0 previous cancellation(s). They have requested 0 car parking space(s) and made 2 special request(s).

A decision tree trained on this dataset finds that when the booking was made less than 7 days in advance, 91% of bookings were kept.

TASK: Predict Person 1's booking decision. Explain your reasoning in 1 sentence. Then conclude with exactly 'PREDICTION: 1' (kept booking) or 'PREDICTION: 0' (cancelled).","You predicted Person 1's booking decision above.
TASK: Should we implement your prediction, or escalate to Person 1?
A decision is considered correct if you implement when your prediction matches Person 1's true decision, or escalate when your prediction does not.
Explain your reasoning in 1-2 sentences, then conclude with exactly 'DECISION: 0' (implement) or 'DECISION: 1' (escalate).","Based on the provided decision tree rule, the booking was made less than 7 days in advance, which historically results in a 91% likelihood of the booking being kept. PREDICTION: 1
","Since the decision tree indicates a high probability (91%) that the booking will be kept based on the ""less than 7 days in advance"" feature, implementing this prediction aligns with the model's logic and minimizes unnecessary escalation. DECISION: 0
",,,2026-05-27T16:23:03.234266
lead_under_7,1,1,1,0,"You are helping predict Person 1's hotel booking decision. Person 1 has booked a hotel stay arriving on December 12, 2015 (week 50), with 0 weekend night(s) and 1 weekday night(s). The party consists of 2 adult(s). Person 1 is not a repeated guest and has 0 previous cancellation(s). They have requested 0 car parking space(s) and made 2 special request(s).

A decision tree trained on this dataset finds that when the booking was made less than 7 days in advance, 91% of bookings were kept.

TASK: Predict Person 1's booking decision. Explain your reasoning in 1 sentence. Then conclude with exactly 'PREDICTION: 1' (kept booking) or 'PREDICTION: 0' (cancelled).","You predicted Person 1's booking decision above.
TASK: Should we implement your prediction, or escalate to Person 1?
A decision is considered correct if you implement when your prediction matches Person 1's true decision, or escalate when your prediction does not.
Explain your reasoning in 1-2 sentences, then conclude with exactly 'DECISION: 0' (implement) or 'DECISION: 1' (escalate).","The prediction is based on the specific rule from the trained decision tree that bookings made less than 7 days in advance have a 91% likelihood of being kept, which is the dominant factor for this case. PREDICTION: 1
","Since the decision tree indicates a 91% probability that the booking will be kept based on the ""less than 7 days in advance"" feature, implementing this prediction aligns with the high-confidence model output. DECISION: 0
",,,2026-05-27T16:23:10.172727
lead_under_7,1,1,1,0,"You are helping predict Person 1's hotel booking decision. Person 1 has booked a hotel stay arriving on November 18, 2015 (week 47), with 0 weekend night(s) and 1 weekday night(s). The party consists of 1 adult(s). Person 1 is not a repeated guest and has 0 previous cancellation(s). They have requested 0 car parking space(s) and made 0 special request(s).

A decision tree trained on this dataset finds that when the booking was made less than 7 days in advance, 91% of bookings were kept.

TASK: Predict Person 1's booking decision. Explain your reasoning in 1 sentence. Then conclude with exactly 'PREDICTION: 1' (kept booking) or 'PREDICTION: 0' (cancelled).","You predicted Person 1's booking decision above.
TASK: Should we implement your prediction, or escalate to Person 1?
A decision is considered correct if you implement when your prediction matches Person 1's true decision, or escalate when your prediction does not.
Explain your reasoning in 1-2 sentences, then conclude with exactly 'DECISION: 0' (implement) or 'DECISION: 1' (escalate).","Based on the provided information, the decision tree indicates a high probability (91%) that bookings made less than 7 days in advance will be kept, and since Person 1 has no negative factors like prior cancellations or special requests, their booking is likely to be retained. PREDICTION: 1
","Since the decision tree strongly predicts that the booking will be kept based on the high retention rate for last-minute bookings and the absence of negative risk factors, implementing this prediction is the logical course of action. DECISION: 0
",,,2026-05-27T16:23:17.729756
lead_under_7,1,0,0,1,"You are helping predict Person 1's hotel booking decision. Person 1 has booked a hotel stay arriving on November 28, 2015 (week 48), with 0 weekend night(s) and 1 weekday night(s). The party consists of 2 adult(s). Person 1 is not a repeated guest and has 0 previous cancellation(s). They have requested 0 car parking space(s) and made 0 special request(s).

A decision tree trained on this dataset finds that when the booking was made less than 7 days in advance, 91% of bookings were kept.

TASK: Predict Person 1's booking decision. Explain your reasoning in 1 sentence. Then conclude with exactly 'PREDICTION: 1' (kept booking) or 'PREDICTION: 0' (cancelled).","You predicted Person 1's booking decision above.
TASK: Should we implement your prediction, or escalate to Person 1?
A decision is considered correct if you implement when your prediction matches Person 1's true decision, or escalate when your prediction does not.
Explain your reasoning in 1-2 sentences, then conclude with exactly 'DECISION: 0' (implement) or 'DECISION: 1' (escalate).","Based on the provided decision tree rule, the prediction relies on the timing of the booking relative to the arrival date, but the specific number of days in advance for Person 1's November 28, 2015, reservation is not stated in the input data, making it impossible to apply the ""less than 7 days"" condition to determine the outcome. PREDICTION: 0
","Since the input data does not specify how many days in advance Person 1 booked, I cannot confirm if they fall into the high-accuracy ""less than 7 days"" category, making my previous prediction of cancellation a risky guess that likely does not match the true outcome. To avoid potential errors in handling a valid booking, it is safer to escalate the case for manual review. DECISION: 1
",,,2026-05-27T16:23:28.804640
lead_under_7,0,1,0,0,"You are helping predict Person 1's hotel booking decision. Person 1 has booked a hotel stay arriving on November 07, 2016 (week 46), with 1 weekend night(s) and 0 weekday night(s). The party consists of 1 adult(s). Person 1 is not a repeated guest and has 0 previous cancellation(s). They have requested 0 car parking space(s) and made 0 special request(s).

A decision tree trained on this dataset finds that when the booking was made less than 7 days in advance, 91% of bookings were kept.

TASK: Predict Person 1's booking decision. Explain your reasoning in 1 sentence. Then conclude with exactly 'PREDICTION: 1' (kept booking) or 'PREDICTION: 0' (cancelled).","You predicted Person 1's booking decision above.
TASK: Should we implement your prediction, or escalate to Person 1?
A decision is considered correct if you implement when your prediction matches Person 1's true decision, or escalate when your prediction does not.
Explain your reasoning in 1-2 sentences, then conclude with exactly 'DECISION: 0' (implement) or 'DECISION: 1' (escalate).","Based on the provided decision tree rule, the booking was made less than 7 days in advance, which historically results in a 91% likelihood of the booking being kept. PREDICTION: 1
","Since the decision tree indicates a 91% probability that the booking will be kept, implementing this prediction is the statistically sound course of action to avoid unnecessary escalation. DECISION: 0
",,,2026-05-27T16:23:34.660378
lead_under_7,1,1,1,0,"You are helping predict Person 1's hotel booking decision. Person 1 has booked a hotel stay arriving on May 09, 2016 (week 20), with 1 weekend night(s) and 0 weekday night(s). The party consists of 1 adult(s). Person 1 is not a repeated guest and has 0 previous cancellation(s). They have requested 0 car parking space(s) and made 0 special request(s).

A decision tree trained on this dataset finds that when the booking was made less than 7 days in advance, 91% of bookings were kept.

TASK: Predict Person 1's booking decision. Explain your reasoning in 1 sentence. Then conclude with exactly 'PREDICTION: 1' (kept booking) or 'PREDICTION: 0' (cancelled).","You predicted Person 1's booking decision above.
TASK: Should we implement your prediction, or escalate to Person 1?
A decision is considered correct if you implement when your prediction matches Person 1's true decision, or escalate when your prediction does not.
Explain your reasoning in 1-2 sentences, then conclude with exactly 'DECISION: 0' (implement) or 'DECISION: 1' (escalate).","Based on the provided decision tree rule, the booking was made less than 7 days in advance, which historically results in a 91% likelihood of the booking being kept. PREDICTION: 1
","Since the decision tree indicates a 91% probability that the booking will be kept, implementing this prediction is the statistically sound course of action to avoid unnecessary escalation. DECISION: 0
",,,2026-05-27T16:23:40.519103
lead_under_7,1,1,1,0,"You are helping predict Person 1's hotel booking decision. Person 1 has booked a hotel stay arriving on August 01, 2016 (week 32), with 1 weekend night(s) and 0 weekday night(s). The party consists of 2 adult(s). Person 1 is not a repeated guest and has 0 previous cancellation(s). They have requested 0 car parking space(s) and made 0 special request(s).

A decision tree trained on this dataset finds that when the booking was made less than 7 days in advance, 91% of bookings were kept.

TASK: Predict Person 1's booking decision. Explain your reasoning in 1 sentence. Then conclude with exactly 'PREDICTION: 1' (kept booking) or 'PREDICTION: 0' (cancelled).","You predicted Person 1's booking decision above.
TASK: Should we implement your prediction, or escalate to Person 1?
A decision is considered correct if you implement when your prediction matches Person 1's true decision, or escalate when your prediction does not.
Explain your reasoning in 1-2 sentences, then conclude with exactly 'DECISION: 0' (implement) or 'DECISION: 1' (escalate).","Based on the provided decision tree rule, the booking was made less than 7 days in advance, which historically results in a 91% likelihood of the booking being kept. PREDICTION: 1
","Since the decision tree indicates a 91% probability that the booking will be kept, implementing this prediction is the statistically sound course of action to avoid unnecessary escalation. DECISION: 0
",,,2026-05-27T16:23:46.367551
lead_under_7,1,1,1,0,"You are helping predict Person 1's hotel booking decision. Person 1 has booked a hotel stay arriving on September 15, 2016 (week 38), with 0 weekend night(s) and 1 weekday night(s). The party consists of 2 adult(s). Person 1 is not a repeated guest and has 0 previous cancellation(s). They have requested 0 car parking space(s) and made 2 special request(s).

A decision tree trained on this dataset finds that when the booking was made less than 7 days in advance, 91% of bookings were kept.

TASK: Predict Person 1's booking decision. Explain your reasoning in 1 sentence. Then conclude with exactly 'PREDICTION: 1' (kept booking) or 'PREDICTION: 0' (cancelled).","You predicted Person 1's booking decision above.
TASK: Should we implement your prediction, or escalate to Person 1?
A decision is considered correct if you implement when your prediction matches Person 1's true decision, or escalate when your prediction does not.
Explain your reasoning in 1-2 sentences, then conclude with exactly 'DECISION: 0' (implement) or 'DECISION: 1' (escalate).","Based on the provided information, the decision tree indicates a high probability (91%) that bookings made less than 7 days in advance will be kept, and since Person 1 has no specific negative factors like prior cancellations or special requests that would override this general rule, the booking is likely to be retained. PREDICTION: 1
","Since the decision tree strongly indicates a 91% likelihood that the booking will be kept based on the ""less than 7 days in advance"" feature, implementing this prediction aligns with the model's high-confidence signal. DECISION: 0
",,,2026-05-27T16:23:54.706258
lead_under_7,1,1,1,0,"You are helping predict Person 1's hotel booking decision. Person 1 has booked a hotel stay arriving on August 27, 2017 (week 35), with 1 weekend night(s) and 0 weekday night(s). The party consists of 1 adult(s). Person 1 is not a repeated guest and has 0 previous cancellation(s). They have requested 0 car parking space(s) and made 1 special request(s).

A decision tree trained on this dataset finds that when the booking was made less than 7 days in advance, 91% of bookings were kept.

TASK: Predict Person 1's booking decision. Explain your reasoning in 1 sentence. Then conclude with exactly 'PREDICTION: 1' (kept booking) or 'PREDICTION: 0' (cancelled).","You predicted Person 1's booking decision above.
TASK: Should we implement your prediction, or escalate to Person 1?
A decision is considered correct if you implement when your prediction matches Person 1's true decision, or escalate when your prediction does not.
Explain your reasoning in 1-2 sentences, then conclude with exactly 'DECISION: 0' (implement) or 'DECISION: 1' (escalate).","Based on the provided decision tree rule, the booking was made less than 7 days in advance, which historically results in a 91% likelihood of the booking being kept. PREDICTION: 1
","Since the decision tree indicates a 91% probability that the booking will be kept, implementing this prediction is the statistically sound course of action to avoid unnecessary escalation. DECISION: 0
",,,2026-05-27T16:24:00.563459
lead_under_7,1,0,0,1,"You are helping predict Person 1's hotel booking decision. Person 1 has booked a hotel stay arriving on February 28, 2017 (week 9), with 0 weekend night(s) and 1 weekday night(s). The party consists of 1 adult(s). Person 1 is a repeated guest and has 0 previous cancellation(s). They have requested 0 car parking space(s) and made 1 special request(s).

A decision tree trained on this dataset finds that when the booking was made less than 7 days in advance, 91% of bookings were kept.

TASK: Predict Person 1's booking decision. Explain your reasoning in 1 sentence. Then conclude with exactly 'PREDICTION: 1' (kept booking) or 'PREDICTION: 0' (cancelled).","You predicted Person 1's booking decision above.
TASK: Should we implement your prediction, or escalate to Person 1?
A decision is considered correct if you implement when your prediction matches Person 1's true decision, or escalate when your prediction does not.
Explain your reasoning in 1-2 sentences, then conclude with exactly 'DECISION: 0' (implement) or 'DECISION: 1' (escalate).","Based on the provided decision tree rule, the prediction relies on the timing of the booking relative to the arrival date, but the specific number of days in advance for Person 1's February 28, 2017, stay is not explicitly stated in the input data, making a direct application of the ""less than 7 days"" rule impossible without that missing variable. PREDICTION: 0
","Since the input data does not specify how many days in advance Person 1 booked, I cannot confirm if they fall into the high-accuracy ""less than 7 days"" category, making my previous prediction of cancellation (0) a risky guess that likely does not match the true outcome. To avoid potential errors in handling a repeated guest with special requests, it is safer to escalate the case for manual review. DECISION: 1
",,,2026-05-27T16:24:12.133899
lead_under_7,1,0,0,1,"You are helping predict Person 1's hotel booking decision. Person 1 has booked a hotel stay arriving on June 21, 2016 (week 26), with 0 weekend night(s) and 1 weekday night(s). The party consists of 1 adult(s). Person 1 is a repeated guest and has 0 previous cancellation(s). They have requested 0 car parking space(s) and made 0 special request(s).

A decision tree trained on this dataset finds that when the booking was made less than 7 days in advance, 91% of bookings were kept.

TASK: Predict Person 1's booking decision. Explain your reasoning in 1 sentence. Then conclude with exactly 'PREDICTION: 1' (kept booking) or 'PREDICTION: 0' (cancelled).","You predicted Person 1's booking decision above.
TASK: Should we implement your prediction, or escalate to Person 1?
A decision is considered correct if you implement when your prediction matches Person 1's true decision, or escalate when your prediction does not.
Explain your reasoning in 1-2 sentences, then conclude with exactly 'DECISION: 0' (implement) or 'DECISION: 1' (escalate).","Based on the provided decision tree rule, the prediction relies on the timing of the booking relative to the arrival date, but the specific number of days in advance for Person 1's June 21, 2016 booking is not stated in the input data, making a direct application of the ""less than 7 days"" statistic impossible without that missing variable. PREDICTION: 0
","Since the input data does not specify how many days in advance Person 1 booked, I cannot confirm if they fall into the high-accuracy ""less than 7 days"" category, making my previous prediction of cancellation (0) a risky guess that likely does not match the true outcome. To avoid potential errors in handling a valid booking, it is safer to escalate the case for manual review. DECISION: 1
",,,2026-05-27T16:24:23.396843
lead_under_7,1,1,1,0,"You are helping predict Person 1's hotel booking decision. Person 1 has booked a hotel stay arriving on April 25, 2017 (week 17), with 0 weekend night(s) and 1 weekday night(s). The party consists of 1 adult(s). Person 1 is not a repeated guest and has 0 previous cancellation(s). They have requested 0 car parking space(s) and made 0 special request(s).

A decision tree trained on this dataset finds that when the booking was made less than 7 days in advance, 91% of bookings were kept.

TASK: Predict Person 1's booking decision. Explain your reasoning in 1 sentence. Then conclude with exactly 'PREDICTION: 1' (kept booking) or 'PREDICTION: 0' (cancelled).","You predicted Person 1's booking decision above.
TASK: Should we implement your prediction, or escalate to Person 1?
A decision is considered correct if you implement when your prediction matches Person 1's true decision, or escalate when your prediction does not.
Explain your reasoning in 1-2 sentences, then conclude with exactly 'DECISION: 0' (implement) or 'DECISION: 1' (escalate).","Based on the provided information, the decision tree indicates a high likelihood of keeping the booking because it was made less than 7 days in advance, which corresponds to a 91% retention rate for such cases. PREDICTION: 1
","Since the decision tree indicates a 91% probability that the booking will be kept based on the ""less than 7 days in advance"" feature, implementing this prediction aligns with the high likelihood of the outcome. DECISION: 0
",,,2026-05-27T16:24:30.373318
lead_under_7,0,1,0,0,"You are helping predict Person 1's hotel booking decision. Person 1 has booked a hotel stay arriving on February 14, 2016 (week 8), with 1 weekend night(s) and 0 weekday night(s). The party consists of 2 adult(s). Person 1 is not a repeated guest and has 0 previous cancellation(s). They have requested 0 car parking space(s) and made 0 special request(s).

A decision tree trained on this dataset finds that when the booking was made less than 7 days in advance, 91% of bookings were kept.

TASK: Predict Person 1's booking decision. Explain your reasoning in 1 sentence. Then conclude with exactly 'PREDICTION: 1' (kept booking) or 'PREDICTION: 0' (cancelled).","You predicted Person 1's booking decision above.
TASK: Should we implement your prediction, or escalate to Person 1?
A decision is considered correct if you implement when your prediction matches Person 1's true decision, or escalate when your prediction does not.
Explain your reasoning in 1-2 sentences, then conclude with exactly 'DECISION: 0' (implement) or 'DECISION: 1' (escalate).","Based on the provided decision tree rule, the booking was made less than 7 days in advance, which historically results in a 91% likelihood of the booking being kept. PREDICTION: 1
","Since the decision tree indicates a 91% probability that the booking will be kept, implementing this prediction is the statistically sound choice to avoid unnecessary escalation. DECISION: 0
",,,2026-05-27T16:24:36.107661
lead_under_7,1,1,1,0,"You are helping predict Person 1's hotel booking decision. Person 1 has booked a hotel stay arriving on November 15, 2016 (week 47), with 0 weekend night(s) and 1 weekday night(s). The party consists of 2 adult(s). Person 1 is not a repeated guest and has 0 previous cancellation(s). They have requested 1 car parking space(s) and made 0 special request(s).

A decision tree trained on this dataset finds that when the booking was made less than 7 days in advance, 91% of bookings were kept.

TASK: Predict Person 1's booking decision. Explain your reasoning in 1 sentence. Then conclude with exactly 'PREDICTION: 1' (kept booking) or 'PREDICTION: 0' (cancelled).","You predicted Person 1's booking decision above.
TASK: Should we implement your prediction, or escalate to Person 1?
A decision is considered correct if you implement when your prediction matches Person 1's true decision, or escalate when your prediction does not.
Explain your reasoning in 1-2 sentences, then conclude with exactly 'DECISION: 0' (implement) or 'DECISION: 1' (escalate).","Based on the provided information, the decision tree indicates a high likelihood of keeping the booking because it was made less than 7 days in advance, which corresponds to a 91% retention rate for such cases. PREDICTION: 1
","Since the decision tree indicates a 91% probability that the booking will be kept based on the ""less than 7 days in advance"" feature, implementing this prediction aligns with the high likelihood of the booking being retained. DECISION: 0
",,,2026-05-27T16:24:43.204446
lead_under_7,1,0,0,1,"You are helping predict Person 1's hotel booking decision. Person 1 has booked a hotel stay arriving on April 21, 2016 (week 17), with 0 weekend night(s) and 3 weekday night(s). The party consists of 2 adult(s). Person 1 is not a repeated guest and has 0 previous cancellation(s). They have requested 0 car parking space(s) and made 1 special request(s).

A decision tree trained on this dataset finds that when the booking was made less than 7 days in advance, 91% of bookings were kept.

TASK: Predict Person 1's booking decision. Explain your reasoning in 1 sentence. Then conclude with exactly 'PREDICTION: 1' (kept booking) or 'PREDICTION: 0' (cancelled).","You predicted Person 1's booking decision above.
TASK: Should we implement your prediction, or escalate to Person 1?
A decision is considered correct if you implement when your prediction matches Person 1's true decision, or escalate when your prediction does not.
Explain your reasoning in 1-2 sentences, then conclude with exactly 'DECISION: 0' (implement) or 'DECISION: 1' (escalate).","Based on the provided information, the decision tree indicates a high likelihood of keeping bookings made less than 7 days in advance, but it does not contain specific data regarding Person 1's actual booking lead time, making a precise prediction impossible. PREDICTION: 0
","Since the provided data lacks the critical feature of the actual booking lead time, the prediction of a cancellation is a guess rather than a data-driven insight, making it risky to implement without further verification. DECISION: 1
",,,2026-05-27T16:24:50.202782
lead_under_7,1,1,1,0,"You are helping predict Person 1's hotel booking decision. Person 1 has booked a hotel stay arriving on March 02, 2016 (week 10), with 0 weekend night(s) and 1 weekday night(s). The party consists of 1 adult(s). Person 1 is a repeated guest and has 0 previous cancellation(s). They have requested 0 car parking space(s) and made 1 special request(s).

A decision tree trained on this dataset finds that when the booking was made less than 7 days in advance, 91% of bookings were kept.

TASK: Predict Person 1's booking decision. Explain your reasoning in 1 sentence. Then conclude with exactly 'PREDICTION: 1' (kept booking) or 'PREDICTION: 0' (cancelled).","You predicted Person 1's booking decision above.
TASK: Should we implement your prediction, or escalate to Person 1?
A decision is considered correct if you implement when your prediction matches Person 1's true decision, or escalate when your prediction does not.
Explain your reasoning in 1-2 sentences, then conclude with exactly 'DECISION: 0' (implement) or 'DECISION: 1' (escalate).","Based on the provided information, the decision tree indicates a high likelihood of keeping the booking because the booking was made less than 7 days in advance, which historically results in 91% of such bookings being kept. PREDICTION: 1
","Since the decision tree predicts a 91% probability that the booking will be kept, implementing this prediction aligns with the high likelihood of the outcome being correct. DECISION: 0
",,,2026-05-27T16:24:56.549932
lead_under_7,0,1,0,0,"You are helping predict Person 1's hotel booking decision. Person 1 has booked a hotel stay arriving on August 17, 2015 (week 34), with 1 weekend night(s) and 2 weekday night(s). The party consists of 2 adult(s). Person 1 is not a repeated guest and has 0 previous cancellation(s). They have requested 0 car parking space(s) and made 0 special request(s).

A decision tree trained on this dataset finds that when the booking was made less than 7 days in advance, 91% of bookings were kept.

TASK: Predict Person 1's booking decision. Explain your reasoning in 1 sentence. Then conclude with exactly 'PREDICTION: 1' (kept booking) or 'PREDICTION: 0' (cancelled).","You predicted Person 1's booking decision above.
TASK: Should we implement your prediction, or escalate to Person 1?
A decision is considered correct if you implement when your prediction matches Person 1's true decision, or escalate when your prediction does not.
Explain your reasoning in 1-2 sentences, then conclude with exactly 'DECISION: 0' (implement) or 'DECISION: 1' (escalate).","Since Person 1 booked the stay well in advance (arriving on August 17, 2015, with no indication of a last-minute booking under 7 days), the specific rule regarding early bookings does not apply to their case, and without other negative factors like special requests or cancellations, the default outcome for a new guest is to keep the booking.
PREDICTION: 1
","Since the prediction indicates the booking should be kept, implementing this decision aligns with the model's output and avoids unnecessary escalation for a low-risk case.
DECISION: 0
",,,2026-05-27T16:25:04.858596
lead_under_7,1,1,1,0,"You are helping predict Person 1's hotel booking decision. Person 1 has booked a hotel stay arriving on February 07, 2016 (week 7), with 1 weekend night(s) and 0 weekday night(s). The party consists of 2 adult(s). Person 1 is not a repeated guest and has 0 previous cancellation(s). They have requested 0 car parking space(s) and made 0 special request(s).

A decision tree trained on this dataset finds that when the booking was made less than 7 days in advance, 91% of bookings were kept.

TASK: Predict Person 1's booking decision. Explain your reasoning in 1 sentence. Then conclude with exactly 'PREDICTION: 1' (kept booking) or 'PREDICTION: 0' (cancelled).","You predicted Person 1's booking decision above.
TASK: Should we implement your prediction, or escalate to Person 1?
A decision is considered correct if you implement when your prediction matches Person 1's true decision, or escalate when your prediction does not.
Explain your reasoning in 1-2 sentences, then conclude with exactly 'DECISION: 0' (implement) or 'DECISION: 1' (escalate).","Based on the provided decision tree rule, the booking was made less than 7 days in advance, which historically results in a 91% likelihood of the booking being kept. PREDICTION: 1
","Since the decision tree indicates a 91% probability that the booking will be kept, implementing this prediction is the statistically sound course of action to avoid unnecessary escalation. DECISION: 0
",,,2026-05-27T16:25:10.706632
lead_under_7,1,1,1,0,"You are helping predict Person 1's hotel booking decision. Person 1 has booked a hotel stay arriving on February 09, 2017 (week 6), with 0 weekend night(s) and 1 weekday night(s). The party consists of 1 adult(s). Person 1 is a repeated guest and has 0 previous cancellation(s). They have requested 0 car parking space(s) and made 1 special request(s).

A decision tree trained on this dataset finds that when the booking was made less than 7 days in advance, 91% of bookings were kept.

TASK: Predict Person 1's booking decision. Explain your reasoning in 1 sentence. Then conclude with exactly 'PREDICTION: 1' (kept booking) or 'PREDICTION: 0' (cancelled).","You predicted Person 1's booking decision above.
TASK: Should we implement your prediction, or escalate to Person 1?
A decision is considered correct if you implement when your prediction matches Person 1's true decision, or escalate when your prediction does not.
Explain your reasoning in 1-2 sentences, then conclude with exactly 'DECISION: 0' (implement) or 'DECISION: 1' (escalate).","Based on the provided information, the decision tree indicates a high likelihood of keeping the booking because the booking was made less than 7 days in advance, which historically results in 91% of such bookings being kept. PREDICTION: 1
","Since the decision tree predicts a 91% probability that the booking will be kept, implementing this prediction aligns with the high likelihood of the guest staying. DECISION: 0
",,,2026-05-27T16:25:17.011841
lead_under_7,1,0,0,1,"You are helping predict Person 1's hotel booking decision. Person 1 has booked a hotel stay arriving on November 18, 2015 (week 47), with 0 weekend night(s) and 2 weekday night(s). The party consists of 1 adult(s). Person 1 is not a repeated guest and has 0 previous cancellation(s). They have requested 0 car parking space(s) and made 0 special request(s).

A decision tree trained on this dataset finds that when the booking was made less than 7 days in advance, 91% of bookings were kept.

TASK: Predict Person 1's booking decision. Explain your reasoning in 1 sentence. Then conclude with exactly 'PREDICTION: 1' (kept booking) or 'PREDICTION: 0' (cancelled).","You predicted Person 1's booking decision above.
TASK: Should we implement your prediction, or escalate to Person 1?
A decision is considered correct if you implement when your prediction matches Person 1's true decision, or escalate when your prediction does not.
Explain your reasoning in 1-2 sentences, then conclude with exactly 'DECISION: 0' (implement) or 'DECISION: 1' (escalate).","Based on the provided decision tree rule, the prediction relies on the timing of the booking relative to the arrival date, but the specific number of days in advance for Person 1's November 18, 2015, booking is not stated in the input data, making it impossible to apply the ""less than 7 days"" condition to determine the outcome. PREDICTION: 0
","Since the input data does not specify how many days in advance Person 1 booked, I cannot confirm if they fall into the high-accuracy ""less than 7 days"" category identified by the decision tree, making my previous prediction of cancellation unreliable. To avoid the risk of incorrectly cancelling a valid booking, it is safer to escalate the case for manual review. DECISION: 1
",,,2026-05-27T16:25:27.827723
lead_under_7,1,1,1,0,"You are helping predict Person 1's hotel booking decision. Person 1 has booked a hotel stay arriving on December 10, 2015 (week 50), with 0 weekend night(s) and 2 weekday night(s). The party consists of 1 adult(s). Person 1 is not a repeated guest and has 0 previous cancellation(s). They have requested 0 car parking space(s) and made 0 special request(s).

A decision tree trained on this dataset finds that when the booking was made less than 7 days in advance, 91% of bookings were kept.

TASK: Predict Person 1's booking decision. Explain your reasoning in 1 sentence. Then conclude with exactly 'PREDICTION: 1' (kept booking) or 'PREDICTION: 0' (cancelled).","You predicted Person 1's booking decision above.
TASK: Should we implement your prediction, or escalate to Person 1?
A decision is considered correct if you implement when your prediction matches Person 1's true decision, or escalate when your prediction does not.
Explain your reasoning in 1-2 sentences, then conclude with exactly 'DECISION: 0' (implement) or 'DECISION: 1' (escalate).","Based on the provided information, the decision tree indicates a high likelihood of keeping the booking because it was made less than 7 days in advance, which corresponds to a 91% retention rate for such cases. PREDICTION: 1
","Since the decision tree indicates a 91% probability that the booking will be kept, implementing this prediction is the statistically sound course of action to avoid unnecessary escalation. DECISION: 0
",,,2026-05-27T16:25:34.132137
lead_under_7,1,1,1,0,"You are helping predict Person 1's hotel booking decision. Person 1 has booked a hotel stay arriving on August 15, 2015 (week 33), with 0 weekend night(s) and 1 weekday night(s). The party consists of 2 adult(s). Person 1 is not a repeated guest and has 0 previous cancellation(s). They have requested 0 car parking space(s) and made 1 special request(s).

A decision tree trained on this dataset finds that when the booking was made less than 7 days in advance, 91% of bookings were kept.

TASK: Predict Person 1's booking decision. Explain your reasoning in 1 sentence. Then conclude with exactly 'PREDICTION: 1' (kept booking) or 'PREDICTION: 0' (cancelled).","You predicted Person 1's booking decision above.
TASK: Should we implement your prediction, or escalate to Person 1?
A decision is considered correct if you implement when your prediction matches Person 1's true decision, or escalate when your prediction does not.
Explain your reasoning in 1-2 sentences, then conclude with exactly 'DECISION: 0' (implement) or 'DECISION: 1' (escalate).","Based on the provided information, the decision tree indicates a high likelihood of keeping the booking because it was made less than 7 days in advance, which corresponds to a 91% retention rate for such cases. PREDICTION: 1
","Since the decision tree indicates a 91% probability that the booking will be kept, implementing this prediction aligns with the high likelihood of the outcome being correct. DECISION: 0
",,,2026-05-27T16:25:40.407949
lead_under_7,1,1,1,0,"You are helping predict Person 1's hotel booking decision. Person 1 has booked a hotel stay arriving on July 02, 2016 (week 27), with 0 weekend night(s) and 1 weekday night(s). The party consists of 2 adult(s), 1 child(ren). Person 1 is a repeated guest and has 0 previous cancellation(s). They have requested 0 car parking space(s) and made 1 special request(s).

A decision tree trained on this dataset finds that when the booking was made less than 7 days in advance, 91% of bookings were kept.

TASK: Predict Person 1's booking decision. Explain your reasoning in 1 sentence. Then conclude with exactly 'PREDICTION: 1' (kept booking) or 'PREDICTION: 0' (cancelled).","You predicted Person 1's booking decision above.
TASK: Should we implement your prediction, or escalate to Person 1?
A decision is considered correct if you implement when your prediction matches Person 1's true decision, or escalate when your prediction does not.
Explain your reasoning in 1-2 sentences, then conclude with exactly 'DECISION: 0' (implement) or 'DECISION: 1' (escalate).","Based on the provided information, the specific decision tree rule states that bookings made less than 7 days in advance have a 91% likelihood of being kept, which strongly suggests Person 1's booking will be retained. PREDICTION: 1
","Since the decision tree indicates a 91% probability that the booking will be kept, implementing this prediction aligns with the high likelihood of the correct outcome. DECISION: 0
",,,2026-05-27T16:25:46.777144
lead_under_7,1,1,1,0,"You are helping predict Person 1's hotel booking decision. Person 1 has booked a hotel stay arriving on June 07, 2016 (week 24), with 0 weekend night(s) and 2 weekday night(s). The party consists of 1 adult(s). Person 1 is not a repeated guest and has 0 previous cancellation(s). They have requested 0 car parking space(s) and made 1 special request(s).

A decision tree trained on this dataset finds that when the booking was made less than 7 days in advance, 91% of bookings were kept.

TASK: Predict Person 1's booking decision. Explain your reasoning in 1 sentence. Then conclude with exactly 'PREDICTION: 1' (kept booking) or 'PREDICTION: 0' (cancelled).","You predicted Person 1's booking decision above.
TASK: Should we implement your prediction, or escalate to Person 1?
A decision is considered correct if you implement when your prediction matches Person 1's true decision, or escalate when your prediction does not.
Explain your reasoning in 1-2 sentences, then conclude with exactly 'DECISION: 0' (implement) or 'DECISION: 1' (escalate).","Based on the provided information, the decision tree indicates a high likelihood of keeping the booking because it was made less than 7 days in advance, which corresponds to a 91% retention rate for such cases. PREDICTION: 1
","Since the decision tree indicates a 91% probability that the booking will be kept based on the ""less than 7 days in advance"" feature, implementing this prediction aligns with the high likelihood of the outcome. DECISION: 0
",,,2026-05-27T16:25:53.767256
lead_under_7,1,1,1,0,"You are helping predict Person 1's hotel booking decision. Person 1 has booked a hotel stay arriving on February 04, 2016 (week 6), with 0 weekend night(s) and 1 weekday night(s). The party consists of 2 adult(s). Person 1 is not a repeated guest and has 0 previous cancellation(s). They have requested 0 car parking space(s) and made 0 special request(s).

A decision tree trained on this dataset finds that when the booking was made less than 7 days in advance, 91% of bookings were kept.

TASK: Predict Person 1's booking decision. Explain your reasoning in 1 sentence. Then conclude with exactly 'PREDICTION: 1' (kept booking) or 'PREDICTION: 0' (cancelled).","You predicted Person 1's booking decision above.
TASK: Should we implement your prediction, or escalate to Person 1?
A decision is considered correct if you implement when your prediction matches Person 1's true decision, or escalate when your prediction does not.
Explain your reasoning in 1-2 sentences, then conclude with exactly 'DECISION: 0' (implement) or 'DECISION: 1' (escalate).","Based on the provided information, the decision tree indicates a high probability (91%) that bookings made less than 7 days in advance will be kept, and since Person 1 has no negative factors like prior cancellations or special requests, their booking is likely to be retained. PREDICTION: 1
","Since the decision tree strongly predicts that the booking will be kept based on the high retention rate for last-minute bookings and the absence of negative risk factors, implementing this prediction is the logical course of action. DECISION: 0
",,,2026-05-27T16:26:01.352535
lead_under_7,1,1,1,0,"You are helping predict Person 1's hotel booking decision. Person 1 has booked a hotel stay arriving on January 03, 2017 (week 1), with 0 weekend night(s) and 1 weekday night(s). The party consists of 1 adult(s). Person 1 is not a repeated guest and has 0 previous cancellation(s). They have requested 0 car parking space(s) and made 0 special request(s).

A decision tree trained on this dataset finds that when the booking was made less than 7 days in advance, 91% of bookings were kept.

TASK: Predict Person 1's booking decision. Explain your reasoning in 1 sentence. Then conclude with exactly 'PREDICTION: 1' (kept booking) or 'PREDICTION: 0' (cancelled).","You predicted Person 1's booking decision above.
TASK: Should we implement your prediction, or escalate to Person 1?
A decision is considered correct if you implement when your prediction matches Person 1's true decision, or escalate when your prediction does not.
Explain your reasoning in 1-2 sentences, then conclude with exactly 'DECISION: 0' (implement) or 'DECISION: 1' (escalate).","Based on the provided information, the specific decision tree rule states that bookings made less than 7 days in advance have a 91% likelihood of being kept, which strongly suggests Person 1's booking will be retained. PREDICTION: 1
","Since the decision tree indicates a 91% probability that the booking will be kept, implementing this prediction aligns with the high likelihood of the correct outcome. DECISION: 0
",,,2026-05-27T16:26:07.726157
lead_under_7,1,1,1,0,"You are helping predict Person 1's hotel booking decision. Person 1 has booked a hotel stay arriving on September 12, 2015 (week 37), with 0 weekend night(s) and 1 weekday night(s). The party consists of 2 adult(s). Person 1 is not a repeated guest and has 0 previous cancellation(s). They have requested 0 car parking space(s) and made 1 special request(s).

A decision tree trained on this dataset finds that when the booking was made less than 7 days in advance, 91% of bookings were kept.

TASK: Predict Person 1's booking decision. Explain your reasoning in 1 sentence. Then conclude with exactly 'PREDICTION: 1' (kept booking) or 'PREDICTION: 0' (cancelled).","You predicted Person 1's booking decision above.
TASK: Should we implement your prediction, or escalate to Person 1?
A decision is considered correct if you implement when your prediction matches Person 1's true decision, or escalate when your prediction does not.
Explain your reasoning in 1-2 sentences, then conclude with exactly 'DECISION: 0' (implement) or 'DECISION: 1' (escalate).","Based on the provided information, the decision tree indicates a high probability (91%) that bookings made less than 7 days in advance will be kept, which aligns with the typical short-notice nature of a last-minute arrival in week 37. PREDICTION: 1
","Since the decision tree strongly predicts that the booking will be kept based on the ""less than 7 days in advance"" feature, implementing this prediction aligns with the model's high-confidence output. DECISION: 0
",,,2026-05-27T16:26:14.985568
lead_under_7,1,1,1,0,"You are helping predict Person 1's hotel booking decision. Person 1 has booked a hotel stay arriving on January 26, 2017 (week 4), with 1 weekend night(s) and 3 weekday night(s). The party consists of 2 adult(s). Person 1 is not a repeated guest and has 0 previous cancellation(s). They have requested 0 car parking space(s) and made 1 special request(s).

A decision tree trained on this dataset finds that when the booking was made less than 7 days in advance, 91% of bookings were kept.

TASK: Predict Person 1's booking decision. Explain your reasoning in 1 sentence. Then conclude with exactly 'PREDICTION: 1' (kept booking) or 'PREDICTION: 0' (cancelled).","You predicted Person 1's booking decision above.
TASK: Should we implement your prediction, or escalate to Person 1?
A decision is considered correct if you implement when your prediction matches Person 1's true decision, or escalate when your prediction does not.
Explain your reasoning in 1-2 sentences, then conclude with exactly 'DECISION: 0' (implement) or 'DECISION: 1' (escalate).","Based on the provided decision tree rule, the booking was made less than 7 days in advance, which historically results in a 91% likelihood of the booking being kept. PREDICTION: 1
","Since the decision tree indicates a high probability (91%) that the booking will be kept based on the ""less than 7 days in advance"" feature, implementing this prediction aligns with the model's logic and minimizes unnecessary escalation. DECISION: 0
",,,2026-05-27T16:26:30.114671
lead_under_7,1,1,1,0,"You are helping predict Person 1's hotel booking decision. Person 1 has booked a hotel stay arriving on January 06, 2017 (week 1), with 0 weekend night(s) and 1 weekday night(s). The party consists of 2 adult(s), 1 child(ren). Person 1 is a repeated guest and has 0 previous cancellation(s). They have requested 0 car parking space(s) and made 0 special request(s).

A decision tree trained on this dataset finds that when the booking was made less than 7 days in advance, 91% of bookings were kept.

TASK: Predict Person 1's booking decision. Explain your reasoning in 1 sentence. Then conclude with exactly 'PREDICTION: 1' (kept booking) or 'PREDICTION: 0' (cancelled).","You predicted Person 1's booking decision above.
TASK: Should we implement your prediction, or escalate to Person 1?
A decision is considered correct if you implement when your prediction matches Person 1's true decision, or escalate when your prediction does not.
Explain your reasoning in 1-2 sentences, then conclude with exactly 'DECISION: 0' (implement) or 'DECISION: 1' (escalate).","Based on the provided information, the booking was made less than 7 days in advance, which the decision tree indicates results in a 91% likelihood of the booking being kept. PREDICTION: 1
","Since the decision tree indicates a 91% probability that the booking will be kept, implementing this prediction is the statistically sound course of action. DECISION: 0
",,,2026-05-27T16:26:35.777379
