condition,base_rate,n,pred_acc,esc_acc,esc_rate,esc_w,esc_r,gap,tp,tn,fp,fn
lead_under_30,0.818,164,0.8414634146341463,0.8475609756097561,0.018292682926829267,0.07692307692307693,0.007246376811594203,-0.0060975609756097615,2,137,1,24
lead_under_30_special,0.866,166,0.8433734939759037,0.8313253012048193,0.012048192771084338,0.0,0.014285714285714285,0.012048192771084376,0,138,2,26
lead_under_7,0.906,175,0.9142857142857143,0.9028571428571428,0.011428571428571429,0.0,0.0125,0.011428571428571455,0,158,2,15
repeated_special,0.95,229,0.9519650655021834,0.9344978165938864,0.026200873362445413,0.09090909090909091,0.022935779816513763,0.017467248908296984,1,213,5,10
