condition,ground_truth,prediction,correct,escalate,prompt,esc_prompt,thought,esc_reasoning,thinking_predict,thinking_escalate,timestamp
fico_over_750_loan_under_20000,1,1,1,1,"You are helping Person 1, a loan officer, decide whether to approve a loan application. The applicant is requesting $15,000 for debt_consolidation. They have been employed for < 1 year, a debt-to-income ratio of 8.8%, and a credit score of 800.

A decision tree trained on this dataset finds that when the applicant has a FICO score above 750 and a loan under $20,000, 93% of applications were approved.

TASK: Predict Person 1's decision. Explain your reasoning in 1 sentence. Then conclude with exactly 'PREDICTION: 1' (approve) or 'PREDICTION: 0' (reject).","You predicted Person 1's decision above.
TASK: Should we implement your prediction, or escalate to Person 1?
A decision is considered correct if you implement when your prediction matches Person 1's true decision, or escalate when your prediction does not.
Explain your reasoning in 1-2 sentences, then conclude with exactly 'DECISION: 0' (implement) or 'DECISION: 1' (escalate).","Based on the decision tree's logic, the applicant qualifies for approval because their FICO score of 800 exceeds the 750 threshold and their requested loan amount of $15,000 is below the $20,000 limit, resulting in a high historical approval rate for this profile. PREDICTION: 1
","The provided decision tree logic ignores the applicant's employment duration of less than one year, which is a significant risk factor that the model failed to capture, making the prediction unreliable. DECISION: 1
",,,2026-05-27T20:55:57.380103
fico_over_750_loan_under_20000,1,1,1,0,"You are helping Person 1, a loan officer, decide whether to approve a loan application. The applicant is requesting $15,000 for other. They have been employed for 10+ years, a debt-to-income ratio of 18.1%, and a credit score of 790.

A decision tree trained on this dataset finds that when the applicant has a FICO score above 750 and a loan under $20,000, 93% of applications were approved.

TASK: Predict Person 1's decision. Explain your reasoning in 1 sentence. Then conclude with exactly 'PREDICTION: 1' (approve) or 'PREDICTION: 0' (reject).","You predicted Person 1's decision above.
TASK: Should we implement your prediction, or escalate to Person 1?
A decision is considered correct if you implement when your prediction matches Person 1's true decision, or escalate when your prediction does not.
Explain your reasoning in 1-2 sentences, then conclude with exactly 'DECISION: 0' (implement) or 'DECISION: 1' (escalate).","Based on the decision tree's logic, the applicant qualifies for approval because their FICO score of 790 exceeds the 750 threshold and their requested loan amount of $15,000 is below the $20,000 limit, resulting in a high historical approval rate for this profile. PREDICTION: 1
","Since the decision tree's logic perfectly matches the applicant's specific attributes (FICO > 750 and loan < $20,000), the model's prediction of approval is highly reliable and aligns with the historical data patterns Person 1 would likely follow. Therefore, we should implement the prediction without needing to escalate for further review. DECISION: 0
",,,2026-05-27T20:56:06.762722
fico_over_750_loan_under_20000,1,1,1,0,"You are helping Person 1, a loan officer, decide whether to approve a loan application. The applicant is requesting $18,000 for debt_consolidation. They have been employed for 4 years, a debt-to-income ratio of 17.9%, and a credit score of 785.

A decision tree trained on this dataset finds that when the applicant has a FICO score above 750 and a loan under $20,000, 93% of applications were approved.

TASK: Predict Person 1's decision. Explain your reasoning in 1 sentence. Then conclude with exactly 'PREDICTION: 1' (approve) or 'PREDICTION: 0' (reject).","You predicted Person 1's decision above.
TASK: Should we implement your prediction, or escalate to Person 1?
A decision is considered correct if you implement when your prediction matches Person 1's true decision, or escalate when your prediction does not.
Explain your reasoning in 1-2 sentences, then conclude with exactly 'DECISION: 0' (implement) or 'DECISION: 1' (escalate).","Based on the decision tree's logic, the applicant qualifies for approval because their FICO score of 785 exceeds the 750 threshold and their requested loan amount of $18,000 is below the $20,000 limit, resulting in a high historical approval rate for this profile. PREDICTION: 1
","Since the decision tree's logic perfectly matches the applicant's specific attributes (FICO > 750 and loan < $20,000), the model's prediction of approval is highly reliable and should be implemented without further review. DECISION: 0
",,,2026-05-27T20:56:14.889669
fico_over_750_loan_under_20000,1,1,1,0,"You are helping Person 1, a loan officer, decide whether to approve a loan application. The applicant is requesting $12,000 for debt_consolidation. They have been employed for 4 years, a debt-to-income ratio of 11.7%, and a credit score of 775.

A decision tree trained on this dataset finds that when the applicant has a FICO score above 750 and a loan under $20,000, 93% of applications were approved.

TASK: Predict Person 1's decision. Explain your reasoning in 1 sentence. Then conclude with exactly 'PREDICTION: 1' (approve) or 'PREDICTION: 0' (reject).","You predicted Person 1's decision above.
TASK: Should we implement your prediction, or escalate to Person 1?
A decision is considered correct if you implement when your prediction matches Person 1's true decision, or escalate when your prediction does not.
Explain your reasoning in 1-2 sentences, then conclude with exactly 'DECISION: 0' (implement) or 'DECISION: 1' (escalate).","Based on the decision tree's logic, Person 1's application meets the specific criteria of having a FICO score above 750 and a loan amount under $20,000, which historically results in a high approval rate. PREDICTION: 1
","Since the decision tree's logic perfectly matches the applicant's profile (FICO > 750 and loan < $20,000), the model's prediction of approval is highly reliable and should be implemented without further review. DECISION: 0
",,,2026-05-27T20:56:22.083644
fico_over_750_loan_under_20000,1,1,1,0,"You are helping Person 1, a loan officer, decide whether to approve a loan application. The applicant is requesting $8,000 for credit_card. They have been employed for 1 year, a debt-to-income ratio of 18.8%, and a credit score of 800.

A decision tree trained on this dataset finds that when the applicant has a FICO score above 750 and a loan under $20,000, 93% of applications were approved.

TASK: Predict Person 1's decision. Explain your reasoning in 1 sentence. Then conclude with exactly 'PREDICTION: 1' (approve) or 'PREDICTION: 0' (reject).","You predicted Person 1's decision above.
TASK: Should we implement your prediction, or escalate to Person 1?
A decision is considered correct if you implement when your prediction matches Person 1's true decision, or escalate when your prediction does not.
Explain your reasoning in 1-2 sentences, then conclude with exactly 'DECISION: 0' (implement) or 'DECISION: 1' (escalate).","Based on the decision tree's logic, the applicant qualifies for approval because their FICO score of 800 exceeds the 750 threshold and their requested loan amount of $8,000 is well below the $20,000 limit, resulting in a high historical approval rate for this profile. PREDICTION: 1
","Since the decision tree's logic perfectly matches the applicant's specific attributes (FICO > 750 and loan < $20,000), the model's prediction of approval is highly reliable and should be implemented without further review. DECISION: 0
",,,2026-05-27T20:56:30.270088
fico_over_750_loan_under_20000,1,1,1,0,"You are helping Person 1, a loan officer, decide whether to approve a loan application. The applicant is requesting $13,600 for home_improvement. They have been employed for 7 years, a debt-to-income ratio of 15.4%, and a credit score of 780.

A decision tree trained on this dataset finds that when the applicant has a FICO score above 750 and a loan under $20,000, 93% of applications were approved.

TASK: Predict Person 1's decision. Explain your reasoning in 1 sentence. Then conclude with exactly 'PREDICTION: 1' (approve) or 'PREDICTION: 0' (reject).","You predicted Person 1's decision above.
TASK: Should we implement your prediction, or escalate to Person 1?
A decision is considered correct if you implement when your prediction matches Person 1's true decision, or escalate when your prediction does not.
Explain your reasoning in 1-2 sentences, then conclude with exactly 'DECISION: 0' (implement) or 'DECISION: 1' (escalate).","Based on the decision tree's logic, Person 1's application meets the high-risk criteria for approval because the applicant's FICO score of 780 exceeds the 750 threshold and the requested loan amount of $13,600 is below the $20,000 limit, resulting in a 93% historical approval rate for this profile. PREDICTION: 1
","Since the decision tree's logic perfectly matches the applicant's specific attributes (FICO > 750 and loan < $20,000), the model's prediction of approval is highly reliable and should be implemented without further review. DECISION: 0
",,,2026-05-27T20:56:39.191800
fico_over_750_loan_under_20000,1,1,1,1,"You are helping Person 1, a loan officer, decide whether to approve a loan application. The applicant is requesting $7,000 for debt_consolidation. They have been employed for 3 years, a debt-to-income ratio of 23.8%, and a credit score of 810.

A decision tree trained on this dataset finds that when the applicant has a FICO score above 750 and a loan under $20,000, 93% of applications were approved.

TASK: Predict Person 1's decision. Explain your reasoning in 1 sentence. Then conclude with exactly 'PREDICTION: 1' (approve) or 'PREDICTION: 0' (reject).","You predicted Person 1's decision above.
TASK: Should we implement your prediction, or escalate to Person 1?
A decision is considered correct if you implement when your prediction matches Person 1's true decision, or escalate when your prediction does not.
Explain your reasoning in 1-2 sentences, then conclude with exactly 'DECISION: 0' (implement) or 'DECISION: 1' (escalate).","Based on the decision tree's logic, Person 1's application meets the high-risk criteria for approval because the applicant's FICO score of 810 exceeds the 750 threshold and the requested loan amount of $7,000 is well below the $20,000 limit, resulting in a 93% historical approval rate for this profile. PREDICTION: 1
","I cannot implement the prediction because the decision tree's logic is a simplified statistical model that ignores critical individual factors like the applicant's 3-year employment history and specific debt-to-income ratio, which are essential for a real-world loan approval. Relying solely on this model without human review could lead to approving risky applications or rejecting qualified ones, so the decision must be escalated to Person 1 for final judgment. DECISION: 1
",,,2026-05-27T20:56:50.020426
fico_over_750_loan_under_20000,0,1,0,1,"You are helping Person 1, a loan officer, decide whether to approve a loan application. The applicant is requesting $15,000 for debt_consolidation. They have been employed for < 1 year, a debt-to-income ratio of 0.8%, and a credit score of 757.

A decision tree trained on this dataset finds that when the applicant has a FICO score above 750 and a loan under $20,000, 93% of applications were approved.

TASK: Predict Person 1's decision. Explain your reasoning in 1 sentence. Then conclude with exactly 'PREDICTION: 1' (approve) or 'PREDICTION: 0' (reject).","You predicted Person 1's decision above.
TASK: Should we implement your prediction, or escalate to Person 1?
A decision is considered correct if you implement when your prediction matches Person 1's true decision, or escalate when your prediction does not.
Explain your reasoning in 1-2 sentences, then conclude with exactly 'DECISION: 0' (implement) or 'DECISION: 1' (escalate).","Based on the decision tree's logic, the applicant qualifies for approval because their FICO score of 757 exceeds the 750 threshold and their requested loan amount of $15,000 is below the $20,000 limit, which historically results in a 93% approval rate. PREDICTION: 1
","I cannot implement this prediction because the applicant's employment history of less than one year is a significant risk factor that contradicts the decision tree's logic, which only considered the FICO score and loan amount. Since the model's conditions were not fully met by the applicant's complete profile, the decision should be escalated to Person 1 for manual review. DECISION: 1
",,,2026-05-27T20:56:59.412696
fico_over_750_loan_under_20000,1,1,1,0,"You are helping Person 1, a loan officer, decide whether to approve a loan application. The applicant is requesting $12,500 for other. They have been employed for 8 years, a debt-to-income ratio of 13.4%, and a credit score of 755.

A decision tree trained on this dataset finds that when the applicant has a FICO score above 750 and a loan under $20,000, 93% of applications were approved.

TASK: Predict Person 1's decision. Explain your reasoning in 1 sentence. Then conclude with exactly 'PREDICTION: 1' (approve) or 'PREDICTION: 0' (reject).","You predicted Person 1's decision above.
TASK: Should we implement your prediction, or escalate to Person 1?
A decision is considered correct if you implement when your prediction matches Person 1's true decision, or escalate when your prediction does not.
Explain your reasoning in 1-2 sentences, then conclude with exactly 'DECISION: 0' (implement) or 'DECISION: 1' (escalate).","Based on the decision tree's logic, the applicant qualifies for approval because their FICO score of 755 exceeds the 750 threshold and their requested loan amount of $12,500 is below the $20,000 limit, resulting in a 93% historical approval rate for this profile. PREDICTION: 1
","Since the decision tree's logic perfectly matches the applicant's specific attributes (FICO > 750 and loan < $20,000), the model's prediction of approval is highly reliable and should be implemented without further review. DECISION: 0
",,,2026-05-27T20:57:07.689604
fico_over_750_loan_under_20000,1,1,1,0,"You are helping Person 1, a loan officer, decide whether to approve a loan application. The applicant is requesting $10,000 for debt_consolidation. They have been employed for 2 years, a debt-to-income ratio of 22.3%, and a credit score of 765.

A decision tree trained on this dataset finds that when the applicant has a FICO score above 750 and a loan under $20,000, 93% of applications were approved.

TASK: Predict Person 1's decision. Explain your reasoning in 1 sentence. Then conclude with exactly 'PREDICTION: 1' (approve) or 'PREDICTION: 0' (reject).","You predicted Person 1's decision above.
TASK: Should we implement your prediction, or escalate to Person 1?
A decision is considered correct if you implement when your prediction matches Person 1's true decision, or escalate when your prediction does not.
Explain your reasoning in 1-2 sentences, then conclude with exactly 'DECISION: 0' (implement) or 'DECISION: 1' (escalate).","Based on the decision tree's logic, Person 1's application meets the specific criteria of having a FICO score above 750 and requesting a loan under $20,000, which historically results in a 93% approval rate. PREDICTION: 1
","Since the decision tree's logic perfectly matches the applicant's profile (FICO > 750 and loan amount < $20,000), the model's prediction of approval is highly reliable and should be implemented without further review. DECISION: 0
",,,2026-05-27T20:57:15.047022
fico_over_750_loan_under_20000,1,1,1,0,"You are helping Person 1, a loan officer, decide whether to approve a loan application. The applicant is requesting $14,500 for debt_consolidation. They have been employed for 10+ years, a debt-to-income ratio of 18.6%, and a credit score of 775.

A decision tree trained on this dataset finds that when the applicant has a FICO score above 750 and a loan under $20,000, 93% of applications were approved.

TASK: Predict Person 1's decision. Explain your reasoning in 1 sentence. Then conclude with exactly 'PREDICTION: 1' (approve) or 'PREDICTION: 0' (reject).","You predicted Person 1's decision above.
TASK: Should we implement your prediction, or escalate to Person 1?
A decision is considered correct if you implement when your prediction matches Person 1's true decision, or escalate when your prediction does not.
Explain your reasoning in 1-2 sentences, then conclude with exactly 'DECISION: 0' (implement) or 'DECISION: 1' (escalate).","Based on the decision tree's logic, Person 1's application meets the specific criteria of having a FICO score above 750 and a loan amount under $20,000, which historically results in a 93% approval rate. PREDICTION: 1
","Since the decision tree's logic perfectly matches the applicant's profile (FICO > 750 and loan < $20,000), the prediction of approval is highly reliable and should be implemented without further review. DECISION: 0
",,,2026-05-27T20:57:22.231351
fico_over_750_loan_under_20000,1,1,1,0,"You are helping Person 1, a loan officer, decide whether to approve a loan application. The applicant is requesting $3,000 for debt_consolidation. They have been employed for < 1 year, a debt-to-income ratio of 23.0%, and a credit score of 795.

A decision tree trained on this dataset finds that when the applicant has a FICO score above 750 and a loan under $20,000, 93% of applications were approved.

TASK: Predict Person 1's decision. Explain your reasoning in 1 sentence. Then conclude with exactly 'PREDICTION: 1' (approve) or 'PREDICTION: 0' (reject).","You predicted Person 1's decision above.
TASK: Should we implement your prediction, or escalate to Person 1?
A decision is considered correct if you implement when your prediction matches Person 1's true decision, or escalate when your prediction does not.
Explain your reasoning in 1-2 sentences, then conclude with exactly 'DECISION: 0' (implement) or 'DECISION: 1' (escalate).","Based on the decision tree's logic, the applicant qualifies for approval because their FICO score of 795 exceeds the 750 threshold and their requested loan amount of $3,000 is well below the $20,000 limit, resulting in a high historical approval rate for this specific profile.

PREDICTION: 1
","Since the decision tree's logic explicitly identifies the applicant's profile (FICO > 750 and loan < $20,000) as having a 93% approval rate, the model's prediction is highly reliable and aligns with standard lending criteria. Therefore, we should implement the prediction without needing to escalate the case to the loan officer.

DECISION: 0
",,,2026-05-27T20:57:32.032804
fico_over_750_loan_under_20000,1,1,1,0,"You are helping Person 1, a loan officer, decide whether to approve a loan application. The applicant is requesting $5,000 for debt_consolidation. They have been employed for nan, a debt-to-income ratio of 16.4%, and a credit score of 810.

A decision tree trained on this dataset finds that when the applicant has a FICO score above 750 and a loan under $20,000, 93% of applications were approved.

TASK: Predict Person 1's decision. Explain your reasoning in 1 sentence. Then conclude with exactly 'PREDICTION: 1' (approve) or 'PREDICTION: 0' (reject).","You predicted Person 1's decision above.
TASK: Should we implement your prediction, or escalate to Person 1?
A decision is considered correct if you implement when your prediction matches Person 1's true decision, or escalate when your prediction does not.
Explain your reasoning in 1-2 sentences, then conclude with exactly 'DECISION: 0' (implement) or 'DECISION: 1' (escalate).","Based on the decision tree logic, the applicant qualifies for approval because their FICO score of 810 exceeds the 750 threshold and their requested loan amount of $5,000 is well below the $20,000 limit, which historically results in a 93% approval rate. PREDICTION: 1
","Since the decision tree's conditions (FICO > 750 and loan < $20,000) are perfectly met by the applicant, the model's prediction of approval is highly reliable and aligns with standard lending criteria. Therefore, we should implement the prediction without needing to escalate the case. DECISION: 0
",,,2026-05-27T20:57:40.924241
fico_over_750_loan_under_20000,0,1,0,0,"You are helping Person 1, a loan officer, decide whether to approve a loan application. The applicant is requesting $3,000 for credit_card. They have been employed for < 1 year, a debt-to-income ratio of 11.8%, and a credit score of 754.

A decision tree trained on this dataset finds that when the applicant has a FICO score above 750 and a loan under $20,000, 93% of applications were approved.

TASK: Predict Person 1's decision. Explain your reasoning in 1 sentence. Then conclude with exactly 'PREDICTION: 1' (approve) or 'PREDICTION: 0' (reject).","You predicted Person 1's decision above.
TASK: Should we implement your prediction, or escalate to Person 1?
A decision is considered correct if you implement when your prediction matches Person 1's true decision, or escalate when your prediction does not.
Explain your reasoning in 1-2 sentences, then conclude with exactly 'DECISION: 0' (implement) or 'DECISION: 1' (escalate).","The applicant's FICO score of 754 exceeds the 750 threshold and their requested loan amount of $3,000 is well below the $20,000 limit, placing them in the high-approval segment identified by the decision tree. PREDICTION: 1
","Since the decision tree's logic perfectly matches the applicant's specific attributes (FICO > 750 and loan < $20,000), the model's prediction of approval is highly reliable and does not require human review. DECISION: 0
",,,2026-05-27T20:57:48.516444
fico_over_750_loan_under_20000,1,1,1,0,"You are helping Person 1, a loan officer, decide whether to approve a loan application. The applicant is requesting $18,000 for debt_consolidation. They have been employed for 2 years, a debt-to-income ratio of 25.7%, and a credit score of 755.

A decision tree trained on this dataset finds that when the applicant has a FICO score above 750 and a loan under $20,000, 93% of applications were approved.

TASK: Predict Person 1's decision. Explain your reasoning in 1 sentence. Then conclude with exactly 'PREDICTION: 1' (approve) or 'PREDICTION: 0' (reject).","You predicted Person 1's decision above.
TASK: Should we implement your prediction, or escalate to Person 1?
A decision is considered correct if you implement when your prediction matches Person 1's true decision, or escalate when your prediction does not.
Explain your reasoning in 1-2 sentences, then conclude with exactly 'DECISION: 0' (implement) or 'DECISION: 1' (escalate).","Based on the decision tree's logic, the applicant qualifies for approval because their FICO score of 755 exceeds the 750 threshold and their requested loan amount of $18,000 is below the $20,000 limit, resulting in a 93% historical approval rate for this profile. PREDICTION: 1
","Since the decision tree's logic perfectly matches the applicant's specific attributes (FICO > 750 and loan < $20,000), the model's prediction of approval is highly reliable and should be implemented without further review. DECISION: 0
",,,2026-05-27T20:57:56.787455
fico_over_750_loan_under_20000,1,1,1,0,"You are helping Person 1, a loan officer, decide whether to approve a loan application. The applicant is requesting $5,000 for other. They have been employed for 6 years, a debt-to-income ratio of 17.9%, and a credit score of 765.

A decision tree trained on this dataset finds that when the applicant has a FICO score above 750 and a loan under $20,000, 93% of applications were approved.

TASK: Predict Person 1's decision. Explain your reasoning in 1 sentence. Then conclude with exactly 'PREDICTION: 1' (approve) or 'PREDICTION: 0' (reject).","You predicted Person 1's decision above.
TASK: Should we implement your prediction, or escalate to Person 1?
A decision is considered correct if you implement when your prediction matches Person 1's true decision, or escalate when your prediction does not.
Explain your reasoning in 1-2 sentences, then conclude with exactly 'DECISION: 0' (implement) or 'DECISION: 1' (escalate).","Based on the decision tree's logic, the applicant qualifies for approval because their FICO score of 765 exceeds the 750 threshold and their requested loan amount of $5,000 is well below the $20,000 limit, resulting in a high historical approval rate for this profile. PREDICTION: 1
","Since the decision tree's logic perfectly matches the applicant's specific attributes (FICO > 750 and loan < $20,000), the model's prediction of approval is highly reliable and should be implemented without further review. DECISION: 0
",,,2026-05-27T20:58:05.044530
fico_over_750_loan_under_20000,1,1,1,1,"You are helping Person 1, a loan officer, decide whether to approve a loan application. The applicant is requesting $3,000 for debt_consolidation. They have been employed for < 1 year, a debt-to-income ratio of 20.9%, and a credit score of 760.

A decision tree trained on this dataset finds that when the applicant has a FICO score above 750 and a loan under $20,000, 93% of applications were approved.

TASK: Predict Person 1's decision. Explain your reasoning in 1 sentence. Then conclude with exactly 'PREDICTION: 1' (approve) or 'PREDICTION: 0' (reject).","You predicted Person 1's decision above.
TASK: Should we implement your prediction, or escalate to Person 1?
A decision is considered correct if you implement when your prediction matches Person 1's true decision, or escalate when your prediction does not.
Explain your reasoning in 1-2 sentences, then conclude with exactly 'DECISION: 0' (implement) or 'DECISION: 1' (escalate).","Based on the decision tree's logic, the applicant qualifies for approval because their FICO score of 760 exceeds the 750 threshold and their requested loan amount of $3,000 is well below the $20,000 limit, resulting in a high historical approval rate for this specific profile. PREDICTION: 1
","I should escalate to Person 1 because the decision tree's training data does not account for the applicant's employment duration of less than one year, which is a significant risk factor that could override the positive signals from their credit score and loan amount. DECISION: 1
",,,2026-05-27T20:58:13.184693
fico_over_750_loan_under_20000,1,1,1,0,"You are helping Person 1, a loan officer, decide whether to approve a loan application. The applicant is requesting $10,000 for debt_consolidation. They have been employed for 8 years, a debt-to-income ratio of 31.0%, and a credit score of 815.

A decision tree trained on this dataset finds that when the applicant has a FICO score above 750 and a loan under $20,000, 93% of applications were approved.

TASK: Predict Person 1's decision. Explain your reasoning in 1 sentence. Then conclude with exactly 'PREDICTION: 1' (approve) or 'PREDICTION: 0' (reject).","You predicted Person 1's decision above.
TASK: Should we implement your prediction, or escalate to Person 1?
A decision is considered correct if you implement when your prediction matches Person 1's true decision, or escalate when your prediction does not.
Explain your reasoning in 1-2 sentences, then conclude with exactly 'DECISION: 0' (implement) or 'DECISION: 1' (escalate).","Based on the decision tree's logic, Person 1's application meets the specific criteria of having a FICO score above 750 and a loan amount under $20,000, which historically results in a 93% approval rate. PREDICTION: 1
","Since the decision tree's logic perfectly matches the applicant's profile (FICO > 750 and loan < $20,000), the model's prediction of approval is highly reliable and should be implemented without further review. DECISION: 0
",,,2026-05-27T20:58:20.446995
fico_over_750_loan_under_20000,1,1,1,0,"You are helping Person 1, a loan officer, decide whether to approve a loan application. The applicant is requesting $4,400 for debt_consolidation. They have been employed for 10+ years, a debt-to-income ratio of 12.3%, and a credit score of 795.

A decision tree trained on this dataset finds that when the applicant has a FICO score above 750 and a loan under $20,000, 93% of applications were approved.

TASK: Predict Person 1's decision. Explain your reasoning in 1 sentence. Then conclude with exactly 'PREDICTION: 1' (approve) or 'PREDICTION: 0' (reject).","You predicted Person 1's decision above.
TASK: Should we implement your prediction, or escalate to Person 1?
A decision is considered correct if you implement when your prediction matches Person 1's true decision, or escalate when your prediction does not.
Explain your reasoning in 1-2 sentences, then conclude with exactly 'DECISION: 0' (implement) or 'DECISION: 1' (escalate).","Based on the decision tree's logic, Person 1's application meets the specific criteria of having a FICO score above 750 and a loan amount under $20,000, which historically results in a 93% approval rate. PREDICTION: 1
","Since the decision tree's logic perfectly matches the applicant's profile (FICO > 750 and loan < $20,000), the prediction of approval is highly reliable and should be implemented without further review. DECISION: 0
",,,2026-05-27T20:58:27.629709
fico_over_750_loan_under_20000,0,0,1,1,"You are helping Person 1, a loan officer, decide whether to approve a loan application. The applicant is requesting $9,000 for Car financing. They have been employed for < 1 year, a debt-to-income ratio of 100.0%, and a credit score of 770.

A decision tree trained on this dataset finds that when the applicant has a FICO score above 750 and a loan under $20,000, 93% of applications were approved.

TASK: Predict Person 1's decision. Explain your reasoning in 1 sentence. Then conclude with exactly 'PREDICTION: 1' (approve) or 'PREDICTION: 0' (reject).","You predicted Person 1's decision above.
TASK: Should we implement your prediction, or escalate to Person 1?
A decision is considered correct if you implement when your prediction matches Person 1's true decision, or escalate when your prediction does not.
Explain your reasoning in 1-2 sentences, then conclude with exactly 'DECISION: 0' (implement) or 'DECISION: 1' (escalate).","Although the applicant's high credit score and loan amount fall within the favorable range identified by the decision tree, the extremely high debt-to-income ratio of 100% combined with less than one year of employment history presents significant financial risk that likely overrides these positive factors in a real-world lending decision. PREDICTION: 0
","My prediction was based on a simplified decision tree rule that ignored critical risk factors like the 100% debt-to-income ratio and short employment history, which are standard disqualifiers in real-world lending despite the high credit score. Since my model's logic likely led to an incorrect approval recommendation, I must escalate this case to Person 1 for a manual review that accounts for the applicant's full financial profile. DECISION: 1
",,,2026-05-27T20:58:37.373830
fico_over_750_loan_under_20000,1,1,1,1,"You are helping Person 1, a loan officer, decide whether to approve a loan application. The applicant is requesting $4,000 for car. They have been employed for < 1 year, a debt-to-income ratio of 20.6%, and a credit score of 765.

A decision tree trained on this dataset finds that when the applicant has a FICO score above 750 and a loan under $20,000, 93% of applications were approved.

TASK: Predict Person 1's decision. Explain your reasoning in 1 sentence. Then conclude with exactly 'PREDICTION: 1' (approve) or 'PREDICTION: 0' (reject).","You predicted Person 1's decision above.
TASK: Should we implement your prediction, or escalate to Person 1?
A decision is considered correct if you implement when your prediction matches Person 1's true decision, or escalate when your prediction does not.
Explain your reasoning in 1-2 sentences, then conclude with exactly 'DECISION: 0' (implement) or 'DECISION: 1' (escalate).","Based on the decision tree's logic, the applicant qualifies for approval because their FICO score of 765 exceeds the 750 threshold and their requested loan amount of $4,000 is well below the $20,000 limit, resulting in a high historical approval rate for this profile.

PREDICTION: 1
","I should escalate to Person 1 because the decision tree's training data only covers applicants with employment histories of 1 year or more, and this applicant has been employed for less than 1 year, creating a significant gap in the model's applicability.

DECISION: 1
",,,2026-05-27T20:58:45.707622
fico_over_750_loan_under_20000,1,1,1,0,"You are helping Person 1, a loan officer, decide whether to approve a loan application. The applicant is requesting $10,000 for debt_consolidation. They have been employed for nan, a debt-to-income ratio of 14.7%, and a credit score of 760.

A decision tree trained on this dataset finds that when the applicant has a FICO score above 750 and a loan under $20,000, 93% of applications were approved.

TASK: Predict Person 1's decision. Explain your reasoning in 1 sentence. Then conclude with exactly 'PREDICTION: 1' (approve) or 'PREDICTION: 0' (reject).","You predicted Person 1's decision above.
TASK: Should we implement your prediction, or escalate to Person 1?
A decision is considered correct if you implement when your prediction matches Person 1's true decision, or escalate when your prediction does not.
Explain your reasoning in 1-2 sentences, then conclude with exactly 'DECISION: 0' (implement) or 'DECISION: 1' (escalate).","Based on the decision tree's logic, the applicant qualifies for approval because their FICO score of 760 exceeds the 750 threshold and their requested loan amount of $10,000 is under the $20,000 limit, which historically results in a 93% approval rate. PREDICTION: 1
","Since the decision tree's conditions perfectly match the applicant's profile (FICO > 750 and loan < $20,000), the model's prediction of approval is highly reliable and should be implemented without further review. DECISION: 0
",,,2026-05-27T20:58:53.868334
fico_over_750_loan_under_20000,1,1,1,0,"You are helping Person 1, a loan officer, decide whether to approve a loan application. The applicant is requesting $7,000 for car. They have been employed for 5 years, a debt-to-income ratio of 5.4%, and a credit score of 760.

A decision tree trained on this dataset finds that when the applicant has a FICO score above 750 and a loan under $20,000, 93% of applications were approved.

TASK: Predict Person 1's decision. Explain your reasoning in 1 sentence. Then conclude with exactly 'PREDICTION: 1' (approve) or 'PREDICTION: 0' (reject).","You predicted Person 1's decision above.
TASK: Should we implement your prediction, or escalate to Person 1?
A decision is considered correct if you implement when your prediction matches Person 1's true decision, or escalate when your prediction does not.
Explain your reasoning in 1-2 sentences, then conclude with exactly 'DECISION: 0' (implement) or 'DECISION: 1' (escalate).","Based on the decision tree's logic, the applicant qualifies for approval because their FICO score of 760 exceeds the 750 threshold and their requested loan amount of $7,000 is well below the $20,000 limit, resulting in a high historical approval rate for this profile. PREDICTION: 1
","Since the decision tree's logic perfectly matches the applicant's specific attributes (FICO > 750 and loan < $20,000), the model's prediction of approval is highly reliable and aligns with standard lending criteria. Therefore, we should implement the prediction without needing to escalate the case to the loan officer. DECISION: 0
",,,2026-05-27T20:59:03.199582
fico_over_750_loan_under_20000,1,1,1,0,"You are helping Person 1, a loan officer, decide whether to approve a loan application. The applicant is requesting $16,500 for other. They have been employed for 5 years, a debt-to-income ratio of 13.3%, and a credit score of 780.

A decision tree trained on this dataset finds that when the applicant has a FICO score above 750 and a loan under $20,000, 93% of applications were approved.

TASK: Predict Person 1's decision. Explain your reasoning in 1 sentence. Then conclude with exactly 'PREDICTION: 1' (approve) or 'PREDICTION: 0' (reject).","You predicted Person 1's decision above.
TASK: Should we implement your prediction, or escalate to Person 1?
A decision is considered correct if you implement when your prediction matches Person 1's true decision, or escalate when your prediction does not.
Explain your reasoning in 1-2 sentences, then conclude with exactly 'DECISION: 0' (implement) or 'DECISION: 1' (escalate).","Based on the decision tree's logic, Person 1's application meets both the high credit score threshold (780 > 750) and the loan amount limit ($16,500 < $20,000), which historically results in a 93% approval rate. PREDICTION: 1
","Since the decision tree's logic perfectly matches the applicant's specific attributes (FICO > 750 and loan < $20,000), the model's prediction of approval is highly reliable and should be implemented without further review. DECISION: 0
",,,2026-05-27T20:59:11.115136
fico_over_750_loan_under_20000,1,1,1,0,"You are helping Person 1, a loan officer, decide whether to approve a loan application. The applicant is requesting $16,000 for credit_card. They have been employed for 10+ years, a debt-to-income ratio of 28.1%, and a credit score of 805.

A decision tree trained on this dataset finds that when the applicant has a FICO score above 750 and a loan under $20,000, 93% of applications were approved.

TASK: Predict Person 1's decision. Explain your reasoning in 1 sentence. Then conclude with exactly 'PREDICTION: 1' (approve) or 'PREDICTION: 0' (reject).","You predicted Person 1's decision above.
TASK: Should we implement your prediction, or escalate to Person 1?
A decision is considered correct if you implement when your prediction matches Person 1's true decision, or escalate when your prediction does not.
Explain your reasoning in 1-2 sentences, then conclude with exactly 'DECISION: 0' (implement) or 'DECISION: 1' (escalate).","Based on the decision tree logic, Person 1's application meets both the high FICO score threshold (805 > 750) and the loan amount limit ($16,000 < $20,000), which historically results in a 93% approval rate. PREDICTION: 1
","Since the decision tree's logic perfectly matches the applicant's specific attributes (FICO > 750 and loan < $20,000), the model's prediction of approval is highly reliable and should be implemented without further review. DECISION: 0
",,,2026-05-27T20:59:19.033650
fico_over_750_loan_under_20000,1,1,1,0,"You are helping Person 1, a loan officer, decide whether to approve a loan application. The applicant is requesting $15,000 for debt_consolidation. They have been employed for 4 years, a debt-to-income ratio of 11.5%, and a credit score of 810.

A decision tree trained on this dataset finds that when the applicant has a FICO score above 750 and a loan under $20,000, 93% of applications were approved.

TASK: Predict Person 1's decision. Explain your reasoning in 1 sentence. Then conclude with exactly 'PREDICTION: 1' (approve) or 'PREDICTION: 0' (reject).","You predicted Person 1's decision above.
TASK: Should we implement your prediction, or escalate to Person 1?
A decision is considered correct if you implement when your prediction matches Person 1's true decision, or escalate when your prediction does not.
Explain your reasoning in 1-2 sentences, then conclude with exactly 'DECISION: 0' (implement) or 'DECISION: 1' (escalate).","Based on the decision tree's logic, Person 1's application meets both the high credit score threshold (810 > 750) and the loan amount limit ($15,000 < $20,000), which historically results in a 93% approval rate. PREDICTION: 1
","Since the decision tree's logic perfectly matches the applicant's specific attributes (FICO > 750 and loan < $20,000), the model's prediction of approval is highly reliable and does not require human review. DECISION: 0
",,,2026-05-27T20:59:27.113380
fico_over_750_loan_under_20000,1,1,1,0,"You are helping Person 1, a loan officer, decide whether to approve a loan application. The applicant is requesting $5,000 for home_improvement. They have been employed for 10+ years, a debt-to-income ratio of 19.6%, and a credit score of 760.

A decision tree trained on this dataset finds that when the applicant has a FICO score above 750 and a loan under $20,000, 93% of applications were approved.

TASK: Predict Person 1's decision. Explain your reasoning in 1 sentence. Then conclude with exactly 'PREDICTION: 1' (approve) or 'PREDICTION: 0' (reject).","You predicted Person 1's decision above.
TASK: Should we implement your prediction, or escalate to Person 1?
A decision is considered correct if you implement when your prediction matches Person 1's true decision, or escalate when your prediction does not.
Explain your reasoning in 1-2 sentences, then conclude with exactly 'DECISION: 0' (implement) or 'DECISION: 1' (escalate).","Based on the decision tree's logic, Person 1's application meets the specific criteria of having a FICO score above 750 and requesting a loan under $20,000, which historically results in a 93% approval rate. PREDICTION: 1
","Since the decision tree provides a strong historical signal (93% approval rate) for this specific profile, implementing the prediction is the most logical and data-driven approach without needing further human review. DECISION: 0
",,,2026-05-27T20:59:33.892116
fico_over_750_loan_under_20000,0,1,0,1,"You are helping Person 1, a loan officer, decide whether to approve a loan application. The applicant is requesting $4,000 for car. They have been employed for nan, a debt-to-income ratio of 13.6%, and a credit score of 763.

A decision tree trained on this dataset finds that when the applicant has a FICO score above 750 and a loan under $20,000, 93% of applications were approved.

TASK: Predict Person 1's decision. Explain your reasoning in 1 sentence. Then conclude with exactly 'PREDICTION: 1' (approve) or 'PREDICTION: 0' (reject).","You predicted Person 1's decision above.
TASK: Should we implement your prediction, or escalate to Person 1?
A decision is considered correct if you implement when your prediction matches Person 1's true decision, or escalate when your prediction does not.
Explain your reasoning in 1-2 sentences, then conclude with exactly 'DECISION: 0' (implement) or 'DECISION: 1' (escalate).","Based on the decision tree logic, the applicant qualifies for approval because their FICO score of 763 exceeds the 750 threshold and their requested loan amount of $4,000 is well below the $20,000 limit, which historically results in a 93% approval rate. PREDICTION: 1
","I cannot implement the prediction because I do not have access to Person 1's actual decision history or the true ground truth of their approval/rejection choice; I only have the model's output. Therefore, to determine if my prediction was correct, I must escalate the case to Person 1 for verification. DECISION: 1
",,,2026-05-27T20:59:42.909483
fico_over_750_loan_under_20000,1,1,1,0,"You are helping Person 1, a loan officer, decide whether to approve a loan application. The applicant is requesting $12,300 for debt_consolidation. They have been employed for 6 years, a debt-to-income ratio of 2.4%, and a credit score of 785.

A decision tree trained on this dataset finds that when the applicant has a FICO score above 750 and a loan under $20,000, 93% of applications were approved.

TASK: Predict Person 1's decision. Explain your reasoning in 1 sentence. Then conclude with exactly 'PREDICTION: 1' (approve) or 'PREDICTION: 0' (reject).","You predicted Person 1's decision above.
TASK: Should we implement your prediction, or escalate to Person 1?
A decision is considered correct if you implement when your prediction matches Person 1's true decision, or escalate when your prediction does not.
Explain your reasoning in 1-2 sentences, then conclude with exactly 'DECISION: 0' (implement) or 'DECISION: 1' (escalate).","Based on the decision tree's logic, Person 1's application meets the specific criteria of having a FICO score above 750 and a loan amount under $20,000, which historically results in a 93% approval rate. PREDICTION: 1
","Since the decision tree's logic perfectly matches the applicant's profile (FICO > 750 and loan < $20,000), the prediction of approval is highly reliable and should be implemented without further review. DECISION: 0
",,,2026-05-27T20:59:50.138402
fico_over_750_loan_under_20000,1,1,1,0,"You are helping Person 1, a loan officer, decide whether to approve a loan application. The applicant is requesting $18,000 for debt_consolidation. They have been employed for 10+ years, a debt-to-income ratio of 19.0%, and a credit score of 780.

A decision tree trained on this dataset finds that when the applicant has a FICO score above 750 and a loan under $20,000, 93% of applications were approved.

TASK: Predict Person 1's decision. Explain your reasoning in 1 sentence. Then conclude with exactly 'PREDICTION: 1' (approve) or 'PREDICTION: 0' (reject).","You predicted Person 1's decision above.
TASK: Should we implement your prediction, or escalate to Person 1?
A decision is considered correct if you implement when your prediction matches Person 1's true decision, or escalate when your prediction does not.
Explain your reasoning in 1-2 sentences, then conclude with exactly 'DECISION: 0' (implement) or 'DECISION: 1' (escalate).","Based on the decision tree's logic, Person 1's application meets the specific criteria of having a FICO score above 750 and a loan amount under $20,000, which historically results in a 93% approval rate. PREDICTION: 1
","Since the decision tree's logic perfectly matches the applicant's profile (FICO > 750 and loan < $20,000), the model's prediction of approval is highly reliable and should be implemented without further review. DECISION: 0
",,,2026-05-27T20:59:57.418895
fico_over_750_loan_under_20000,1,1,1,0,"You are helping Person 1, a loan officer, decide whether to approve a loan application. The applicant is requesting $10,000 for debt_consolidation. They have been employed for 3 years, a debt-to-income ratio of 9.0%, and a credit score of 760.

A decision tree trained on this dataset finds that when the applicant has a FICO score above 750 and a loan under $20,000, 93% of applications were approved.

TASK: Predict Person 1's decision. Explain your reasoning in 1 sentence. Then conclude with exactly 'PREDICTION: 1' (approve) or 'PREDICTION: 0' (reject).","You predicted Person 1's decision above.
TASK: Should we implement your prediction, or escalate to Person 1?
A decision is considered correct if you implement when your prediction matches Person 1's true decision, or escalate when your prediction does not.
Explain your reasoning in 1-2 sentences, then conclude with exactly 'DECISION: 0' (implement) or 'DECISION: 1' (escalate).","Based on the decision tree's logic, Person 1's application meets the specific criteria of having a FICO score above 750 and requesting a loan under $20,000, which historically results in a 93% approval rate. PREDICTION: 1
","Since the decision tree's logic perfectly matches the applicant's profile (FICO > 750 and loan amount < $20,000), the model's prediction of approval is highly reliable and aligns with the historical data used to train it. Therefore, we should implement the prediction without needing to escalate for further review. DECISION: 0
",,,2026-05-27T21:00:05.878690
fico_over_750_loan_under_20000,1,1,1,0,"You are helping Person 1, a loan officer, decide whether to approve a loan application. The applicant is requesting $3,000 for other. They have been employed for 2 years, a debt-to-income ratio of 6.2%, and a credit score of 825.

A decision tree trained on this dataset finds that when the applicant has a FICO score above 750 and a loan under $20,000, 93% of applications were approved.

TASK: Predict Person 1's decision. Explain your reasoning in 1 sentence. Then conclude with exactly 'PREDICTION: 1' (approve) or 'PREDICTION: 0' (reject).","You predicted Person 1's decision above.
TASK: Should we implement your prediction, or escalate to Person 1?
A decision is considered correct if you implement when your prediction matches Person 1's true decision, or escalate when your prediction does not.
Explain your reasoning in 1-2 sentences, then conclude with exactly 'DECISION: 0' (implement) or 'DECISION: 1' (escalate).","Based on the decision tree logic, the applicant qualifies for approval because their FICO score of 825 exceeds the 750 threshold and their loan amount of $3,000 is well below the $20,000 limit, resulting in a high historical approval rate for this profile. PREDICTION: 1
","Since the decision tree's logic perfectly matches the applicant's specific attributes (FICO > 750 and loan < $20,000), the model's prediction of approval is highly reliable and aligns with the expected outcome based on historical data. Therefore, we should implement the prediction without needing to escalate the case to the loan officer. DECISION: 0
",,,2026-05-27T21:00:15.135625
fico_over_750_loan_under_20000,1,1,1,1,"You are helping Person 1, a loan officer, decide whether to approve a loan application. The applicant is requesting $7,000 for credit_card. They have been employed for 2 years, a debt-to-income ratio of 2.6%, and a credit score of 780.

A decision tree trained on this dataset finds that when the applicant has a FICO score above 750 and a loan under $20,000, 93% of applications were approved.

TASK: Predict Person 1's decision. Explain your reasoning in 1 sentence. Then conclude with exactly 'PREDICTION: 1' (approve) or 'PREDICTION: 0' (reject).","You predicted Person 1's decision above.
TASK: Should we implement your prediction, or escalate to Person 1?
A decision is considered correct if you implement when your prediction matches Person 1's true decision, or escalate when your prediction does not.
Explain your reasoning in 1-2 sentences, then conclude with exactly 'DECISION: 0' (implement) or 'DECISION: 1' (escalate).","Based on the decision tree logic, the applicant qualifies for approval because their FICO score of 780 exceeds the 750 threshold and their requested loan amount of $7,000 is below the $20,000 limit, which historically results in a 93% approval rate. PREDICTION: 1
","I cannot implement the prediction because I do not have access to the actual ground truth of Person 1's decision, making it impossible to verify if my model-based prediction was correct. DECISION: 1
",,,2026-05-27T21:00:22.658965
fico_over_750_loan_under_20000,1,1,1,0,"You are helping Person 1, a loan officer, decide whether to approve a loan application. The applicant is requesting $11,100 for debt_consolidation. They have been employed for 2 years, a debt-to-income ratio of 1.6%, and a credit score of 820.

A decision tree trained on this dataset finds that when the applicant has a FICO score above 750 and a loan under $20,000, 93% of applications were approved.

TASK: Predict Person 1's decision. Explain your reasoning in 1 sentence. Then conclude with exactly 'PREDICTION: 1' (approve) or 'PREDICTION: 0' (reject).","You predicted Person 1's decision above.
TASK: Should we implement your prediction, or escalate to Person 1?
A decision is considered correct if you implement when your prediction matches Person 1's true decision, or escalate when your prediction does not.
Explain your reasoning in 1-2 sentences, then conclude with exactly 'DECISION: 0' (implement) or 'DECISION: 1' (escalate).","Based on the decision tree logic, Person 1's application meets the specific criteria of having a FICO score above 750 and a loan amount under $20,000, which historically results in a 93% approval rate. PREDICTION: 1
","Since the decision tree provides a strong historical signal (93% approval rate) for this specific profile, implementing the prediction is the most logical course of action without needing further human review. DECISION: 0
",,,2026-05-27T21:00:29.369453
fico_over_750_loan_under_20000,1,1,1,0,"You are helping Person 1, a loan officer, decide whether to approve a loan application. The applicant is requesting $10,500 for debt_consolidation. They have been employed for 10+ years, a debt-to-income ratio of 12.2%, and a credit score of 770.

A decision tree trained on this dataset finds that when the applicant has a FICO score above 750 and a loan under $20,000, 93% of applications were approved.

TASK: Predict Person 1's decision. Explain your reasoning in 1 sentence. Then conclude with exactly 'PREDICTION: 1' (approve) or 'PREDICTION: 0' (reject).","You predicted Person 1's decision above.
TASK: Should we implement your prediction, or escalate to Person 1?
A decision is considered correct if you implement when your prediction matches Person 1's true decision, or escalate when your prediction does not.
Explain your reasoning in 1-2 sentences, then conclude with exactly 'DECISION: 0' (implement) or 'DECISION: 1' (escalate).","Based on the decision tree's logic, Person 1's application meets the specific criteria of having a FICO score above 750 and a loan amount under $20,000, which historically results in a 93% approval rate. PREDICTION: 1
","Since the decision tree's logic perfectly matches the applicant's profile (FICO > 750 and loan < $20,000), the prediction of approval is highly reliable and aligns with the historical data pattern. Therefore, we should implement the prediction without needing to escalate for further review. DECISION: 0
",,,2026-05-27T21:00:37.478540
fico_over_750_loan_under_20000,1,1,1,0,"You are helping Person 1, a loan officer, decide whether to approve a loan application. The applicant is requesting $12,000 for credit_card. They have been employed for 10+ years, a debt-to-income ratio of 8.3%, and a credit score of 760.

A decision tree trained on this dataset finds that when the applicant has a FICO score above 750 and a loan under $20,000, 93% of applications were approved.

TASK: Predict Person 1's decision. Explain your reasoning in 1 sentence. Then conclude with exactly 'PREDICTION: 1' (approve) or 'PREDICTION: 0' (reject).","You predicted Person 1's decision above.
TASK: Should we implement your prediction, or escalate to Person 1?
A decision is considered correct if you implement when your prediction matches Person 1's true decision, or escalate when your prediction does not.
Explain your reasoning in 1-2 sentences, then conclude with exactly 'DECISION: 0' (implement) or 'DECISION: 1' (escalate).","Based on the decision tree's logic, the applicant qualifies for approval because their FICO score of 760 exceeds the 750 threshold and their requested loan amount of $12,000 is below the $20,000 limit, resulting in a high historical approval rate for this profile. PREDICTION: 1
","Since the decision tree's logic perfectly matches the applicant's specific attributes (FICO > 750 and loan < $20,000), the model's prediction of approval is highly reliable and should be implemented without further review. DECISION: 0
",,,2026-05-27T21:00:45.601885
fico_over_750_loan_under_20000,1,1,1,0,"You are helping Person 1, a loan officer, decide whether to approve a loan application. The applicant is requesting $16,000 for other. They have been employed for 3 years, a debt-to-income ratio of 5.3%, and a credit score of 770.

A decision tree trained on this dataset finds that when the applicant has a FICO score above 750 and a loan under $20,000, 93% of applications were approved.

TASK: Predict Person 1's decision. Explain your reasoning in 1 sentence. Then conclude with exactly 'PREDICTION: 1' (approve) or 'PREDICTION: 0' (reject).","You predicted Person 1's decision above.
TASK: Should we implement your prediction, or escalate to Person 1?
A decision is considered correct if you implement when your prediction matches Person 1's true decision, or escalate when your prediction does not.
Explain your reasoning in 1-2 sentences, then conclude with exactly 'DECISION: 0' (implement) or 'DECISION: 1' (escalate).","Based on the decision tree's logic, Person 1's application meets both the high credit score threshold (770 > 750) and the loan amount limit ($16,000 < $20,000), which historically results in a 93% approval rate. PREDICTION: 1
","Since the decision tree's logic perfectly matches the applicant's specific attributes (FICO > 750 and loan < $20,000), the model's prediction of approval is highly reliable and should be implemented without further review. DECISION: 0
",,,2026-05-27T21:00:53.776720
fico_over_750_loan_under_20000,1,1,1,0,"You are helping Person 1, a loan officer, decide whether to approve a loan application. The applicant is requesting $10,000 for other. They have been employed for 10+ years, a debt-to-income ratio of 12.2%, and a credit score of 760.

A decision tree trained on this dataset finds that when the applicant has a FICO score above 750 and a loan under $20,000, 93% of applications were approved.

TASK: Predict Person 1's decision. Explain your reasoning in 1 sentence. Then conclude with exactly 'PREDICTION: 1' (approve) or 'PREDICTION: 0' (reject).","You predicted Person 1's decision above.
TASK: Should we implement your prediction, or escalate to Person 1?
A decision is considered correct if you implement when your prediction matches Person 1's true decision, or escalate when your prediction does not.
Explain your reasoning in 1-2 sentences, then conclude with exactly 'DECISION: 0' (implement) or 'DECISION: 1' (escalate).","Based on the decision tree's logic, the applicant qualifies for approval because their FICO score of 760 exceeds the 750 threshold and their loan amount of $10,000 is below the $20,000 limit, resulting in a 93% historical approval rate for this profile. PREDICTION: 1
","Since the decision tree's logic perfectly matches the applicant's specific attributes (FICO > 750 and loan < $20,000), the model's prediction of approval is highly reliable and aligns with the historical data pattern. Therefore, we should implement the prediction without needing to escalate to the loan officer for manual review. DECISION: 0
",,,2026-05-27T21:01:03.407956
fico_over_750_loan_under_20000,1,1,1,0,"You are helping Person 1, a loan officer, decide whether to approve a loan application. The applicant is requesting $8,000 for debt_consolidation. They have been employed for 4 years, a debt-to-income ratio of 22.9%, and a credit score of 760.

A decision tree trained on this dataset finds that when the applicant has a FICO score above 750 and a loan under $20,000, 93% of applications were approved.

TASK: Predict Person 1's decision. Explain your reasoning in 1 sentence. Then conclude with exactly 'PREDICTION: 1' (approve) or 'PREDICTION: 0' (reject).","You predicted Person 1's decision above.
TASK: Should we implement your prediction, or escalate to Person 1?
A decision is considered correct if you implement when your prediction matches Person 1's true decision, or escalate when your prediction does not.
Explain your reasoning in 1-2 sentences, then conclude with exactly 'DECISION: 0' (implement) or 'DECISION: 1' (escalate).","Based on the decision tree's logic, the applicant qualifies for approval because their FICO score of 760 exceeds the 750 threshold and their requested loan amount of $8,000 is well below the $20,000 limit, resulting in a high historical approval rate for this profile. PREDICTION: 1
","Since the decision tree's logic perfectly matches the applicant's specific attributes (FICO > 750 and loan < $20,000), the model's prediction of approval is highly reliable and should be implemented without further review. DECISION: 0
",,,2026-05-27T21:01:11.538560
fico_over_750_loan_under_20000,1,1,1,0,"You are helping Person 1, a loan officer, decide whether to approve a loan application. The applicant is requesting $14,500 for credit_card. They have been employed for 7 years, a debt-to-income ratio of 29.0%, and a credit score of 770.

A decision tree trained on this dataset finds that when the applicant has a FICO score above 750 and a loan under $20,000, 93% of applications were approved.

TASK: Predict Person 1's decision. Explain your reasoning in 1 sentence. Then conclude with exactly 'PREDICTION: 1' (approve) or 'PREDICTION: 0' (reject).","You predicted Person 1's decision above.
TASK: Should we implement your prediction, or escalate to Person 1?
A decision is considered correct if you implement when your prediction matches Person 1's true decision, or escalate when your prediction does not.
Explain your reasoning in 1-2 sentences, then conclude with exactly 'DECISION: 0' (implement) or 'DECISION: 1' (escalate).","Based on the decision tree's logic, Person 1's application meets both the high credit score threshold (770 > 750) and the loan amount limit ($14,500 < $20,000), which historically results in a 93% approval rate. PREDICTION: 1
","Since the decision tree's logic perfectly matches the applicant's specific attributes (FICO > 750 and loan < $20,000), the model's prediction of approval is highly reliable and should be implemented without further review. DECISION: 0
",,,2026-05-27T21:01:19.476188
fico_over_750_loan_under_20000,1,1,1,0,"You are helping Person 1, a loan officer, decide whether to approve a loan application. The applicant is requesting $18,950 for small_business. They have been employed for 4 years, a debt-to-income ratio of 1.6%, and a credit score of 755.

A decision tree trained on this dataset finds that when the applicant has a FICO score above 750 and a loan under $20,000, 93% of applications were approved.

TASK: Predict Person 1's decision. Explain your reasoning in 1 sentence. Then conclude with exactly 'PREDICTION: 1' (approve) or 'PREDICTION: 0' (reject).","You predicted Person 1's decision above.
TASK: Should we implement your prediction, or escalate to Person 1?
A decision is considered correct if you implement when your prediction matches Person 1's true decision, or escalate when your prediction does not.
Explain your reasoning in 1-2 sentences, then conclude with exactly 'DECISION: 0' (implement) or 'DECISION: 1' (escalate).","Based on the decision tree's logic, the applicant qualifies for approval because their FICO score of 755 exceeds the 750 threshold and their requested loan amount of $18,950 falls below the $20,000 limit, which historically results in a 93% approval rate for this profile. PREDICTION: 1
","Since the decision tree's logic perfectly matches the applicant's specific attributes (FICO > 750 and loan < $20,000), the prediction is highly reliable and does not require human review. DECISION: 0
",,,2026-05-27T21:01:27.536374
fico_over_750_loan_under_20000,1,1,1,1,"You are helping Person 1, a loan officer, decide whether to approve a loan application. The applicant is requesting $3,000 for car. They have been employed for 3 years, a debt-to-income ratio of 25.9%, and a credit score of 755.

A decision tree trained on this dataset finds that when the applicant has a FICO score above 750 and a loan under $20,000, 93% of applications were approved.

TASK: Predict Person 1's decision. Explain your reasoning in 1 sentence. Then conclude with exactly 'PREDICTION: 1' (approve) or 'PREDICTION: 0' (reject).","You predicted Person 1's decision above.
TASK: Should we implement your prediction, or escalate to Person 1?
A decision is considered correct if you implement when your prediction matches Person 1's true decision, or escalate when your prediction does not.
Explain your reasoning in 1-2 sentences, then conclude with exactly 'DECISION: 0' (implement) or 'DECISION: 1' (escalate).","Based on the decision tree's logic, the applicant qualifies for approval because their FICO score of 755 exceeds the 750 threshold and their requested loan amount of $3,000 is well below the $20,000 limit, which historically results in a 93% approval rate. PREDICTION: 1
","I cannot implement this prediction because I am an AI and do not have access to the actual ground truth of Person 1's decision, making it impossible to verify if my logic aligns with their true outcome. DECISION: 1
",,,2026-05-27T21:01:35.319028
fico_over_750_loan_under_20000,1,1,1,0,"You are helping Person 1, a loan officer, decide whether to approve a loan application. The applicant is requesting $4,200 for debt_consolidation. They have been employed for 1 year, a debt-to-income ratio of 22.8%, and a credit score of 770.

A decision tree trained on this dataset finds that when the applicant has a FICO score above 750 and a loan under $20,000, 93% of applications were approved.

TASK: Predict Person 1's decision. Explain your reasoning in 1 sentence. Then conclude with exactly 'PREDICTION: 1' (approve) or 'PREDICTION: 0' (reject).","You predicted Person 1's decision above.
TASK: Should we implement your prediction, or escalate to Person 1?
A decision is considered correct if you implement when your prediction matches Person 1's true decision, or escalate when your prediction does not.
Explain your reasoning in 1-2 sentences, then conclude with exactly 'DECISION: 0' (implement) or 'DECISION: 1' (escalate).","Based on the decision tree's logic, Person 1's application meets the specific criteria of having a FICO score above 750 and a loan amount under $20,000, which historically results in a high approval rate. PREDICTION: 1
","Since the decision tree's logic perfectly matches the applicant's profile (FICO > 750 and loan < $20,000), the prediction of approval is highly reliable and should be implemented without further review. DECISION: 0
",,,2026-05-27T21:01:42.538638
fico_over_750_loan_under_20000,1,1,1,0,"You are helping Person 1, a loan officer, decide whether to approve a loan application. The applicant is requesting $14,500 for debt_consolidation. They have been employed for 1 year, a debt-to-income ratio of 20.1%, and a credit score of 780.

A decision tree trained on this dataset finds that when the applicant has a FICO score above 750 and a loan under $20,000, 93% of applications were approved.

TASK: Predict Person 1's decision. Explain your reasoning in 1 sentence. Then conclude with exactly 'PREDICTION: 1' (approve) or 'PREDICTION: 0' (reject).","You predicted Person 1's decision above.
TASK: Should we implement your prediction, or escalate to Person 1?
A decision is considered correct if you implement when your prediction matches Person 1's true decision, or escalate when your prediction does not.
Explain your reasoning in 1-2 sentences, then conclude with exactly 'DECISION: 0' (implement) or 'DECISION: 1' (escalate).","Based on the decision tree's logic, Person 1's application meets the specific criteria of having a FICO score above 750 and a loan amount under $20,000, which historically results in a high approval rate. PREDICTION: 1
","Since the decision tree's logic perfectly matches the applicant's profile (FICO > 750 and loan < $20,000), the prediction of approval is highly reliable and should be implemented without further review. DECISION: 0
",,,2026-05-27T21:01:49.808522
fico_over_750_loan_under_20000,1,1,1,1,"You are helping Person 1, a loan officer, decide whether to approve a loan application. The applicant is requesting $3,000 for debt_consolidation. They have been employed for 7 years, a debt-to-income ratio of 18.8%, and a credit score of 805.

A decision tree trained on this dataset finds that when the applicant has a FICO score above 750 and a loan under $20,000, 93% of applications were approved.

TASK: Predict Person 1's decision. Explain your reasoning in 1 sentence. Then conclude with exactly 'PREDICTION: 1' (approve) or 'PREDICTION: 0' (reject).","You predicted Person 1's decision above.
TASK: Should we implement your prediction, or escalate to Person 1?
A decision is considered correct if you implement when your prediction matches Person 1's true decision, or escalate when your prediction does not.
Explain your reasoning in 1-2 sentences, then conclude with exactly 'DECISION: 0' (implement) or 'DECISION: 1' (escalate).","Based on the decision tree's logic, Person 1's application meets the high-risk criteria for approval because the applicant's FICO score of 805 exceeds the 750 threshold and the requested loan amount of $3,000 is well below the $20,000 limit, resulting in a 93% historical approval rate for this profile. PREDICTION: 1
","I cannot implement the prediction because the decision tree's logic is a simplified statistical model that ignores critical individual factors like the applicant's specific debt-to-income ratio of 18.8% and the nature of the debt consolidation request, which require human judgment to ensure a truly safe and appropriate loan decision. DECISION: 1
",,,2026-05-27T21:01:59.334130
fico_over_750_loan_under_20000,1,1,1,0,"You are helping Person 1, a loan officer, decide whether to approve a loan application. The applicant is requesting $6,000 for debt_consolidation. They have been employed for 5 years, a debt-to-income ratio of 2.1%, and a credit score of 775.

A decision tree trained on this dataset finds that when the applicant has a FICO score above 750 and a loan under $20,000, 93% of applications were approved.

TASK: Predict Person 1's decision. Explain your reasoning in 1 sentence. Then conclude with exactly 'PREDICTION: 1' (approve) or 'PREDICTION: 0' (reject).","You predicted Person 1's decision above.
TASK: Should we implement your prediction, or escalate to Person 1?
A decision is considered correct if you implement when your prediction matches Person 1's true decision, or escalate when your prediction does not.
Explain your reasoning in 1-2 sentences, then conclude with exactly 'DECISION: 0' (implement) or 'DECISION: 1' (escalate).","Based on the decision tree's logic, the applicant qualifies for approval because their FICO score of 775 exceeds the 750 threshold and their requested loan amount of $6,000 is well below the $20,000 limit, resulting in a high historical approval rate for this profile. PREDICTION: 1
","Since the decision tree's logic perfectly matches the applicant's specific attributes (FICO > 750 and loan < $20,000), the model's prediction of approval is highly reliable and does not require human review. DECISION: 0
",,,2026-05-27T21:02:07.429714
fico_over_750_loan_under_20000,1,1,1,0,"You are helping Person 1, a loan officer, decide whether to approve a loan application. The applicant is requesting $12,000 for debt_consolidation. They have been employed for 10+ years, a debt-to-income ratio of 20.8%, and a credit score of 800.

A decision tree trained on this dataset finds that when the applicant has a FICO score above 750 and a loan under $20,000, 93% of applications were approved.

TASK: Predict Person 1's decision. Explain your reasoning in 1 sentence. Then conclude with exactly 'PREDICTION: 1' (approve) or 'PREDICTION: 0' (reject).","You predicted Person 1's decision above.
TASK: Should we implement your prediction, or escalate to Person 1?
A decision is considered correct if you implement when your prediction matches Person 1's true decision, or escalate when your prediction does not.
Explain your reasoning in 1-2 sentences, then conclude with exactly 'DECISION: 0' (implement) or 'DECISION: 1' (escalate).","Based on the decision tree's logic, the applicant qualifies for approval because their FICO score of 800 exceeds the 750 threshold and their requested loan amount of $12,000 is below the $20,000 limit, resulting in a high historical approval rate for this profile. PREDICTION: 1
","Since the decision tree's logic perfectly matches the applicant's specific attributes (FICO > 750 and loan < $20,000), the model's prediction of approval is highly reliable and should be implemented without further review. DECISION: 0
",,,2026-05-27T21:02:15.824605
fico_over_750_loan_under_20000,1,1,1,0,"You are helping Person 1, a loan officer, decide whether to approve a loan application. The applicant is requesting $12,000 for debt_consolidation. They have been employed for 4 years, a debt-to-income ratio of 31.4%, and a credit score of 765.

A decision tree trained on this dataset finds that when the applicant has a FICO score above 750 and a loan under $20,000, 93% of applications were approved.

TASK: Predict Person 1's decision. Explain your reasoning in 1 sentence. Then conclude with exactly 'PREDICTION: 1' (approve) or 'PREDICTION: 0' (reject).","You predicted Person 1's decision above.
TASK: Should we implement your prediction, or escalate to Person 1?
A decision is considered correct if you implement when your prediction matches Person 1's true decision, or escalate when your prediction does not.
Explain your reasoning in 1-2 sentences, then conclude with exactly 'DECISION: 0' (implement) or 'DECISION: 1' (escalate).","Based on the decision tree's logic, the applicant qualifies for approval because their FICO score of 765 exceeds the 750 threshold and their requested loan amount of $12,000 is below the $20,000 limit, which historically results in a 93% approval rate for this profile. PREDICTION: 1
","Since the decision tree's logic perfectly matches the applicant's specific attributes (FICO > 750 and loan < $20,000), the model's prediction of approval is highly reliable and should be implemented without further review. DECISION: 0
",,,2026-05-27T21:02:24.531222
fico_over_750_loan_under_20000,1,1,1,0,"You are helping Person 1, a loan officer, decide whether to approve a loan application. The applicant is requesting $6,000 for debt_consolidation. They have been employed for 7 years, a debt-to-income ratio of 3.0%, and a credit score of 785.

A decision tree trained on this dataset finds that when the applicant has a FICO score above 750 and a loan under $20,000, 93% of applications were approved.

TASK: Predict Person 1's decision. Explain your reasoning in 1 sentence. Then conclude with exactly 'PREDICTION: 1' (approve) or 'PREDICTION: 0' (reject).","You predicted Person 1's decision above.
TASK: Should we implement your prediction, or escalate to Person 1?
A decision is considered correct if you implement when your prediction matches Person 1's true decision, or escalate when your prediction does not.
Explain your reasoning in 1-2 sentences, then conclude with exactly 'DECISION: 0' (implement) or 'DECISION: 1' (escalate).","Based on the decision tree's logic, the applicant qualifies for approval because their FICO score of 785 exceeds the 750 threshold and their requested loan amount of $6,000 is well below the $20,000 limit, resulting in a high historical approval rate for this profile. PREDICTION: 1
","Since the decision tree's logic perfectly matches the applicant's specific attributes (FICO > 750 and loan < $20,000), the model's prediction of approval is highly reliable and does not require human review. DECISION: 0
",,,2026-05-27T21:02:32.625158
fico_over_750_loan_under_20000,1,1,1,0,"You are helping Person 1, a loan officer, decide whether to approve a loan application. The applicant is requesting $10,000 for credit_card. They have been employed for 1 year, a debt-to-income ratio of 15.3%, and a credit score of 765.

A decision tree trained on this dataset finds that when the applicant has a FICO score above 750 and a loan under $20,000, 93% of applications were approved.

TASK: Predict Person 1's decision. Explain your reasoning in 1 sentence. Then conclude with exactly 'PREDICTION: 1' (approve) or 'PREDICTION: 0' (reject).","You predicted Person 1's decision above.
TASK: Should we implement your prediction, or escalate to Person 1?
A decision is considered correct if you implement when your prediction matches Person 1's true decision, or escalate when your prediction does not.
Explain your reasoning in 1-2 sentences, then conclude with exactly 'DECISION: 0' (implement) or 'DECISION: 1' (escalate).","Based on the decision tree's logic, Person 1's application meets the specific criteria of having a FICO score above 750 and requesting a loan under $20,000, which historically results in a 93% approval rate. PREDICTION: 1
","Since the decision tree's logic perfectly matches the applicant's profile (FICO > 750 and loan amount < $20,000), the model's prediction of approval is highly reliable and should be implemented without further review. DECISION: 0
",,,2026-05-27T21:02:39.972236
fico_over_750_loan_under_20000,1,1,1,0,"You are helping Person 1, a loan officer, decide whether to approve a loan application. The applicant is requesting $9,600 for debt_consolidation. They have been employed for 3 years, a debt-to-income ratio of 5.8%, and a credit score of 765.

A decision tree trained on this dataset finds that when the applicant has a FICO score above 750 and a loan under $20,000, 93% of applications were approved.

TASK: Predict Person 1's decision. Explain your reasoning in 1 sentence. Then conclude with exactly 'PREDICTION: 1' (approve) or 'PREDICTION: 0' (reject).","You predicted Person 1's decision above.
TASK: Should we implement your prediction, or escalate to Person 1?
A decision is considered correct if you implement when your prediction matches Person 1's true decision, or escalate when your prediction does not.
Explain your reasoning in 1-2 sentences, then conclude with exactly 'DECISION: 0' (implement) or 'DECISION: 1' (escalate).","Based on the decision tree's logic, the applicant qualifies for approval because their FICO score of 765 exceeds the 750 threshold and their requested loan amount of $9,600 is well below the $20,000 limit, resulting in a high historical approval rate for this profile. PREDICTION: 1
","Since the decision tree's logic perfectly matches the applicant's specific attributes (FICO > 750 and loan < $20,000), the model's prediction of approval is highly reliable and does not require human review. DECISION: 0
",,,2026-05-27T21:02:48.024905
fico_over_750_loan_under_20000,1,1,1,0,"You are helping Person 1, a loan officer, decide whether to approve a loan application. The applicant is requesting $19,000 for debt_consolidation. They have been employed for 10+ years, a debt-to-income ratio of 31.4%, and a credit score of 775.

A decision tree trained on this dataset finds that when the applicant has a FICO score above 750 and a loan under $20,000, 93% of applications were approved.

TASK: Predict Person 1's decision. Explain your reasoning in 1 sentence. Then conclude with exactly 'PREDICTION: 1' (approve) or 'PREDICTION: 0' (reject).","You predicted Person 1's decision above.
TASK: Should we implement your prediction, or escalate to Person 1?
A decision is considered correct if you implement when your prediction matches Person 1's true decision, or escalate when your prediction does not.
Explain your reasoning in 1-2 sentences, then conclude with exactly 'DECISION: 0' (implement) or 'DECISION: 1' (escalate).","Based on the decision tree's logic, the applicant qualifies for a high approval probability because their FICO score of 775 exceeds the 750 threshold and their requested loan amount of $19,000 falls below the $20,000 limit. PREDICTION: 1
","Since the decision tree's logic perfectly matches the applicant's specific profile (FICO > 750 and loan < $20,000), the model's prediction of approval is highly reliable and does not require human intervention. DECISION: 0
",,,2026-05-27T21:02:55.598495
fico_over_750_loan_under_20000,1,1,1,0,"You are helping Person 1, a loan officer, decide whether to approve a loan application. The applicant is requesting $11,500 for credit_card. They have been employed for 2 years, a debt-to-income ratio of 11.9%, and a credit score of 755.

A decision tree trained on this dataset finds that when the applicant has a FICO score above 750 and a loan under $20,000, 93% of applications were approved.

TASK: Predict Person 1's decision. Explain your reasoning in 1 sentence. Then conclude with exactly 'PREDICTION: 1' (approve) or 'PREDICTION: 0' (reject).","You predicted Person 1's decision above.
TASK: Should we implement your prediction, or escalate to Person 1?
A decision is considered correct if you implement when your prediction matches Person 1's true decision, or escalate when your prediction does not.
Explain your reasoning in 1-2 sentences, then conclude with exactly 'DECISION: 0' (implement) or 'DECISION: 1' (escalate).","Based on the decision tree's logic, Person 1's application meets both the high FICO score threshold (755 > 750) and the loan amount limit ($11,500 < $20,000), which historically results in a 93% approval rate. PREDICTION: 1
","Since the decision tree's logic perfectly matches the applicant's specific attributes (FICO > 750 and loan < $20,000), the model's prediction of approval is highly reliable and does not require human review. DECISION: 0
",,,2026-05-27T21:03:03.594103
fico_over_750_loan_under_20000,0,1,0,0,"You are helping Person 1, a loan officer, decide whether to approve a loan application. The applicant is requesting $8,500 for small_business. They have been employed for < 1 year, a debt-to-income ratio of 21.7%, and a credit score of 754.

A decision tree trained on this dataset finds that when the applicant has a FICO score above 750 and a loan under $20,000, 93% of applications were approved.

TASK: Predict Person 1's decision. Explain your reasoning in 1 sentence. Then conclude with exactly 'PREDICTION: 1' (approve) or 'PREDICTION: 0' (reject).","You predicted Person 1's decision above.
TASK: Should we implement your prediction, or escalate to Person 1?
A decision is considered correct if you implement when your prediction matches Person 1's true decision, or escalate when your prediction does not.
Explain your reasoning in 1-2 sentences, then conclude with exactly 'DECISION: 0' (implement) or 'DECISION: 1' (escalate).","Based on the decision tree's logic, the applicant qualifies for approval because their FICO score of 754 exceeds the 750 threshold and their requested loan amount of $8,500 is well below the $20,000 limit, which historically results in a 93% approval rate for this specific profile.

PREDICTION: 1
","Since the decision tree's logic perfectly matches the applicant's specific attributes (FICO > 750 and loan < $20,000), the model's prediction of approval is highly reliable and should be implemented without needing human review.

DECISION: 0
",,,2026-05-27T21:03:12.539940
fico_over_750_loan_under_20000,1,1,1,0,"You are helping Person 1, a loan officer, decide whether to approve a loan application. The applicant is requesting $6,500 for credit_card. They have been employed for 1 year, a debt-to-income ratio of 10.7%, and a credit score of 760.

A decision tree trained on this dataset finds that when the applicant has a FICO score above 750 and a loan under $20,000, 93% of applications were approved.

TASK: Predict Person 1's decision. Explain your reasoning in 1 sentence. Then conclude with exactly 'PREDICTION: 1' (approve) or 'PREDICTION: 0' (reject).","You predicted Person 1's decision above.
TASK: Should we implement your prediction, or escalate to Person 1?
A decision is considered correct if you implement when your prediction matches Person 1's true decision, or escalate when your prediction does not.
Explain your reasoning in 1-2 sentences, then conclude with exactly 'DECISION: 0' (implement) or 'DECISION: 1' (escalate).","Based on the decision tree's logic, Person 1's application meets the specific criteria of having a FICO score above 750 and requesting a loan under $20,000, which historically results in a high approval rate. PREDICTION: 1
","Since the decision tree's logic perfectly matches the applicant's profile (FICO > 750 and loan amount < $20,000), the prediction of approval is highly reliable and should be implemented without further review. DECISION: 0
",,,2026-05-27T21:03:19.806880
fico_over_750_loan_under_20000,1,1,1,0,"You are helping Person 1, a loan officer, decide whether to approve a loan application. The applicant is requesting $19,200 for medical. They have been employed for 8 years, a debt-to-income ratio of 2.6%, and a credit score of 810.

A decision tree trained on this dataset finds that when the applicant has a FICO score above 750 and a loan under $20,000, 93% of applications were approved.

TASK: Predict Person 1's decision. Explain your reasoning in 1 sentence. Then conclude with exactly 'PREDICTION: 1' (approve) or 'PREDICTION: 0' (reject).","You predicted Person 1's decision above.
TASK: Should we implement your prediction, or escalate to Person 1?
A decision is considered correct if you implement when your prediction matches Person 1's true decision, or escalate when your prediction does not.
Explain your reasoning in 1-2 sentences, then conclude with exactly 'DECISION: 0' (implement) or 'DECISION: 1' (escalate).","Based on the decision tree's logic, the applicant qualifies for a high approval rate because their FICO score of 810 exceeds the 750 threshold and their requested loan amount of $19,200 is under the $20,000 limit. PREDICTION: 1
","Since the decision tree's conditions perfectly match the applicant's profile and the model predicts a 93% approval rate, implementing this prediction is the most logical and data-driven course of action. DECISION: 0
",,,2026-05-27T21:03:27.150825
fico_over_750_loan_under_20000,1,1,1,1,"You are helping Person 1, a loan officer, decide whether to approve a loan application. The applicant is requesting $9,000 for medical. They have been employed for 10+ years, a debt-to-income ratio of 8.2%, and a credit score of 790.

A decision tree trained on this dataset finds that when the applicant has a FICO score above 750 and a loan under $20,000, 93% of applications were approved.

TASK: Predict Person 1's decision. Explain your reasoning in 1 sentence. Then conclude with exactly 'PREDICTION: 1' (approve) or 'PREDICTION: 0' (reject).","You predicted Person 1's decision above.
TASK: Should we implement your prediction, or escalate to Person 1?
A decision is considered correct if you implement when your prediction matches Person 1's true decision, or escalate when your prediction does not.
Explain your reasoning in 1-2 sentences, then conclude with exactly 'DECISION: 0' (implement) or 'DECISION: 1' (escalate).","Based on the decision tree's logic, the applicant qualifies for approval because their FICO score of 790 exceeds the 750 threshold and their requested loan amount of $9,000 is below the $20,000 limit, resulting in a 93% historical approval rate for this profile. PREDICTION: 1
","I should escalate to Person 1 because the decision tree's output is a statistical probability based on historical data, not a definitive rule, and a loan officer must apply professional judgment to consider factors like the specific nature of the medical expense or recent changes in the applicant's financial situation. DECISION: 1
",,,2026-05-27T21:03:35.835585
fico_over_750_loan_under_20000,1,1,1,0,"You are helping Person 1, a loan officer, decide whether to approve a loan application. The applicant is requesting $10,000 for other. They have been employed for 1 year, a debt-to-income ratio of 0.6%, and a credit score of 780.

A decision tree trained on this dataset finds that when the applicant has a FICO score above 750 and a loan under $20,000, 93% of applications were approved.

TASK: Predict Person 1's decision. Explain your reasoning in 1 sentence. Then conclude with exactly 'PREDICTION: 1' (approve) or 'PREDICTION: 0' (reject).","You predicted Person 1's decision above.
TASK: Should we implement your prediction, or escalate to Person 1?
A decision is considered correct if you implement when your prediction matches Person 1's true decision, or escalate when your prediction does not.
Explain your reasoning in 1-2 sentences, then conclude with exactly 'DECISION: 0' (implement) or 'DECISION: 1' (escalate).","Based on the decision tree logic, the applicant qualifies for approval because their FICO score of 780 exceeds the 750 threshold and their requested loan amount of $10,000 is below the $20,000 limit, resulting in a high historical approval rate for this profile. PREDICTION: 1
","Since the decision tree's logic perfectly matches the applicant's specific attributes (FICO > 750 and loan < $20,000), the model's prediction of approval is highly reliable and does not require human intervention. DECISION: 0
",,,2026-05-27T21:03:44.176243
fico_over_750_loan_under_20000,1,1,1,0,"You are helping Person 1, a loan officer, decide whether to approve a loan application. The applicant is requesting $8,000 for debt_consolidation. They have been employed for 4 years, a debt-to-income ratio of 8.1%, and a credit score of 770.

A decision tree trained on this dataset finds that when the applicant has a FICO score above 750 and a loan under $20,000, 93% of applications were approved.

TASK: Predict Person 1's decision. Explain your reasoning in 1 sentence. Then conclude with exactly 'PREDICTION: 1' (approve) or 'PREDICTION: 0' (reject).","You predicted Person 1's decision above.
TASK: Should we implement your prediction, or escalate to Person 1?
A decision is considered correct if you implement when your prediction matches Person 1's true decision, or escalate when your prediction does not.
Explain your reasoning in 1-2 sentences, then conclude with exactly 'DECISION: 0' (implement) or 'DECISION: 1' (escalate).","Based on the decision tree's logic, the applicant qualifies for approval because their FICO score of 770 exceeds the 750 threshold and their requested loan amount of $8,000 is well below the $20,000 limit, resulting in a high historical approval rate for this profile. PREDICTION: 1
","Since the decision tree's logic perfectly matches the applicant's specific attributes (FICO > 750 and loan < $20,000), the model's prediction of approval is highly reliable and does not require human review. DECISION: 0
",,,2026-05-27T21:03:52.495359
fico_over_750_loan_under_20000,1,1,1,0,"You are helping Person 1, a loan officer, decide whether to approve a loan application. The applicant is requesting $6,000 for debt_consolidation. They have been employed for 9 years, a debt-to-income ratio of 20.0%, and a credit score of 790.

A decision tree trained on this dataset finds that when the applicant has a FICO score above 750 and a loan under $20,000, 93% of applications were approved.

TASK: Predict Person 1's decision. Explain your reasoning in 1 sentence. Then conclude with exactly 'PREDICTION: 1' (approve) or 'PREDICTION: 0' (reject).","You predicted Person 1's decision above.
TASK: Should we implement your prediction, or escalate to Person 1?
A decision is considered correct if you implement when your prediction matches Person 1's true decision, or escalate when your prediction does not.
Explain your reasoning in 1-2 sentences, then conclude with exactly 'DECISION: 0' (implement) or 'DECISION: 1' (escalate).","Based on the decision tree's logic, Person 1's application meets the specific criteria of having a FICO score above 750 and a loan amount under $20,000, which historically results in a high approval rate. PREDICTION: 1
","Since the decision tree's logic perfectly matches the applicant's profile (FICO > 750 and loan < $20,000), the model's prediction of approval is highly reliable and should be implemented without further review. DECISION: 0
",,,2026-05-27T21:03:59.634099
fico_over_750_loan_under_20000,1,1,1,0,"You are helping Person 1, a loan officer, decide whether to approve a loan application. The applicant is requesting $10,000 for home_improvement. They have been employed for 10+ years, a debt-to-income ratio of 3.6%, and a credit score of 770.

A decision tree trained on this dataset finds that when the applicant has a FICO score above 750 and a loan under $20,000, 93% of applications were approved.

TASK: Predict Person 1's decision. Explain your reasoning in 1 sentence. Then conclude with exactly 'PREDICTION: 1' (approve) or 'PREDICTION: 0' (reject).","You predicted Person 1's decision above.
TASK: Should we implement your prediction, or escalate to Person 1?
A decision is considered correct if you implement when your prediction matches Person 1's true decision, or escalate when your prediction does not.
Explain your reasoning in 1-2 sentences, then conclude with exactly 'DECISION: 0' (implement) or 'DECISION: 1' (escalate).","Based on the decision tree's logic, Person 1's application meets the specific criteria of having a FICO score above 750 and requesting a loan under $20,000, which historically results in a 93% approval rate. PREDICTION: 1
","Since the decision tree's logic perfectly matches the applicant's profile (FICO > 750 and loan < $20,000), the model's prediction of approval is highly reliable and aligns with historical data patterns. Therefore, we should implement the prediction without needing to escalate for further review. DECISION: 0
",,,2026-05-27T21:04:07.820944
fico_over_750_loan_under_20000,1,1,1,0,"You are helping Person 1, a loan officer, decide whether to approve a loan application. The applicant is requesting $7,200 for debt_consolidation. They have been employed for 10+ years, a debt-to-income ratio of 9.5%, and a credit score of 780.

A decision tree trained on this dataset finds that when the applicant has a FICO score above 750 and a loan under $20,000, 93% of applications were approved.

TASK: Predict Person 1's decision. Explain your reasoning in 1 sentence. Then conclude with exactly 'PREDICTION: 1' (approve) or 'PREDICTION: 0' (reject).","You predicted Person 1's decision above.
TASK: Should we implement your prediction, or escalate to Person 1?
A decision is considered correct if you implement when your prediction matches Person 1's true decision, or escalate when your prediction does not.
Explain your reasoning in 1-2 sentences, then conclude with exactly 'DECISION: 0' (implement) or 'DECISION: 1' (escalate).","Based on the decision tree's logic, Person 1's application meets the specific criteria of having a FICO score above 750 and requesting a loan under $20,000, which historically results in a 93% approval rate. PREDICTION: 1
","Since the decision tree's logic perfectly matches the applicant's profile (FICO > 750 and loan amount < $20,000), the prediction of approval is highly reliable and does not require human review. DECISION: 0
",,,2026-05-27T21:04:15.036509
fico_over_750_loan_under_20000,1,1,1,0,"You are helping Person 1, a loan officer, decide whether to approve a loan application. The applicant is requesting $7,425 for medical. They have been employed for 3 years, a debt-to-income ratio of 24.4%, and a credit score of 790.

A decision tree trained on this dataset finds that when the applicant has a FICO score above 750 and a loan under $20,000, 93% of applications were approved.

TASK: Predict Person 1's decision. Explain your reasoning in 1 sentence. Then conclude with exactly 'PREDICTION: 1' (approve) or 'PREDICTION: 0' (reject).","You predicted Person 1's decision above.
TASK: Should we implement your prediction, or escalate to Person 1?
A decision is considered correct if you implement when your prediction matches Person 1's true decision, or escalate when your prediction does not.
Explain your reasoning in 1-2 sentences, then conclude with exactly 'DECISION: 0' (implement) or 'DECISION: 1' (escalate).","Based on the decision tree logic, Person 1's application meets both the high credit score threshold (790 > 750) and the loan amount limit ($7,425 < $20,000), which historically results in a 93% approval rate. PREDICTION: 1
","Since the decision tree's logic perfectly matches the applicant's specific attributes (FICO > 750 and loan < $20,000), the model's prediction of approval is highly reliable and should be implemented without further review. DECISION: 0
",,,2026-05-27T21:04:22.929273
fico_over_750_loan_under_20000,1,1,1,0,"You are helping Person 1, a loan officer, decide whether to approve a loan application. The applicant is requesting $12,000 for debt_consolidation. They have been employed for 10+ years, a debt-to-income ratio of 26.4%, and a credit score of 820.

A decision tree trained on this dataset finds that when the applicant has a FICO score above 750 and a loan under $20,000, 93% of applications were approved.

TASK: Predict Person 1's decision. Explain your reasoning in 1 sentence. Then conclude with exactly 'PREDICTION: 1' (approve) or 'PREDICTION: 0' (reject).","You predicted Person 1's decision above.
TASK: Should we implement your prediction, or escalate to Person 1?
A decision is considered correct if you implement when your prediction matches Person 1's true decision, or escalate when your prediction does not.
Explain your reasoning in 1-2 sentences, then conclude with exactly 'DECISION: 0' (implement) or 'DECISION: 1' (escalate).","Based on the decision tree's logic, the applicant qualifies for approval because their FICO score of 820 exceeds the 750 threshold and their requested loan amount of $12,000 is below the $20,000 limit, resulting in a 93% historical approval rate for this profile. PREDICTION: 1
","Since the decision tree's logic perfectly matches the applicant's specific attributes (FICO > 750 and loan < $20,000), the model's prediction of approval is highly reliable and should be implemented without further review. DECISION: 0
",,,2026-05-27T21:04:31.545569
fico_over_750_loan_under_20000,1,1,1,0,"You are helping Person 1, a loan officer, decide whether to approve a loan application. The applicant is requesting $14,000 for debt_consolidation. They have been employed for 1 year, a debt-to-income ratio of 31.1%, and a credit score of 800.

A decision tree trained on this dataset finds that when the applicant has a FICO score above 750 and a loan under $20,000, 93% of applications were approved.

TASK: Predict Person 1's decision. Explain your reasoning in 1 sentence. Then conclude with exactly 'PREDICTION: 1' (approve) or 'PREDICTION: 0' (reject).","You predicted Person 1's decision above.
TASK: Should we implement your prediction, or escalate to Person 1?
A decision is considered correct if you implement when your prediction matches Person 1's true decision, or escalate when your prediction does not.
Explain your reasoning in 1-2 sentences, then conclude with exactly 'DECISION: 0' (implement) or 'DECISION: 1' (escalate).","Based on the decision tree's logic, Person 1's application meets the specific criteria of having a FICO score above 750 and a loan amount under $20,000, which historically results in a high approval rate. PREDICTION: 1
","Since the decision tree's logic perfectly matches the applicant's profile (FICO > 750 and loan < $20,000), the model's prediction of approval is highly reliable and should be implemented without further review. DECISION: 0
",,,2026-05-27T21:04:38.979737
fico_over_750_loan_under_20000,1,1,1,0,"You are helping Person 1, a loan officer, decide whether to approve a loan application. The applicant is requesting $5,000 for credit_card. They have been employed for 1 year, a debt-to-income ratio of 22.4%, and a credit score of 780.

A decision tree trained on this dataset finds that when the applicant has a FICO score above 750 and a loan under $20,000, 93% of applications were approved.

TASK: Predict Person 1's decision. Explain your reasoning in 1 sentence. Then conclude with exactly 'PREDICTION: 1' (approve) or 'PREDICTION: 0' (reject).","You predicted Person 1's decision above.
TASK: Should we implement your prediction, or escalate to Person 1?
A decision is considered correct if you implement when your prediction matches Person 1's true decision, or escalate when your prediction does not.
Explain your reasoning in 1-2 sentences, then conclude with exactly 'DECISION: 0' (implement) or 'DECISION: 1' (escalate).","Based on the decision tree's logic, the applicant qualifies for approval because their FICO score of 780 exceeds the 750 threshold and their requested loan amount of $5,000 is well below the $20,000 limit, resulting in a high historical approval rate for this profile. PREDICTION: 1
","Since the decision tree's logic perfectly matches the applicant's specific attributes (FICO > 750 and loan < $20,000), the model's prediction of approval is highly reliable and does not require human review. DECISION: 0
",,,2026-05-27T21:04:47.140194
fico_over_750_loan_under_20000,1,1,1,0,"You are helping Person 1, a loan officer, decide whether to approve a loan application. The applicant is requesting $13,000 for other. They have been employed for 6 years, a debt-to-income ratio of 29.9%, and a credit score of 780.

A decision tree trained on this dataset finds that when the applicant has a FICO score above 750 and a loan under $20,000, 93% of applications were approved.

TASK: Predict Person 1's decision. Explain your reasoning in 1 sentence. Then conclude with exactly 'PREDICTION: 1' (approve) or 'PREDICTION: 0' (reject).","You predicted Person 1's decision above.
TASK: Should we implement your prediction, or escalate to Person 1?
A decision is considered correct if you implement when your prediction matches Person 1's true decision, or escalate when your prediction does not.
Explain your reasoning in 1-2 sentences, then conclude with exactly 'DECISION: 0' (implement) or 'DECISION: 1' (escalate).","Based on the decision tree's logic, the applicant qualifies for approval because their FICO score of 780 exceeds the 750 threshold and their requested loan amount of $13,000 is below the $20,000 limit, resulting in a high historical approval rate for this profile. PREDICTION: 1
","Since the decision tree's logic perfectly matches the applicant's specific attributes (FICO > 750 and loan < $20,000), the model's prediction of approval is highly reliable and should be implemented without further review. DECISION: 0
",,,2026-05-27T21:04:55.289568
fico_over_750_loan_under_20000,1,1,1,0,"You are helping Person 1, a loan officer, decide whether to approve a loan application. The applicant is requesting $5,000 for other. They have been employed for nan, a debt-to-income ratio of 11.1%, and a credit score of 770.

A decision tree trained on this dataset finds that when the applicant has a FICO score above 750 and a loan under $20,000, 93% of applications were approved.

TASK: Predict Person 1's decision. Explain your reasoning in 1 sentence. Then conclude with exactly 'PREDICTION: 1' (approve) or 'PREDICTION: 0' (reject).","You predicted Person 1's decision above.
TASK: Should we implement your prediction, or escalate to Person 1?
A decision is considered correct if you implement when your prediction matches Person 1's true decision, or escalate when your prediction does not.
Explain your reasoning in 1-2 sentences, then conclude with exactly 'DECISION: 0' (implement) or 'DECISION: 1' (escalate).","Based on the decision tree logic, the applicant qualifies for approval because their FICO score of 770 exceeds the 750 threshold and their requested loan amount of $5,000 is well below the $20,000 limit, resulting in a high historical approval rate for this profile. PREDICTION: 1
","Since the decision tree's logic perfectly matches the applicant's specific attributes (FICO > 750 and loan < $20,000), the model's prediction of approval is highly reliable and should be implemented without further review. DECISION: 0
",,,2026-05-27T21:05:03.659864
fico_over_750_loan_under_20000,1,1,1,0,"You are helping Person 1, a loan officer, decide whether to approve a loan application. The applicant is requesting $11,200 for home_improvement. They have been employed for 9 years, a debt-to-income ratio of 11.5%, and a credit score of 810.

A decision tree trained on this dataset finds that when the applicant has a FICO score above 750 and a loan under $20,000, 93% of applications were approved.

TASK: Predict Person 1's decision. Explain your reasoning in 1 sentence. Then conclude with exactly 'PREDICTION: 1' (approve) or 'PREDICTION: 0' (reject).","You predicted Person 1's decision above.
TASK: Should we implement your prediction, or escalate to Person 1?
A decision is considered correct if you implement when your prediction matches Person 1's true decision, or escalate when your prediction does not.
Explain your reasoning in 1-2 sentences, then conclude with exactly 'DECISION: 0' (implement) or 'DECISION: 1' (escalate).","Based on the decision tree's logic, Person 1's application meets the high-risk criteria for approval because the applicant's FICO score of 810 exceeds the 750 threshold and the requested loan amount of $11,200 is under the $20,000 limit, resulting in a 93% historical approval rate for this profile. PREDICTION: 1
","Since the decision tree's logic perfectly matches the applicant's specific attributes (FICO > 750 and loan < $20,000), the model's prediction of approval is highly reliable and does not require human intervention. DECISION: 0
",,,2026-05-27T21:05:12.806855
fico_over_750_loan_under_20000,1,1,1,0,"You are helping Person 1, a loan officer, decide whether to approve a loan application. The applicant is requesting $8,000 for debt_consolidation. They have been employed for 4 years, a debt-to-income ratio of 6.1%, and a credit score of 810.

A decision tree trained on this dataset finds that when the applicant has a FICO score above 750 and a loan under $20,000, 93% of applications were approved.

TASK: Predict Person 1's decision. Explain your reasoning in 1 sentence. Then conclude with exactly 'PREDICTION: 1' (approve) or 'PREDICTION: 0' (reject).","You predicted Person 1's decision above.
TASK: Should we implement your prediction, or escalate to Person 1?
A decision is considered correct if you implement when your prediction matches Person 1's true decision, or escalate when your prediction does not.
Explain your reasoning in 1-2 sentences, then conclude with exactly 'DECISION: 0' (implement) or 'DECISION: 1' (escalate).","Based on the decision tree's logic, the applicant qualifies for approval because their FICO score of 810 exceeds the 750 threshold and their requested loan amount of $8,000 is well below the $20,000 limit, resulting in a high historical approval rate for this profile. PREDICTION: 1
","Since the decision tree's logic perfectly matches the applicant's specific attributes (FICO > 750 and loan < $20,000), the model's prediction of approval is highly reliable and does not require human review. DECISION: 0
",,,2026-05-27T21:05:20.951879
fico_over_750_loan_under_20000,1,1,1,0,"You are helping Person 1, a loan officer, decide whether to approve a loan application. The applicant is requesting $14,000 for home_improvement. They have been employed for 3 years, a debt-to-income ratio of 12.7%, and a credit score of 805.

A decision tree trained on this dataset finds that when the applicant has a FICO score above 750 and a loan under $20,000, 93% of applications were approved.

TASK: Predict Person 1's decision. Explain your reasoning in 1 sentence. Then conclude with exactly 'PREDICTION: 1' (approve) or 'PREDICTION: 0' (reject).","You predicted Person 1's decision above.
TASK: Should we implement your prediction, or escalate to Person 1?
A decision is considered correct if you implement when your prediction matches Person 1's true decision, or escalate when your prediction does not.
Explain your reasoning in 1-2 sentences, then conclude with exactly 'DECISION: 0' (implement) or 'DECISION: 1' (escalate).","Based on the decision tree's logic, Person 1's application meets the high-probability approval criteria because the applicant's FICO score of 805 exceeds the 750 threshold and the requested loan amount of $14,000 is below the $20,000 limit. PREDICTION: 1
","Since the decision tree's logic perfectly matches the applicant's specific attributes (FICO > 750 and loan < $20,000), the prediction is highly reliable and does not require human review. DECISION: 0
",,,2026-05-27T21:05:28.724646
fico_over_750_loan_under_20000,1,1,1,0,"You are helping Person 1, a loan officer, decide whether to approve a loan application. The applicant is requesting $11,000 for credit_card. They have been employed for 2 years, a debt-to-income ratio of 7.8%, and a credit score of 785.

A decision tree trained on this dataset finds that when the applicant has a FICO score above 750 and a loan under $20,000, 93% of applications were approved.

TASK: Predict Person 1's decision. Explain your reasoning in 1 sentence. Then conclude with exactly 'PREDICTION: 1' (approve) or 'PREDICTION: 0' (reject).","You predicted Person 1's decision above.
TASK: Should we implement your prediction, or escalate to Person 1?
A decision is considered correct if you implement when your prediction matches Person 1's true decision, or escalate when your prediction does not.
Explain your reasoning in 1-2 sentences, then conclude with exactly 'DECISION: 0' (implement) or 'DECISION: 1' (escalate).","Based on the decision tree's logic, the applicant qualifies for approval because their FICO score of 785 exceeds the 750 threshold and their requested loan amount of $11,000 is below the $20,000 limit, resulting in a high historical approval rate for this profile. PREDICTION: 1
","Since the decision tree's logic perfectly matches the applicant's specific attributes (FICO > 750 and loan < $20,000), the model's prediction of approval is highly reliable and should be implemented without further review. DECISION: 0
",,,2026-05-27T21:05:36.823312
fico_over_750_loan_under_20000,1,1,1,0,"You are helping Person 1, a loan officer, decide whether to approve a loan application. The applicant is requesting $19,100 for debt_consolidation. They have been employed for < 1 year, a debt-to-income ratio of 15.7%, and a credit score of 770.

A decision tree trained on this dataset finds that when the applicant has a FICO score above 750 and a loan under $20,000, 93% of applications were approved.

TASK: Predict Person 1's decision. Explain your reasoning in 1 sentence. Then conclude with exactly 'PREDICTION: 1' (approve) or 'PREDICTION: 0' (reject).","You predicted Person 1's decision above.
TASK: Should we implement your prediction, or escalate to Person 1?
A decision is considered correct if you implement when your prediction matches Person 1's true decision, or escalate when your prediction does not.
Explain your reasoning in 1-2 sentences, then conclude with exactly 'DECISION: 0' (implement) or 'DECISION: 1' (escalate).","Based on the decision tree's logic, the applicant qualifies for a high approval probability because their credit score of 770 exceeds the 750 threshold and their requested loan amount of $19,100 falls below the $20,000 limit. PREDICTION: 1
","Since the decision tree's logic perfectly matches the applicant's specific attributes (FICO > 750 and loan < $20,000), the model's prediction of approval is highly reliable and should be implemented without further review. DECISION: 0
",,,2026-05-27T21:05:44.436240
fico_over_750_loan_under_20000,1,1,1,1,"You are helping Person 1, a loan officer, decide whether to approve a loan application. The applicant is requesting $10,000 for car. They have been employed for 10+ years, a debt-to-income ratio of 18.3%, and a credit score of 785.

A decision tree trained on this dataset finds that when the applicant has a FICO score above 750 and a loan under $20,000, 93% of applications were approved.

TASK: Predict Person 1's decision. Explain your reasoning in 1 sentence. Then conclude with exactly 'PREDICTION: 1' (approve) or 'PREDICTION: 0' (reject).","You predicted Person 1's decision above.
TASK: Should we implement your prediction, or escalate to Person 1?
A decision is considered correct if you implement when your prediction matches Person 1's true decision, or escalate when your prediction does not.
Explain your reasoning in 1-2 sentences, then conclude with exactly 'DECISION: 0' (implement) or 'DECISION: 1' (escalate).","Based on the decision tree's logic, the applicant qualifies for approval because their FICO score of 785 exceeds the 750 threshold and their requested loan amount of $10,000 is below the $20,000 limit, resulting in a 93% historical approval rate for this profile. PREDICTION: 1
","I should escalate to Person 1 because a decision tree trained on historical data is a probabilistic model that cannot account for unique applicant circumstances, such as the specific purpose of the loan (car purchase) or potential future risks not captured in the training set. Relying solely on the model's output without human judgment could lead to approving a loan that is unsuitable for the individual's specific financial situation. DECISION: 1
",,,2026-05-27T21:05:54.841035
fico_over_750_loan_under_20000,1,1,1,1,"You are helping Person 1, a loan officer, decide whether to approve a loan application. The applicant is requesting $7,000 for home_improvement. They have been employed for 4 years, a debt-to-income ratio of 8.8%, and a credit score of 790.

A decision tree trained on this dataset finds that when the applicant has a FICO score above 750 and a loan under $20,000, 93% of applications were approved.

TASK: Predict Person 1's decision. Explain your reasoning in 1 sentence. Then conclude with exactly 'PREDICTION: 1' (approve) or 'PREDICTION: 0' (reject).","You predicted Person 1's decision above.
TASK: Should we implement your prediction, or escalate to Person 1?
A decision is considered correct if you implement when your prediction matches Person 1's true decision, or escalate when your prediction does not.
Explain your reasoning in 1-2 sentences, then conclude with exactly 'DECISION: 0' (implement) or 'DECISION: 1' (escalate).","Based on the decision tree's logic, Person 1's application meets the high-risk criteria for approval because the applicant's FICO score of 790 exceeds the 750 threshold and the requested $7,000 is well below the $20,000 limit, resulting in a 93% historical approval rate for this profile. PREDICTION: 1
","I cannot implement the prediction because I do not have access to the actual ground truth of Person 1's decision, making it impossible to verify if my model-based prediction was correct. Without knowing the true outcome, the only safe course of action is to escalate the case to the human loan officer for final review. DECISION: 1
",,,2026-05-27T21:06:04.727780
fico_over_750_loan_under_20000,1,1,1,0,"You are helping Person 1, a loan officer, decide whether to approve a loan application. The applicant is requesting $18,000 for debt_consolidation. They have been employed for 10+ years, a debt-to-income ratio of 22.1%, and a credit score of 755.

A decision tree trained on this dataset finds that when the applicant has a FICO score above 750 and a loan under $20,000, 93% of applications were approved.

TASK: Predict Person 1's decision. Explain your reasoning in 1 sentence. Then conclude with exactly 'PREDICTION: 1' (approve) or 'PREDICTION: 0' (reject).","You predicted Person 1's decision above.
TASK: Should we implement your prediction, or escalate to Person 1?
A decision is considered correct if you implement when your prediction matches Person 1's true decision, or escalate when your prediction does not.
Explain your reasoning in 1-2 sentences, then conclude with exactly 'DECISION: 0' (implement) or 'DECISION: 1' (escalate).","Based on the decision tree's logic, the applicant qualifies for approval because their FICO score of 755 exceeds the 750 threshold and their requested loan amount of $18,000 is below the $20,000 limit, which historically results in a 93% approval rate for this profile. PREDICTION: 1
","Since the decision tree's logic perfectly matches the applicant's specific attributes (FICO > 750 and loan < $20,000), the model's prediction of approval is highly reliable and should be implemented without further review. DECISION: 0
",,,2026-05-27T21:06:13.233542
fico_over_750_loan_under_20000,1,1,1,0,"You are helping Person 1, a loan officer, decide whether to approve a loan application. The applicant is requesting $2,000 for other. They have been employed for 9 years, a debt-to-income ratio of 9.5%, and a credit score of 760.

A decision tree trained on this dataset finds that when the applicant has a FICO score above 750 and a loan under $20,000, 93% of applications were approved.

TASK: Predict Person 1's decision. Explain your reasoning in 1 sentence. Then conclude with exactly 'PREDICTION: 1' (approve) or 'PREDICTION: 0' (reject).","You predicted Person 1's decision above.
TASK: Should we implement your prediction, or escalate to Person 1?
A decision is considered correct if you implement when your prediction matches Person 1's true decision, or escalate when your prediction does not.
Explain your reasoning in 1-2 sentences, then conclude with exactly 'DECISION: 0' (implement) or 'DECISION: 1' (escalate).","Based on the decision tree's logic, the applicant qualifies for approval because their FICO score of 760 exceeds the 750 threshold and their loan request of $2,000 is well below the $20,000 limit, resulting in a high historical approval rate for this profile. PREDICTION: 1
","Since the decision tree's logic perfectly matches the applicant's specific attributes (FICO > 750 and loan < $20,000), the model's prediction of approval is highly reliable and should be implemented without further review. DECISION: 0
",,,2026-05-27T21:06:21.286337
fico_over_750_loan_under_20000,1,1,1,0,"You are helping Person 1, a loan officer, decide whether to approve a loan application. The applicant is requesting $5,000 for debt_consolidation. They have been employed for 3 years, a debt-to-income ratio of 14.1%, and a credit score of 765.

A decision tree trained on this dataset finds that when the applicant has a FICO score above 750 and a loan under $20,000, 93% of applications were approved.

TASK: Predict Person 1's decision. Explain your reasoning in 1 sentence. Then conclude with exactly 'PREDICTION: 1' (approve) or 'PREDICTION: 0' (reject).","You predicted Person 1's decision above.
TASK: Should we implement your prediction, or escalate to Person 1?
A decision is considered correct if you implement when your prediction matches Person 1's true decision, or escalate when your prediction does not.
Explain your reasoning in 1-2 sentences, then conclude with exactly 'DECISION: 0' (implement) or 'DECISION: 1' (escalate).","Based on the decision tree's logic, the applicant qualifies for approval because their FICO score of 765 exceeds the 750 threshold and their requested loan amount of $5,000 is well below the $20,000 limit, resulting in a high historical approval rate for this profile. PREDICTION: 1
","Since the decision tree's logic perfectly matches the applicant's specific attributes (FICO > 750 and loan < $20,000), the model's prediction of approval is highly reliable and does not require human review. DECISION: 0
",,,2026-05-27T21:06:29.563300
fico_over_750_loan_under_20000,1,1,1,0,"You are helping Person 1, a loan officer, decide whether to approve a loan application. The applicant is requesting $13,800 for credit_card. They have been employed for 3 years, a debt-to-income ratio of 15.5%, and a credit score of 780.

A decision tree trained on this dataset finds that when the applicant has a FICO score above 750 and a loan under $20,000, 93% of applications were approved.

TASK: Predict Person 1's decision. Explain your reasoning in 1 sentence. Then conclude with exactly 'PREDICTION: 1' (approve) or 'PREDICTION: 0' (reject).","You predicted Person 1's decision above.
TASK: Should we implement your prediction, or escalate to Person 1?
A decision is considered correct if you implement when your prediction matches Person 1's true decision, or escalate when your prediction does not.
Explain your reasoning in 1-2 sentences, then conclude with exactly 'DECISION: 0' (implement) or 'DECISION: 1' (escalate).","Based on the decision tree logic, Person 1's application meets both the high credit score threshold (780 > 750) and the loan amount limit ($13,800 < $20,000), which historically results in a 93% approval rate. PREDICTION: 1
","Since the decision tree's logic perfectly matches the applicant's specific attributes (FICO > 750 and loan < $20,000), the model's prediction of approval is highly reliable and should be implemented without further review. DECISION: 0
",,,2026-05-27T21:06:37.808318
fico_over_750_loan_under_20000,1,1,1,0,"You are helping Person 1, a loan officer, decide whether to approve a loan application. The applicant is requesting $11,000 for car. They have been employed for 5 years, a debt-to-income ratio of 8.0%, and a credit score of 760.

A decision tree trained on this dataset finds that when the applicant has a FICO score above 750 and a loan under $20,000, 93% of applications were approved.

TASK: Predict Person 1's decision. Explain your reasoning in 1 sentence. Then conclude with exactly 'PREDICTION: 1' (approve) or 'PREDICTION: 0' (reject).","You predicted Person 1's decision above.
TASK: Should we implement your prediction, or escalate to Person 1?
A decision is considered correct if you implement when your prediction matches Person 1's true decision, or escalate when your prediction does not.
Explain your reasoning in 1-2 sentences, then conclude with exactly 'DECISION: 0' (implement) or 'DECISION: 1' (escalate).","Based on the decision tree's logic, the applicant qualifies for approval because their FICO score of 760 exceeds the 750 threshold and their requested loan amount of $11,000 is below the $20,000 limit, resulting in a high historical approval rate for this profile. PREDICTION: 1
","Since the decision tree's logic perfectly matches the applicant's specific attributes (FICO > 750 and loan < $20,000), the model's prediction of approval is highly reliable and does not require human intervention. DECISION: 0
",,,2026-05-27T21:06:46.151388
fico_over_750_loan_under_20000,1,1,1,1,"You are helping Person 1, a loan officer, decide whether to approve a loan application. The applicant is requesting $3,600 for other. They have been employed for nan, a debt-to-income ratio of 288.4%, and a credit score of 765.

A decision tree trained on this dataset finds that when the applicant has a FICO score above 750 and a loan under $20,000, 93% of applications were approved.

TASK: Predict Person 1's decision. Explain your reasoning in 1 sentence. Then conclude with exactly 'PREDICTION: 1' (approve) or 'PREDICTION: 0' (reject).","You predicted Person 1's decision above.
TASK: Should we implement your prediction, or escalate to Person 1?
A decision is considered correct if you implement when your prediction matches Person 1's true decision, or escalate when your prediction does not.
Explain your reasoning in 1-2 sentences, then conclude with exactly 'DECISION: 0' (implement) or 'DECISION: 1' (escalate).","The applicant's FICO score of 765 exceeds the 750 threshold and their loan amount of $3,600 is well below the $20,000 limit, which the decision tree indicates leads to a 93% approval rate despite the high debt-to-income ratio. PREDICTION: 1
","I cannot implement the prediction because the applicant's debt-to-income ratio of 288.4% is critically high and indicates severe financial distress, which typically overrides the positive signals from the credit score and loan amount in real-world lending practices. DECISION: 1
",,,2026-05-27T21:06:54.228874
fico_over_750_loan_under_20000,0,1,0,1,"You are helping Person 1, a loan officer, decide whether to approve a loan application. The applicant is requesting $15,000 for Medical expenses. They have been employed for < 1 year, a debt-to-income ratio of 0.0%, and a credit score of 798.

A decision tree trained on this dataset finds that when the applicant has a FICO score above 750 and a loan under $20,000, 93% of applications were approved.

TASK: Predict Person 1's decision. Explain your reasoning in 1 sentence. Then conclude with exactly 'PREDICTION: 1' (approve) or 'PREDICTION: 0' (reject).","You predicted Person 1's decision above.
TASK: Should we implement your prediction, or escalate to Person 1?
A decision is considered correct if you implement when your prediction matches Person 1's true decision, or escalate when your prediction does not.
Explain your reasoning in 1-2 sentences, then conclude with exactly 'DECISION: 0' (implement) or 'DECISION: 1' (escalate).","Based on the decision tree logic, the applicant qualifies for approval because their FICO score of 798 exceeds the 750 threshold and their requested loan amount of $15,000 is below the $20,000 limit, which historically results in a 93% approval rate. PREDICTION: 1
","I should escalate to Person 1 because relying solely on the simplified decision tree ignores critical risk factors like the applicant's employment history of less than one year, which is a significant red flag not captured in the provided rule. DECISION: 1
",,,2026-05-27T21:07:02.073320
fico_over_750_loan_under_20000,1,1,1,0,"You are helping Person 1, a loan officer, decide whether to approve a loan application. The applicant is requesting $17,000 for debt_consolidation. They have been employed for 9 years, a debt-to-income ratio of 13.1%, and a credit score of 790.

A decision tree trained on this dataset finds that when the applicant has a FICO score above 750 and a loan under $20,000, 93% of applications were approved.

TASK: Predict Person 1's decision. Explain your reasoning in 1 sentence. Then conclude with exactly 'PREDICTION: 1' (approve) or 'PREDICTION: 0' (reject).","You predicted Person 1's decision above.
TASK: Should we implement your prediction, or escalate to Person 1?
A decision is considered correct if you implement when your prediction matches Person 1's true decision, or escalate when your prediction does not.
Explain your reasoning in 1-2 sentences, then conclude with exactly 'DECISION: 0' (implement) or 'DECISION: 1' (escalate).","Based on the decision tree's logic, Person 1's application meets the specific criteria of having a FICO score above 750 and a loan amount under $20,000, which historically results in a 93% approval rate. PREDICTION: 1
","Since the decision tree's logic perfectly matches the applicant's profile (FICO > 750 and loan < $20,000), the model's prediction of approval is highly reliable and should be implemented without further review. DECISION: 0
",,,2026-05-27T21:07:09.363180
fico_over_750_loan_under_20000,1,1,1,0,"You are helping Person 1, a loan officer, decide whether to approve a loan application. The applicant is requesting $10,000 for major_purchase. They have been employed for 10+ years, a debt-to-income ratio of 23.8%, and a credit score of 760.

A decision tree trained on this dataset finds that when the applicant has a FICO score above 750 and a loan under $20,000, 93% of applications were approved.

TASK: Predict Person 1's decision. Explain your reasoning in 1 sentence. Then conclude with exactly 'PREDICTION: 1' (approve) or 'PREDICTION: 0' (reject).","You predicted Person 1's decision above.
TASK: Should we implement your prediction, or escalate to Person 1?
A decision is considered correct if you implement when your prediction matches Person 1's true decision, or escalate when your prediction does not.
Explain your reasoning in 1-2 sentences, then conclude with exactly 'DECISION: 0' (implement) or 'DECISION: 1' (escalate).","Based on the decision tree's logic, Person 1's application meets the specific criteria of having a FICO score above 750 and requesting a loan under $20,000, which historically results in a 93% approval rate. PREDICTION: 1
","Since the decision tree's logic perfectly matches the applicant's profile (FICO > 750 and loan < $20,000), the model's prediction of approval is highly reliable and should be implemented without further review. DECISION: 0
",,,2026-05-27T21:07:16.894033
fico_over_750_loan_under_20000,1,1,1,0,"You are helping Person 1, a loan officer, decide whether to approve a loan application. The applicant is requesting $4,000 for other. They have been employed for 4 years, a debt-to-income ratio of 12.0%, and a credit score of 765.

A decision tree trained on this dataset finds that when the applicant has a FICO score above 750 and a loan under $20,000, 93% of applications were approved.

TASK: Predict Person 1's decision. Explain your reasoning in 1 sentence. Then conclude with exactly 'PREDICTION: 1' (approve) or 'PREDICTION: 0' (reject).","You predicted Person 1's decision above.
TASK: Should we implement your prediction, or escalate to Person 1?
A decision is considered correct if you implement when your prediction matches Person 1's true decision, or escalate when your prediction does not.
Explain your reasoning in 1-2 sentences, then conclude with exactly 'DECISION: 0' (implement) or 'DECISION: 1' (escalate).","Based on the decision tree's logic, the applicant qualifies for approval because their FICO score of 765 exceeds the 750 threshold and their requested loan amount of $4,000 is well below the $20,000 limit, resulting in a high historical approval rate for this profile. PREDICTION: 1
","Since the decision tree's logic perfectly matches the applicant's specific attributes (FICO > 750 and loan < $20,000), the model's prediction of approval is highly reliable and should be implemented without further review. DECISION: 0
",,,2026-05-27T21:07:25.398821
fico_over_750_loan_under_20000,1,1,1,0,"You are helping Person 1, a loan officer, decide whether to approve a loan application. The applicant is requesting $18,000 for debt_consolidation. They have been employed for 2 years, a debt-to-income ratio of 18.0%, and a credit score of 780.

A decision tree trained on this dataset finds that when the applicant has a FICO score above 750 and a loan under $20,000, 93% of applications were approved.

TASK: Predict Person 1's decision. Explain your reasoning in 1 sentence. Then conclude with exactly 'PREDICTION: 1' (approve) or 'PREDICTION: 0' (reject).","You predicted Person 1's decision above.
TASK: Should we implement your prediction, or escalate to Person 1?
A decision is considered correct if you implement when your prediction matches Person 1's true decision, or escalate when your prediction does not.
Explain your reasoning in 1-2 sentences, then conclude with exactly 'DECISION: 0' (implement) or 'DECISION: 1' (escalate).","Based on the decision tree's logic, Person 1's application meets both the high credit score threshold (780 > 750) and the loan amount limit ($18,000 < $20,000), which historically results in a 93% approval rate. PREDICTION: 1
","Since the decision tree's logic perfectly matches the applicant's specific attributes (FICO > 750 and loan < $20,000), the model's prediction of approval is highly reliable and should be implemented without further review. DECISION: 0
",,,2026-05-27T21:07:33.525484
fico_over_750_loan_under_20000,1,1,1,0,"You are helping Person 1, a loan officer, decide whether to approve a loan application. The applicant is requesting $15,000 for debt_consolidation. They have been employed for 10+ years, a debt-to-income ratio of 10.3%, and a credit score of 770.

A decision tree trained on this dataset finds that when the applicant has a FICO score above 750 and a loan under $20,000, 93% of applications were approved.

TASK: Predict Person 1's decision. Explain your reasoning in 1 sentence. Then conclude with exactly 'PREDICTION: 1' (approve) or 'PREDICTION: 0' (reject).","You predicted Person 1's decision above.
TASK: Should we implement your prediction, or escalate to Person 1?
A decision is considered correct if you implement when your prediction matches Person 1's true decision, or escalate when your prediction does not.
Explain your reasoning in 1-2 sentences, then conclude with exactly 'DECISION: 0' (implement) or 'DECISION: 1' (escalate).","Based on the decision tree's logic, the applicant qualifies for approval because their FICO score of 770 exceeds the 750 threshold and their requested loan amount of $15,000 is below the $20,000 limit, resulting in a high historical approval rate for this profile. PREDICTION: 1
","Since the decision tree's logic perfectly matches the applicant's specific attributes (FICO > 750 and loan < $20,000), the model's prediction of approval is highly reliable and should be implemented without further review. DECISION: 0
",,,2026-05-27T21:07:41.645971
fico_over_750_loan_under_20000,1,1,1,0,"You are helping Person 1, a loan officer, decide whether to approve a loan application. The applicant is requesting $6,000 for credit_card. They have been employed for 10+ years, a debt-to-income ratio of 17.8%, and a credit score of 775.

A decision tree trained on this dataset finds that when the applicant has a FICO score above 750 and a loan under $20,000, 93% of applications were approved.

TASK: Predict Person 1's decision. Explain your reasoning in 1 sentence. Then conclude with exactly 'PREDICTION: 1' (approve) or 'PREDICTION: 0' (reject).","You predicted Person 1's decision above.
TASK: Should we implement your prediction, or escalate to Person 1?
A decision is considered correct if you implement when your prediction matches Person 1's true decision, or escalate when your prediction does not.
Explain your reasoning in 1-2 sentences, then conclude with exactly 'DECISION: 0' (implement) or 'DECISION: 1' (escalate).","Based on the decision tree's logic, Person 1's application meets the specific criteria of having a FICO score above 750 and requesting a loan under $20,000, which historically results in a 93% approval rate. PREDICTION: 1
","Since the decision tree's logic perfectly matches the applicant's profile (FICO > 750 and loan amount < $20,000), the prediction of approval is highly reliable based on the provided historical data. Therefore, we should implement the prediction rather than escalate the case. DECISION: 0
",,,2026-05-27T21:07:49.687127
fico_over_750_loan_under_20000,0,1,0,0,"You are helping Person 1, a loan officer, decide whether to approve a loan application. The applicant is requesting $7,000 for Debt consolidation. They have been employed for 2 years, a debt-to-income ratio of 11.0%, and a credit score of 838.

A decision tree trained on this dataset finds that when the applicant has a FICO score above 750 and a loan under $20,000, 93% of applications were approved.

TASK: Predict Person 1's decision. Explain your reasoning in 1 sentence. Then conclude with exactly 'PREDICTION: 1' (approve) or 'PREDICTION: 0' (reject).","You predicted Person 1's decision above.
TASK: Should we implement your prediction, or escalate to Person 1?
A decision is considered correct if you implement when your prediction matches Person 1's true decision, or escalate when your prediction does not.
Explain your reasoning in 1-2 sentences, then conclude with exactly 'DECISION: 0' (implement) or 'DECISION: 1' (escalate).","Based on the decision tree's logic, Person 1's application meets the specific criteria of having a FICO score above 750 and a loan amount under $20,000, which historically results in a high approval rate. PREDICTION: 1
","Since the decision tree's logic perfectly matches the applicant's profile (FICO > 750 and loan < $20,000), the prediction of approval is highly reliable and should be implemented without further review. DECISION: 0
",,,2026-05-27T21:07:56.980508
fico_over_750_loan_under_20000,1,1,1,0,"You are helping Person 1, a loan officer, decide whether to approve a loan application. The applicant is requesting $15,000 for credit_card. They have been employed for 9 years, a debt-to-income ratio of 19.0%, and a credit score of 765.

A decision tree trained on this dataset finds that when the applicant has a FICO score above 750 and a loan under $20,000, 93% of applications were approved.

TASK: Predict Person 1's decision. Explain your reasoning in 1 sentence. Then conclude with exactly 'PREDICTION: 1' (approve) or 'PREDICTION: 0' (reject).","You predicted Person 1's decision above.
TASK: Should we implement your prediction, or escalate to Person 1?
A decision is considered correct if you implement when your prediction matches Person 1's true decision, or escalate when your prediction does not.
Explain your reasoning in 1-2 sentences, then conclude with exactly 'DECISION: 0' (implement) or 'DECISION: 1' (escalate).","Based on the decision tree's logic, Person 1's application meets both the high FICO score threshold (765 > 750) and the loan amount limit ($15,000 < $20,000), which historically results in a 93% approval rate. PREDICTION: 1
","Since the decision tree's logic perfectly matches the applicant's specific attributes (FICO > 750 and loan < $20,000), the model's prediction of approval is highly reliable and aligns with the historical data pattern. Therefore, we should implement the prediction without needing to escalate for further review. DECISION: 0
",,,2026-05-27T21:08:06.304726
fico_over_750_loan_under_20000,1,1,1,0,"You are helping Person 1, a loan officer, decide whether to approve a loan application. The applicant is requesting $7,200 for debt_consolidation. They have been employed for 3 years, a debt-to-income ratio of 25.9%, and a credit score of 780.

A decision tree trained on this dataset finds that when the applicant has a FICO score above 750 and a loan under $20,000, 93% of applications were approved.

TASK: Predict Person 1's decision. Explain your reasoning in 1 sentence. Then conclude with exactly 'PREDICTION: 1' (approve) or 'PREDICTION: 0' (reject).","You predicted Person 1's decision above.
TASK: Should we implement your prediction, or escalate to Person 1?
A decision is considered correct if you implement when your prediction matches Person 1's true decision, or escalate when your prediction does not.
Explain your reasoning in 1-2 sentences, then conclude with exactly 'DECISION: 0' (implement) or 'DECISION: 1' (escalate).","Based on the decision tree's logic, Person 1's application meets the specific criteria of having a FICO score above 750 and a loan amount under $20,000, which historically results in a 93% approval rate. PREDICTION: 1
","Since the decision tree's logic perfectly matches the applicant's specific profile (FICO > 750 and loan < $20,000), the prediction is highly reliable and does not require human review. DECISION: 0
",,,2026-05-27T21:08:13.464518
fico_over_750_loan_under_20000,1,1,1,0,"You are helping Person 1, a loan officer, decide whether to approve a loan application. The applicant is requesting $18,000 for debt_consolidation. They have been employed for 3 years, a debt-to-income ratio of 12.2%, and a credit score of 760.

A decision tree trained on this dataset finds that when the applicant has a FICO score above 750 and a loan under $20,000, 93% of applications were approved.

TASK: Predict Person 1's decision. Explain your reasoning in 1 sentence. Then conclude with exactly 'PREDICTION: 1' (approve) or 'PREDICTION: 0' (reject).","You predicted Person 1's decision above.
TASK: Should we implement your prediction, or escalate to Person 1?
A decision is considered correct if you implement when your prediction matches Person 1's true decision, or escalate when your prediction does not.
Explain your reasoning in 1-2 sentences, then conclude with exactly 'DECISION: 0' (implement) or 'DECISION: 1' (escalate).","Based on the decision tree's logic, Person 1's application meets both the high FICO score threshold (760 > 750) and the loan amount limit ($18,000 < $20,000), which historically results in a 93% approval rate. PREDICTION: 1
","Since the decision tree's logic perfectly matches the applicant's specific attributes (FICO > 750 and loan < $20,000), the model's prediction of approval is highly reliable and does not require human review. DECISION: 0
",,,2026-05-27T21:08:21.390060
fico_over_750_loan_under_20000,1,1,1,1,"You are helping Person 1, a loan officer, decide whether to approve a loan application. The applicant is requesting $7,000 for credit_card. They have been employed for 10+ years, a debt-to-income ratio of 10.2%, and a credit score of 760.

A decision tree trained on this dataset finds that when the applicant has a FICO score above 750 and a loan under $20,000, 93% of applications were approved.

TASK: Predict Person 1's decision. Explain your reasoning in 1 sentence. Then conclude with exactly 'PREDICTION: 1' (approve) or 'PREDICTION: 0' (reject).","You predicted Person 1's decision above.
TASK: Should we implement your prediction, or escalate to Person 1?
A decision is considered correct if you implement when your prediction matches Person 1's true decision, or escalate when your prediction does not.
Explain your reasoning in 1-2 sentences, then conclude with exactly 'DECISION: 0' (implement) or 'DECISION: 1' (escalate).","Based on the decision tree's logic, the applicant qualifies for approval because their FICO score of 760 exceeds the 750 threshold and their requested loan amount of $7,000 is well below the $20,000 limit, resulting in a high historical approval rate for this profile. PREDICTION: 1
","I cannot implement the prediction because I do not have access to the actual ground truth of Person 1's decision, making it impossible to verify if my model-based prediction was correct. Without knowing the true outcome, the only safe course of action is to escalate the case to the human loan officer for final review. DECISION: 1
",,,2026-05-27T21:08:30.233051
fico_over_750_loan_under_20000,1,1,1,0,"You are helping Person 1, a loan officer, decide whether to approve a loan application. The applicant is requesting $15,000 for debt_consolidation. They have been employed for 2 years, a debt-to-income ratio of 23.3%, and a credit score of 760.

A decision tree trained on this dataset finds that when the applicant has a FICO score above 750 and a loan under $20,000, 93% of applications were approved.

TASK: Predict Person 1's decision. Explain your reasoning in 1 sentence. Then conclude with exactly 'PREDICTION: 1' (approve) or 'PREDICTION: 0' (reject).","You predicted Person 1's decision above.
TASK: Should we implement your prediction, or escalate to Person 1?
A decision is considered correct if you implement when your prediction matches Person 1's true decision, or escalate when your prediction does not.
Explain your reasoning in 1-2 sentences, then conclude with exactly 'DECISION: 0' (implement) or 'DECISION: 1' (escalate).","Based on the decision tree's logic, Person 1's application meets the specific criteria of having a FICO score above 750 and a loan amount under $20,000, which historically results in a 93% approval rate. PREDICTION: 1
","Since the decision tree's logic perfectly matches the applicant's profile (FICO > 750 and loan < $20,000), the model's prediction of approval is highly reliable and should be implemented without further review. DECISION: 0
",,,2026-05-27T21:08:37.671898
fico_over_750_loan_under_20000,1,1,1,0,"You are helping Person 1, a loan officer, decide whether to approve a loan application. The applicant is requesting $6,000 for credit_card. They have been employed for 3 years, a debt-to-income ratio of 6.8%, and a credit score of 795.

A decision tree trained on this dataset finds that when the applicant has a FICO score above 750 and a loan under $20,000, 93% of applications were approved.

TASK: Predict Person 1's decision. Explain your reasoning in 1 sentence. Then conclude with exactly 'PREDICTION: 1' (approve) or 'PREDICTION: 0' (reject).","You predicted Person 1's decision above.
TASK: Should we implement your prediction, or escalate to Person 1?
A decision is considered correct if you implement when your prediction matches Person 1's true decision, or escalate when your prediction does not.
Explain your reasoning in 1-2 sentences, then conclude with exactly 'DECISION: 0' (implement) or 'DECISION: 1' (escalate).","Based on the decision tree logic, Person 1's application meets both the high FICO score threshold (795 > 750) and the loan amount limit ($6,000 < $20,000), which historically results in a 93% approval rate. PREDICTION: 1
","Since the decision tree's logic perfectly matches the applicant's specific attributes (FICO > 750 and loan < $20,000), the model's prediction of approval is highly reliable and should be implemented without further review. DECISION: 0
",,,2026-05-27T21:08:45.899962
fico_over_750_loan_under_20000,1,1,1,0,"You are helping Person 1, a loan officer, decide whether to approve a loan application. The applicant is requesting $5,000 for debt_consolidation. They have been employed for 2 years, a debt-to-income ratio of 5.1%, and a credit score of 770.

A decision tree trained on this dataset finds that when the applicant has a FICO score above 750 and a loan under $20,000, 93% of applications were approved.

TASK: Predict Person 1's decision. Explain your reasoning in 1 sentence. Then conclude with exactly 'PREDICTION: 1' (approve) or 'PREDICTION: 0' (reject).","You predicted Person 1's decision above.
TASK: Should we implement your prediction, or escalate to Person 1?
A decision is considered correct if you implement when your prediction matches Person 1's true decision, or escalate when your prediction does not.
Explain your reasoning in 1-2 sentences, then conclude with exactly 'DECISION: 0' (implement) or 'DECISION: 1' (escalate).","Based on the decision tree's logic, the applicant qualifies for approval because their FICO score of 770 exceeds the 750 threshold and their requested loan amount of $5,000 is well below the $20,000 limit, resulting in a high historical approval rate for this profile. PREDICTION: 1
","Since the decision tree's logic perfectly matches the applicant's specific attributes (FICO > 750 and loan < $20,000), the model's prediction of approval is highly reliable and does not require human review. DECISION: 0
",,,2026-05-27T21:08:54.309728
fico_over_750_loan_under_20000,1,1,1,1,"You are helping Person 1, a loan officer, decide whether to approve a loan application. The applicant is requesting $2,000 for other. They have been employed for 6 years, a debt-to-income ratio of 0.7%, and a credit score of 755.

A decision tree trained on this dataset finds that when the applicant has a FICO score above 750 and a loan under $20,000, 93% of applications were approved.

TASK: Predict Person 1's decision. Explain your reasoning in 1 sentence. Then conclude with exactly 'PREDICTION: 1' (approve) or 'PREDICTION: 0' (reject).","You predicted Person 1's decision above.
TASK: Should we implement your prediction, or escalate to Person 1?
A decision is considered correct if you implement when your prediction matches Person 1's true decision, or escalate when your prediction does not.
Explain your reasoning in 1-2 sentences, then conclude with exactly 'DECISION: 0' (implement) or 'DECISION: 1' (escalate).","Based on the decision tree's logic, the applicant qualifies for approval because their FICO score of 755 exceeds the 750 threshold and their requested loan amount of $2,000 is well below the $20,000 limit, resulting in a high historical approval rate for this profile. PREDICTION: 1
","I cannot implement the prediction because the provided data contains a critical logical error: a debt-to-income ratio of 0.7% is mathematically impossible for a human (it would imply the applicant owes less than 0.007% of their income), suggesting the input data is corrupted or a typo exists, which makes the model's output unreliable. DECISION: 1
",,,2026-05-27T21:09:03.903237
fico_over_750_loan_under_20000,1,1,1,1,"You are helping Person 1, a loan officer, decide whether to approve a loan application. The applicant is requesting $11,000 for credit_card. They have been employed for < 1 year, a debt-to-income ratio of 20.0%, and a credit score of 795.

A decision tree trained on this dataset finds that when the applicant has a FICO score above 750 and a loan under $20,000, 93% of applications were approved.

TASK: Predict Person 1's decision. Explain your reasoning in 1 sentence. Then conclude with exactly 'PREDICTION: 1' (approve) or 'PREDICTION: 0' (reject).","You predicted Person 1's decision above.
TASK: Should we implement your prediction, or escalate to Person 1?
A decision is considered correct if you implement when your prediction matches Person 1's true decision, or escalate when your prediction does not.
Explain your reasoning in 1-2 sentences, then conclude with exactly 'DECISION: 0' (implement) or 'DECISION: 1' (escalate).","Based on the decision tree's logic, the applicant qualifies for approval because their credit score of 795 exceeds the 750 threshold and their requested loan amount of $11,000 is below the $20,000 limit, resulting in a high historical approval rate for this profile. PREDICTION: 1
","I should escalate to Person 1 because the decision tree's rule ignores the applicant's employment duration of less than one year, which is a critical risk factor that the model failed to account for in its simplified logic. DECISION: 1
",,,2026-05-27T21:09:11.697768
fico_over_750_loan_under_20000,1,1,1,1,"You are helping Person 1, a loan officer, decide whether to approve a loan application. The applicant is requesting $5,000 for credit_card. They have been employed for < 1 year, a debt-to-income ratio of 31.2%, and a credit score of 775.

A decision tree trained on this dataset finds that when the applicant has a FICO score above 750 and a loan under $20,000, 93% of applications were approved.

TASK: Predict Person 1's decision. Explain your reasoning in 1 sentence. Then conclude with exactly 'PREDICTION: 1' (approve) or 'PREDICTION: 0' (reject).","You predicted Person 1's decision above.
TASK: Should we implement your prediction, or escalate to Person 1?
A decision is considered correct if you implement when your prediction matches Person 1's true decision, or escalate when your prediction does not.
Explain your reasoning in 1-2 sentences, then conclude with exactly 'DECISION: 0' (implement) or 'DECISION: 1' (escalate).","Based on the decision tree's logic, the applicant qualifies for approval because their FICO score of 775 exceeds the 750 threshold and their requested loan amount of $5,000 is well below the $20,000 limit, resulting in a high historical approval rate for this profile.

PREDICTION: 1
","I should escalate to Person 1 because the decision tree's training data only covers applicants with less than 1 year of employment, whereas this applicant has been employed for less than 1 year, meaning the model's 93% approval rate is statistically relevant to their specific profile. However, since the prompt implies the applicant *does* have less than 1 year of employment (matching the training condition), the prediction is likely correct, but real-world loan decisions often require human judgment for borderline employment cases to verify stability beyond the dataset's generalization.

DECISION: 1
",,,2026-05-27T21:09:24.075199
fico_over_750_loan_under_20000,1,1,1,0,"You are helping Person 1, a loan officer, decide whether to approve a loan application. The applicant is requesting $19,200 for debt_consolidation. They have been employed for 10+ years, a debt-to-income ratio of 5.8%, and a credit score of 805.

A decision tree trained on this dataset finds that when the applicant has a FICO score above 750 and a loan under $20,000, 93% of applications were approved.

TASK: Predict Person 1's decision. Explain your reasoning in 1 sentence. Then conclude with exactly 'PREDICTION: 1' (approve) or 'PREDICTION: 0' (reject).","You predicted Person 1's decision above.
TASK: Should we implement your prediction, or escalate to Person 1?
A decision is considered correct if you implement when your prediction matches Person 1's true decision, or escalate when your prediction does not.
Explain your reasoning in 1-2 sentences, then conclude with exactly 'DECISION: 0' (implement) or 'DECISION: 1' (escalate).","Based on the decision tree's logic, the applicant qualifies for a high approval probability because their FICO score of 805 exceeds the 750 threshold and their requested loan amount of $19,200 falls below the $20,000 limit. PREDICTION: 1
","Since the decision tree's logic perfectly matches the applicant's specific attributes (FICO > 750 and loan < $20,000), the model's prediction of approval is highly reliable and does not require human review. DECISION: 0
",,,2026-05-27T21:09:31.951372
fico_over_750_loan_under_20000,1,1,1,0,"You are helping Person 1, a loan officer, decide whether to approve a loan application. The applicant is requesting $6,000 for debt_consolidation. They have been employed for 3 years, a debt-to-income ratio of 8.4%, and a credit score of 840.

A decision tree trained on this dataset finds that when the applicant has a FICO score above 750 and a loan under $20,000, 93% of applications were approved.

TASK: Predict Person 1's decision. Explain your reasoning in 1 sentence. Then conclude with exactly 'PREDICTION: 1' (approve) or 'PREDICTION: 0' (reject).","You predicted Person 1's decision above.
TASK: Should we implement your prediction, or escalate to Person 1?
A decision is considered correct if you implement when your prediction matches Person 1's true decision, or escalate when your prediction does not.
Explain your reasoning in 1-2 sentences, then conclude with exactly 'DECISION: 0' (implement) or 'DECISION: 1' (escalate).","Based on the decision tree's logic, the applicant qualifies for approval because their FICO score of 840 exceeds the 750 threshold and their requested loan amount of $6,000 is well below the $20,000 limit, resulting in a high historical approval rate for this profile. PREDICTION: 1
","Since the decision tree's logic perfectly matches the applicant's specific attributes (FICO > 750 and loan < $20,000), the model's prediction of approval is highly reliable and does not require human review. DECISION: 0
",,,2026-05-27T21:09:40.087456
fico_over_750_loan_under_20000,1,1,1,1,"You are helping Person 1, a loan officer, decide whether to approve a loan application. The applicant is requesting $5,000 for debt_consolidation. They have been employed for < 1 year, a debt-to-income ratio of 15.5%, and a credit score of 765.

A decision tree trained on this dataset finds that when the applicant has a FICO score above 750 and a loan under $20,000, 93% of applications were approved.

TASK: Predict Person 1's decision. Explain your reasoning in 1 sentence. Then conclude with exactly 'PREDICTION: 1' (approve) or 'PREDICTION: 0' (reject).","You predicted Person 1's decision above.
TASK: Should we implement your prediction, or escalate to Person 1?
A decision is considered correct if you implement when your prediction matches Person 1's true decision, or escalate when your prediction does not.
Explain your reasoning in 1-2 sentences, then conclude with exactly 'DECISION: 0' (implement) or 'DECISION: 1' (escalate).","Based on the decision tree's logic, the applicant qualifies for approval because their FICO score of 765 exceeds the 750 threshold and their requested loan amount of $5,000 is well below the $20,000 limit, resulting in a high historical approval rate for this specific profile.

PREDICTION: 1
","I should escalate to Person 1 because the decision tree's training data does not account for the applicant's critical risk factor of being employed for less than one year, which is a significant red flag that could override the positive credit score and low debt-to-income ratio.

DECISION: 1
",,,2026-05-27T21:09:48.619783
fico_over_750_loan_under_20000,1,1,1,0,"You are helping Person 1, a loan officer, decide whether to approve a loan application. The applicant is requesting $18,000 for debt_consolidation. They have been employed for 10+ years, a debt-to-income ratio of 22.9%, and a credit score of 765.

A decision tree trained on this dataset finds that when the applicant has a FICO score above 750 and a loan under $20,000, 93% of applications were approved.

TASK: Predict Person 1's decision. Explain your reasoning in 1 sentence. Then conclude with exactly 'PREDICTION: 1' (approve) or 'PREDICTION: 0' (reject).","You predicted Person 1's decision above.
TASK: Should we implement your prediction, or escalate to Person 1?
A decision is considered correct if you implement when your prediction matches Person 1's true decision, or escalate when your prediction does not.
Explain your reasoning in 1-2 sentences, then conclude with exactly 'DECISION: 0' (implement) or 'DECISION: 1' (escalate).","Based on the decision tree's logic, the applicant qualifies for approval because their FICO score of 765 exceeds the 750 threshold and their requested loan amount of $18,000 is under the $20,000 limit, which historically results in a 93% approval rate. PREDICTION: 1
","Since the decision tree's logic perfectly matches the applicant's specific attributes (FICO > 750 and loan < $20,000), the model's prediction of approval is highly reliable and should be implemented without further review. DECISION: 0
",,,2026-05-27T21:09:56.816263
fico_over_750_loan_under_20000,1,1,1,0,"You are helping Person 1, a loan officer, decide whether to approve a loan application. The applicant is requesting $7,000 for debt_consolidation. They have been employed for 6 years, a debt-to-income ratio of 23.6%, and a credit score of 765.

A decision tree trained on this dataset finds that when the applicant has a FICO score above 750 and a loan under $20,000, 93% of applications were approved.

TASK: Predict Person 1's decision. Explain your reasoning in 1 sentence. Then conclude with exactly 'PREDICTION: 1' (approve) or 'PREDICTION: 0' (reject).","You predicted Person 1's decision above.
TASK: Should we implement your prediction, or escalate to Person 1?
A decision is considered correct if you implement when your prediction matches Person 1's true decision, or escalate when your prediction does not.
Explain your reasoning in 1-2 sentences, then conclude with exactly 'DECISION: 0' (implement) or 'DECISION: 1' (escalate).","Based on the decision tree's logic, Person 1's application meets the specific criteria of having a FICO score above 750 and a loan amount under $20,000, which historically results in a 93% approval rate. PREDICTION: 1
","Since the decision tree's logic perfectly matches the applicant's specific profile (FICO > 750 and loan < $20,000), the prediction is highly reliable and does not require human review. DECISION: 0
",,,2026-05-27T21:10:04.074489
fico_over_750_loan_under_20000,1,1,1,0,"You are helping Person 1, a loan officer, decide whether to approve a loan application. The applicant is requesting $14,000 for debt_consolidation. They have been employed for 10+ years, a debt-to-income ratio of 8.3%, and a credit score of 795.

A decision tree trained on this dataset finds that when the applicant has a FICO score above 750 and a loan under $20,000, 93% of applications were approved.

TASK: Predict Person 1's decision. Explain your reasoning in 1 sentence. Then conclude with exactly 'PREDICTION: 1' (approve) or 'PREDICTION: 0' (reject).","You predicted Person 1's decision above.
TASK: Should we implement your prediction, or escalate to Person 1?
A decision is considered correct if you implement when your prediction matches Person 1's true decision, or escalate when your prediction does not.
Explain your reasoning in 1-2 sentences, then conclude with exactly 'DECISION: 0' (implement) or 'DECISION: 1' (escalate).","Based on the decision tree's logic, Person 1's application meets the specific criteria of having a FICO score above 750 and a loan amount under $20,000, which historically results in a 93% approval rate. PREDICTION: 1
","Since the decision tree's logic perfectly matches the applicant's profile (FICO > 750 and loan < $20,000), the prediction of approval is highly reliable and should be implemented without further review. DECISION: 0
",,,2026-05-27T21:10:11.559863
fico_over_750_loan_under_20000,1,1,1,1,"You are helping Person 1, a loan officer, decide whether to approve a loan application. The applicant is requesting $1,375 for home_improvement. They have been employed for 3 years, a debt-to-income ratio of 37.5%, and a credit score of 770.

A decision tree trained on this dataset finds that when the applicant has a FICO score above 750 and a loan under $20,000, 93% of applications were approved.

TASK: Predict Person 1's decision. Explain your reasoning in 1 sentence. Then conclude with exactly 'PREDICTION: 1' (approve) or 'PREDICTION: 0' (reject).","You predicted Person 1's decision above.
TASK: Should we implement your prediction, or escalate to Person 1?
A decision is considered correct if you implement when your prediction matches Person 1's true decision, or escalate when your prediction does not.
Explain your reasoning in 1-2 sentences, then conclude with exactly 'DECISION: 0' (implement) or 'DECISION: 1' (escalate).","Based on the decision tree's logic, Person 1's application meets the high-risk criteria for approval because the applicant's FICO score of 770 exceeds the 750 threshold and the requested loan amount of $1,375 is well below the $20,000 limit, resulting in a 93% historical approval rate for this profile. PREDICTION: 1
","I cannot implement the prediction because I do not have access to the actual ground truth of Person 1's decision, making it impossible to verify if my model-based prediction was correct. Without knowing the true outcome, the only safe course of action is to escalate the case to the human loan officer for final review. DECISION: 1
",,,2026-05-27T21:10:21.543946
fico_over_750_loan_under_20000,1,1,1,0,"You are helping Person 1, a loan officer, decide whether to approve a loan application. The applicant is requesting $16,800 for debt_consolidation. They have been employed for 1 year, a debt-to-income ratio of 0.9%, and a credit score of 815.

A decision tree trained on this dataset finds that when the applicant has a FICO score above 750 and a loan under $20,000, 93% of applications were approved.

TASK: Predict Person 1's decision. Explain your reasoning in 1 sentence. Then conclude with exactly 'PREDICTION: 1' (approve) or 'PREDICTION: 0' (reject).","You predicted Person 1's decision above.
TASK: Should we implement your prediction, or escalate to Person 1?
A decision is considered correct if you implement when your prediction matches Person 1's true decision, or escalate when your prediction does not.
Explain your reasoning in 1-2 sentences, then conclude with exactly 'DECISION: 0' (implement) or 'DECISION: 1' (escalate).","Based on the decision tree logic, Person 1's application meets both the high credit score threshold (815 > 750) and the loan amount limit ($16,800 < $20,000), which historically results in a 93% approval rate. PREDICTION: 1
","Since the decision tree provides a strong historical signal (93% approval rate) for this specific profile, implementing the prediction is the most logical course of action without needing further human review. DECISION: 0
",,,2026-05-27T21:10:28.819958
fico_over_750_loan_under_20000,1,1,1,0,"You are helping Person 1, a loan officer, decide whether to approve a loan application. The applicant is requesting $6,000 for credit_card. They have been employed for < 1 year, a debt-to-income ratio of 6.3%, and a credit score of 800.

A decision tree trained on this dataset finds that when the applicant has a FICO score above 750 and a loan under $20,000, 93% of applications were approved.

TASK: Predict Person 1's decision. Explain your reasoning in 1 sentence. Then conclude with exactly 'PREDICTION: 1' (approve) or 'PREDICTION: 0' (reject).","You predicted Person 1's decision above.
TASK: Should we implement your prediction, or escalate to Person 1?
A decision is considered correct if you implement when your prediction matches Person 1's true decision, or escalate when your prediction does not.
Explain your reasoning in 1-2 sentences, then conclude with exactly 'DECISION: 0' (implement) or 'DECISION: 1' (escalate).","Based on the decision tree logic, the applicant qualifies for approval because their credit score of 800 exceeds the 750 threshold and their requested loan amount of $6,000 is well below the $20,000 limit, resulting in a high historical approval rate for this profile.

PREDICTION: 1
","Since the decision tree's logic perfectly matches the applicant's specific attributes (FICO > 750 and loan < $20,000), the model's prediction of approval is highly reliable and should be implemented without further review.

DECISION: 0
",,,2026-05-27T21:10:37.014784
fico_over_750_loan_under_20000,0,1,0,1,"You are helping Person 1, a loan officer, decide whether to approve a loan application. The applicant is requesting $10,000 for Credit card refinancing. They have been employed for < 1 year, a debt-to-income ratio of 77.1%, and a credit score of 765.

A decision tree trained on this dataset finds that when the applicant has a FICO score above 750 and a loan under $20,000, 93% of applications were approved.

TASK: Predict Person 1's decision. Explain your reasoning in 1 sentence. Then conclude with exactly 'PREDICTION: 1' (approve) or 'PREDICTION: 0' (reject).","You predicted Person 1's decision above.
TASK: Should we implement your prediction, or escalate to Person 1?
A decision is considered correct if you implement when your prediction matches Person 1's true decision, or escalate when your prediction does not.
Explain your reasoning in 1-2 sentences, then conclude with exactly 'DECISION: 0' (implement) or 'DECISION: 1' (escalate).","Based on the decision tree's logic, the applicant qualifies for approval because their FICO score of 765 exceeds the 750 threshold and their requested loan amount of $10,000 is below the $20,000 limit, resulting in a high historical approval rate for this specific profile. PREDICTION: 1
","I should escalate to Person 1 because relying solely on the simplified decision tree ignores critical risk factors like the applicant's high debt-to-income ratio of 77.1% and short employment history, which are vital for a real-world loan approval decision. DECISION: 1
",,,2026-05-27T21:10:45.647497
fico_over_750_loan_under_20000,1,1,1,0,"You are helping Person 1, a loan officer, decide whether to approve a loan application. The applicant is requesting $18,000 for debt_consolidation. They have been employed for 10+ years, a debt-to-income ratio of 1.3%, and a credit score of 780.

A decision tree trained on this dataset finds that when the applicant has a FICO score above 750 and a loan under $20,000, 93% of applications were approved.

TASK: Predict Person 1's decision. Explain your reasoning in 1 sentence. Then conclude with exactly 'PREDICTION: 1' (approve) or 'PREDICTION: 0' (reject).","You predicted Person 1's decision above.
TASK: Should we implement your prediction, or escalate to Person 1?
A decision is considered correct if you implement when your prediction matches Person 1's true decision, or escalate when your prediction does not.
Explain your reasoning in 1-2 sentences, then conclude with exactly 'DECISION: 0' (implement) or 'DECISION: 1' (escalate).","Based on the decision tree's logic, Person 1's application meets the specific criteria of having a FICO score above 750 and a loan amount under $20,000, which historically results in a 93% approval rate. PREDICTION: 1
","Since the decision tree's logic perfectly matches the applicant's profile (FICO > 750 and loan < $20,000), the prediction of approval is highly reliable and should be implemented without further review. DECISION: 0
",,,2026-05-27T21:10:53.174642
fico_over_750_loan_under_20000,1,1,1,0,"You are helping Person 1, a loan officer, decide whether to approve a loan application. The applicant is requesting $18,000 for credit_card. They have been employed for 9 years, a debt-to-income ratio of 12.9%, and a credit score of 820.

A decision tree trained on this dataset finds that when the applicant has a FICO score above 750 and a loan under $20,000, 93% of applications were approved.

TASK: Predict Person 1's decision. Explain your reasoning in 1 sentence. Then conclude with exactly 'PREDICTION: 1' (approve) or 'PREDICTION: 0' (reject).","You predicted Person 1's decision above.
TASK: Should we implement your prediction, or escalate to Person 1?
A decision is considered correct if you implement when your prediction matches Person 1's true decision, or escalate when your prediction does not.
Explain your reasoning in 1-2 sentences, then conclude with exactly 'DECISION: 0' (implement) or 'DECISION: 1' (escalate).","Based on the decision tree's logic, the applicant qualifies for approval because their FICO score of 820 exceeds the 750 threshold and their requested loan amount of $18,000 is below the $20,000 limit, resulting in a high historical approval rate for this profile. PREDICTION: 1
","Since the decision tree's logic perfectly matches the applicant's specific attributes (FICO > 750 and loan < $20,000), the model's prediction of approval is highly reliable and should be implemented without further review. DECISION: 0
",,,2026-05-27T21:11:01.565473
fico_over_750_loan_under_20000,1,1,1,0,"You are helping Person 1, a loan officer, decide whether to approve a loan application. The applicant is requesting $4,500 for major_purchase. They have been employed for nan, a debt-to-income ratio of 5.8%, and a credit score of 770.

A decision tree trained on this dataset finds that when the applicant has a FICO score above 750 and a loan under $20,000, 93% of applications were approved.

TASK: Predict Person 1's decision. Explain your reasoning in 1 sentence. Then conclude with exactly 'PREDICTION: 1' (approve) or 'PREDICTION: 0' (reject).","You predicted Person 1's decision above.
TASK: Should we implement your prediction, or escalate to Person 1?
A decision is considered correct if you implement when your prediction matches Person 1's true decision, or escalate when your prediction does not.
Explain your reasoning in 1-2 sentences, then conclude with exactly 'DECISION: 0' (implement) or 'DECISION: 1' (escalate).","Based on the decision tree logic, Person 1 should approve the loan because the applicant's FICO score of 770 exceeds the 750 threshold and the requested amount of $4,500 is well below the $20,000 limit, resulting in a 93% historical approval rate for this profile. PREDICTION: 1
","Since the decision tree's logic perfectly matches the applicant's specific attributes (FICO > 750 and loan < $20,000), the model's prediction of approval is highly reliable and aligns with the expected outcome based on historical data. Therefore, we should implement the prediction without needing to escalate to Person 1 for manual review. DECISION: 0
",,,2026-05-27T21:11:12.004369
fico_over_750_loan_under_20000,1,1,1,0,"You are helping Person 1, a loan officer, decide whether to approve a loan application. The applicant is requesting $9,525 for other. They have been employed for 5 years, a debt-to-income ratio of 13.6%, and a credit score of 755.

A decision tree trained on this dataset finds that when the applicant has a FICO score above 750 and a loan under $20,000, 93% of applications were approved.

TASK: Predict Person 1's decision. Explain your reasoning in 1 sentence. Then conclude with exactly 'PREDICTION: 1' (approve) or 'PREDICTION: 0' (reject).","You predicted Person 1's decision above.
TASK: Should we implement your prediction, or escalate to Person 1?
A decision is considered correct if you implement when your prediction matches Person 1's true decision, or escalate when your prediction does not.
Explain your reasoning in 1-2 sentences, then conclude with exactly 'DECISION: 0' (implement) or 'DECISION: 1' (escalate).","Based on the decision tree logic, Person 1's application meets both the high credit score threshold (755 > 750) and the loan amount limit ($9,525 < $20,000), which historically results in a 93% approval rate. PREDICTION: 1
","Since the decision tree's logic perfectly matches the applicant's specific attributes (FICO > 750 and loan < $20,000), the model's prediction of approval is highly reliable and should be implemented without further review. DECISION: 0
",,,2026-05-27T21:11:19.808950
fico_over_750_loan_under_20000,1,1,1,1,"You are helping Person 1, a loan officer, decide whether to approve a loan application. The applicant is requesting $5,000 for home_improvement. They have been employed for < 1 year, a debt-to-income ratio of 8.4%, and a credit score of 760.

A decision tree trained on this dataset finds that when the applicant has a FICO score above 750 and a loan under $20,000, 93% of applications were approved.

TASK: Predict Person 1's decision. Explain your reasoning in 1 sentence. Then conclude with exactly 'PREDICTION: 1' (approve) or 'PREDICTION: 0' (reject).","You predicted Person 1's decision above.
TASK: Should we implement your prediction, or escalate to Person 1?
A decision is considered correct if you implement when your prediction matches Person 1's true decision, or escalate when your prediction does not.
Explain your reasoning in 1-2 sentences, then conclude with exactly 'DECISION: 0' (implement) or 'DECISION: 1' (escalate).","Based on the decision tree's logic, the applicant qualifies for approval because their FICO score of 760 exceeds the 750 threshold and their requested loan amount of $5,000 is well below the $20,000 limit, which historically results in a 93% approval rate. PREDICTION: 1
","I should escalate to Person 1 because the decision tree's training data does not account for the applicant's critical risk factor of being employed for less than one year, which could lead to a false positive despite the strong credit score and low loan amount. DECISION: 1
",,,2026-05-27T21:11:28.126567
fico_over_750_loan_under_20000,1,1,1,0,"You are helping Person 1, a loan officer, decide whether to approve a loan application. The applicant is requesting $12,000 for home_improvement. They have been employed for 7 years, a debt-to-income ratio of 6.8%, and a credit score of 790.

A decision tree trained on this dataset finds that when the applicant has a FICO score above 750 and a loan under $20,000, 93% of applications were approved.

TASK: Predict Person 1's decision. Explain your reasoning in 1 sentence. Then conclude with exactly 'PREDICTION: 1' (approve) or 'PREDICTION: 0' (reject).","You predicted Person 1's decision above.
TASK: Should we implement your prediction, or escalate to Person 1?
A decision is considered correct if you implement when your prediction matches Person 1's true decision, or escalate when your prediction does not.
Explain your reasoning in 1-2 sentences, then conclude with exactly 'DECISION: 0' (implement) or 'DECISION: 1' (escalate).","Based on the decision tree's logic, Person 1's application meets the high-risk criteria for approval because the applicant's FICO score of 790 exceeds the 750 threshold and the requested $12,000 loan is under the $20,000 limit, resulting in a 93% historical approval rate for this profile. PREDICTION: 1
","Since the decision tree's logic explicitly maps the applicant's specific attributes (FICO > 750 and loan < $20,000) to a 93% approval rate, the model's prediction is highly reliable and aligns with the established risk profile. Therefore, we should implement the prediction rather than escalate the case. DECISION: 0
",,,2026-05-27T21:11:38.510775
fico_over_750_loan_under_20000,1,1,1,0,"You are helping Person 1, a loan officer, decide whether to approve a loan application. The applicant is requesting $19,800 for major_purchase. They have been employed for 10+ years, a debt-to-income ratio of 26.7%, and a credit score of 770.

A decision tree trained on this dataset finds that when the applicant has a FICO score above 750 and a loan under $20,000, 93% of applications were approved.

TASK: Predict Person 1's decision. Explain your reasoning in 1 sentence. Then conclude with exactly 'PREDICTION: 1' (approve) or 'PREDICTION: 0' (reject).","You predicted Person 1's decision above.
TASK: Should we implement your prediction, or escalate to Person 1?
A decision is considered correct if you implement when your prediction matches Person 1's true decision, or escalate when your prediction does not.
Explain your reasoning in 1-2 sentences, then conclude with exactly 'DECISION: 0' (implement) or 'DECISION: 1' (escalate).","Based on the decision tree's logic, Person 1's application meets both the high credit score threshold (770 > 750) and the loan amount limit ($19,800 < $20,000), which historically results in a 93% approval rate. PREDICTION: 1
","Since the decision tree's logic perfectly matches the applicant's specific attributes (FICO > 750 and loan < $20,000), the model's prediction of approval is highly reliable and should be implemented without further review. DECISION: 0
",,,2026-05-27T21:11:46.826733
fico_over_750_loan_under_20000,1,1,1,0,"You are helping Person 1, a loan officer, decide whether to approve a loan application. The applicant is requesting $6,000 for credit_card. They have been employed for 1 year, a debt-to-income ratio of 15.5%, and a credit score of 760.

A decision tree trained on this dataset finds that when the applicant has a FICO score above 750 and a loan under $20,000, 93% of applications were approved.

TASK: Predict Person 1's decision. Explain your reasoning in 1 sentence. Then conclude with exactly 'PREDICTION: 1' (approve) or 'PREDICTION: 0' (reject).","You predicted Person 1's decision above.
TASK: Should we implement your prediction, or escalate to Person 1?
A decision is considered correct if you implement when your prediction matches Person 1's true decision, or escalate when your prediction does not.
Explain your reasoning in 1-2 sentences, then conclude with exactly 'DECISION: 0' (implement) or 'DECISION: 1' (escalate).","Based on the decision tree's logic, Person 1's application meets the specific criteria of having a FICO score above 750 and requesting a loan under $20,000, which historically results in a high approval rate. PREDICTION: 1
","Since the decision tree's logic perfectly matches the applicant's profile (FICO > 750 and loan amount < $20,000), the prediction of approval is highly reliable and should be implemented without further review. DECISION: 0
",,,2026-05-27T21:11:54.050888
fico_over_750_loan_under_20000,1,1,1,0,"You are helping Person 1, a loan officer, decide whether to approve a loan application. The applicant is requesting $12,000 for other. They have been employed for 10+ years, a debt-to-income ratio of 6.3%, and a credit score of 780.

A decision tree trained on this dataset finds that when the applicant has a FICO score above 750 and a loan under $20,000, 93% of applications were approved.

TASK: Predict Person 1's decision. Explain your reasoning in 1 sentence. Then conclude with exactly 'PREDICTION: 1' (approve) or 'PREDICTION: 0' (reject).","You predicted Person 1's decision above.
TASK: Should we implement your prediction, or escalate to Person 1?
A decision is considered correct if you implement when your prediction matches Person 1's true decision, or escalate when your prediction does not.
Explain your reasoning in 1-2 sentences, then conclude with exactly 'DECISION: 0' (implement) or 'DECISION: 1' (escalate).","Based on the decision tree's logic, the applicant qualifies for approval because their FICO score of 780 exceeds the 750 threshold and their requested loan amount of $12,000 is below the $20,000 limit, resulting in a 93% historical approval rate for this profile. PREDICTION: 1
","Since the decision tree's logic perfectly matches the applicant's specific attributes (FICO > 750 and loan < $20,000), the model's prediction of approval is highly reliable and aligns with the expected outcome based on historical data. Therefore, we should implement the prediction without needing to escalate to the loan officer. DECISION: 0
",,,2026-05-27T21:12:03.646729
fico_over_750_loan_under_20000,0,1,0,1,"You are helping Person 1, a loan officer, decide whether to approve a loan application. The applicant is requesting $6,000 for Green loan. They have been employed for < 1 year, a debt-to-income ratio of 83.6%, and a credit score of 784.

A decision tree trained on this dataset finds that when the applicant has a FICO score above 750 and a loan under $20,000, 93% of applications were approved.

TASK: Predict Person 1's decision. Explain your reasoning in 1 sentence. Then conclude with exactly 'PREDICTION: 1' (approve) or 'PREDICTION: 0' (reject).","You predicted Person 1's decision above.
TASK: Should we implement your prediction, or escalate to Person 1?
A decision is considered correct if you implement when your prediction matches Person 1's true decision, or escalate when your prediction does not.
Explain your reasoning in 1-2 sentences, then conclude with exactly 'DECISION: 0' (implement) or 'DECISION: 1' (escalate).","Based on the decision tree's logic, the applicant qualifies for approval because their FICO score of 784 exceeds the 750 threshold and their requested loan amount of $6,000 is well below the $20,000 limit, which historically results in a 93% approval rate.

PREDICTION: 1
","I should escalate to Person 1 because the decision tree's logic relies on a simplified rule set that ignores critical risk factors like the applicant's less than one year of employment and a dangerously high debt-to-income ratio of 83.6%, which would likely lead a human loan officer to reject the application despite the favorable FICO score and loan amount.

DECISION: 1
",,,2026-05-27T21:12:13.678400
fico_over_750_loan_under_20000,1,1,1,0,"You are helping Person 1, a loan officer, decide whether to approve a loan application. The applicant is requesting $3,000 for debt_consolidation. They have been employed for nan, a debt-to-income ratio of 16.3%, and a credit score of 805.

A decision tree trained on this dataset finds that when the applicant has a FICO score above 750 and a loan under $20,000, 93% of applications were approved.

TASK: Predict Person 1's decision. Explain your reasoning in 1 sentence. Then conclude with exactly 'PREDICTION: 1' (approve) or 'PREDICTION: 0' (reject).","You predicted Person 1's decision above.
TASK: Should we implement your prediction, or escalate to Person 1?
A decision is considered correct if you implement when your prediction matches Person 1's true decision, or escalate when your prediction does not.
Explain your reasoning in 1-2 sentences, then conclude with exactly 'DECISION: 0' (implement) or 'DECISION: 1' (escalate).","Based on the decision tree logic, the applicant qualifies for approval because their FICO score of 805 exceeds the 750 threshold and their requested loan amount of $3,000 is well below the $20,000 limit, resulting in a high historical approval rate for this profile. PREDICTION: 1
","Since the decision tree's conditions (FICO > 750 and loan < $20,000) are perfectly met by the applicant, the model's prediction of approval is highly reliable and aligns with standard lending criteria. Therefore, we should implement the prediction without needing to escalate the case to Person 1. DECISION: 0
",,,2026-05-27T21:12:23.239872
fico_over_750_loan_under_20000,1,1,1,0,"You are helping Person 1, a loan officer, decide whether to approve a loan application. The applicant is requesting $15,000 for other. They have been employed for 10+ years, a debt-to-income ratio of 17.1%, and a credit score of 775.

A decision tree trained on this dataset finds that when the applicant has a FICO score above 750 and a loan under $20,000, 93% of applications were approved.

TASK: Predict Person 1's decision. Explain your reasoning in 1 sentence. Then conclude with exactly 'PREDICTION: 1' (approve) or 'PREDICTION: 0' (reject).","You predicted Person 1's decision above.
TASK: Should we implement your prediction, or escalate to Person 1?
A decision is considered correct if you implement when your prediction matches Person 1's true decision, or escalate when your prediction does not.
Explain your reasoning in 1-2 sentences, then conclude with exactly 'DECISION: 0' (implement) or 'DECISION: 1' (escalate).","Based on the decision tree's logic, the applicant qualifies for approval because their FICO score of 775 exceeds the 750 threshold and their requested loan amount of $15,000 is below the $20,000 limit, resulting in a 93% historical approval rate for this profile. PREDICTION: 1
","Since the decision tree's logic perfectly matches the applicant's specific attributes (FICO > 750 and loan < $20,000), the model's prediction of approval is highly reliable and aligns with the historical data used to train it. Therefore, we should implement the prediction without needing to escalate the case to the loan officer. DECISION: 0
",,,2026-05-27T21:12:32.977818
fico_over_750_loan_under_20000,1,1,1,0,"You are helping Person 1, a loan officer, decide whether to approve a loan application. The applicant is requesting $6,000 for home_improvement. They have been employed for nan, a debt-to-income ratio of 19.4%, and a credit score of 780.

A decision tree trained on this dataset finds that when the applicant has a FICO score above 750 and a loan under $20,000, 93% of applications were approved.

TASK: Predict Person 1's decision. Explain your reasoning in 1 sentence. Then conclude with exactly 'PREDICTION: 1' (approve) or 'PREDICTION: 0' (reject).","You predicted Person 1's decision above.
TASK: Should we implement your prediction, or escalate to Person 1?
A decision is considered correct if you implement when your prediction matches Person 1's true decision, or escalate when your prediction does not.
Explain your reasoning in 1-2 sentences, then conclude with exactly 'DECISION: 0' (implement) or 'DECISION: 1' (escalate).","Based on the decision tree logic, the applicant qualifies for approval because their FICO score of 780 exceeds the 750 threshold and their requested loan amount of $6,000 is well below the $20,000 limit, resulting in a high historical approval rate for this profile. PREDICTION: 1
","Since the decision tree's logic perfectly matches the applicant's specific attributes (FICO > 750 and loan < $20,000), the model's prediction of approval is highly reliable and should be implemented without further review. DECISION: 0
",,,2026-05-27T21:12:40.982743
fico_over_750_loan_under_20000,1,1,1,0,"You are helping Person 1, a loan officer, decide whether to approve a loan application. The applicant is requesting $13,000 for major_purchase. They have been employed for 10+ years, a debt-to-income ratio of 13.3%, and a credit score of 810.

A decision tree trained on this dataset finds that when the applicant has a FICO score above 750 and a loan under $20,000, 93% of applications were approved.

TASK: Predict Person 1's decision. Explain your reasoning in 1 sentence. Then conclude with exactly 'PREDICTION: 1' (approve) or 'PREDICTION: 0' (reject).","You predicted Person 1's decision above.
TASK: Should we implement your prediction, or escalate to Person 1?
A decision is considered correct if you implement when your prediction matches Person 1's true decision, or escalate when your prediction does not.
Explain your reasoning in 1-2 sentences, then conclude with exactly 'DECISION: 0' (implement) or 'DECISION: 1' (escalate).","Based on the decision tree's logic, Person 1's application meets the specific criteria of having a FICO score above 750 and a loan amount under $20,000, which historically results in a 93% approval rate. PREDICTION: 1
","Since the decision tree provides a strong historical signal (93% approval rate) for this specific profile, implementing the prediction is the most logical course of action without needing further human review. DECISION: 0
",,,2026-05-27T21:12:47.780993
fico_over_750_loan_under_20000,1,1,1,0,"You are helping Person 1, a loan officer, decide whether to approve a loan application. The applicant is requesting $5,000 for debt_consolidation. They have been employed for 10+ years, a debt-to-income ratio of 18.3%, and a credit score of 775.

A decision tree trained on this dataset finds that when the applicant has a FICO score above 750 and a loan under $20,000, 93% of applications were approved.

TASK: Predict Person 1's decision. Explain your reasoning in 1 sentence. Then conclude with exactly 'PREDICTION: 1' (approve) or 'PREDICTION: 0' (reject).","You predicted Person 1's decision above.
TASK: Should we implement your prediction, or escalate to Person 1?
A decision is considered correct if you implement when your prediction matches Person 1's true decision, or escalate when your prediction does not.
Explain your reasoning in 1-2 sentences, then conclude with exactly 'DECISION: 0' (implement) or 'DECISION: 1' (escalate).","Based on the decision tree's logic, Person 1's application meets the specific criteria of having a FICO score above 750 and requesting a loan under $20,000, which historically results in a 93% approval rate. PREDICTION: 1
","Since the decision tree's logic perfectly matches the applicant's profile (FICO > 750 and loan amount < $20,000), the model's prediction of approval is highly reliable and should be implemented without further review. DECISION: 0
",,,2026-05-27T21:12:55.438644
fico_over_750_loan_under_20000,1,1,1,1,"You are helping Person 1, a loan officer, decide whether to approve a loan application. The applicant is requesting $4,000 for major_purchase. They have been employed for < 1 year, a debt-to-income ratio of 6.0%, and a credit score of 760.

A decision tree trained on this dataset finds that when the applicant has a FICO score above 750 and a loan under $20,000, 93% of applications were approved.

TASK: Predict Person 1's decision. Explain your reasoning in 1 sentence. Then conclude with exactly 'PREDICTION: 1' (approve) or 'PREDICTION: 0' (reject).","You predicted Person 1's decision above.
TASK: Should we implement your prediction, or escalate to Person 1?
A decision is considered correct if you implement when your prediction matches Person 1's true decision, or escalate when your prediction does not.
Explain your reasoning in 1-2 sentences, then conclude with exactly 'DECISION: 0' (implement) or 'DECISION: 1' (escalate).","Based on the decision tree's logic, the applicant qualifies for a high approval rate because their credit score of 760 exceeds the 750 threshold and their requested loan amount of $4,000 is well below the $20,000 limit, despite the short employment history. PREDICTION: 1
","The decision tree provided only captures a subset of the data (high credit score and low loan amount) and ignores the critical risk factor of the applicant having less than one year of employment history, which often leads to actual rejections in real-world scenarios. Therefore, the prediction should not be implemented blindly, and the case should be escalated to Person 1 for a holistic review. DECISION: 1
",,,2026-05-27T21:13:05.444607
fico_over_750_loan_under_20000,1,1,1,0,"You are helping Person 1, a loan officer, decide whether to approve a loan application. The applicant is requesting $11,000 for major_purchase. They have been employed for 10+ years, a debt-to-income ratio of 19.9%, and a credit score of 755.

A decision tree trained on this dataset finds that when the applicant has a FICO score above 750 and a loan under $20,000, 93% of applications were approved.

TASK: Predict Person 1's decision. Explain your reasoning in 1 sentence. Then conclude with exactly 'PREDICTION: 1' (approve) or 'PREDICTION: 0' (reject).","You predicted Person 1's decision above.
TASK: Should we implement your prediction, or escalate to Person 1?
A decision is considered correct if you implement when your prediction matches Person 1's true decision, or escalate when your prediction does not.
Explain your reasoning in 1-2 sentences, then conclude with exactly 'DECISION: 0' (implement) or 'DECISION: 1' (escalate).","Based on the decision tree's logic, Person 1's application meets the specific criteria of having a FICO score above 750 and a loan amount under $20,000, which historically results in a 93% approval rate. PREDICTION: 1
","Since the decision tree's logic perfectly matches the applicant's profile (FICO > 750 and loan < $20,000), the prediction of approval is highly reliable and should be implemented without further review. DECISION: 0
",,,2026-05-27T21:13:12.863086
fico_over_750_loan_under_20000,1,1,1,0,"You are helping Person 1, a loan officer, decide whether to approve a loan application. The applicant is requesting $4,000 for debt_consolidation. They have been employed for 10+ years, a debt-to-income ratio of 9.9%, and a credit score of 770.

A decision tree trained on this dataset finds that when the applicant has a FICO score above 750 and a loan under $20,000, 93% of applications were approved.

TASK: Predict Person 1's decision. Explain your reasoning in 1 sentence. Then conclude with exactly 'PREDICTION: 1' (approve) or 'PREDICTION: 0' (reject).","You predicted Person 1's decision above.
TASK: Should we implement your prediction, or escalate to Person 1?
A decision is considered correct if you implement when your prediction matches Person 1's true decision, or escalate when your prediction does not.
Explain your reasoning in 1-2 sentences, then conclude with exactly 'DECISION: 0' (implement) or 'DECISION: 1' (escalate).","Based on the decision tree's logic, Person 1's application meets the specific criteria of having a FICO score above 750 and requesting a loan under $20,000, which historically results in a 93% approval rate. PREDICTION: 1
","Since the decision tree's logic perfectly matches the applicant's profile (FICO > 750 and loan amount < $20,000), the prediction of approval is highly reliable and does not require human review. DECISION: 0
",,,2026-05-27T21:13:20.128876
fico_over_750_loan_under_20000,1,1,1,0,"You are helping Person 1, a loan officer, decide whether to approve a loan application. The applicant is requesting $2,500 for car. They have been employed for nan, a debt-to-income ratio of 14.4%, and a credit score of 760.

A decision tree trained on this dataset finds that when the applicant has a FICO score above 750 and a loan under $20,000, 93% of applications were approved.

TASK: Predict Person 1's decision. Explain your reasoning in 1 sentence. Then conclude with exactly 'PREDICTION: 1' (approve) or 'PREDICTION: 0' (reject).","You predicted Person 1's decision above.
TASK: Should we implement your prediction, or escalate to Person 1?
A decision is considered correct if you implement when your prediction matches Person 1's true decision, or escalate when your prediction does not.
Explain your reasoning in 1-2 sentences, then conclude with exactly 'DECISION: 0' (implement) or 'DECISION: 1' (escalate).","Based on the decision tree logic, the applicant's FICO score of 760 exceeds the 750 threshold and their requested loan amount of $2,500 is well below the $20,000 limit, placing them in the high-approval category. PREDICTION: 1
","Since the decision tree's logic perfectly matches the applicant's specific attributes (FICO > 750 and loan < $20,000), the model's prediction of approval is highly reliable and should be implemented without further review. DECISION: 0
",,,2026-05-27T21:13:28.104028
fico_over_750_loan_under_20000,1,1,1,0,"You are helping Person 1, a loan officer, decide whether to approve a loan application. The applicant is requesting $12,000 for credit_card. They have been employed for 1 year, a debt-to-income ratio of 9.8%, and a credit score of 810.

A decision tree trained on this dataset finds that when the applicant has a FICO score above 750 and a loan under $20,000, 93% of applications were approved.

TASK: Predict Person 1's decision. Explain your reasoning in 1 sentence. Then conclude with exactly 'PREDICTION: 1' (approve) or 'PREDICTION: 0' (reject).","You predicted Person 1's decision above.
TASK: Should we implement your prediction, or escalate to Person 1?
A decision is considered correct if you implement when your prediction matches Person 1's true decision, or escalate when your prediction does not.
Explain your reasoning in 1-2 sentences, then conclude with exactly 'DECISION: 0' (implement) or 'DECISION: 1' (escalate).","Based on the decision tree's logic, the applicant qualifies for approval because their FICO score of 810 exceeds the 750 threshold and their requested loan amount of $12,000 is below the $20,000 limit, resulting in a high historical approval rate for this profile. PREDICTION: 1
","Since the decision tree's logic perfectly matches the applicant's specific attributes (FICO > 750 and loan < $20,000), the model's prediction of approval is highly reliable and should be implemented without further review. DECISION: 0
",,,2026-05-27T21:13:36.686604
fico_over_750_loan_under_20000,1,1,1,0,"You are helping Person 1, a loan officer, decide whether to approve a loan application. The applicant is requesting $6,900 for debt_consolidation. They have been employed for 1 year, a debt-to-income ratio of 20.4%, and a credit score of 755.

A decision tree trained on this dataset finds that when the applicant has a FICO score above 750 and a loan under $20,000, 93% of applications were approved.

TASK: Predict Person 1's decision. Explain your reasoning in 1 sentence. Then conclude with exactly 'PREDICTION: 1' (approve) or 'PREDICTION: 0' (reject).","You predicted Person 1's decision above.
TASK: Should we implement your prediction, or escalate to Person 1?
A decision is considered correct if you implement when your prediction matches Person 1's true decision, or escalate when your prediction does not.
Explain your reasoning in 1-2 sentences, then conclude with exactly 'DECISION: 0' (implement) or 'DECISION: 1' (escalate).","Based on the decision tree's logic, Person 1's application meets the specific criteria of having a FICO score above 750 and a loan amount under $20,000, which historically results in a high approval rate. PREDICTION: 1
","Since the decision tree's logic perfectly matches the applicant's profile (FICO > 750 and loan < $20,000), the prediction of approval is highly reliable and should be implemented without further review. DECISION: 0
",,,2026-05-27T21:13:44.059917
fico_over_750_loan_under_20000,1,1,1,1,"You are helping Person 1, a loan officer, decide whether to approve a loan application. The applicant is requesting $5,500 for moving. They have been employed for 2 years, a debt-to-income ratio of 2.0%, and a credit score of 785.

A decision tree trained on this dataset finds that when the applicant has a FICO score above 750 and a loan under $20,000, 93% of applications were approved.

TASK: Predict Person 1's decision. Explain your reasoning in 1 sentence. Then conclude with exactly 'PREDICTION: 1' (approve) or 'PREDICTION: 0' (reject).","You predicted Person 1's decision above.
TASK: Should we implement your prediction, or escalate to Person 1?
A decision is considered correct if you implement when your prediction matches Person 1's true decision, or escalate when your prediction does not.
Explain your reasoning in 1-2 sentences, then conclude with exactly 'DECISION: 0' (implement) or 'DECISION: 1' (escalate).","Based on the decision tree's logic, the applicant qualifies for approval because their FICO score of 785 exceeds the 750 threshold and their requested loan amount of $5,500 is well below the $20,000 limit, resulting in a high historical approval rate for this profile. PREDICTION: 1
","I cannot implement the prediction because I do not have access to the actual ground truth of Person 1's decision, making it impossible to verify if my model-based prediction was correct. DECISION: 1
",,,2026-05-27T21:13:51.643811
fico_over_750_loan_under_20000,1,1,1,0,"You are helping Person 1, a loan officer, decide whether to approve a loan application. The applicant is requesting $12,000 for credit_card. They have been employed for 10+ years, a debt-to-income ratio of 20.6%, and a credit score of 775.

A decision tree trained on this dataset finds that when the applicant has a FICO score above 750 and a loan under $20,000, 93% of applications were approved.

TASK: Predict Person 1's decision. Explain your reasoning in 1 sentence. Then conclude with exactly 'PREDICTION: 1' (approve) or 'PREDICTION: 0' (reject).","You predicted Person 1's decision above.
TASK: Should we implement your prediction, or escalate to Person 1?
A decision is considered correct if you implement when your prediction matches Person 1's true decision, or escalate when your prediction does not.
Explain your reasoning in 1-2 sentences, then conclude with exactly 'DECISION: 0' (implement) or 'DECISION: 1' (escalate).","Based on the decision tree's logic, the applicant qualifies for approval because their FICO score of 775 exceeds the 750 threshold and their requested loan amount of $12,000 is below the $20,000 limit, resulting in a high historical approval rate for this profile. PREDICTION: 1
","Since the decision tree's logic perfectly matches the applicant's specific attributes (FICO > 750 and loan < $20,000), the model's prediction of approval is highly reliable and should be implemented without further review. DECISION: 0
",,,2026-05-27T21:13:59.821110
fico_over_750_loan_under_20000,1,1,1,1,"You are helping Person 1, a loan officer, decide whether to approve a loan application. The applicant is requesting $7,000 for credit_card. They have been employed for 10+ years, a debt-to-income ratio of 18.1%, and a credit score of 755.

A decision tree trained on this dataset finds that when the applicant has a FICO score above 750 and a loan under $20,000, 93% of applications were approved.

TASK: Predict Person 1's decision. Explain your reasoning in 1 sentence. Then conclude with exactly 'PREDICTION: 1' (approve) or 'PREDICTION: 0' (reject).","You predicted Person 1's decision above.
TASK: Should we implement your prediction, or escalate to Person 1?
A decision is considered correct if you implement when your prediction matches Person 1's true decision, or escalate when your prediction does not.
Explain your reasoning in 1-2 sentences, then conclude with exactly 'DECISION: 0' (implement) or 'DECISION: 1' (escalate).","Based on the decision tree's logic, the applicant qualifies for approval because their FICO score of 755 exceeds the 750 threshold and their requested loan amount of $7,000 is well below the $20,000 limit, resulting in a high historical approval rate for this profile. PREDICTION: 1
","I should escalate to Person 1 because the decision tree's rule is a simplified statistical generalization that does not account for specific applicant details like their 10+ years of employment or low debt-to-income ratio, which are critical for a final human judgment. DECISION: 1
",,,2026-05-27T21:14:08.200573
fico_over_750_loan_under_20000,1,1,1,0,"You are helping Person 1, a loan officer, decide whether to approve a loan application. The applicant is requesting $9,000 for other. They have been employed for 10+ years, a debt-to-income ratio of 10.6%, and a credit score of 765.

A decision tree trained on this dataset finds that when the applicant has a FICO score above 750 and a loan under $20,000, 93% of applications were approved.

TASK: Predict Person 1's decision. Explain your reasoning in 1 sentence. Then conclude with exactly 'PREDICTION: 1' (approve) or 'PREDICTION: 0' (reject).","You predicted Person 1's decision above.
TASK: Should we implement your prediction, or escalate to Person 1?
A decision is considered correct if you implement when your prediction matches Person 1's true decision, or escalate when your prediction does not.
Explain your reasoning in 1-2 sentences, then conclude with exactly 'DECISION: 0' (implement) or 'DECISION: 1' (escalate).","Based on the decision tree's logic, the applicant qualifies for approval because their FICO score of 765 exceeds the 750 threshold and their requested loan amount of $9,000 is below the $20,000 limit, resulting in a high historical approval rate for this profile. PREDICTION: 1
","Since the decision tree's logic perfectly matches the applicant's specific attributes (FICO > 750 and loan < $20,000), the model's prediction of approval is highly reliable and aligns with the historical data patterns Person 1 would likely follow. Therefore, we should implement the prediction without needing to escalate for further review. DECISION: 0
",,,2026-05-27T21:14:17.955383
fico_over_750_loan_under_20000,1,1,1,0,"You are helping Person 1, a loan officer, decide whether to approve a loan application. The applicant is requesting $13,950 for debt_consolidation. They have been employed for 3 years, a debt-to-income ratio of 18.9%, and a credit score of 755.

A decision tree trained on this dataset finds that when the applicant has a FICO score above 750 and a loan under $20,000, 93% of applications were approved.

TASK: Predict Person 1's decision. Explain your reasoning in 1 sentence. Then conclude with exactly 'PREDICTION: 1' (approve) or 'PREDICTION: 0' (reject).","You predicted Person 1's decision above.
TASK: Should we implement your prediction, or escalate to Person 1?
A decision is considered correct if you implement when your prediction matches Person 1's true decision, or escalate when your prediction does not.
Explain your reasoning in 1-2 sentences, then conclude with exactly 'DECISION: 0' (implement) or 'DECISION: 1' (escalate).","Based on the decision tree's logic, Person 1's application meets the specific criteria of having a FICO score above 750 and a loan amount under $20,000, which historically results in a high approval rate. PREDICTION: 1
","Since the decision tree's logic perfectly matches the applicant's profile (FICO > 750 and loan < $20,000), the prediction of approval is highly reliable and should be implemented without further review. DECISION: 0
",,,2026-05-27T21:14:25.363497
fico_over_750_loan_under_20000,1,1,1,0,"You are helping Person 1, a loan officer, decide whether to approve a loan application. The applicant is requesting $6,400 for debt_consolidation. They have been employed for 7 years, a debt-to-income ratio of 30.2%, and a credit score of 760.

A decision tree trained on this dataset finds that when the applicant has a FICO score above 750 and a loan under $20,000, 93% of applications were approved.

TASK: Predict Person 1's decision. Explain your reasoning in 1 sentence. Then conclude with exactly 'PREDICTION: 1' (approve) or 'PREDICTION: 0' (reject).","You predicted Person 1's decision above.
TASK: Should we implement your prediction, or escalate to Person 1?
A decision is considered correct if you implement when your prediction matches Person 1's true decision, or escalate when your prediction does not.
Explain your reasoning in 1-2 sentences, then conclude with exactly 'DECISION: 0' (implement) or 'DECISION: 1' (escalate).","Based on the decision tree's logic, Person 1's application meets the specific criteria of having a FICO score above 750 and a loan amount under $20,000, which historically results in a 93% approval rate. PREDICTION: 1
","Since the decision tree's logic perfectly matches the applicant's profile (FICO > 750 and loan < $20,000), the prediction of approval is highly reliable and should be implemented without further review. DECISION: 0
",,,2026-05-27T21:14:32.919601
fico_over_750_loan_under_20000,1,1,1,0,"You are helping Person 1, a loan officer, decide whether to approve a loan application. The applicant is requesting $7,000 for debt_consolidation. They have been employed for 10+ years, a debt-to-income ratio of 30.7%, and a credit score of 765.

A decision tree trained on this dataset finds that when the applicant has a FICO score above 750 and a loan under $20,000, 93% of applications were approved.

TASK: Predict Person 1's decision. Explain your reasoning in 1 sentence. Then conclude with exactly 'PREDICTION: 1' (approve) or 'PREDICTION: 0' (reject).","You predicted Person 1's decision above.
TASK: Should we implement your prediction, or escalate to Person 1?
A decision is considered correct if you implement when your prediction matches Person 1's true decision, or escalate when your prediction does not.
Explain your reasoning in 1-2 sentences, then conclude with exactly 'DECISION: 0' (implement) or 'DECISION: 1' (escalate).","Based on the decision tree's logic, the applicant qualifies for approval because their FICO score of 765 exceeds the 750 threshold and their requested loan amount of $7,000 is well below the $20,000 limit, resulting in a high historical approval rate for this profile. PREDICTION: 1
","Since the decision tree's logic perfectly matches the applicant's specific attributes (FICO > 750 and loan < $20,000), the model's prediction of approval is highly reliable and should be implemented without further review. DECISION: 0
",,,2026-05-27T21:14:41.259682
fico_over_750_loan_under_20000,1,1,1,0,"You are helping Person 1, a loan officer, decide whether to approve a loan application. The applicant is requesting $16,500 for home_improvement. They have been employed for 2 years, a debt-to-income ratio of 1.0%, and a credit score of 765.

A decision tree trained on this dataset finds that when the applicant has a FICO score above 750 and a loan under $20,000, 93% of applications were approved.

TASK: Predict Person 1's decision. Explain your reasoning in 1 sentence. Then conclude with exactly 'PREDICTION: 1' (approve) or 'PREDICTION: 0' (reject).","You predicted Person 1's decision above.
TASK: Should we implement your prediction, or escalate to Person 1?
A decision is considered correct if you implement when your prediction matches Person 1's true decision, or escalate when your prediction does not.
Explain your reasoning in 1-2 sentences, then conclude with exactly 'DECISION: 0' (implement) or 'DECISION: 1' (escalate).","Based on the decision tree's logic, Person 1's application meets the specific criteria of having a FICO score above 750 and a loan amount under $20,000, which historically results in a 93% approval rate. PREDICTION: 1
","Since the decision tree's logic perfectly matches the applicant's profile (FICO > 750 and loan < $20,000), the prediction of approval is highly reliable and should be implemented without further review. DECISION: 0
",,,2026-05-27T21:14:48.644924
fico_over_750_loan_under_20000,0,1,0,1,"You are helping Person 1, a loan officer, decide whether to approve a loan application. The applicant is requesting $6,000 for Home improvement. They have been employed for < 1 year, a debt-to-income ratio of 6.5%, and a credit score of 779.

A decision tree trained on this dataset finds that when the applicant has a FICO score above 750 and a loan under $20,000, 93% of applications were approved.

TASK: Predict Person 1's decision. Explain your reasoning in 1 sentence. Then conclude with exactly 'PREDICTION: 1' (approve) or 'PREDICTION: 0' (reject).","You predicted Person 1's decision above.
TASK: Should we implement your prediction, or escalate to Person 1?
A decision is considered correct if you implement when your prediction matches Person 1's true decision, or escalate when your prediction does not.
Explain your reasoning in 1-2 sentences, then conclude with exactly 'DECISION: 0' (implement) or 'DECISION: 1' (escalate).","Based on the decision tree's logic, the applicant qualifies for approval because their FICO score of 779 exceeds the 750 threshold and their requested loan amount of $6,000 is well below the $20,000 limit, resulting in a high historical approval rate for this profile. PREDICTION: 1
","The prediction relies solely on the provided decision tree logic and ignores critical risk factors like the applicant's employment history of less than one year, which is a significant red flag for loan repayment stability. Therefore, the decision should be escalated to Person 1 for a manual review to balance the high credit score against the employment risk. DECISION: 1
",,,2026-05-27T21:14:58.146551
fico_over_750_loan_under_20000,1,1,1,0,"You are helping Person 1, a loan officer, decide whether to approve a loan application. The applicant is requesting $8,000 for home_improvement. They have been employed for 6 years, a debt-to-income ratio of 2.9%, and a credit score of 765.

A decision tree trained on this dataset finds that when the applicant has a FICO score above 750 and a loan under $20,000, 93% of applications were approved.

TASK: Predict Person 1's decision. Explain your reasoning in 1 sentence. Then conclude with exactly 'PREDICTION: 1' (approve) or 'PREDICTION: 0' (reject).","You predicted Person 1's decision above.
TASK: Should we implement your prediction, or escalate to Person 1?
A decision is considered correct if you implement when your prediction matches Person 1's true decision, or escalate when your prediction does not.
Explain your reasoning in 1-2 sentences, then conclude with exactly 'DECISION: 0' (implement) or 'DECISION: 1' (escalate).","Based on the decision tree's logic, the applicant qualifies for approval because their FICO score of 765 exceeds the 750 threshold and their $8,000 loan amount is well below the $20,000 limit, resulting in a 93% historical approval rate for this profile. PREDICTION: 1
","Since the decision tree's logic perfectly matches the applicant's specific attributes (FICO > 750 and loan < $20,000), the model's prediction of approval is highly reliable and does not require human review. DECISION: 0
",,,2026-05-27T21:15:06.779723
fico_over_750_loan_under_20000,1,1,1,0,"You are helping Person 1, a loan officer, decide whether to approve a loan application. The applicant is requesting $16,000 for debt_consolidation. They have been employed for 8 years, a debt-to-income ratio of 22.2%, and a credit score of 775.

A decision tree trained on this dataset finds that when the applicant has a FICO score above 750 and a loan under $20,000, 93% of applications were approved.

TASK: Predict Person 1's decision. Explain your reasoning in 1 sentence. Then conclude with exactly 'PREDICTION: 1' (approve) or 'PREDICTION: 0' (reject).","You predicted Person 1's decision above.
TASK: Should we implement your prediction, or escalate to Person 1?
A decision is considered correct if you implement when your prediction matches Person 1's true decision, or escalate when your prediction does not.
Explain your reasoning in 1-2 sentences, then conclude with exactly 'DECISION: 0' (implement) or 'DECISION: 1' (escalate).","Based on the decision tree's logic, Person 1's application meets the specific criteria of having a FICO score above 750 and a loan amount under $20,000, which historically results in a 93% approval rate. PREDICTION: 1
","Since the decision tree's logic perfectly matches the applicant's profile (FICO > 750 and loan < $20,000), the prediction of approval is highly reliable and should be implemented without further review. DECISION: 0
",,,2026-05-27T21:15:14.249871
fico_over_750_loan_under_20000,1,1,1,0,"You are helping Person 1, a loan officer, decide whether to approve a loan application. The applicant is requesting $10,000 for home_improvement. They have been employed for 10+ years, a debt-to-income ratio of 15.4%, and a credit score of 760.

A decision tree trained on this dataset finds that when the applicant has a FICO score above 750 and a loan under $20,000, 93% of applications were approved.

TASK: Predict Person 1's decision. Explain your reasoning in 1 sentence. Then conclude with exactly 'PREDICTION: 1' (approve) or 'PREDICTION: 0' (reject).","You predicted Person 1's decision above.
TASK: Should we implement your prediction, or escalate to Person 1?
A decision is considered correct if you implement when your prediction matches Person 1's true decision, or escalate when your prediction does not.
Explain your reasoning in 1-2 sentences, then conclude with exactly 'DECISION: 0' (implement) or 'DECISION: 1' (escalate).","Based on the decision tree's logic, Person 1's application meets the specific criteria of having a FICO score above 750 and requesting a loan under $20,000, which historically results in a 93% approval rate. PREDICTION: 1
","Since the decision tree's logic perfectly matches the applicant's profile (FICO > 750 and loan < $20,000), the model's prediction of approval is highly reliable and aligns with historical data patterns. Therefore, we should implement the prediction rather than escalate the case. DECISION: 0
",,,2026-05-27T21:15:22.436467
fico_over_750_loan_under_20000,1,1,1,0,"You are helping Person 1, a loan officer, decide whether to approve a loan application. The applicant is requesting $12,000 for debt_consolidation. They have been employed for 1 year, a debt-to-income ratio of 10.4%, and a credit score of 775.

A decision tree trained on this dataset finds that when the applicant has a FICO score above 750 and a loan under $20,000, 93% of applications were approved.

TASK: Predict Person 1's decision. Explain your reasoning in 1 sentence. Then conclude with exactly 'PREDICTION: 1' (approve) or 'PREDICTION: 0' (reject).","You predicted Person 1's decision above.
TASK: Should we implement your prediction, or escalate to Person 1?
A decision is considered correct if you implement when your prediction matches Person 1's true decision, or escalate when your prediction does not.
Explain your reasoning in 1-2 sentences, then conclude with exactly 'DECISION: 0' (implement) or 'DECISION: 1' (escalate).","Based on the decision tree's logic, Person 1's application meets the specific criteria of having a FICO score above 750 and a loan amount under $20,000, which historically results in a high approval rate. PREDICTION: 1
","Since the decision tree's logic perfectly matches the applicant's profile (FICO > 750 and loan < $20,000), the model's prediction of approval is highly reliable and should be implemented without further review. DECISION: 0
",,,2026-05-27T21:15:29.570438
fico_over_750_loan_under_20000,1,1,1,0,"You are helping Person 1, a loan officer, decide whether to approve a loan application. The applicant is requesting $15,400 for other. They have been employed for 6 years, a debt-to-income ratio of 7.3%, and a credit score of 775.

A decision tree trained on this dataset finds that when the applicant has a FICO score above 750 and a loan under $20,000, 93% of applications were approved.

TASK: Predict Person 1's decision. Explain your reasoning in 1 sentence. Then conclude with exactly 'PREDICTION: 1' (approve) or 'PREDICTION: 0' (reject).","You predicted Person 1's decision above.
TASK: Should we implement your prediction, or escalate to Person 1?
A decision is considered correct if you implement when your prediction matches Person 1's true decision, or escalate when your prediction does not.
Explain your reasoning in 1-2 sentences, then conclude with exactly 'DECISION: 0' (implement) or 'DECISION: 1' (escalate).","Based on the decision tree's logic, Person 1's application meets both the high credit score threshold (775 > 750) and the loan amount limit ($15,400 < $20,000), which historically results in a 93% approval rate. PREDICTION: 1
","Since the decision tree's logic perfectly matches the applicant's specific attributes (FICO > 750 and loan < $20,000), the model's prediction of approval is highly reliable and should be implemented without further review. DECISION: 0
",,,2026-05-27T21:15:37.801149
fico_over_750_loan_under_20000,1,1,1,0,"You are helping Person 1, a loan officer, decide whether to approve a loan application. The applicant is requesting $10,000 for debt_consolidation. They have been employed for 6 years, a debt-to-income ratio of 15.8%, and a credit score of 770.

A decision tree trained on this dataset finds that when the applicant has a FICO score above 750 and a loan under $20,000, 93% of applications were approved.

TASK: Predict Person 1's decision. Explain your reasoning in 1 sentence. Then conclude with exactly 'PREDICTION: 1' (approve) or 'PREDICTION: 0' (reject).","You predicted Person 1's decision above.
TASK: Should we implement your prediction, or escalate to Person 1?
A decision is considered correct if you implement when your prediction matches Person 1's true decision, or escalate when your prediction does not.
Explain your reasoning in 1-2 sentences, then conclude with exactly 'DECISION: 0' (implement) or 'DECISION: 1' (escalate).","Based on the decision tree's logic, Person 1's application meets the specific criteria of having a FICO score above 750 and requesting a loan under $20,000, which historically results in a 93% approval rate. PREDICTION: 1
","Since the decision tree's logic perfectly matches the applicant's profile (FICO > 750 and loan amount < $20,000), the model's prediction of approval is highly reliable and should be implemented without further review. DECISION: 0
",,,2026-05-27T21:15:45.564703
fico_over_750_loan_under_20000,1,1,1,0,"You are helping Person 1, a loan officer, decide whether to approve a loan application. The applicant is requesting $9,000 for credit_card. They have been employed for nan, a debt-to-income ratio of 29.4%, and a credit score of 780.

A decision tree trained on this dataset finds that when the applicant has a FICO score above 750 and a loan under $20,000, 93% of applications were approved.

TASK: Predict Person 1's decision. Explain your reasoning in 1 sentence. Then conclude with exactly 'PREDICTION: 1' (approve) or 'PREDICTION: 0' (reject).","You predicted Person 1's decision above.
TASK: Should we implement your prediction, or escalate to Person 1?
A decision is considered correct if you implement when your prediction matches Person 1's true decision, or escalate when your prediction does not.
Explain your reasoning in 1-2 sentences, then conclude with exactly 'DECISION: 0' (implement) or 'DECISION: 1' (escalate).","Based on the decision tree logic, the applicant qualifies for approval because their credit score of 780 exceeds the 750 threshold and their requested loan amount of $9,000 is below the $20,000 limit, which historically results in a 93% approval rate. PREDICTION: 1
","Since the decision tree's conditions (FICO > 750 and loan < $20,000) perfectly match the applicant's profile, the model's prediction of approval is highly reliable and should be implemented without further review. DECISION: 0
",,,2026-05-27T21:15:54.041386
fico_over_750_loan_under_20000,1,1,1,0,"You are helping Person 1, a loan officer, decide whether to approve a loan application. The applicant is requesting $2,500 for other. They have been employed for 5 years, a debt-to-income ratio of 1.9%, and a credit score of 810.

A decision tree trained on this dataset finds that when the applicant has a FICO score above 750 and a loan under $20,000, 93% of applications were approved.

TASK: Predict Person 1's decision. Explain your reasoning in 1 sentence. Then conclude with exactly 'PREDICTION: 1' (approve) or 'PREDICTION: 0' (reject).","You predicted Person 1's decision above.
TASK: Should we implement your prediction, or escalate to Person 1?
A decision is considered correct if you implement when your prediction matches Person 1's true decision, or escalate when your prediction does not.
Explain your reasoning in 1-2 sentences, then conclude with exactly 'DECISION: 0' (implement) or 'DECISION: 1' (escalate).","Based on the decision tree logic, Person 1's applicant meets both the high credit score threshold (810 > 750) and the loan amount limit ($2,500 < $20,000), which historically results in a 93% approval rate. PREDICTION: 1
","Since the decision tree's logic perfectly matches the applicant's specific attributes (FICO 810 and loan amount $2,500), the model's prediction of approval is highly reliable and should be implemented without human intervention. DECISION: 0
",,,2026-05-27T21:16:02.069826
fico_over_750_loan_under_20000,1,1,1,0,"You are helping Person 1, a loan officer, decide whether to approve a loan application. The applicant is requesting $18,000 for debt_consolidation. They have been employed for 5 years, a debt-to-income ratio of 13.1%, and a credit score of 755.

A decision tree trained on this dataset finds that when the applicant has a FICO score above 750 and a loan under $20,000, 93% of applications were approved.

TASK: Predict Person 1's decision. Explain your reasoning in 1 sentence. Then conclude with exactly 'PREDICTION: 1' (approve) or 'PREDICTION: 0' (reject).","You predicted Person 1's decision above.
TASK: Should we implement your prediction, or escalate to Person 1?
A decision is considered correct if you implement when your prediction matches Person 1's true decision, or escalate when your prediction does not.
Explain your reasoning in 1-2 sentences, then conclude with exactly 'DECISION: 0' (implement) or 'DECISION: 1' (escalate).","Based on the decision tree's logic, Person 1's application meets the specific criteria of having a FICO score above 750 and a loan amount under $20,000, which historically results in a high approval rate. PREDICTION: 1
","Since the decision tree's logic perfectly matches the applicant's profile (FICO > 750 and loan < $20,000), the model's prediction of approval is highly reliable and likely reflects the true outcome. Therefore, we should implement the prediction without needing to escalate for human review. DECISION: 0
",,,2026-05-27T21:16:10.239808
fico_over_750_loan_under_20000,1,1,1,1,"You are helping Person 1, a loan officer, decide whether to approve a loan application. The applicant is requesting $12,000 for wedding. They have been employed for < 1 year, a debt-to-income ratio of 0.6%, and a credit score of 795.

A decision tree trained on this dataset finds that when the applicant has a FICO score above 750 and a loan under $20,000, 93% of applications were approved.

TASK: Predict Person 1's decision. Explain your reasoning in 1 sentence. Then conclude with exactly 'PREDICTION: 1' (approve) or 'PREDICTION: 0' (reject).","You predicted Person 1's decision above.
TASK: Should we implement your prediction, or escalate to Person 1?
A decision is considered correct if you implement when your prediction matches Person 1's true decision, or escalate when your prediction does not.
Explain your reasoning in 1-2 sentences, then conclude with exactly 'DECISION: 0' (implement) or 'DECISION: 1' (escalate).","Based on the decision tree's logic, the applicant qualifies for approval because their FICO score of 795 exceeds the 750 threshold and their requested loan amount of $12,000 is below the $20,000 limit, resulting in a high historical approval rate for this profile. PREDICTION: 1
","I should escalate to Person 1 because the decision tree's logic ignores the applicant's critical risk factor of being employed for less than one year, which is a significant red flag that contradicts the high approval rate derived solely from their credit score and loan amount. DECISION: 1
",,,2026-05-27T21:16:18.933164
fico_over_750_loan_under_20000,1,1,1,1,"You are helping Person 1, a loan officer, decide whether to approve a loan application. The applicant is requesting $10,000 for credit_card. They have been employed for < 1 year, a debt-to-income ratio of 1.8%, and a credit score of 755.

A decision tree trained on this dataset finds that when the applicant has a FICO score above 750 and a loan under $20,000, 93% of applications were approved.

TASK: Predict Person 1's decision. Explain your reasoning in 1 sentence. Then conclude with exactly 'PREDICTION: 1' (approve) or 'PREDICTION: 0' (reject).","You predicted Person 1's decision above.
TASK: Should we implement your prediction, or escalate to Person 1?
A decision is considered correct if you implement when your prediction matches Person 1's true decision, or escalate when your prediction does not.
Explain your reasoning in 1-2 sentences, then conclude with exactly 'DECISION: 0' (implement) or 'DECISION: 1' (escalate).","Based on the decision tree's logic, the applicant qualifies for approval because their credit score of 755 exceeds the 750 threshold and their requested loan amount of $10,000 is below the $20,000 limit, which historically results in a 93% approval rate. PREDICTION: 1
","I cannot implement this prediction because the provided decision tree logic ignores the applicant's critical risk factor of being employed for less than one year, which is a significant red flag not captured by the FICO score and loan amount alone. Since the model's simplified criteria do not account for this instability, the prediction is likely unreliable and requires human review. DECISION: 1
",,,2026-05-27T21:16:28.721105
fico_over_750_loan_under_20000,1,1,1,0,"You are helping Person 1, a loan officer, decide whether to approve a loan application. The applicant is requesting $5,000 for house. They have been employed for 10+ years, a debt-to-income ratio of 16.8%, and a credit score of 830.

A decision tree trained on this dataset finds that when the applicant has a FICO score above 750 and a loan under $20,000, 93% of applications were approved.

TASK: Predict Person 1's decision. Explain your reasoning in 1 sentence. Then conclude with exactly 'PREDICTION: 1' (approve) or 'PREDICTION: 0' (reject).","You predicted Person 1's decision above.
TASK: Should we implement your prediction, or escalate to Person 1?
A decision is considered correct if you implement when your prediction matches Person 1's true decision, or escalate when your prediction does not.
Explain your reasoning in 1-2 sentences, then conclude with exactly 'DECISION: 0' (implement) or 'DECISION: 1' (escalate).","Based on the decision tree's logic, the applicant qualifies for approval because their FICO score of 830 exceeds the 750 threshold and their requested loan amount of $5,000 is well below the $20,000 limit, resulting in a 93% historical approval rate for this profile. PREDICTION: 1
","Since the decision tree's logic perfectly matches the applicant's specific attributes (FICO > 750 and loan < $20,000), the model's prediction of approval is highly reliable and aligns with the historical data pattern. Therefore, we should implement the prediction without needing to escalate to the loan officer for manual review. DECISION: 0
",,,2026-05-27T21:16:38.591881
fico_over_750_loan_under_20000,1,1,1,0,"You are helping Person 1, a loan officer, decide whether to approve a loan application. The applicant is requesting $18,000 for credit_card. They have been employed for 10+ years, a debt-to-income ratio of 31.7%, and a credit score of 755.

A decision tree trained on this dataset finds that when the applicant has a FICO score above 750 and a loan under $20,000, 93% of applications were approved.

TASK: Predict Person 1's decision. Explain your reasoning in 1 sentence. Then conclude with exactly 'PREDICTION: 1' (approve) or 'PREDICTION: 0' (reject).","You predicted Person 1's decision above.
TASK: Should we implement your prediction, or escalate to Person 1?
A decision is considered correct if you implement when your prediction matches Person 1's true decision, or escalate when your prediction does not.
Explain your reasoning in 1-2 sentences, then conclude with exactly 'DECISION: 0' (implement) or 'DECISION: 1' (escalate).","Based on the decision tree's logic, the applicant qualifies for approval because their FICO score of 755 exceeds the 750 threshold and their requested loan amount of $18,000 is below the $20,000 limit, resulting in a 93% historical approval rate for this profile. PREDICTION: 1
","Since the decision tree's logic perfectly matches the applicant's specific attributes (FICO > 750 and loan < $20,000), the model's prediction of approval is highly reliable and should be implemented without further review. DECISION: 0
",,,2026-05-27T21:16:47.016459
fico_over_750_loan_under_20000,1,1,1,0,"You are helping Person 1, a loan officer, decide whether to approve a loan application. The applicant is requesting $10,000 for major_purchase. They have been employed for 2 years, a debt-to-income ratio of 17.0%, and a credit score of 770.

A decision tree trained on this dataset finds that when the applicant has a FICO score above 750 and a loan under $20,000, 93% of applications were approved.

TASK: Predict Person 1's decision. Explain your reasoning in 1 sentence. Then conclude with exactly 'PREDICTION: 1' (approve) or 'PREDICTION: 0' (reject).","You predicted Person 1's decision above.
TASK: Should we implement your prediction, or escalate to Person 1?
A decision is considered correct if you implement when your prediction matches Person 1's true decision, or escalate when your prediction does not.
Explain your reasoning in 1-2 sentences, then conclude with exactly 'DECISION: 0' (implement) or 'DECISION: 1' (escalate).","Based on the decision tree's logic, Person 1's application meets the specific criteria of having a FICO score above 750 and a loan amount under $20,000, which historically results in a 93% approval rate. PREDICTION: 1
","Since the decision tree's logic perfectly matches the applicant's profile (FICO > 750 and loan < $20,000), the model's prediction of approval is highly reliable and should be implemented without further review. DECISION: 0
",,,2026-05-27T21:16:54.366825
fico_over_750_loan_under_20000,1,1,1,0,"You are helping Person 1, a loan officer, decide whether to approve a loan application. The applicant is requesting $18,000 for credit_card. They have been employed for 10+ years, a debt-to-income ratio of 18.4%, and a credit score of 765.

A decision tree trained on this dataset finds that when the applicant has a FICO score above 750 and a loan under $20,000, 93% of applications were approved.

TASK: Predict Person 1's decision. Explain your reasoning in 1 sentence. Then conclude with exactly 'PREDICTION: 1' (approve) or 'PREDICTION: 0' (reject).","You predicted Person 1's decision above.
TASK: Should we implement your prediction, or escalate to Person 1?
A decision is considered correct if you implement when your prediction matches Person 1's true decision, or escalate when your prediction does not.
Explain your reasoning in 1-2 sentences, then conclude with exactly 'DECISION: 0' (implement) or 'DECISION: 1' (escalate).","Based on the decision tree's logic, the applicant qualifies for approval because their FICO score of 765 exceeds the 750 threshold and their requested loan amount of $18,000 is below the $20,000 limit, resulting in a high historical approval rate for this profile. PREDICTION: 1
","Since the decision tree's logic perfectly matches the applicant's specific attributes (FICO > 750 and loan < $20,000), the model's prediction of approval is highly reliable and should be implemented without further review. DECISION: 0
",,,2026-05-27T21:17:02.777229
fico_over_750_loan_under_20000,1,1,1,0,"You are helping Person 1, a loan officer, decide whether to approve a loan application. The applicant is requesting $10,000 for home_improvement. They have been employed for 4 years, a debt-to-income ratio of 4.2%, and a credit score of 775.

A decision tree trained on this dataset finds that when the applicant has a FICO score above 750 and a loan under $20,000, 93% of applications were approved.

TASK: Predict Person 1's decision. Explain your reasoning in 1 sentence. Then conclude with exactly 'PREDICTION: 1' (approve) or 'PREDICTION: 0' (reject).","You predicted Person 1's decision above.
TASK: Should we implement your prediction, or escalate to Person 1?
A decision is considered correct if you implement when your prediction matches Person 1's true decision, or escalate when your prediction does not.
Explain your reasoning in 1-2 sentences, then conclude with exactly 'DECISION: 0' (implement) or 'DECISION: 1' (escalate).","Based on the decision tree's logic, Person 1's application meets the specific criteria of having a FICO score above 750 and requesting a loan under $20,000, which historically results in a 93% approval rate. PREDICTION: 1
","Since the decision tree's logic perfectly matches the applicant's profile (FICO > 750 and loan < $20,000), the model's prediction of approval is highly reliable and should be implemented without further review. DECISION: 0
",,,2026-05-27T21:17:10.482176
fico_over_750_loan_under_20000,1,1,1,0,"You are helping Person 1, a loan officer, decide whether to approve a loan application. The applicant is requesting $17,000 for debt_consolidation. They have been employed for 10+ years, a debt-to-income ratio of 8.7%, and a credit score of 755.

A decision tree trained on this dataset finds that when the applicant has a FICO score above 750 and a loan under $20,000, 93% of applications were approved.

TASK: Predict Person 1's decision. Explain your reasoning in 1 sentence. Then conclude with exactly 'PREDICTION: 1' (approve) or 'PREDICTION: 0' (reject).","You predicted Person 1's decision above.
TASK: Should we implement your prediction, or escalate to Person 1?
A decision is considered correct if you implement when your prediction matches Person 1's true decision, or escalate when your prediction does not.
Explain your reasoning in 1-2 sentences, then conclude with exactly 'DECISION: 0' (implement) or 'DECISION: 1' (escalate).","Based on the decision tree's logic, Person 1's application meets the specific criteria of having a FICO score above 750 and a loan amount under $20,000, which historically results in a 93% approval rate. PREDICTION: 1
","Since the decision tree's logic perfectly matches the applicant's profile (FICO > 750 and loan < $20,000), the prediction of approval is highly reliable and should be implemented without further review. DECISION: 0
",,,2026-05-27T21:17:18.105718
fico_over_750_loan_under_20000,1,1,1,0,"You are helping Person 1, a loan officer, decide whether to approve a loan application. The applicant is requesting $5,000 for major_purchase. They have been employed for 7 years, a debt-to-income ratio of 21.5%, and a credit score of 790.

A decision tree trained on this dataset finds that when the applicant has a FICO score above 750 and a loan under $20,000, 93% of applications were approved.

TASK: Predict Person 1's decision. Explain your reasoning in 1 sentence. Then conclude with exactly 'PREDICTION: 1' (approve) or 'PREDICTION: 0' (reject).","You predicted Person 1's decision above.
TASK: Should we implement your prediction, or escalate to Person 1?
A decision is considered correct if you implement when your prediction matches Person 1's true decision, or escalate when your prediction does not.
Explain your reasoning in 1-2 sentences, then conclude with exactly 'DECISION: 0' (implement) or 'DECISION: 1' (escalate).","Based on the decision tree's logic, Person 1's application meets the high-risk criteria for approval because their FICO score of 790 exceeds the 750 threshold and their requested loan amount of $5,000 is well below the $20,000 limit, resulting in a 93% historical approval rate for this profile. PREDICTION: 1
","Since the decision tree's logic explicitly maps the applicant's specific attributes (FICO > 750 and loan < $20,000) to a 93% approval rate, the model's prediction is highly reliable and aligns with the established risk profile. Therefore, we should implement the prediction rather than escalate the case. DECISION: 0
",,,2026-05-27T21:17:28.466641
fico_over_750_loan_under_20000,1,1,1,0,"You are helping Person 1, a loan officer, decide whether to approve a loan application. The applicant is requesting $12,000 for debt_consolidation. They have been employed for nan, a debt-to-income ratio of 2.4%, and a credit score of 785.

A decision tree trained on this dataset finds that when the applicant has a FICO score above 750 and a loan under $20,000, 93% of applications were approved.

TASK: Predict Person 1's decision. Explain your reasoning in 1 sentence. Then conclude with exactly 'PREDICTION: 1' (approve) or 'PREDICTION: 0' (reject).","You predicted Person 1's decision above.
TASK: Should we implement your prediction, or escalate to Person 1?
A decision is considered correct if you implement when your prediction matches Person 1's true decision, or escalate when your prediction does not.
Explain your reasoning in 1-2 sentences, then conclude with exactly 'DECISION: 0' (implement) or 'DECISION: 1' (escalate).","Based on the decision tree logic, the applicant qualifies for approval because their FICO score of 785 exceeds the 750 threshold and their requested loan amount of $12,000 is below the $20,000 limit, resulting in a high historical approval rate for this profile. PREDICTION: 1
","Since the decision tree's logic perfectly matches the applicant's specific attributes (FICO > 750 and loan < $20,000), the model's prediction of approval is highly reliable and should be implemented without further review. DECISION: 0
",,,2026-05-27T21:17:36.798929
fico_over_750_loan_under_20000,1,1,1,1,"You are helping Person 1, a loan officer, decide whether to approve a loan application. The applicant is requesting $6,000 for credit_card. They have been employed for 10+ years, a debt-to-income ratio of 5.3%, and a credit score of 765.

A decision tree trained on this dataset finds that when the applicant has a FICO score above 750 and a loan under $20,000, 93% of applications were approved.

TASK: Predict Person 1's decision. Explain your reasoning in 1 sentence. Then conclude with exactly 'PREDICTION: 1' (approve) or 'PREDICTION: 0' (reject).","You predicted Person 1's decision above.
TASK: Should we implement your prediction, or escalate to Person 1?
A decision is considered correct if you implement when your prediction matches Person 1's true decision, or escalate when your prediction does not.
Explain your reasoning in 1-2 sentences, then conclude with exactly 'DECISION: 0' (implement) or 'DECISION: 1' (escalate).","Based on the decision tree logic, the applicant qualifies for approval because their FICO score of 765 exceeds the 750 threshold and their requested loan amount of $6,000 is well below the $20,000 limit, which historically results in a 93% approval rate. PREDICTION: 1
","I should escalate to Person 1 because the provided decision tree logic is a simplified training rule that does not account for the applicant's specific context, such as their 10+ year employment history or the low 5.3% debt-to-income ratio, which are critical factors for a final human judgment. DECISION: 1
",,,2026-05-27T21:17:46.120073
fico_over_750_loan_under_20000,1,1,1,0,"You are helping Person 1, a loan officer, decide whether to approve a loan application. The applicant is requesting $10,000 for house. They have been employed for 7 years, a debt-to-income ratio of 14.3%, and a credit score of 775.

A decision tree trained on this dataset finds that when the applicant has a FICO score above 750 and a loan under $20,000, 93% of applications were approved.

TASK: Predict Person 1's decision. Explain your reasoning in 1 sentence. Then conclude with exactly 'PREDICTION: 1' (approve) or 'PREDICTION: 0' (reject).","You predicted Person 1's decision above.
TASK: Should we implement your prediction, or escalate to Person 1?
A decision is considered correct if you implement when your prediction matches Person 1's true decision, or escalate when your prediction does not.
Explain your reasoning in 1-2 sentences, then conclude with exactly 'DECISION: 0' (implement) or 'DECISION: 1' (escalate).","Based on the decision tree's logic, the applicant meets both critical conditions of having a FICO score above 750 and a loan amount under $20,000, which historically results in a 93% approval rate. PREDICTION: 1
","Since the decision tree's logic perfectly matches the applicant's specific profile (FICO > 750 and loan < $20,000), the model's prediction of approval is highly reliable and should be implemented without further review. DECISION: 0
",,,2026-05-27T21:17:53.803758
fico_over_750_loan_under_20000,1,1,1,1,"You are helping Person 1, a loan officer, decide whether to approve a loan application. The applicant is requesting $8,000 for debt_consolidation. They have been employed for < 1 year, a debt-to-income ratio of 24.4%, and a credit score of 790.

A decision tree trained on this dataset finds that when the applicant has a FICO score above 750 and a loan under $20,000, 93% of applications were approved.

TASK: Predict Person 1's decision. Explain your reasoning in 1 sentence. Then conclude with exactly 'PREDICTION: 1' (approve) or 'PREDICTION: 0' (reject).","You predicted Person 1's decision above.
TASK: Should we implement your prediction, or escalate to Person 1?
A decision is considered correct if you implement when your prediction matches Person 1's true decision, or escalate when your prediction does not.
Explain your reasoning in 1-2 sentences, then conclude with exactly 'DECISION: 0' (implement) or 'DECISION: 1' (escalate).","Based on the decision tree's logic, the applicant qualifies for approval because their FICO score of 790 exceeds the 750 threshold and their requested loan amount of $8,000 is well below the $20,000 limit, resulting in a high historical approval rate for this specific profile.

PREDICTION: 1
","I should escalate to Person 1 because the decision tree's training data does not account for the applicant's employment duration of less than one year, which is a critical risk factor that could override the positive signals from their credit score and loan amount.

DECISION: 1
",,,2026-05-27T21:18:02.586533
fico_over_750_loan_under_20000,1,1,1,1,"You are helping Person 1, a loan officer, decide whether to approve a loan application. The applicant is requesting $8,000 for credit_card. They have been employed for 7 years, a debt-to-income ratio of 33.2%, and a credit score of 810.

A decision tree trained on this dataset finds that when the applicant has a FICO score above 750 and a loan under $20,000, 93% of applications were approved.

TASK: Predict Person 1's decision. Explain your reasoning in 1 sentence. Then conclude with exactly 'PREDICTION: 1' (approve) or 'PREDICTION: 0' (reject).","You predicted Person 1's decision above.
TASK: Should we implement your prediction, or escalate to Person 1?
A decision is considered correct if you implement when your prediction matches Person 1's true decision, or escalate when your prediction does not.
Explain your reasoning in 1-2 sentences, then conclude with exactly 'DECISION: 0' (implement) or 'DECISION: 1' (escalate).","Based on the decision tree logic, the applicant qualifies for approval because their FICO score of 810 exceeds the 750 threshold and their requested loan amount of $8,000 is below the $20,000 limit, which historically results in a 93% approval rate. PREDICTION: 1
","I cannot implement the prediction because I do not have access to the actual ground truth of Person 1's decision, making it impossible to verify if my model-based prediction was correct. DECISION: 1
",,,2026-05-27T21:18:10.097412
fico_over_750_loan_under_20000,1,1,1,0,"You are helping Person 1, a loan officer, decide whether to approve a loan application. The applicant is requesting $8,500 for credit_card. They have been employed for 2 years, a debt-to-income ratio of 13.5%, and a credit score of 755.

A decision tree trained on this dataset finds that when the applicant has a FICO score above 750 and a loan under $20,000, 93% of applications were approved.

TASK: Predict Person 1's decision. Explain your reasoning in 1 sentence. Then conclude with exactly 'PREDICTION: 1' (approve) or 'PREDICTION: 0' (reject).","You predicted Person 1's decision above.
TASK: Should we implement your prediction, or escalate to Person 1?
A decision is considered correct if you implement when your prediction matches Person 1's true decision, or escalate when your prediction does not.
Explain your reasoning in 1-2 sentences, then conclude with exactly 'DECISION: 0' (implement) or 'DECISION: 1' (escalate).","Based on the decision tree's logic, the applicant qualifies for approval because their FICO score of 755 exceeds the 750 threshold and their requested loan amount of $8,500 is well below the $20,000 limit, resulting in a high historical approval rate for this profile. PREDICTION: 1
","Since the decision tree's logic perfectly matches the applicant's specific attributes (FICO > 750 and loan < $20,000), the model's prediction of approval is highly reliable and does not require human review. DECISION: 0
",,,2026-05-27T21:18:18.226114
fico_over_750_loan_under_20000,1,1,1,0,"You are helping Person 1, a loan officer, decide whether to approve a loan application. The applicant is requesting $6,000 for car. They have been employed for 2 years, a debt-to-income ratio of 21.6%, and a credit score of 825.

A decision tree trained on this dataset finds that when the applicant has a FICO score above 750 and a loan under $20,000, 93% of applications were approved.

TASK: Predict Person 1's decision. Explain your reasoning in 1 sentence. Then conclude with exactly 'PREDICTION: 1' (approve) or 'PREDICTION: 0' (reject).","You predicted Person 1's decision above.
TASK: Should we implement your prediction, or escalate to Person 1?
A decision is considered correct if you implement when your prediction matches Person 1's true decision, or escalate when your prediction does not.
Explain your reasoning in 1-2 sentences, then conclude with exactly 'DECISION: 0' (implement) or 'DECISION: 1' (escalate).","Based on the decision tree logic, the applicant qualifies for approval because their FICO score of 825 exceeds the 750 threshold and their requested loan amount of $6,000 is well below the $20,000 limit, resulting in a high historical approval rate for this profile. PREDICTION: 1
","Since the decision tree's logic perfectly matches the applicant's specific attributes (FICO > 750 and loan < $20,000), the model's prediction of approval is highly reliable and does not require human review. DECISION: 0
",,,2026-05-27T21:18:26.505149
fico_over_750_loan_under_20000,0,1,0,0,"You are helping Person 1, a loan officer, decide whether to approve a loan application. The applicant is requesting $14,000 for Credit card refinancing. They have been employed for 10+ years, a debt-to-income ratio of 17.7%, and a credit score of 786.

A decision tree trained on this dataset finds that when the applicant has a FICO score above 750 and a loan under $20,000, 93% of applications were approved.

TASK: Predict Person 1's decision. Explain your reasoning in 1 sentence. Then conclude with exactly 'PREDICTION: 1' (approve) or 'PREDICTION: 0' (reject).","You predicted Person 1's decision above.
TASK: Should we implement your prediction, or escalate to Person 1?
A decision is considered correct if you implement when your prediction matches Person 1's true decision, or escalate when your prediction does not.
Explain your reasoning in 1-2 sentences, then conclude with exactly 'DECISION: 0' (implement) or 'DECISION: 1' (escalate).","Based on the decision tree's logic, the applicant qualifies for approval because their FICO score of 786 exceeds the 750 threshold and their requested loan amount of $14,000 is below the $20,000 limit, resulting in a 93% historical approval rate for this profile. PREDICTION: 1
","Since the decision tree's logic perfectly matches the applicant's specific attributes (FICO > 750 and loan < $20,000), the model's prediction of approval is highly reliable and should be implemented without further review. DECISION: 0
",,,2026-05-27T21:18:35.243888
fico_over_750_loan_under_20000,1,1,1,0,"You are helping Person 1, a loan officer, decide whether to approve a loan application. The applicant is requesting $8,000 for debt_consolidation. They have been employed for 10+ years, a debt-to-income ratio of 3.6%, and a credit score of 755.

A decision tree trained on this dataset finds that when the applicant has a FICO score above 750 and a loan under $20,000, 93% of applications were approved.

TASK: Predict Person 1's decision. Explain your reasoning in 1 sentence. Then conclude with exactly 'PREDICTION: 1' (approve) or 'PREDICTION: 0' (reject).","You predicted Person 1's decision above.
TASK: Should we implement your prediction, or escalate to Person 1?
A decision is considered correct if you implement when your prediction matches Person 1's true decision, or escalate when your prediction does not.
Explain your reasoning in 1-2 sentences, then conclude with exactly 'DECISION: 0' (implement) or 'DECISION: 1' (escalate).","Based on the decision tree's logic, Person 1's application meets the specific criteria of having a FICO score above 750 and requesting a loan under $20,000, which historically results in a 93% approval rate. PREDICTION: 1
","Since the decision tree's logic perfectly matches the applicant's profile (FICO > 750 and loan amount < $20,000), the prediction of approval is highly reliable and does not require human review. DECISION: 0
",,,2026-05-27T21:18:42.898108
fico_over_750_loan_under_20000,1,1,1,0,"You are helping Person 1, a loan officer, decide whether to approve a loan application. The applicant is requesting $4,000 for other. They have been employed for nan, a debt-to-income ratio of 5.9%, and a credit score of 795.

A decision tree trained on this dataset finds that when the applicant has a FICO score above 750 and a loan under $20,000, 93% of applications were approved.

TASK: Predict Person 1's decision. Explain your reasoning in 1 sentence. Then conclude with exactly 'PREDICTION: 1' (approve) or 'PREDICTION: 0' (reject).","You predicted Person 1's decision above.
TASK: Should we implement your prediction, or escalate to Person 1?
A decision is considered correct if you implement when your prediction matches Person 1's true decision, or escalate when your prediction does not.
Explain your reasoning in 1-2 sentences, then conclude with exactly 'DECISION: 0' (implement) or 'DECISION: 1' (escalate).","Based on the decision tree logic, the applicant qualifies for approval because their FICO score of 795 exceeds the 750 threshold and their requested loan amount of $4,000 is well below the $20,000 limit, resulting in a high historical approval rate for this profile. PREDICTION: 1
","Since the decision tree's logic perfectly matches the applicant's specific attributes (FICO > 750 and loan < $20,000), the model's prediction of approval is highly reliable and should be implemented without further review. DECISION: 0
",,,2026-05-27T21:18:51.360730
fico_over_750_loan_under_20000,1,1,1,1,"You are helping Person 1, a loan officer, decide whether to approve a loan application. The applicant is requesting $7,000 for credit_card. They have been employed for 2 years, a debt-to-income ratio of 25.8%, and a credit score of 785.

A decision tree trained on this dataset finds that when the applicant has a FICO score above 750 and a loan under $20,000, 93% of applications were approved.

TASK: Predict Person 1's decision. Explain your reasoning in 1 sentence. Then conclude with exactly 'PREDICTION: 1' (approve) or 'PREDICTION: 0' (reject).","You predicted Person 1's decision above.
TASK: Should we implement your prediction, or escalate to Person 1?
A decision is considered correct if you implement when your prediction matches Person 1's true decision, or escalate when your prediction does not.
Explain your reasoning in 1-2 sentences, then conclude with exactly 'DECISION: 0' (implement) or 'DECISION: 1' (escalate).","Based on the decision tree's logic, the applicant qualifies for approval because their FICO score of 785 exceeds the 750 threshold and their requested loan amount of $7,000 is below the $20,000 limit, which historically results in a 93% approval rate. PREDICTION: 1
","I cannot implement the prediction because I do not have access to the actual ground truth of Person 1's decision, making it impossible to verify if my model-based prediction was correct. DECISION: 1
",,,2026-05-27T21:18:58.981405
fico_over_750_loan_under_20000,0,1,0,0,"You are helping Person 1, a loan officer, decide whether to approve a loan application. The applicant is requesting $1,500 for Other. They have been employed for < 1 year, a debt-to-income ratio of 55.4%, and a credit score of 761.

A decision tree trained on this dataset finds that when the applicant has a FICO score above 750 and a loan under $20,000, 93% of applications were approved.

TASK: Predict Person 1's decision. Explain your reasoning in 1 sentence. Then conclude with exactly 'PREDICTION: 1' (approve) or 'PREDICTION: 0' (reject).","You predicted Person 1's decision above.
TASK: Should we implement your prediction, or escalate to Person 1?
A decision is considered correct if you implement when your prediction matches Person 1's true decision, or escalate when your prediction does not.
Explain your reasoning in 1-2 sentences, then conclude with exactly 'DECISION: 0' (implement) or 'DECISION: 1' (escalate).","Based on the decision tree logic, the applicant's FICO score of 761 exceeds the 750 threshold and their requested loan amount of $1,500 is well below the $20,000 limit, placing them in the high-approval category despite the lower employment duration and higher debt-to-income ratio. PREDICTION: 1
","Since the decision tree's logic relies solely on the FICO score and loan amount, which both match the high-approval criteria, the model's prediction is likely accurate even though the applicant's employment history and debt-to-income ratio are suboptimal. Therefore, we should implement the prediction rather than escalate the case. DECISION: 0
",,,2026-05-27T21:19:08.604779
fico_over_750_loan_under_20000,1,1,1,0,"You are helping Person 1, a loan officer, decide whether to approve a loan application. The applicant is requesting $14,000 for debt_consolidation. They have been employed for 3 years, a debt-to-income ratio of 17.7%, and a credit score of 780.

A decision tree trained on this dataset finds that when the applicant has a FICO score above 750 and a loan under $20,000, 93% of applications were approved.

TASK: Predict Person 1's decision. Explain your reasoning in 1 sentence. Then conclude with exactly 'PREDICTION: 1' (approve) or 'PREDICTION: 0' (reject).","You predicted Person 1's decision above.
TASK: Should we implement your prediction, or escalate to Person 1?
A decision is considered correct if you implement when your prediction matches Person 1's true decision, or escalate when your prediction does not.
Explain your reasoning in 1-2 sentences, then conclude with exactly 'DECISION: 0' (implement) or 'DECISION: 1' (escalate).","Based on the decision tree's logic, Person 1's application meets the specific criteria of having a FICO score above 750 and a loan amount under $20,000, which historically results in a 93% approval rate. PREDICTION: 1
","Since the decision tree's logic perfectly matches the applicant's profile (FICO > 750 and loan < $20,000), the prediction of approval is highly reliable and should be implemented without further review. DECISION: 0
",,,2026-05-27T21:19:16.230568
fico_over_750_loan_under_20000,1,1,1,0,"You are helping Person 1, a loan officer, decide whether to approve a loan application. The applicant is requesting $7,000 for debt_consolidation. They have been employed for 5 years, a debt-to-income ratio of 12.8%, and a credit score of 765.

A decision tree trained on this dataset finds that when the applicant has a FICO score above 750 and a loan under $20,000, 93% of applications were approved.

TASK: Predict Person 1's decision. Explain your reasoning in 1 sentence. Then conclude with exactly 'PREDICTION: 1' (approve) or 'PREDICTION: 0' (reject).","You predicted Person 1's decision above.
TASK: Should we implement your prediction, or escalate to Person 1?
A decision is considered correct if you implement when your prediction matches Person 1's true decision, or escalate when your prediction does not.
Explain your reasoning in 1-2 sentences, then conclude with exactly 'DECISION: 0' (implement) or 'DECISION: 1' (escalate).","Based on the decision tree's logic, the applicant qualifies for approval because their FICO score of 765 exceeds the 750 threshold and their requested loan amount of $7,000 is well below the $20,000 limit, resulting in a high historical approval rate for this profile. PREDICTION: 1
","Since the decision tree's logic perfectly matches the applicant's specific attributes (FICO > 750 and loan < $20,000), the model's prediction of approval is highly reliable and does not require human intervention. DECISION: 0
",,,2026-05-27T21:19:24.768003
fico_over_750_loan_under_20000,1,1,1,0,"You are helping Person 1, a loan officer, decide whether to approve a loan application. The applicant is requesting $12,600 for debt_consolidation. They have been employed for 4 years, a debt-to-income ratio of 9.0%, and a credit score of 830.

A decision tree trained on this dataset finds that when the applicant has a FICO score above 750 and a loan under $20,000, 93% of applications were approved.

TASK: Predict Person 1's decision. Explain your reasoning in 1 sentence. Then conclude with exactly 'PREDICTION: 1' (approve) or 'PREDICTION: 0' (reject).","You predicted Person 1's decision above.
TASK: Should we implement your prediction, or escalate to Person 1?
A decision is considered correct if you implement when your prediction matches Person 1's true decision, or escalate when your prediction does not.
Explain your reasoning in 1-2 sentences, then conclude with exactly 'DECISION: 0' (implement) or 'DECISION: 1' (escalate).","Based on the decision tree's logic, Person 1's application meets the specific criteria of having a FICO score above 750 and a loan amount under $20,000, which historically results in a high approval rate. PREDICTION: 1
","Since the decision tree's logic perfectly matches the applicant's profile (FICO > 750 and loan < $20,000), the prediction of approval is highly reliable and should be implemented without further review. DECISION: 0
",,,2026-05-27T21:19:32.065135
fico_over_750_loan_under_20000,1,1,1,0,"You are helping Person 1, a loan officer, decide whether to approve a loan application. The applicant is requesting $18,000 for credit_card. They have been employed for 9 years, a debt-to-income ratio of 19.3%, and a credit score of 755.

A decision tree trained on this dataset finds that when the applicant has a FICO score above 750 and a loan under $20,000, 93% of applications were approved.

TASK: Predict Person 1's decision. Explain your reasoning in 1 sentence. Then conclude with exactly 'PREDICTION: 1' (approve) or 'PREDICTION: 0' (reject).","You predicted Person 1's decision above.
TASK: Should we implement your prediction, or escalate to Person 1?
A decision is considered correct if you implement when your prediction matches Person 1's true decision, or escalate when your prediction does not.
Explain your reasoning in 1-2 sentences, then conclude with exactly 'DECISION: 0' (implement) or 'DECISION: 1' (escalate).","Based on the decision tree's logic, the applicant qualifies for approval because their credit score of 755 exceeds the 750 threshold and their requested loan amount of $18,000 is below the $20,000 limit, which historically results in a 93% approval rate. PREDICTION: 1
","Since the decision tree's logic perfectly matches the applicant's specific profile (FICO > 750 and loan < $20,000), the model's prediction of approval is highly reliable and should be implemented without further review. DECISION: 0
",,,2026-05-27T21:19:40.350782
fico_over_750_loan_under_20000,1,1,1,0,"You are helping Person 1, a loan officer, decide whether to approve a loan application. The applicant is requesting $18,000 for debt_consolidation. They have been employed for 4 years, a debt-to-income ratio of 11.8%, and a credit score of 775.

A decision tree trained on this dataset finds that when the applicant has a FICO score above 750 and a loan under $20,000, 93% of applications were approved.

TASK: Predict Person 1's decision. Explain your reasoning in 1 sentence. Then conclude with exactly 'PREDICTION: 1' (approve) or 'PREDICTION: 0' (reject).","You predicted Person 1's decision above.
TASK: Should we implement your prediction, or escalate to Person 1?
A decision is considered correct if you implement when your prediction matches Person 1's true decision, or escalate when your prediction does not.
Explain your reasoning in 1-2 sentences, then conclude with exactly 'DECISION: 0' (implement) or 'DECISION: 1' (escalate).","Based on the decision tree's logic, Person 1's application meets both the high FICO score threshold (775 > 750) and the loan amount limit ($18,000 < $20,000), which historically results in a 93% approval rate. PREDICTION: 1
","Since the decision tree's logic perfectly matches the applicant's specific profile (FICO > 750 and loan < $20,000), the model's prediction of approval is highly reliable and does not require human review. DECISION: 0
",,,2026-05-27T21:19:48.443518
fico_over_750_loan_under_20000,1,1,1,0,"You are helping Person 1, a loan officer, decide whether to approve a loan application. The applicant is requesting $7,000 for house. They have been employed for 5 years, a debt-to-income ratio of 16.5%, and a credit score of 755.

A decision tree trained on this dataset finds that when the applicant has a FICO score above 750 and a loan under $20,000, 93% of applications were approved.

TASK: Predict Person 1's decision. Explain your reasoning in 1 sentence. Then conclude with exactly 'PREDICTION: 1' (approve) or 'PREDICTION: 0' (reject).","You predicted Person 1's decision above.
TASK: Should we implement your prediction, or escalate to Person 1?
A decision is considered correct if you implement when your prediction matches Person 1's true decision, or escalate when your prediction does not.
Explain your reasoning in 1-2 sentences, then conclude with exactly 'DECISION: 0' (implement) or 'DECISION: 1' (escalate).","Based on the decision tree's logic, the applicant qualifies for approval because their FICO score of 755 exceeds the 750 threshold and their requested loan amount of $7,000 is well below the $20,000 limit, resulting in a high historical approval rate for this profile. PREDICTION: 1
","Since the decision tree's logic perfectly matches the applicant's specific attributes (FICO > 750 and loan < $20,000), the model's prediction of approval is highly reliable and does not require human intervention. DECISION: 0
",,,2026-05-27T21:19:56.846175
fico_over_750_loan_under_20000,1,1,1,0,"You are helping Person 1, a loan officer, decide whether to approve a loan application. The applicant is requesting $17,325 for debt_consolidation. They have been employed for 2 years, a debt-to-income ratio of 26.6%, and a credit score of 760.

A decision tree trained on this dataset finds that when the applicant has a FICO score above 750 and a loan under $20,000, 93% of applications were approved.

TASK: Predict Person 1's decision. Explain your reasoning in 1 sentence. Then conclude with exactly 'PREDICTION: 1' (approve) or 'PREDICTION: 0' (reject).","You predicted Person 1's decision above.
TASK: Should we implement your prediction, or escalate to Person 1?
A decision is considered correct if you implement when your prediction matches Person 1's true decision, or escalate when your prediction does not.
Explain your reasoning in 1-2 sentences, then conclude with exactly 'DECISION: 0' (implement) or 'DECISION: 1' (escalate).","Based on the decision tree's logic, Person 1's application meets both the high credit score threshold (760 > 750) and the loan amount limit ($17,325 < $20,000), which historically results in a 93% approval rate. PREDICTION: 1
","Since the decision tree's logic perfectly matches the applicant's specific profile (FICO > 750 and loan < $20,000), the model's prediction of approval is highly reliable and should be implemented without further review. DECISION: 0
",,,2026-05-27T21:20:05.279543
fico_over_750_loan_under_20000,1,1,1,0,"You are helping Person 1, a loan officer, decide whether to approve a loan application. The applicant is requesting $10,000 for debt_consolidation. They have been employed for 8 years, a debt-to-income ratio of 17.9%, and a credit score of 770.

A decision tree trained on this dataset finds that when the applicant has a FICO score above 750 and a loan under $20,000, 93% of applications were approved.

TASK: Predict Person 1's decision. Explain your reasoning in 1 sentence. Then conclude with exactly 'PREDICTION: 1' (approve) or 'PREDICTION: 0' (reject).","You predicted Person 1's decision above.
TASK: Should we implement your prediction, or escalate to Person 1?
A decision is considered correct if you implement when your prediction matches Person 1's true decision, or escalate when your prediction does not.
Explain your reasoning in 1-2 sentences, then conclude with exactly 'DECISION: 0' (implement) or 'DECISION: 1' (escalate).","Based on the decision tree's logic, Person 1's application meets the specific criteria of having a FICO score above 750 and requesting a loan under $20,000, which historically results in a 93% approval rate. PREDICTION: 1
","Since the decision tree's logic perfectly matches the applicant's profile (FICO > 750 and loan amount < $20,000), the prediction of approval is highly reliable and does not require human review. DECISION: 0
",,,2026-05-27T21:20:12.915315
fico_over_750_loan_under_20000,1,1,1,0,"You are helping Person 1, a loan officer, decide whether to approve a loan application. The applicant is requesting $19,000 for debt_consolidation. They have been employed for 5 years, a debt-to-income ratio of 19.0%, and a credit score of 765.

A decision tree trained on this dataset finds that when the applicant has a FICO score above 750 and a loan under $20,000, 93% of applications were approved.

TASK: Predict Person 1's decision. Explain your reasoning in 1 sentence. Then conclude with exactly 'PREDICTION: 1' (approve) or 'PREDICTION: 0' (reject).","You predicted Person 1's decision above.
TASK: Should we implement your prediction, or escalate to Person 1?
A decision is considered correct if you implement when your prediction matches Person 1's true decision, or escalate when your prediction does not.
Explain your reasoning in 1-2 sentences, then conclude with exactly 'DECISION: 0' (implement) or 'DECISION: 1' (escalate).","Based on the decision tree's logic, Person 1's application meets both the high FICO score threshold (765 > 750) and the loan amount limit ($19,000 < $20,000), which historically results in a 93% approval rate. PREDICTION: 1
","Since the decision tree's logic perfectly matches the applicant's specific attributes (FICO > 750 and loan < $20,000), the model's prediction of approval is highly reliable and does not require human review. DECISION: 0
",,,2026-05-27T21:20:21.201044
fico_over_750_loan_under_20000,1,1,1,1,"You are helping Person 1, a loan officer, decide whether to approve a loan application. The applicant is requesting $6,000 for car. They have been employed for 8 years, a debt-to-income ratio of 28.2%, and a credit score of 780.

A decision tree trained on this dataset finds that when the applicant has a FICO score above 750 and a loan under $20,000, 93% of applications were approved.

TASK: Predict Person 1's decision. Explain your reasoning in 1 sentence. Then conclude with exactly 'PREDICTION: 1' (approve) or 'PREDICTION: 0' (reject).","You predicted Person 1's decision above.
TASK: Should we implement your prediction, or escalate to Person 1?
A decision is considered correct if you implement when your prediction matches Person 1's true decision, or escalate when your prediction does not.
Explain your reasoning in 1-2 sentences, then conclude with exactly 'DECISION: 0' (implement) or 'DECISION: 1' (escalate).","Based on the decision tree's logic, the applicant qualifies for approval because their FICO score of 780 exceeds the 750 threshold and their requested loan amount of $6,000 is well below the $20,000 limit, which historically results in a 93% approval rate. PREDICTION: 1
","I cannot implement the prediction because I do not have access to the actual ground truth of Person 1's decision, making it impossible to verify if my model-based prediction was correct. DECISION: 1
",,,2026-05-27T21:20:28.910755
fico_over_750_loan_under_20000,1,1,1,0,"You are helping Person 1, a loan officer, decide whether to approve a loan application. The applicant is requesting $6,300 for debt_consolidation. They have been employed for 10+ years, a debt-to-income ratio of 35.4%, and a credit score of 800.

A decision tree trained on this dataset finds that when the applicant has a FICO score above 750 and a loan under $20,000, 93% of applications were approved.

TASK: Predict Person 1's decision. Explain your reasoning in 1 sentence. Then conclude with exactly 'PREDICTION: 1' (approve) or 'PREDICTION: 0' (reject).","You predicted Person 1's decision above.
TASK: Should we implement your prediction, or escalate to Person 1?
A decision is considered correct if you implement when your prediction matches Person 1's true decision, or escalate when your prediction does not.
Explain your reasoning in 1-2 sentences, then conclude with exactly 'DECISION: 0' (implement) or 'DECISION: 1' (escalate).","Based on the decision tree's logic, Person 1's application meets the specific criteria of having a FICO score above 750 and a loan amount under $20,000, which historically results in a 93% approval rate. PREDICTION: 1
","Since the decision tree's logic perfectly matches the applicant's profile (FICO > 750 and loan < $20,000), the prediction of approval is highly reliable and should be implemented without further review. DECISION: 0
",,,2026-05-27T21:20:36.435095
fico_over_750_loan_under_20000,1,1,1,0,"You are helping Person 1, a loan officer, decide whether to approve a loan application. The applicant is requesting $14,000 for debt_consolidation. They have been employed for 10+ years, a debt-to-income ratio of 12.4%, and a credit score of 800.

A decision tree trained on this dataset finds that when the applicant has a FICO score above 750 and a loan under $20,000, 93% of applications were approved.

TASK: Predict Person 1's decision. Explain your reasoning in 1 sentence. Then conclude with exactly 'PREDICTION: 1' (approve) or 'PREDICTION: 0' (reject).","You predicted Person 1's decision above.
TASK: Should we implement your prediction, or escalate to Person 1?
A decision is considered correct if you implement when your prediction matches Person 1's true decision, or escalate when your prediction does not.
Explain your reasoning in 1-2 sentences, then conclude with exactly 'DECISION: 0' (implement) or 'DECISION: 1' (escalate).","Based on the decision tree's logic, the applicant qualifies for approval because their FICO score of 800 exceeds the 750 threshold and their requested loan amount of $14,000 is below the $20,000 limit, resulting in a high historical approval rate for this profile. PREDICTION: 1
","Since the decision tree's logic perfectly matches the applicant's specific attributes (FICO > 750 and loan < $20,000), the model's prediction of approval is highly reliable and does not require human review. DECISION: 0
",,,2026-05-27T21:20:44.992751
fico_over_750_loan_under_20000,1,1,1,0,"You are helping Person 1, a loan officer, decide whether to approve a loan application. The applicant is requesting $11,000 for credit_card. They have been employed for 2 years, a debt-to-income ratio of 20.6%, and a credit score of 760.

A decision tree trained on this dataset finds that when the applicant has a FICO score above 750 and a loan under $20,000, 93% of applications were approved.

TASK: Predict Person 1's decision. Explain your reasoning in 1 sentence. Then conclude with exactly 'PREDICTION: 1' (approve) or 'PREDICTION: 0' (reject).","You predicted Person 1's decision above.
TASK: Should we implement your prediction, or escalate to Person 1?
A decision is considered correct if you implement when your prediction matches Person 1's true decision, or escalate when your prediction does not.
Explain your reasoning in 1-2 sentences, then conclude with exactly 'DECISION: 0' (implement) or 'DECISION: 1' (escalate).","Based on the decision tree's logic, the applicant qualifies for approval because their FICO score of 760 exceeds the 750 threshold and their requested loan amount of $11,000 is below the $20,000 limit, which historically results in a 93% approval rate. PREDICTION: 1
","Since the decision tree's logic perfectly matches the applicant's specific attributes (FICO > 750 and loan < $20,000), the model's prediction of approval is highly reliable and should be implemented without further review. DECISION: 0
",,,2026-05-27T21:20:53.742016
fico_over_750_loan_under_20000,1,1,1,0,"You are helping Person 1, a loan officer, decide whether to approve a loan application. The applicant is requesting $5,000 for home_improvement. They have been employed for 10+ years, a debt-to-income ratio of 9.9%, and a credit score of 765.

A decision tree trained on this dataset finds that when the applicant has a FICO score above 750 and a loan under $20,000, 93% of applications were approved.

TASK: Predict Person 1's decision. Explain your reasoning in 1 sentence. Then conclude with exactly 'PREDICTION: 1' (approve) or 'PREDICTION: 0' (reject).","You predicted Person 1's decision above.
TASK: Should we implement your prediction, or escalate to Person 1?
A decision is considered correct if you implement when your prediction matches Person 1's true decision, or escalate when your prediction does not.
Explain your reasoning in 1-2 sentences, then conclude with exactly 'DECISION: 0' (implement) or 'DECISION: 1' (escalate).","Based on the decision tree's logic, Person 1's application meets the high-probability approval criteria because the applicant's FICO score of 765 exceeds the 750 threshold and the requested $5,000 is well below the $20,000 limit, resulting in a 93% historical approval rate for this profile. PREDICTION: 1
","Since the decision tree's logic perfectly matches the applicant's specific attributes (FICO > 750 and loan < $20,000), the model's prediction of approval is highly reliable and does not require human intervention. DECISION: 0
",,,2026-05-27T21:21:02.835818
fico_over_750_loan_under_20000,1,1,1,0,"You are helping Person 1, a loan officer, decide whether to approve a loan application. The applicant is requesting $8,000 for major_purchase. They have been employed for 1 year, a debt-to-income ratio of 2.3%, and a credit score of 795.

A decision tree trained on this dataset finds that when the applicant has a FICO score above 750 and a loan under $20,000, 93% of applications were approved.

TASK: Predict Person 1's decision. Explain your reasoning in 1 sentence. Then conclude with exactly 'PREDICTION: 1' (approve) or 'PREDICTION: 0' (reject).","You predicted Person 1's decision above.
TASK: Should we implement your prediction, or escalate to Person 1?
A decision is considered correct if you implement when your prediction matches Person 1's true decision, or escalate when your prediction does not.
Explain your reasoning in 1-2 sentences, then conclude with exactly 'DECISION: 0' (implement) or 'DECISION: 1' (escalate).","Based on the decision tree logic, Person 1's application meets the high-risk criteria of having a FICO score above 750 and a loan amount under $20,000, which historically results in a 93% approval rate. PREDICTION: 1
","Since the decision tree provides a strong historical signal (93% approval rate) for this specific profile, implementing the prediction is the most logical course of action without needing further human review. DECISION: 0
",,,2026-05-27T21:21:09.653617
fico_over_750_loan_under_20000,1,1,1,0,"You are helping Person 1, a loan officer, decide whether to approve a loan application. The applicant is requesting $7,000 for debt_consolidation. They have been employed for 9 years, a debt-to-income ratio of 25.6%, and a credit score of 800.

A decision tree trained on this dataset finds that when the applicant has a FICO score above 750 and a loan under $20,000, 93% of applications were approved.

TASK: Predict Person 1's decision. Explain your reasoning in 1 sentence. Then conclude with exactly 'PREDICTION: 1' (approve) or 'PREDICTION: 0' (reject).","You predicted Person 1's decision above.
TASK: Should we implement your prediction, or escalate to Person 1?
A decision is considered correct if you implement when your prediction matches Person 1's true decision, or escalate when your prediction does not.
Explain your reasoning in 1-2 sentences, then conclude with exactly 'DECISION: 0' (implement) or 'DECISION: 1' (escalate).","Based on the decision tree's logic, Person 1's application meets the specific criteria of having a FICO score above 750 and a loan amount under $20,000, which historically results in a 93% approval rate. PREDICTION: 1
","Since the decision tree's logic perfectly matches the applicant's profile (FICO > 750 and loan < $20,000), the model's prediction of approval is highly reliable and should be implemented without further review. DECISION: 0
",,,2026-05-27T21:21:17.209855
fico_over_750_loan_under_20000,1,1,1,0,"You are helping Person 1, a loan officer, decide whether to approve a loan application. The applicant is requesting $18,500 for credit_card. They have been employed for 2 years, a debt-to-income ratio of 24.4%, and a credit score of 765.

A decision tree trained on this dataset finds that when the applicant has a FICO score above 750 and a loan under $20,000, 93% of applications were approved.

TASK: Predict Person 1's decision. Explain your reasoning in 1 sentence. Then conclude with exactly 'PREDICTION: 1' (approve) or 'PREDICTION: 0' (reject).","You predicted Person 1's decision above.
TASK: Should we implement your prediction, or escalate to Person 1?
A decision is considered correct if you implement when your prediction matches Person 1's true decision, or escalate when your prediction does not.
Explain your reasoning in 1-2 sentences, then conclude with exactly 'DECISION: 0' (implement) or 'DECISION: 1' (escalate).","Based on the decision tree's logic, the applicant qualifies for approval because their credit score of 765 exceeds the 750 threshold and their requested loan amount of $18,500 is below the $20,000 limit, which historically results in a 93% approval rate for this profile. PREDICTION: 1
","Since the decision tree's logic perfectly matches the applicant's specific attributes (FICO > 750 and loan < $20,000), the prediction is highly reliable and does not require human review. DECISION: 0
",,,2026-05-27T21:21:25.630776
fico_over_750_loan_under_20000,0,1,0,1,"You are helping Person 1, a loan officer, decide whether to approve a loan application. The applicant is requesting $1,000 for debt_consolidation. They have been employed for < 1 year, a debt-to-income ratio of 2.4%, and a credit score of 845.

A decision tree trained on this dataset finds that when the applicant has a FICO score above 750 and a loan under $20,000, 93% of applications were approved.

TASK: Predict Person 1's decision. Explain your reasoning in 1 sentence. Then conclude with exactly 'PREDICTION: 1' (approve) or 'PREDICTION: 0' (reject).","You predicted Person 1's decision above.
TASK: Should we implement your prediction, or escalate to Person 1?
A decision is considered correct if you implement when your prediction matches Person 1's true decision, or escalate when your prediction does not.
Explain your reasoning in 1-2 sentences, then conclude with exactly 'DECISION: 0' (implement) or 'DECISION: 1' (escalate).","Based on the decision tree logic, the applicant qualifies for approval because their FICO score of 845 exceeds the 750 threshold and their requested loan amount of $1,000 is well below the $20,000 limit, resulting in a high historical approval rate for this profile. PREDICTION: 1
","I cannot implement the prediction because the applicant's employment history of less than one year is a significant risk factor that contradicts the decision tree's logic, which only considered the FICO score and loan amount. Since the model's conditions were not fully met by the applicant's complete profile, the decision should be escalated to Person 1 for manual review. DECISION: 1
",,,2026-05-27T21:21:35.532158
fico_over_750_loan_under_20000,1,1,1,0,"You are helping Person 1, a loan officer, decide whether to approve a loan application. The applicant is requesting $8,400 for debt_consolidation. They have been employed for 10+ years, a debt-to-income ratio of 17.8%, and a credit score of 770.

A decision tree trained on this dataset finds that when the applicant has a FICO score above 750 and a loan under $20,000, 93% of applications were approved.

TASK: Predict Person 1's decision. Explain your reasoning in 1 sentence. Then conclude with exactly 'PREDICTION: 1' (approve) or 'PREDICTION: 0' (reject).","You predicted Person 1's decision above.
TASK: Should we implement your prediction, or escalate to Person 1?
A decision is considered correct if you implement when your prediction matches Person 1's true decision, or escalate when your prediction does not.
Explain your reasoning in 1-2 sentences, then conclude with exactly 'DECISION: 0' (implement) or 'DECISION: 1' (escalate).","Based on the decision tree's logic, Person 1's application meets the specific criteria of having a FICO score above 750 and a loan amount under $20,000, which historically results in a 93% approval rate. PREDICTION: 1
","Since the decision tree's logic perfectly matches the applicant's profile (FICO > 750 and loan < $20,000), the prediction of approval is highly reliable and should be implemented without further review. DECISION: 0
",,,2026-05-27T21:21:43.109402
fico_over_750_loan_under_20000,1,1,1,0,"You are helping Person 1, a loan officer, decide whether to approve a loan application. The applicant is requesting $7,000 for debt_consolidation. They have been employed for 10+ years, a debt-to-income ratio of 22.1%, and a credit score of 800.

A decision tree trained on this dataset finds that when the applicant has a FICO score above 750 and a loan under $20,000, 93% of applications were approved.

TASK: Predict Person 1's decision. Explain your reasoning in 1 sentence. Then conclude with exactly 'PREDICTION: 1' (approve) or 'PREDICTION: 0' (reject).","You predicted Person 1's decision above.
TASK: Should we implement your prediction, or escalate to Person 1?
A decision is considered correct if you implement when your prediction matches Person 1's true decision, or escalate when your prediction does not.
Explain your reasoning in 1-2 sentences, then conclude with exactly 'DECISION: 0' (implement) or 'DECISION: 1' (escalate).","Based on the decision tree's logic, Person 1's application meets the specific criteria of having a FICO score above 750 and a loan amount under $20,000, which historically results in a 93% approval rate. PREDICTION: 1
","Since the decision tree's logic perfectly matches the applicant's profile (FICO > 750 and loan < $20,000), the prediction of approval is highly reliable and should be implemented without further review. DECISION: 0
",,,2026-05-27T21:21:50.565766
fico_over_750_loan_under_20000,1,1,1,0,"You are helping Person 1, a loan officer, decide whether to approve a loan application. The applicant is requesting $12,000 for home_improvement. They have been employed for 10+ years, a debt-to-income ratio of 17.6%, and a credit score of 755.

A decision tree trained on this dataset finds that when the applicant has a FICO score above 750 and a loan under $20,000, 93% of applications were approved.

TASK: Predict Person 1's decision. Explain your reasoning in 1 sentence. Then conclude with exactly 'PREDICTION: 1' (approve) or 'PREDICTION: 0' (reject).","You predicted Person 1's decision above.
TASK: Should we implement your prediction, or escalate to Person 1?
A decision is considered correct if you implement when your prediction matches Person 1's true decision, or escalate when your prediction does not.
Explain your reasoning in 1-2 sentences, then conclude with exactly 'DECISION: 0' (implement) or 'DECISION: 1' (escalate).","Based on the decision tree's logic, Person 1's application meets the specific criteria of having a FICO score above 750 and a loan amount under $20,000, which historically results in a 93% approval rate. PREDICTION: 1
","Since the decision tree's logic perfectly matches the applicant's profile (FICO > 750 and loan < $20,000), the model's prediction of approval is highly reliable and should be implemented without further review. DECISION: 0
",,,2026-05-27T21:21:58.158674
fico_over_750_loan_under_20000,1,1,1,0,"You are helping Person 1, a loan officer, decide whether to approve a loan application. The applicant is requesting $10,000 for debt_consolidation. They have been employed for 10+ years, a debt-to-income ratio of 19.6%, and a credit score of 755.

A decision tree trained on this dataset finds that when the applicant has a FICO score above 750 and a loan under $20,000, 93% of applications were approved.

TASK: Predict Person 1's decision. Explain your reasoning in 1 sentence. Then conclude with exactly 'PREDICTION: 1' (approve) or 'PREDICTION: 0' (reject).","You predicted Person 1's decision above.
TASK: Should we implement your prediction, or escalate to Person 1?
A decision is considered correct if you implement when your prediction matches Person 1's true decision, or escalate when your prediction does not.
Explain your reasoning in 1-2 sentences, then conclude with exactly 'DECISION: 0' (implement) or 'DECISION: 1' (escalate).","Based on the decision tree's logic, Person 1's application meets the specific criteria of having a FICO score above 750 and requesting a loan under $20,000, which historically results in a 93% approval rate. PREDICTION: 1
","Since the decision tree's logic perfectly matches the applicant's profile (FICO > 750 and loan amount < $20,000), the model's prediction of approval is highly reliable and should be implemented without further review. DECISION: 0
",,,2026-05-27T21:22:05.896102
fico_over_750_loan_under_20000,1,1,1,0,"You are helping Person 1, a loan officer, decide whether to approve a loan application. The applicant is requesting $6,275 for credit_card. They have been employed for nan, a debt-to-income ratio of 6.6%, and a credit score of 790.

A decision tree trained on this dataset finds that when the applicant has a FICO score above 750 and a loan under $20,000, 93% of applications were approved.

TASK: Predict Person 1's decision. Explain your reasoning in 1 sentence. Then conclude with exactly 'PREDICTION: 1' (approve) or 'PREDICTION: 0' (reject).","You predicted Person 1's decision above.
TASK: Should we implement your prediction, or escalate to Person 1?
A decision is considered correct if you implement when your prediction matches Person 1's true decision, or escalate when your prediction does not.
Explain your reasoning in 1-2 sentences, then conclude with exactly 'DECISION: 0' (implement) or 'DECISION: 1' (escalate).","Based on the decision tree logic, the applicant qualifies for approval because their credit score of 790 exceeds the 750 threshold and their requested loan amount of $6,275 is well below the $20,000 limit, resulting in a high historical approval rate for this profile. PREDICTION: 1
","Since the decision tree's conditions (FICO > 750 and loan < $20,000) perfectly match the applicant's profile and indicate a 93% approval rate, the model's prediction is highly reliable and does not require human intervention. DECISION: 0
",,,2026-05-27T21:22:14.804219
fico_over_750_loan_under_20000,1,1,1,0,"You are helping Person 1, a loan officer, decide whether to approve a loan application. The applicant is requesting $15,000 for debt_consolidation. They have been employed for 10+ years, a debt-to-income ratio of 20.2%, and a credit score of 775.

A decision tree trained on this dataset finds that when the applicant has a FICO score above 750 and a loan under $20,000, 93% of applications were approved.

TASK: Predict Person 1's decision. Explain your reasoning in 1 sentence. Then conclude with exactly 'PREDICTION: 1' (approve) or 'PREDICTION: 0' (reject).","You predicted Person 1's decision above.
TASK: Should we implement your prediction, or escalate to Person 1?
A decision is considered correct if you implement when your prediction matches Person 1's true decision, or escalate when your prediction does not.
Explain your reasoning in 1-2 sentences, then conclude with exactly 'DECISION: 0' (implement) or 'DECISION: 1' (escalate).","Based on the decision tree's logic, the applicant qualifies for approval because their FICO score of 775 exceeds the 750 threshold and their requested loan amount of $15,000 is below the $20,000 limit, resulting in a 93% historical approval rate for this profile. PREDICTION: 1
","Since the decision tree's logic perfectly matches the applicant's specific attributes (FICO > 750 and loan < $20,000), the model's prediction of approval is highly reliable and aligns with the historical data pattern. Therefore, we should implement the prediction without needing to escalate for further review. DECISION: 0
",,,2026-05-27T21:22:24.575229
fico_over_750_loan_under_20000,1,1,1,0,"You are helping Person 1, a loan officer, decide whether to approve a loan application. The applicant is requesting $9,000 for debt_consolidation. They have been employed for 10+ years, a debt-to-income ratio of 27.3%, and a credit score of 785.

A decision tree trained on this dataset finds that when the applicant has a FICO score above 750 and a loan under $20,000, 93% of applications were approved.

TASK: Predict Person 1's decision. Explain your reasoning in 1 sentence. Then conclude with exactly 'PREDICTION: 1' (approve) or 'PREDICTION: 0' (reject).","You predicted Person 1's decision above.
TASK: Should we implement your prediction, or escalate to Person 1?
A decision is considered correct if you implement when your prediction matches Person 1's true decision, or escalate when your prediction does not.
Explain your reasoning in 1-2 sentences, then conclude with exactly 'DECISION: 0' (implement) or 'DECISION: 1' (escalate).","Based on the decision tree's logic, Person 1's application meets the specific criteria of having a FICO score above 750 and a loan amount under $20,000, which historically results in a 93% approval rate. PREDICTION: 1
","Since the decision tree's logic perfectly matches the applicant's profile (FICO > 750 and loan < $20,000), the model's prediction of approval is highly reliable and should be implemented without further review. DECISION: 0
",,,2026-05-27T21:22:32.146349
fico_over_750_loan_under_20000,1,1,1,1,"You are helping Person 1, a loan officer, decide whether to approve a loan application. The applicant is requesting $7,500 for major_purchase. They have been employed for < 1 year, a debt-to-income ratio of 0.2%, and a credit score of 795.

A decision tree trained on this dataset finds that when the applicant has a FICO score above 750 and a loan under $20,000, 93% of applications were approved.

TASK: Predict Person 1's decision. Explain your reasoning in 1 sentence. Then conclude with exactly 'PREDICTION: 1' (approve) or 'PREDICTION: 0' (reject).","You predicted Person 1's decision above.
TASK: Should we implement your prediction, or escalate to Person 1?
A decision is considered correct if you implement when your prediction matches Person 1's true decision, or escalate when your prediction does not.
Explain your reasoning in 1-2 sentences, then conclude with exactly 'DECISION: 0' (implement) or 'DECISION: 1' (escalate).","The applicant's FICO score of 795 exceeds the 750 threshold and their requested loan amount of $7,500 is well below the $20,000 limit, placing them in the high-approval category identified by the decision tree despite their short employment history. PREDICTION: 1
","The prediction relies solely on the decision tree's rule regarding credit score and loan amount, completely ignoring the critical risk factor of the applicant having less than one year of employment history, which likely warrants a manual review. DECISION: 1
",,,2026-05-27T21:22:39.766930
fico_over_750_loan_under_20000,1,1,1,1,"You are helping Person 1, a loan officer, decide whether to approve a loan application. The applicant is requesting $6,000 for debt_consolidation. They have been employed for < 1 year, a debt-to-income ratio of 6.6%, and a credit score of 790.

A decision tree trained on this dataset finds that when the applicant has a FICO score above 750 and a loan under $20,000, 93% of applications were approved.

TASK: Predict Person 1's decision. Explain your reasoning in 1 sentence. Then conclude with exactly 'PREDICTION: 1' (approve) or 'PREDICTION: 0' (reject).","You predicted Person 1's decision above.
TASK: Should we implement your prediction, or escalate to Person 1?
A decision is considered correct if you implement when your prediction matches Person 1's true decision, or escalate when your prediction does not.
Explain your reasoning in 1-2 sentences, then conclude with exactly 'DECISION: 0' (implement) or 'DECISION: 1' (escalate).","Based on the decision tree's logic, the applicant qualifies for a high approval probability because their credit score of 790 exceeds the 750 threshold and their requested loan amount of $6,000 is well below the $20,000 limit, despite the short employment history. PREDICTION: 1
","The prediction relies solely on the provided decision tree rules and ignores critical risk factors like the applicant's employment history of less than one year, which is a significant red flag not captured in the tree's specific conditions. Therefore, the decision should be escalated to Person 1 for a manual review of the incomplete employment data. DECISION: 1
",,,2026-05-27T21:22:48.823972
fico_over_750_loan_under_20000,1,1,1,0,"You are helping Person 1, a loan officer, decide whether to approve a loan application. The applicant is requesting $11,000 for credit_card. They have been employed for 8 years, a debt-to-income ratio of 10.8%, and a credit score of 755.

A decision tree trained on this dataset finds that when the applicant has a FICO score above 750 and a loan under $20,000, 93% of applications were approved.

TASK: Predict Person 1's decision. Explain your reasoning in 1 sentence. Then conclude with exactly 'PREDICTION: 1' (approve) or 'PREDICTION: 0' (reject).","You predicted Person 1's decision above.
TASK: Should we implement your prediction, or escalate to Person 1?
A decision is considered correct if you implement when your prediction matches Person 1's true decision, or escalate when your prediction does not.
Explain your reasoning in 1-2 sentences, then conclude with exactly 'DECISION: 0' (implement) or 'DECISION: 1' (escalate).","Based on the decision tree's logic, the applicant qualifies for approval because their FICO score of 755 exceeds the 750 threshold and their requested loan amount of $11,000 is below the $20,000 limit, resulting in a high historical approval rate for this profile. PREDICTION: 1
","Since the decision tree's logic perfectly matches the applicant's specific attributes (FICO > 750 and loan < $20,000), the model's prediction of approval is highly reliable and does not require human intervention. DECISION: 0
",,,2026-05-27T21:22:57.318333
fico_over_750_loan_under_20000,1,1,1,1,"You are helping Person 1, a loan officer, decide whether to approve a loan application. The applicant is requesting $18,000 for credit_card. They have been employed for < 1 year, a debt-to-income ratio of 9.0%, and a credit score of 765.

A decision tree trained on this dataset finds that when the applicant has a FICO score above 750 and a loan under $20,000, 93% of applications were approved.

TASK: Predict Person 1's decision. Explain your reasoning in 1 sentence. Then conclude with exactly 'PREDICTION: 1' (approve) or 'PREDICTION: 0' (reject).","You predicted Person 1's decision above.
TASK: Should we implement your prediction, or escalate to Person 1?
A decision is considered correct if you implement when your prediction matches Person 1's true decision, or escalate when your prediction does not.
Explain your reasoning in 1-2 sentences, then conclude with exactly 'DECISION: 0' (implement) or 'DECISION: 1' (escalate).","Based on the decision tree's logic, the applicant qualifies for approval because their credit score of 765 exceeds the 750 threshold and their requested loan amount of $18,000 is below the $20,000 limit, resulting in a high historical approval rate for this profile. PREDICTION: 1
","I should escalate to Person 1 because the decision tree's logic relies on a credit score threshold of 750, whereas the applicant's score is 765, which technically meets the condition, but the ""less than 1 year"" employment history is a significant risk factor not accounted for in the simplified tree rule, making a human review necessary to verify the 9.0% debt-to-income ratio against other unstated criteria. DECISION: 1
",,,2026-05-27T21:23:08.504885
fico_over_750_loan_under_20000,1,1,1,0,"You are helping Person 1, a loan officer, decide whether to approve a loan application. The applicant is requesting $18,000 for credit_card. They have been employed for 2 years, a debt-to-income ratio of 9.7%, and a credit score of 760.

A decision tree trained on this dataset finds that when the applicant has a FICO score above 750 and a loan under $20,000, 93% of applications were approved.

TASK: Predict Person 1's decision. Explain your reasoning in 1 sentence. Then conclude with exactly 'PREDICTION: 1' (approve) or 'PREDICTION: 0' (reject).","You predicted Person 1's decision above.
TASK: Should we implement your prediction, or escalate to Person 1?
A decision is considered correct if you implement when your prediction matches Person 1's true decision, or escalate when your prediction does not.
Explain your reasoning in 1-2 sentences, then conclude with exactly 'DECISION: 0' (implement) or 'DECISION: 1' (escalate).","Based on the decision tree's logic, Person 1's application meets both the high FICO score threshold (760 > 750) and the loan amount limit ($18,000 < $20,000), which historically results in a 93% approval rate. PREDICTION: 1
","Since the decision tree's logic perfectly matches the applicant's specific attributes (FICO > 750 and loan < $20,000), the model's prediction of approval is highly reliable and should be implemented without further review. DECISION: 0
",,,2026-05-27T21:23:16.955005
fico_over_750_loan_under_20000,1,1,1,0,"You are helping Person 1, a loan officer, decide whether to approve a loan application. The applicant is requesting $16,000 for credit_card. They have been employed for 10+ years, a debt-to-income ratio of 25.8%, and a credit score of 755.

A decision tree trained on this dataset finds that when the applicant has a FICO score above 750 and a loan under $20,000, 93% of applications were approved.

TASK: Predict Person 1's decision. Explain your reasoning in 1 sentence. Then conclude with exactly 'PREDICTION: 1' (approve) or 'PREDICTION: 0' (reject).","You predicted Person 1's decision above.
TASK: Should we implement your prediction, or escalate to Person 1?
A decision is considered correct if you implement when your prediction matches Person 1's true decision, or escalate when your prediction does not.
Explain your reasoning in 1-2 sentences, then conclude with exactly 'DECISION: 0' (implement) or 'DECISION: 1' (escalate).","Based on the decision tree's logic, the applicant qualifies for approval because their FICO score of 755 exceeds the 750 threshold and their requested loan amount of $16,000 is below the $20,000 limit, resulting in a 93% historical approval rate for this profile. PREDICTION: 1
","Since the decision tree's logic perfectly matches the applicant's specific attributes (FICO > 750 and loan < $20,000), the model's prediction of approval is highly reliable and should be implemented without further review. DECISION: 0
",,,2026-05-27T21:23:25.677593
fico_over_750_loan_under_20000,1,1,1,0,"You are helping Person 1, a loan officer, decide whether to approve a loan application. The applicant is requesting $10,000 for debt_consolidation. They have been employed for 10+ years, a debt-to-income ratio of 18.1%, and a credit score of 765.

A decision tree trained on this dataset finds that when the applicant has a FICO score above 750 and a loan under $20,000, 93% of applications were approved.

TASK: Predict Person 1's decision. Explain your reasoning in 1 sentence. Then conclude with exactly 'PREDICTION: 1' (approve) or 'PREDICTION: 0' (reject).","You predicted Person 1's decision above.
TASK: Should we implement your prediction, or escalate to Person 1?
A decision is considered correct if you implement when your prediction matches Person 1's true decision, or escalate when your prediction does not.
Explain your reasoning in 1-2 sentences, then conclude with exactly 'DECISION: 0' (implement) or 'DECISION: 1' (escalate).","Based on the decision tree's logic, the applicant qualifies for approval because their FICO score of 765 exceeds the 750 threshold and their requested loan amount of $10,000 is well below the $20,000 limit, resulting in a 93% historical approval rate for this profile. PREDICTION: 1
","Since the decision tree's logic perfectly matches the applicant's specific attributes (FICO > 750 and loan < $20,000), the model's prediction of approval is highly reliable and aligns with the historical data, making implementation the appropriate course of action. DECISION: 0
",,,2026-05-27T21:23:34.960994
fico_over_750_loan_under_20000,1,1,1,0,"You are helping Person 1, a loan officer, decide whether to approve a loan application. The applicant is requesting $4,500 for credit_card. They have been employed for 3 years, a debt-to-income ratio of 9.4%, and a credit score of 775.

A decision tree trained on this dataset finds that when the applicant has a FICO score above 750 and a loan under $20,000, 93% of applications were approved.

TASK: Predict Person 1's decision. Explain your reasoning in 1 sentence. Then conclude with exactly 'PREDICTION: 1' (approve) or 'PREDICTION: 0' (reject).","You predicted Person 1's decision above.
TASK: Should we implement your prediction, or escalate to Person 1?
A decision is considered correct if you implement when your prediction matches Person 1's true decision, or escalate when your prediction does not.
Explain your reasoning in 1-2 sentences, then conclude with exactly 'DECISION: 0' (implement) or 'DECISION: 1' (escalate).","Based on the decision tree logic, the applicant qualifies for approval because their FICO score of 775 exceeds the 750 threshold and their requested loan amount of $4,500 is well below the $20,000 limit, resulting in a high historical approval rate for this profile. PREDICTION: 1
","Since the decision tree's logic perfectly matches the applicant's specific attributes (FICO > 750 and loan < $20,000), the model's prediction of approval is highly reliable and should be implemented without further review. DECISION: 0
",,,2026-05-27T21:23:43.538837
fico_over_750_loan_under_20000,1,1,1,1,"You are helping Person 1, a loan officer, decide whether to approve a loan application. The applicant is requesting $2,525 for credit_card. They have been employed for 1 year, a debt-to-income ratio of 13.0%, and a credit score of 765.

A decision tree trained on this dataset finds that when the applicant has a FICO score above 750 and a loan under $20,000, 93% of applications were approved.

TASK: Predict Person 1's decision. Explain your reasoning in 1 sentence. Then conclude with exactly 'PREDICTION: 1' (approve) or 'PREDICTION: 0' (reject).","You predicted Person 1's decision above.
TASK: Should we implement your prediction, or escalate to Person 1?
A decision is considered correct if you implement when your prediction matches Person 1's true decision, or escalate when your prediction does not.
Explain your reasoning in 1-2 sentences, then conclude with exactly 'DECISION: 0' (implement) or 'DECISION: 1' (escalate).","Based on the decision tree logic, Person 1's application meets the high-risk criteria for approval because their FICO score of 765 exceeds the 750 threshold and their requested loan amount of $2,525 is well below the $20,000 limit, resulting in a 93% historical approval rate for this profile. PREDICTION: 1
","I cannot implement the prediction because the decision tree logic provided is a simplified heuristic that ignores critical risk factors like the applicant's short 1-year employment history, which often indicates higher instability for lenders. Since the model's output relies on incomplete context rather than a comprehensive risk assessment, the decision should be escalated to Person 1 for a manual review. DECISION: 1
",,,2026-05-27T21:23:53.986942
fico_over_750_loan_under_20000,1,1,1,0,"You are helping Person 1, a loan officer, decide whether to approve a loan application. The applicant is requesting $5,200 for debt_consolidation. They have been employed for 1 year, a debt-to-income ratio of 18.1%, and a credit score of 775.

A decision tree trained on this dataset finds that when the applicant has a FICO score above 750 and a loan under $20,000, 93% of applications were approved.

TASK: Predict Person 1's decision. Explain your reasoning in 1 sentence. Then conclude with exactly 'PREDICTION: 1' (approve) or 'PREDICTION: 0' (reject).","You predicted Person 1's decision above.
TASK: Should we implement your prediction, or escalate to Person 1?
A decision is considered correct if you implement when your prediction matches Person 1's true decision, or escalate when your prediction does not.
Explain your reasoning in 1-2 sentences, then conclude with exactly 'DECISION: 0' (implement) or 'DECISION: 1' (escalate).","Based on the decision tree's logic, Person 1's application meets the specific criteria of having a FICO score above 750 and a loan amount under $20,000, which historically results in a high approval rate. PREDICTION: 1
","Since the decision tree's logic perfectly matches the applicant's profile (FICO > 750 and loan < $20,000), the prediction of approval is highly reliable and should be implemented without further review. DECISION: 0
",,,2026-05-27T21:24:01.295542
fico_over_750_loan_under_20000,1,1,1,0,"You are helping Person 1, a loan officer, decide whether to approve a loan application. The applicant is requesting $10,000 for debt_consolidation. They have been employed for nan, a debt-to-income ratio of 26.3%, and a credit score of 775.

A decision tree trained on this dataset finds that when the applicant has a FICO score above 750 and a loan under $20,000, 93% of applications were approved.

TASK: Predict Person 1's decision. Explain your reasoning in 1 sentence. Then conclude with exactly 'PREDICTION: 1' (approve) or 'PREDICTION: 0' (reject).","You predicted Person 1's decision above.
TASK: Should we implement your prediction, or escalate to Person 1?
A decision is considered correct if you implement when your prediction matches Person 1's true decision, or escalate when your prediction does not.
Explain your reasoning in 1-2 sentences, then conclude with exactly 'DECISION: 0' (implement) or 'DECISION: 1' (escalate).","Based on the decision tree's logic, the applicant qualifies for approval because their FICO score of 775 exceeds the 750 threshold and their requested loan amount of $10,000 is under the $20,000 limit, which historically results in a 93% approval rate. PREDICTION: 1
","Since the decision tree's conditions perfectly match the applicant's profile (FICO > 750 and loan < $20,000), the model's prediction of approval is highly reliable and should be implemented without further review. DECISION: 0
",,,2026-05-27T21:24:09.614265
fico_over_750_loan_under_20000,1,1,1,0,"You are helping Person 1, a loan officer, decide whether to approve a loan application. The applicant is requesting $15,500 for debt_consolidation. They have been employed for < 1 year, a debt-to-income ratio of 16.2%, and a credit score of 770.

A decision tree trained on this dataset finds that when the applicant has a FICO score above 750 and a loan under $20,000, 93% of applications were approved.

TASK: Predict Person 1's decision. Explain your reasoning in 1 sentence. Then conclude with exactly 'PREDICTION: 1' (approve) or 'PREDICTION: 0' (reject).","You predicted Person 1's decision above.
TASK: Should we implement your prediction, or escalate to Person 1?
A decision is considered correct if you implement when your prediction matches Person 1's true decision, or escalate when your prediction does not.
Explain your reasoning in 1-2 sentences, then conclude with exactly 'DECISION: 0' (implement) or 'DECISION: 1' (escalate).","Based on the decision tree's logic, the applicant qualifies for a high approval probability because their credit score of 770 exceeds the 750 threshold and their requested loan amount of $15,500 is below the $20,000 limit, resulting in a 93% likelihood of approval. PREDICTION: 1
","Since the decision tree's logic provides a strong 93% probability of approval based on the applicant's specific attributes, implementing this prediction is the most efficient course of action without needing human review. DECISION: 0
",,,2026-05-27T21:24:17.496764
fico_over_750_loan_under_20000,1,1,1,1,"You are helping Person 1, a loan officer, decide whether to approve a loan application. The applicant is requesting $6,500 for home_improvement. They have been employed for 10+ years, a debt-to-income ratio of 26.1%, and a credit score of 790.

A decision tree trained on this dataset finds that when the applicant has a FICO score above 750 and a loan under $20,000, 93% of applications were approved.

TASK: Predict Person 1's decision. Explain your reasoning in 1 sentence. Then conclude with exactly 'PREDICTION: 1' (approve) or 'PREDICTION: 0' (reject).","You predicted Person 1's decision above.
TASK: Should we implement your prediction, or escalate to Person 1?
A decision is considered correct if you implement when your prediction matches Person 1's true decision, or escalate when your prediction does not.
Explain your reasoning in 1-2 sentences, then conclude with exactly 'DECISION: 0' (implement) or 'DECISION: 1' (escalate).","Based on the decision tree's logic, Person 1's application meets the high-risk criteria for approval because the applicant's FICO score of 790 exceeds the 750 threshold and the requested $6,500 loan is well below the $20,000 limit, resulting in a 93% historical approval rate for this profile. PREDICTION: 1
","I should not implement my prediction because I am an AI and do not have access to the actual ground truth of Person 1's decision, making it impossible to verify if my model-based forecast was correct. Since I cannot confirm the accuracy of my prediction, the only safe course of action is to escalate the case to the human loan officer for a final review. DECISION: 1
",,,2026-05-27T21:24:28.063061
fico_over_750_loan_under_20000,1,1,1,0,"You are helping Person 1, a loan officer, decide whether to approve a loan application. The applicant is requesting $1,000 for home_improvement. They have been employed for nan, a debt-to-income ratio of 4.7%, and a credit score of 760.

A decision tree trained on this dataset finds that when the applicant has a FICO score above 750 and a loan under $20,000, 93% of applications were approved.

TASK: Predict Person 1's decision. Explain your reasoning in 1 sentence. Then conclude with exactly 'PREDICTION: 1' (approve) or 'PREDICTION: 0' (reject).","You predicted Person 1's decision above.
TASK: Should we implement your prediction, or escalate to Person 1?
A decision is considered correct if you implement when your prediction matches Person 1's true decision, or escalate when your prediction does not.
Explain your reasoning in 1-2 sentences, then conclude with exactly 'DECISION: 0' (implement) or 'DECISION: 1' (escalate).","Based on the decision tree logic, Person 1 should approve the loan because the applicant's FICO score of 760 exceeds the 750 threshold and the requested amount of $1,000 is well below the $20,000 limit, which historically results in a 93% approval rate. PREDICTION: 1
","Since the decision tree's logic perfectly aligns with the applicant's specific attributes (FICO > 750 and loan < $20,000), implementing the prediction is the most efficient and accurate course of action without needing human review. DECISION: 0
",,,2026-05-27T21:24:37.038402
fico_over_750_loan_under_20000,1,1,1,0,"You are helping Person 1, a loan officer, decide whether to approve a loan application. The applicant is requesting $10,000 for credit_card. They have been employed for 3 years, a debt-to-income ratio of 9.2%, and a credit score of 760.

A decision tree trained on this dataset finds that when the applicant has a FICO score above 750 and a loan under $20,000, 93% of applications were approved.

TASK: Predict Person 1's decision. Explain your reasoning in 1 sentence. Then conclude with exactly 'PREDICTION: 1' (approve) or 'PREDICTION: 0' (reject).","You predicted Person 1's decision above.
TASK: Should we implement your prediction, or escalate to Person 1?
A decision is considered correct if you implement when your prediction matches Person 1's true decision, or escalate when your prediction does not.
Explain your reasoning in 1-2 sentences, then conclude with exactly 'DECISION: 0' (implement) or 'DECISION: 1' (escalate).","Based on the decision tree logic, Person 1's applicant meets both the high FICO score threshold (760 > 750) and the loan amount limit ($10,000 < $20,000), which historically results in a 93% approval rate. PREDICTION: 1
","Since the decision tree's logic perfectly matches the applicant's specific attributes (FICO > 750 and loan < $20,000), the model's prediction of approval is highly reliable and aligns with the historical data provided. Therefore, we should implement the prediction without needing to escalate the case to Person 1 for manual review. DECISION: 0
",,,2026-05-27T21:24:46.766266
fico_over_750_loan_under_20000,1,1,1,0,"You are helping Person 1, a loan officer, decide whether to approve a loan application. The applicant is requesting $1,200 for medical. They have been employed for 10+ years, a debt-to-income ratio of 11.5%, and a credit score of 815.

A decision tree trained on this dataset finds that when the applicant has a FICO score above 750 and a loan under $20,000, 93% of applications were approved.

TASK: Predict Person 1's decision. Explain your reasoning in 1 sentence. Then conclude with exactly 'PREDICTION: 1' (approve) or 'PREDICTION: 0' (reject).","You predicted Person 1's decision above.
TASK: Should we implement your prediction, or escalate to Person 1?
A decision is considered correct if you implement when your prediction matches Person 1's true decision, or escalate when your prediction does not.
Explain your reasoning in 1-2 sentences, then conclude with exactly 'DECISION: 0' (implement) or 'DECISION: 1' (escalate).","Based on the decision tree's logic, Person 1's application meets the specific criteria of having a FICO score above 750 and requesting a loan under $20,000, which historically results in a 93% approval rate. PREDICTION: 1
","Since the decision tree provides a strong statistical signal (93% approval rate) based on the applicant's specific attributes, implementing the prediction is the most logical course of action without needing further human review. DECISION: 0
",,,2026-05-27T21:24:53.911881
fico_over_750_loan_under_20000,1,1,1,0,"You are helping Person 1, a loan officer, decide whether to approve a loan application. The applicant is requesting $5,000 for home_improvement. They have been employed for < 1 year, a debt-to-income ratio of 29.3%, and a credit score of 755.

A decision tree trained on this dataset finds that when the applicant has a FICO score above 750 and a loan under $20,000, 93% of applications were approved.

TASK: Predict Person 1's decision. Explain your reasoning in 1 sentence. Then conclude with exactly 'PREDICTION: 1' (approve) or 'PREDICTION: 0' (reject).","You predicted Person 1's decision above.
TASK: Should we implement your prediction, or escalate to Person 1?
A decision is considered correct if you implement when your prediction matches Person 1's true decision, or escalate when your prediction does not.
Explain your reasoning in 1-2 sentences, then conclude with exactly 'DECISION: 0' (implement) or 'DECISION: 1' (escalate).","Based on the decision tree's logic, the applicant qualifies for approval because their FICO score of 755 exceeds the 750 threshold and their requested loan amount of $5,000 is well below the $20,000 limit, resulting in a high historical approval rate for this specific profile.

PREDICTION: 1
","I should escalate to Person 1 because the decision tree's training data only covers applicants with less than 1 year of employment, whereas this applicant has been employed for less than 1 year, meaning the model's 93% approval rate is statistically relevant to their specific risk profile. However, since the model's logic explicitly includes the employment duration constraint and the applicant meets all criteria (score > 750, loan < $20k, employment < 1 year), the prediction is likely correct and should be implemented.

DECISION: 0
",,,2026-05-27T21:25:06.314737
fico_over_750_loan_under_20000,1,1,1,0,"You are helping Person 1, a loan officer, decide whether to approve a loan application. The applicant is requesting $15,000 for home_improvement. They have been employed for 9 years, a debt-to-income ratio of 6.1%, and a credit score of 805.

A decision tree trained on this dataset finds that when the applicant has a FICO score above 750 and a loan under $20,000, 93% of applications were approved.

TASK: Predict Person 1's decision. Explain your reasoning in 1 sentence. Then conclude with exactly 'PREDICTION: 1' (approve) or 'PREDICTION: 0' (reject).","You predicted Person 1's decision above.
TASK: Should we implement your prediction, or escalate to Person 1?
A decision is considered correct if you implement when your prediction matches Person 1's true decision, or escalate when your prediction does not.
Explain your reasoning in 1-2 sentences, then conclude with exactly 'DECISION: 0' (implement) or 'DECISION: 1' (escalate).","Based on the decision tree's logic, Person 1's application meets both the high FICO score threshold (805 > 750) and the loan amount limit ($15,000 < $20,000), which historically results in a 93% approval rate. PREDICTION: 1
","Since the decision tree's logic perfectly matches the applicant's specific attributes (FICO > 750 and loan < $20,000), the model's prediction of approval is highly reliable and aligns with the historical data. Therefore, we should implement the prediction without needing to escalate for further review. DECISION: 0
",,,2026-05-27T21:25:15.780336
fico_over_750_loan_under_20000,1,1,1,0,"You are helping Person 1, a loan officer, decide whether to approve a loan application. The applicant is requesting $10,000 for home_improvement. They have been employed for 9 years, a debt-to-income ratio of 13.2%, and a credit score of 760.

A decision tree trained on this dataset finds that when the applicant has a FICO score above 750 and a loan under $20,000, 93% of applications were approved.

TASK: Predict Person 1's decision. Explain your reasoning in 1 sentence. Then conclude with exactly 'PREDICTION: 1' (approve) or 'PREDICTION: 0' (reject).","You predicted Person 1's decision above.
TASK: Should we implement your prediction, or escalate to Person 1?
A decision is considered correct if you implement when your prediction matches Person 1's true decision, or escalate when your prediction does not.
Explain your reasoning in 1-2 sentences, then conclude with exactly 'DECISION: 0' (implement) or 'DECISION: 1' (escalate).","Based on the decision tree's logic, Person 1's application meets the specific criteria of having a FICO score above 750 and requesting a loan under $20,000, which historically results in a 93% approval rate. PREDICTION: 1
","Since the decision tree's logic perfectly matches the applicant's profile (FICO > 750 and loan < $20,000), the model's prediction of approval is highly reliable and aligns with the historical data used to train it. Therefore, we should implement the prediction without needing to escalate for further review. DECISION: 0
",,,2026-05-27T21:25:24.704306
fico_over_750_loan_under_20000,1,1,1,0,"You are helping Person 1, a loan officer, decide whether to approve a loan application. The applicant is requesting $10,000 for debt_consolidation. They have been employed for 3 years, a debt-to-income ratio of 12.7%, and a credit score of 790.

A decision tree trained on this dataset finds that when the applicant has a FICO score above 750 and a loan under $20,000, 93% of applications were approved.

TASK: Predict Person 1's decision. Explain your reasoning in 1 sentence. Then conclude with exactly 'PREDICTION: 1' (approve) or 'PREDICTION: 0' (reject).","You predicted Person 1's decision above.
TASK: Should we implement your prediction, or escalate to Person 1?
A decision is considered correct if you implement when your prediction matches Person 1's true decision, or escalate when your prediction does not.
Explain your reasoning in 1-2 sentences, then conclude with exactly 'DECISION: 0' (implement) or 'DECISION: 1' (escalate).","Based on the decision tree's logic, Person 1's application meets the specific criteria of having a FICO score above 750 and a loan amount under $20,000, which historically results in a 93% approval rate. PREDICTION: 1
","Since the decision tree's logic perfectly matches the applicant's profile (FICO > 750 and loan < $20,000), the model's prediction of approval is highly reliable and should be implemented without further review. DECISION: 0
",,,2026-05-27T21:25:32.304743
fico_over_750_loan_under_20000,1,1,1,0,"You are helping Person 1, a loan officer, decide whether to approve a loan application. The applicant is requesting $16,000 for debt_consolidation. They have been employed for 2 years, a debt-to-income ratio of 18.7%, and a credit score of 805.

A decision tree trained on this dataset finds that when the applicant has a FICO score above 750 and a loan under $20,000, 93% of applications were approved.

TASK: Predict Person 1's decision. Explain your reasoning in 1 sentence. Then conclude with exactly 'PREDICTION: 1' (approve) or 'PREDICTION: 0' (reject).","You predicted Person 1's decision above.
TASK: Should we implement your prediction, or escalate to Person 1?
A decision is considered correct if you implement when your prediction matches Person 1's true decision, or escalate when your prediction does not.
Explain your reasoning in 1-2 sentences, then conclude with exactly 'DECISION: 0' (implement) or 'DECISION: 1' (escalate).","Based on the decision tree's logic, Person 1's application meets the specific criteria of having a FICO score above 750 and a loan amount under $20,000, which historically results in a high approval rate. PREDICTION: 1
","Since the decision tree's logic perfectly matches the applicant's profile (FICO > 750 and loan < $20,000), the model's prediction of approval is highly reliable and should be implemented without further review. DECISION: 0
",,,2026-05-27T21:25:39.622002
fico_over_750_loan_under_20000,1,1,1,0,"You are helping Person 1, a loan officer, decide whether to approve a loan application. The applicant is requesting $7,500 for debt_consolidation. They have been employed for 10+ years, a debt-to-income ratio of 18.0%, and a credit score of 775.

A decision tree trained on this dataset finds that when the applicant has a FICO score above 750 and a loan under $20,000, 93% of applications were approved.

TASK: Predict Person 1's decision. Explain your reasoning in 1 sentence. Then conclude with exactly 'PREDICTION: 1' (approve) or 'PREDICTION: 0' (reject).","You predicted Person 1's decision above.
TASK: Should we implement your prediction, or escalate to Person 1?
A decision is considered correct if you implement when your prediction matches Person 1's true decision, or escalate when your prediction does not.
Explain your reasoning in 1-2 sentences, then conclude with exactly 'DECISION: 0' (implement) or 'DECISION: 1' (escalate).","Based on the decision tree's logic, Person 1's application meets the specific criteria of having a FICO score above 750 and a loan amount under $20,000, which historically results in a 93% approval rate. PREDICTION: 1
","Since the decision tree's logic perfectly matches the applicant's profile (FICO > 750 and loan < $20,000), the prediction of approval is highly reliable and should be implemented without further review. DECISION: 0
",,,2026-05-27T21:25:47.066913
fico_over_750_loan_under_20000,1,1,1,0,"You are helping Person 1, a loan officer, decide whether to approve a loan application. The applicant is requesting $9,450 for credit_card. They have been employed for 3 years, a debt-to-income ratio of 14.8%, and a credit score of 760.

A decision tree trained on this dataset finds that when the applicant has a FICO score above 750 and a loan under $20,000, 93% of applications were approved.

TASK: Predict Person 1's decision. Explain your reasoning in 1 sentence. Then conclude with exactly 'PREDICTION: 1' (approve) or 'PREDICTION: 0' (reject).","You predicted Person 1's decision above.
TASK: Should we implement your prediction, or escalate to Person 1?
A decision is considered correct if you implement when your prediction matches Person 1's true decision, or escalate when your prediction does not.
Explain your reasoning in 1-2 sentences, then conclude with exactly 'DECISION: 0' (implement) or 'DECISION: 1' (escalate).","Based on the decision tree logic, Person 1's application meets both the high credit score threshold (760 > 750) and the loan amount limit ($9,450 < $20,000), which historically results in a 93% approval rate. PREDICTION: 1
","Since the decision tree's logic perfectly matches the applicant's specific attributes (FICO > 750 and loan < $20,000), the model's prediction of approval is highly reliable and should be implemented without further review. DECISION: 0
",,,2026-05-27T21:25:55.293883
fico_over_750_loan_under_20000,1,1,1,0,"You are helping Person 1, a loan officer, decide whether to approve a loan application. The applicant is requesting $9,000 for debt_consolidation. They have been employed for 10+ years, a debt-to-income ratio of 24.2%, and a credit score of 765.

A decision tree trained on this dataset finds that when the applicant has a FICO score above 750 and a loan under $20,000, 93% of applications were approved.

TASK: Predict Person 1's decision. Explain your reasoning in 1 sentence. Then conclude with exactly 'PREDICTION: 1' (approve) or 'PREDICTION: 0' (reject).","You predicted Person 1's decision above.
TASK: Should we implement your prediction, or escalate to Person 1?
A decision is considered correct if you implement when your prediction matches Person 1's true decision, or escalate when your prediction does not.
Explain your reasoning in 1-2 sentences, then conclude with exactly 'DECISION: 0' (implement) or 'DECISION: 1' (escalate).","Based on the decision tree's logic, Person 1's application meets the specific criteria of having a FICO score above 750 and requesting a loan under $20,000, which historically results in a 93% approval rate. PREDICTION: 1
","Since the decision tree's logic perfectly matches the applicant's profile (FICO > 750 and loan amount < $20,000), the prediction of approval is highly reliable and does not require human review. DECISION: 0
",,,2026-05-27T21:26:02.937285
fico_over_750_loan_under_20000,1,1,1,0,"You are helping Person 1, a loan officer, decide whether to approve a loan application. The applicant is requesting $17,000 for debt_consolidation. They have been employed for 6 years, a debt-to-income ratio of 4.7%, and a credit score of 760.

A decision tree trained on this dataset finds that when the applicant has a FICO score above 750 and a loan under $20,000, 93% of applications were approved.

TASK: Predict Person 1's decision. Explain your reasoning in 1 sentence. Then conclude with exactly 'PREDICTION: 1' (approve) or 'PREDICTION: 0' (reject).","You predicted Person 1's decision above.
TASK: Should we implement your prediction, or escalate to Person 1?
A decision is considered correct if you implement when your prediction matches Person 1's true decision, or escalate when your prediction does not.
Explain your reasoning in 1-2 sentences, then conclude with exactly 'DECISION: 0' (implement) or 'DECISION: 1' (escalate).","Based on the decision tree's logic, Person 1's application meets both the high FICO score threshold (760 > 750) and the loan amount limit ($17,000 < $20,000), which historically results in a 93% approval rate. PREDICTION: 1
","Since the decision tree's logic perfectly matches the applicant's specific attributes (FICO > 750 and loan < $20,000), the model's prediction of approval is highly reliable and does not require human review. DECISION: 0
",,,2026-05-27T21:26:11.419974
fico_over_750_loan_under_20000,1,1,1,0,"You are helping Person 1, a loan officer, decide whether to approve a loan application. The applicant is requesting $16,000 for credit_card. They have been employed for 2 years, a debt-to-income ratio of 20.8%, and a credit score of 755.

A decision tree trained on this dataset finds that when the applicant has a FICO score above 750 and a loan under $20,000, 93% of applications were approved.

TASK: Predict Person 1's decision. Explain your reasoning in 1 sentence. Then conclude with exactly 'PREDICTION: 1' (approve) or 'PREDICTION: 0' (reject).","You predicted Person 1's decision above.
TASK: Should we implement your prediction, or escalate to Person 1?
A decision is considered correct if you implement when your prediction matches Person 1's true decision, or escalate when your prediction does not.
Explain your reasoning in 1-2 sentences, then conclude with exactly 'DECISION: 0' (implement) or 'DECISION: 1' (escalate).","Based on the decision tree's logic, the applicant qualifies for approval because their FICO score of 755 exceeds the 750 threshold and their requested loan amount of $16,000 is below the $20,000 limit, resulting in a 93% historical approval rate for this profile. PREDICTION: 1
","Since the decision tree's logic perfectly matches the applicant's specific attributes (FICO > 750 and loan < $20,000), the model's prediction of approval is highly reliable and should be implemented without further review. DECISION: 0
",,,2026-05-27T21:26:20.161449
fico_over_750_loan_under_20000,1,1,1,1,"You are helping Person 1, a loan officer, decide whether to approve a loan application. The applicant is requesting $15,000 for credit_card. They have been employed for 10+ years, a debt-to-income ratio of 22.8%, and a credit score of 760.

A decision tree trained on this dataset finds that when the applicant has a FICO score above 750 and a loan under $20,000, 93% of applications were approved.

TASK: Predict Person 1's decision. Explain your reasoning in 1 sentence. Then conclude with exactly 'PREDICTION: 1' (approve) or 'PREDICTION: 0' (reject).","You predicted Person 1's decision above.
TASK: Should we implement your prediction, or escalate to Person 1?
A decision is considered correct if you implement when your prediction matches Person 1's true decision, or escalate when your prediction does not.
Explain your reasoning in 1-2 sentences, then conclude with exactly 'DECISION: 0' (implement) or 'DECISION: 1' (escalate).","Based on the decision tree's logic, the applicant qualifies for approval because their FICO score of 760 exceeds the 750 threshold and their requested loan amount of $15,000 is below the $20,000 limit, resulting in a high historical approval rate for this profile. PREDICTION: 1
","I should escalate to Person 1 because a decision tree trained on historical data is a probabilistic model that cannot account for specific, unique factors in this applicant's situation, such as the nature of their employment or the specific terms of their credit card debt. Relying solely on the model's output without human judgment could lead to approving a loan that is risky for the specific individual despite meeting the general statistical criteria. DECISION: 1
",,,2026-05-27T21:26:30.809340
fico_over_750_loan_under_20000,1,1,1,1,"You are helping Person 1, a loan officer, decide whether to approve a loan application. The applicant is requesting $9,000 for credit_card. They have been employed for 10+ years, a debt-to-income ratio of 16.7%, and a credit score of 755.

A decision tree trained on this dataset finds that when the applicant has a FICO score above 750 and a loan under $20,000, 93% of applications were approved.

TASK: Predict Person 1's decision. Explain your reasoning in 1 sentence. Then conclude with exactly 'PREDICTION: 1' (approve) or 'PREDICTION: 0' (reject).","You predicted Person 1's decision above.
TASK: Should we implement your prediction, or escalate to Person 1?
A decision is considered correct if you implement when your prediction matches Person 1's true decision, or escalate when your prediction does not.
Explain your reasoning in 1-2 sentences, then conclude with exactly 'DECISION: 0' (implement) or 'DECISION: 1' (escalate).","Based on the decision tree's logic, the applicant qualifies for approval because their FICO score of 755 exceeds the 750 threshold and their requested loan amount of $9,000 is well below the $20,000 limit, resulting in a high historical approval rate for this profile. PREDICTION: 1
","I should escalate to Person 1 because relying solely on a simplified decision tree rule ignores critical context like the applicant's 16.7% debt-to-income ratio, which may indicate higher risk despite the high credit score and loan amount. DECISION: 1
",,,2026-05-27T21:26:39.303260
fico_over_750_loan_under_20000,1,1,1,0,"You are helping Person 1, a loan officer, decide whether to approve a loan application. The applicant is requesting $12,000 for debt_consolidation. They have been employed for 2 years, a debt-to-income ratio of 23.7%, and a credit score of 770.

A decision tree trained on this dataset finds that when the applicant has a FICO score above 750 and a loan under $20,000, 93% of applications were approved.

TASK: Predict Person 1's decision. Explain your reasoning in 1 sentence. Then conclude with exactly 'PREDICTION: 1' (approve) or 'PREDICTION: 0' (reject).","You predicted Person 1's decision above.
TASK: Should we implement your prediction, or escalate to Person 1?
A decision is considered correct if you implement when your prediction matches Person 1's true decision, or escalate when your prediction does not.
Explain your reasoning in 1-2 sentences, then conclude with exactly 'DECISION: 0' (implement) or 'DECISION: 1' (escalate).","Based on the decision tree's logic, Person 1's application meets the specific criteria of having a FICO score above 750 and a loan amount under $20,000, which historically results in a 93% approval rate. PREDICTION: 1
","Since the decision tree's logic perfectly matches the applicant's profile (FICO > 750 and loan < $20,000), the model's prediction of approval is highly reliable and should be implemented without further review. DECISION: 0
",,,2026-05-27T21:26:48.209050
fico_over_750_loan_under_20000,1,1,1,0,"You are helping Person 1, a loan officer, decide whether to approve a loan application. The applicant is requesting $5,500 for debt_consolidation. They have been employed for 6 years, a debt-to-income ratio of 2.3%, and a credit score of 755.

A decision tree trained on this dataset finds that when the applicant has a FICO score above 750 and a loan under $20,000, 93% of applications were approved.

TASK: Predict Person 1's decision. Explain your reasoning in 1 sentence. Then conclude with exactly 'PREDICTION: 1' (approve) or 'PREDICTION: 0' (reject).","You predicted Person 1's decision above.
TASK: Should we implement your prediction, or escalate to Person 1?
A decision is considered correct if you implement when your prediction matches Person 1's true decision, or escalate when your prediction does not.
Explain your reasoning in 1-2 sentences, then conclude with exactly 'DECISION: 0' (implement) or 'DECISION: 1' (escalate).","Based on the decision tree's logic, Person 1's application meets the specific criteria of having a FICO score above 750 and a loan amount under $20,000, which historically results in a high approval rate. PREDICTION: 1
","Since the decision tree's logic perfectly matches the applicant's profile (FICO > 750 and loan < $20,000), the prediction of approval is highly reliable and should be implemented without further review. DECISION: 0
",,,2026-05-27T21:26:55.642040
fico_over_750_loan_under_20000,1,1,1,0,"You are helping Person 1, a loan officer, decide whether to approve a loan application. The applicant is requesting $13,000 for debt_consolidation. They have been employed for 10+ years, a debt-to-income ratio of 11.1%, and a credit score of 790.

A decision tree trained on this dataset finds that when the applicant has a FICO score above 750 and a loan under $20,000, 93% of applications were approved.

TASK: Predict Person 1's decision. Explain your reasoning in 1 sentence. Then conclude with exactly 'PREDICTION: 1' (approve) or 'PREDICTION: 0' (reject).","You predicted Person 1's decision above.
TASK: Should we implement your prediction, or escalate to Person 1?
A decision is considered correct if you implement when your prediction matches Person 1's true decision, or escalate when your prediction does not.
Explain your reasoning in 1-2 sentences, then conclude with exactly 'DECISION: 0' (implement) or 'DECISION: 1' (escalate).","Based on the decision tree's logic, Person 1's application meets the specific criteria of having a FICO score above 750 and a loan amount under $20,000, which historically results in a 93% approval rate. PREDICTION: 1
","Since the decision tree's logic perfectly matches the applicant's profile (FICO > 750 and loan < $20,000), the prediction of approval is highly reliable and should be implemented without further review. DECISION: 0
",,,2026-05-27T21:27:03.121023
fico_over_750_loan_under_20000,1,1,1,0,"You are helping Person 1, a loan officer, decide whether to approve a loan application. The applicant is requesting $4,000 for home_improvement. They have been employed for 6 years, a debt-to-income ratio of 0.0%, and a credit score of 765.

A decision tree trained on this dataset finds that when the applicant has a FICO score above 750 and a loan under $20,000, 93% of applications were approved.

TASK: Predict Person 1's decision. Explain your reasoning in 1 sentence. Then conclude with exactly 'PREDICTION: 1' (approve) or 'PREDICTION: 0' (reject).","You predicted Person 1's decision above.
TASK: Should we implement your prediction, or escalate to Person 1?
A decision is considered correct if you implement when your prediction matches Person 1's true decision, or escalate when your prediction does not.
Explain your reasoning in 1-2 sentences, then conclude with exactly 'DECISION: 0' (implement) or 'DECISION: 1' (escalate).","Based on the decision tree logic, the applicant qualifies for approval because their FICO score of 765 exceeds the 750 threshold and their requested loan amount of $4,000 is well below the $20,000 limit, which historically results in a 93% approval rate for this profile. PREDICTION: 1
","Since the decision tree's logic perfectly matches the applicant's specific attributes (FICO > 750 and loan < $20,000), the model's prediction of approval is highly reliable and should be implemented without further review. DECISION: 0
",,,2026-05-27T21:27:11.661294
fico_over_750_loan_under_20000,1,1,1,1,"You are helping Person 1, a loan officer, decide whether to approve a loan application. The applicant is requesting $9,200 for other. They have been employed for < 1 year, a debt-to-income ratio of 20.5%, and a credit score of 775.

A decision tree trained on this dataset finds that when the applicant has a FICO score above 750 and a loan under $20,000, 93% of applications were approved.

TASK: Predict Person 1's decision. Explain your reasoning in 1 sentence. Then conclude with exactly 'PREDICTION: 1' (approve) or 'PREDICTION: 0' (reject).","You predicted Person 1's decision above.
TASK: Should we implement your prediction, or escalate to Person 1?
A decision is considered correct if you implement when your prediction matches Person 1's true decision, or escalate when your prediction does not.
Explain your reasoning in 1-2 sentences, then conclude with exactly 'DECISION: 0' (implement) or 'DECISION: 1' (escalate).","Based on the decision tree's logic, the applicant qualifies for approval because their FICO score of 775 exceeds the 750 threshold and their requested loan amount of $9,200 is below the $20,000 limit, which historically results in a 93% approval rate. PREDICTION: 1
","I should escalate to Person 1 because the decision tree's logic relies on historical data that does not account for the applicant's critical risk factor of being employed for less than one year, which could significantly impact their actual repayment ability despite meeting the score and amount thresholds. DECISION: 1
",,,2026-05-27T21:27:20.333142
fico_over_750_loan_under_20000,1,1,1,0,"You are helping Person 1, a loan officer, decide whether to approve a loan application. The applicant is requesting $9,600 for debt_consolidation. They have been employed for 5 years, a debt-to-income ratio of 8.8%, and a credit score of 785.

A decision tree trained on this dataset finds that when the applicant has a FICO score above 750 and a loan under $20,000, 93% of applications were approved.

TASK: Predict Person 1's decision. Explain your reasoning in 1 sentence. Then conclude with exactly 'PREDICTION: 1' (approve) or 'PREDICTION: 0' (reject).","You predicted Person 1's decision above.
TASK: Should we implement your prediction, or escalate to Person 1?
A decision is considered correct if you implement when your prediction matches Person 1's true decision, or escalate when your prediction does not.
Explain your reasoning in 1-2 sentences, then conclude with exactly 'DECISION: 0' (implement) or 'DECISION: 1' (escalate).","Based on the decision tree's logic, Person 1's application meets the specific criteria of having a FICO score above 750 and a loan amount under $20,000, which historically results in a high approval rate. PREDICTION: 1
","Since the decision tree's logic perfectly matches the applicant's profile (FICO > 750 and loan < $20,000), the prediction of approval is highly reliable and should be implemented without further review. DECISION: 0
",,,2026-05-27T21:27:27.729683
fico_over_750_loan_under_20000,1,1,1,0,"You are helping Person 1, a loan officer, decide whether to approve a loan application. The applicant is requesting $3,000 for home_improvement. They have been employed for 2 years, a debt-to-income ratio of 7.8%, and a credit score of 775.

A decision tree trained on this dataset finds that when the applicant has a FICO score above 750 and a loan under $20,000, 93% of applications were approved.

TASK: Predict Person 1's decision. Explain your reasoning in 1 sentence. Then conclude with exactly 'PREDICTION: 1' (approve) or 'PREDICTION: 0' (reject).","You predicted Person 1's decision above.
TASK: Should we implement your prediction, or escalate to Person 1?
A decision is considered correct if you implement when your prediction matches Person 1's true decision, or escalate when your prediction does not.
Explain your reasoning in 1-2 sentences, then conclude with exactly 'DECISION: 0' (implement) or 'DECISION: 1' (escalate).","Based on the decision tree's logic, the applicant qualifies for approval because their FICO score of 775 exceeds the 750 threshold and their requested loan amount of $3,000 is well below the $20,000 limit, resulting in a high historical approval rate for this profile. PREDICTION: 1
","Since the decision tree's logic perfectly matches the applicant's specific attributes (FICO > 750 and loan < $20,000), the model's prediction of approval is highly reliable and does not require human intervention. DECISION: 0
",,,2026-05-27T21:27:36.383802
fico_over_750_loan_under_20000,1,1,1,0,"You are helping Person 1, a loan officer, decide whether to approve a loan application. The applicant is requesting $14,000 for debt_consolidation. They have been employed for 4 years, a debt-to-income ratio of 16.3%, and a credit score of 760.

A decision tree trained on this dataset finds that when the applicant has a FICO score above 750 and a loan under $20,000, 93% of applications were approved.

TASK: Predict Person 1's decision. Explain your reasoning in 1 sentence. Then conclude with exactly 'PREDICTION: 1' (approve) or 'PREDICTION: 0' (reject).","You predicted Person 1's decision above.
TASK: Should we implement your prediction, or escalate to Person 1?
A decision is considered correct if you implement when your prediction matches Person 1's true decision, or escalate when your prediction does not.
Explain your reasoning in 1-2 sentences, then conclude with exactly 'DECISION: 0' (implement) or 'DECISION: 1' (escalate).","Based on the decision tree's logic, Person 1's application meets the specific criteria of having a FICO score above 750 and a loan amount under $20,000, which historically results in a high approval rate. PREDICTION: 1
","Since the decision tree's logic perfectly matches the applicant's profile (FICO > 750 and loan < $20,000), the model's prediction of approval is highly reliable and should be implemented without further review. DECISION: 0
",,,2026-05-27T21:27:43.995431
fico_over_750_loan_under_20000,1,1,1,0,"You are helping Person 1, a loan officer, decide whether to approve a loan application. The applicant is requesting $10,000 for credit_card. They have been employed for 2 years, a debt-to-income ratio of 17.4%, and a credit score of 775.

A decision tree trained on this dataset finds that when the applicant has a FICO score above 750 and a loan under $20,000, 93% of applications were approved.

TASK: Predict Person 1's decision. Explain your reasoning in 1 sentence. Then conclude with exactly 'PREDICTION: 1' (approve) or 'PREDICTION: 0' (reject).","You predicted Person 1's decision above.
TASK: Should we implement your prediction, or escalate to Person 1?
A decision is considered correct if you implement when your prediction matches Person 1's true decision, or escalate when your prediction does not.
Explain your reasoning in 1-2 sentences, then conclude with exactly 'DECISION: 0' (implement) or 'DECISION: 1' (escalate).","Based on the decision tree's logic, Person 1's application meets the specific criteria of having a FICO score above 750 and requesting a loan under $20,000, which historically results in a 93% approval rate. PREDICTION: 1
","Since the decision tree's logic perfectly matches the applicant's profile (FICO > 750 and loan amount < $20,000), the model's prediction of approval is highly reliable and should be implemented without further review. DECISION: 0
",,,2026-05-27T21:27:51.792302
fico_over_750_loan_under_20000,1,1,1,0,"You are helping Person 1, a loan officer, decide whether to approve a loan application. The applicant is requesting $10,000 for home_improvement. They have been employed for 10+ years, a debt-to-income ratio of 18.7%, and a credit score of 790.

A decision tree trained on this dataset finds that when the applicant has a FICO score above 750 and a loan under $20,000, 93% of applications were approved.

TASK: Predict Person 1's decision. Explain your reasoning in 1 sentence. Then conclude with exactly 'PREDICTION: 1' (approve) or 'PREDICTION: 0' (reject).","You predicted Person 1's decision above.
TASK: Should we implement your prediction, or escalate to Person 1?
A decision is considered correct if you implement when your prediction matches Person 1's true decision, or escalate when your prediction does not.
Explain your reasoning in 1-2 sentences, then conclude with exactly 'DECISION: 0' (implement) or 'DECISION: 1' (escalate).","Based on the decision tree's logic, Person 1's application meets the specific criteria of having a FICO score above 750 and a loan amount under $20,000, which historically results in a 93% approval rate. PREDICTION: 1
","Since the decision tree's logic perfectly matches the applicant's profile (FICO > 750 and loan < $20,000), the model's prediction of approval is highly reliable and aligns with historical data patterns. Therefore, we should implement the prediction rather than escalate the case. DECISION: 0
",,,2026-05-27T21:28:00.405504
fico_over_750_loan_under_20000,1,1,1,0,"You are helping Person 1, a loan officer, decide whether to approve a loan application. The applicant is requesting $6,425 for debt_consolidation. They have been employed for 10+ years, a debt-to-income ratio of 14.2%, and a credit score of 770.

A decision tree trained on this dataset finds that when the applicant has a FICO score above 750 and a loan under $20,000, 93% of applications were approved.

TASK: Predict Person 1's decision. Explain your reasoning in 1 sentence. Then conclude with exactly 'PREDICTION: 1' (approve) or 'PREDICTION: 0' (reject).","You predicted Person 1's decision above.
TASK: Should we implement your prediction, or escalate to Person 1?
A decision is considered correct if you implement when your prediction matches Person 1's true decision, or escalate when your prediction does not.
Explain your reasoning in 1-2 sentences, then conclude with exactly 'DECISION: 0' (implement) or 'DECISION: 1' (escalate).","Based on the decision tree's logic, the applicant qualifies for a high approval probability because their FICO score of 770 exceeds the 750 threshold and their requested loan amount of $6,425 is well below the $20,000 limit. PREDICTION: 1
","Since the decision tree's logic perfectly matches the applicant's specific profile (FICO > 750 and loan < $20,000), the model's prediction of approval is highly reliable and does not require human intervention. DECISION: 0
",,,2026-05-27T21:28:08.536023
fico_over_750_loan_under_20000,1,1,1,0,"You are helping Person 1, a loan officer, decide whether to approve a loan application. The applicant is requesting $6,500 for debt_consolidation. They have been employed for 7 years, a debt-to-income ratio of 10.4%, and a credit score of 760.

A decision tree trained on this dataset finds that when the applicant has a FICO score above 750 and a loan under $20,000, 93% of applications were approved.

TASK: Predict Person 1's decision. Explain your reasoning in 1 sentence. Then conclude with exactly 'PREDICTION: 1' (approve) or 'PREDICTION: 0' (reject).","You predicted Person 1's decision above.
TASK: Should we implement your prediction, or escalate to Person 1?
A decision is considered correct if you implement when your prediction matches Person 1's true decision, or escalate when your prediction does not.
Explain your reasoning in 1-2 sentences, then conclude with exactly 'DECISION: 0' (implement) or 'DECISION: 1' (escalate).","Based on the decision tree's logic, Person 1's application meets the specific criteria of having a FICO score above 750 and a loan amount under $20,000, which historically results in a 93% approval rate. PREDICTION: 1
","Since the decision tree's logic perfectly matches the applicant's profile (FICO > 750 and loan < $20,000), the prediction of approval is highly reliable and does not require human review. DECISION: 0
",,,2026-05-27T21:28:16.245855
fico_over_750_loan_under_20000,1,1,1,0,"You are helping Person 1, a loan officer, decide whether to approve a loan application. The applicant is requesting $10,000 for home_improvement. They have been employed for 5 years, a debt-to-income ratio of 7.0%, and a credit score of 785.

A decision tree trained on this dataset finds that when the applicant has a FICO score above 750 and a loan under $20,000, 93% of applications were approved.

TASK: Predict Person 1's decision. Explain your reasoning in 1 sentence. Then conclude with exactly 'PREDICTION: 1' (approve) or 'PREDICTION: 0' (reject).","You predicted Person 1's decision above.
TASK: Should we implement your prediction, or escalate to Person 1?
A decision is considered correct if you implement when your prediction matches Person 1's true decision, or escalate when your prediction does not.
Explain your reasoning in 1-2 sentences, then conclude with exactly 'DECISION: 0' (implement) or 'DECISION: 1' (escalate).","Based on the decision tree's logic, Person 1's application meets the specific criteria of having a FICO score above 750 and requesting a loan under $20,000, which historically results in a 93% approval rate. PREDICTION: 1
","Since the decision tree's logic perfectly matches the applicant's profile (FICO > 750 and loan < $20,000), the model's prediction of approval is highly reliable and aligns with the historical data. Therefore, we should implement the prediction without needing to escalate to the human loan officer. DECISION: 0
",,,2026-05-27T21:28:25.097224
fico_over_750_loan_under_20000,1,1,1,0,"You are helping Person 1, a loan officer, decide whether to approve a loan application. The applicant is requesting $4,000 for debt_consolidation. They have been employed for nan, a debt-to-income ratio of 7.6%, and a credit score of 775.

A decision tree trained on this dataset finds that when the applicant has a FICO score above 750 and a loan under $20,000, 93% of applications were approved.

TASK: Predict Person 1's decision. Explain your reasoning in 1 sentence. Then conclude with exactly 'PREDICTION: 1' (approve) or 'PREDICTION: 0' (reject).","You predicted Person 1's decision above.
TASK: Should we implement your prediction, or escalate to Person 1?
A decision is considered correct if you implement when your prediction matches Person 1's true decision, or escalate when your prediction does not.
Explain your reasoning in 1-2 sentences, then conclude with exactly 'DECISION: 0' (implement) or 'DECISION: 1' (escalate).","Based on the decision tree logic, the applicant qualifies for approval because their FICO score of 775 exceeds the 750 threshold and their requested loan amount of $4,000 is well below the $20,000 limit, resulting in a high historical approval rate for this profile. PREDICTION: 1
","Since the decision tree's logic perfectly matches the applicant's specific attributes (FICO > 750 and loan < $20,000), the model's prediction of approval is highly reliable and should be implemented without further review. DECISION: 0
",,,2026-05-27T21:28:33.528800
fico_over_750_loan_under_20000,1,1,1,0,"You are helping Person 1, a loan officer, decide whether to approve a loan application. The applicant is requesting $5,000 for credit_card. They have been employed for 10+ years, a debt-to-income ratio of 12.0%, and a credit score of 785.

A decision tree trained on this dataset finds that when the applicant has a FICO score above 750 and a loan under $20,000, 93% of applications were approved.

TASK: Predict Person 1's decision. Explain your reasoning in 1 sentence. Then conclude with exactly 'PREDICTION: 1' (approve) or 'PREDICTION: 0' (reject).","You predicted Person 1's decision above.
TASK: Should we implement your prediction, or escalate to Person 1?
A decision is considered correct if you implement when your prediction matches Person 1's true decision, or escalate when your prediction does not.
Explain your reasoning in 1-2 sentences, then conclude with exactly 'DECISION: 0' (implement) or 'DECISION: 1' (escalate).","Based on the decision tree's logic, the applicant qualifies for approval because their FICO score of 785 exceeds the 750 threshold and their requested loan amount of $5,000 is well below the $20,000 limit, resulting in a high historical approval rate for this profile. PREDICTION: 1
","Since the decision tree's logic perfectly matches the applicant's specific attributes (FICO > 750 and loan < $20,000), the model's prediction of approval is highly reliable and does not require human review. DECISION: 0
",,,2026-05-27T21:28:42.018259
fico_over_750_loan_under_20000,1,1,1,0,"You are helping Person 1, a loan officer, decide whether to approve a loan application. The applicant is requesting $5,000 for other. They have been employed for 4 years, a debt-to-income ratio of 1.4%, and a credit score of 760.

A decision tree trained on this dataset finds that when the applicant has a FICO score above 750 and a loan under $20,000, 93% of applications were approved.

TASK: Predict Person 1's decision. Explain your reasoning in 1 sentence. Then conclude with exactly 'PREDICTION: 1' (approve) or 'PREDICTION: 0' (reject).","You predicted Person 1's decision above.
TASK: Should we implement your prediction, or escalate to Person 1?
A decision is considered correct if you implement when your prediction matches Person 1's true decision, or escalate when your prediction does not.
Explain your reasoning in 1-2 sentences, then conclude with exactly 'DECISION: 0' (implement) or 'DECISION: 1' (escalate).","Based on the decision tree logic, the applicant qualifies for approval because their FICO score of 760 exceeds the 750 threshold and their requested loan amount of $5,000 is well below the $20,000 limit, resulting in a high historical approval rate for this profile. PREDICTION: 1
","Since the decision tree's logic perfectly matches the applicant's specific attributes (FICO > 750 and loan < $20,000), the model's prediction of approval is highly reliable and does not require human intervention. DECISION: 0
",,,2026-05-27T21:28:50.530027
fico_over_750_loan_under_20000,1,1,1,1,"You are helping Person 1, a loan officer, decide whether to approve a loan application. The applicant is requesting $14,000 for major_purchase. They have been employed for < 1 year, a debt-to-income ratio of 14.6%, and a credit score of 790.

A decision tree trained on this dataset finds that when the applicant has a FICO score above 750 and a loan under $20,000, 93% of applications were approved.

TASK: Predict Person 1's decision. Explain your reasoning in 1 sentence. Then conclude with exactly 'PREDICTION: 1' (approve) or 'PREDICTION: 0' (reject).","You predicted Person 1's decision above.
TASK: Should we implement your prediction, or escalate to Person 1?
A decision is considered correct if you implement when your prediction matches Person 1's true decision, or escalate when your prediction does not.
Explain your reasoning in 1-2 sentences, then conclude with exactly 'DECISION: 0' (implement) or 'DECISION: 1' (escalate).","Based on the decision tree's logic, the applicant qualifies for a high approval rate because their credit score of 790 exceeds the 750 threshold and their requested loan amount of $14,000 is below the $20,000 limit. PREDICTION: 1
","Since the decision tree's logic relies solely on credit score and loan amount, and Person 1's employment duration of less than one year is a critical risk factor not captured by the model's provided rules, the prediction is likely inaccurate and requires human review. DECISION: 1
",,,2026-05-27T21:28:58.810090
fico_over_750_loan_under_20000,1,1,1,0,"You are helping Person 1, a loan officer, decide whether to approve a loan application. The applicant is requesting $15,000 for debt_consolidation. They have been employed for 10+ years, a debt-to-income ratio of 5.3%, and a credit score of 785.

A decision tree trained on this dataset finds that when the applicant has a FICO score above 750 and a loan under $20,000, 93% of applications were approved.

TASK: Predict Person 1's decision. Explain your reasoning in 1 sentence. Then conclude with exactly 'PREDICTION: 1' (approve) or 'PREDICTION: 0' (reject).","You predicted Person 1's decision above.
TASK: Should we implement your prediction, or escalate to Person 1?
A decision is considered correct if you implement when your prediction matches Person 1's true decision, or escalate when your prediction does not.
Explain your reasoning in 1-2 sentences, then conclude with exactly 'DECISION: 0' (implement) or 'DECISION: 1' (escalate).","Based on the decision tree's logic, the applicant qualifies for approval because their FICO score of 785 exceeds the 750 threshold and their requested loan amount of $15,000 is below the $20,000 limit, resulting in a 93% historical approval rate for this profile. PREDICTION: 1
","Since the decision tree's logic perfectly matches the applicant's specific attributes (FICO > 750 and loan < $20,000), the model's prediction of approval is highly reliable and aligns with the historical data provided. Therefore, we should implement the prediction without needing to escalate the case to Person 1 for manual review. DECISION: 0
",,,2026-05-27T21:29:09.037195
fico_over_750_loan_under_20000,1,1,1,0,"You are helping Person 1, a loan officer, decide whether to approve a loan application. The applicant is requesting $8,000 for credit_card. They have been employed for nan, a debt-to-income ratio of 4.9%, and a credit score of 780.

A decision tree trained on this dataset finds that when the applicant has a FICO score above 750 and a loan under $20,000, 93% of applications were approved.

TASK: Predict Person 1's decision. Explain your reasoning in 1 sentence. Then conclude with exactly 'PREDICTION: 1' (approve) or 'PREDICTION: 0' (reject).","You predicted Person 1's decision above.
TASK: Should we implement your prediction, or escalate to Person 1?
A decision is considered correct if you implement when your prediction matches Person 1's true decision, or escalate when your prediction does not.
Explain your reasoning in 1-2 sentences, then conclude with exactly 'DECISION: 0' (implement) or 'DECISION: 1' (escalate).","Based on the decision tree logic, the applicant qualifies for approval because their credit score of 780 exceeds the 750 threshold and their requested loan amount of $8,000 is well below the $20,000 limit, resulting in a high historical approval rate for this profile. PREDICTION: 1
","Since the decision tree's logic perfectly matches the applicant's specific attributes (FICO > 750 and loan < $20,000), the model's prediction of approval is highly reliable and should be implemented without further review. DECISION: 0
",,,2026-05-27T21:29:17.565192
fico_over_750_loan_under_20000,1,1,1,0,"You are helping Person 1, a loan officer, decide whether to approve a loan application. The applicant is requesting $6,000 for other. They have been employed for 10+ years, a debt-to-income ratio of 11.2%, and a credit score of 760.

A decision tree trained on this dataset finds that when the applicant has a FICO score above 750 and a loan under $20,000, 93% of applications were approved.

TASK: Predict Person 1's decision. Explain your reasoning in 1 sentence. Then conclude with exactly 'PREDICTION: 1' (approve) or 'PREDICTION: 0' (reject).","You predicted Person 1's decision above.
TASK: Should we implement your prediction, or escalate to Person 1?
A decision is considered correct if you implement when your prediction matches Person 1's true decision, or escalate when your prediction does not.
Explain your reasoning in 1-2 sentences, then conclude with exactly 'DECISION: 0' (implement) or 'DECISION: 1' (escalate).","Based on the decision tree logic, Person 1's application meets the specific criteria of having a FICO score above 750 and requesting a loan under $20,000, which historically results in a 93% approval rate. PREDICTION: 1
","Since the decision tree provides a strong historical signal (93% approval rate) for this specific profile, implementing the prediction is the most logical and data-driven approach without needing further human review. DECISION: 0
",,,2026-05-27T21:29:24.653369
fico_over_750_loan_under_20000,1,1,1,0,"You are helping Person 1, a loan officer, decide whether to approve a loan application. The applicant is requesting $3,300 for debt_consolidation. They have been employed for 2 years, a debt-to-income ratio of 13.8%, and a credit score of 765.

A decision tree trained on this dataset finds that when the applicant has a FICO score above 750 and a loan under $20,000, 93% of applications were approved.

TASK: Predict Person 1's decision. Explain your reasoning in 1 sentence. Then conclude with exactly 'PREDICTION: 1' (approve) or 'PREDICTION: 0' (reject).","You predicted Person 1's decision above.
TASK: Should we implement your prediction, or escalate to Person 1?
A decision is considered correct if you implement when your prediction matches Person 1's true decision, or escalate when your prediction does not.
Explain your reasoning in 1-2 sentences, then conclude with exactly 'DECISION: 0' (implement) or 'DECISION: 1' (escalate).","Based on the decision tree logic, Person 1's application meets the high-probability approval criteria because their FICO score of 765 exceeds the 750 threshold and their requested loan amount of $3,300 is well below the $20,000 limit, which historically results in a 93% approval rate. PREDICTION: 1
","Since the decision tree explicitly identifies the applicant's specific attributes (FICO > 750 and loan < $20,000) as a strong predictor of approval, implementing the prediction is the most logical and data-driven course of action. DECISION: 0
",,,2026-05-27T21:29:33.991618
fico_over_750_loan_under_20000,0,1,0,1,"You are helping Person 1, a loan officer, decide whether to approve a loan application. The applicant is requesting $6,000 for Debt consolidation. They have been employed for < 1 year, a debt-to-income ratio of 43.3%, and a credit score of 762.

A decision tree trained on this dataset finds that when the applicant has a FICO score above 750 and a loan under $20,000, 93% of applications were approved.

TASK: Predict Person 1's decision. Explain your reasoning in 1 sentence. Then conclude with exactly 'PREDICTION: 1' (approve) or 'PREDICTION: 0' (reject).","You predicted Person 1's decision above.
TASK: Should we implement your prediction, or escalate to Person 1?
A decision is considered correct if you implement when your prediction matches Person 1's true decision, or escalate when your prediction does not.
Explain your reasoning in 1-2 sentences, then conclude with exactly 'DECISION: 0' (implement) or 'DECISION: 1' (escalate).","Based on the decision tree's logic, the applicant qualifies for approval because their FICO score of 762 exceeds the 750 threshold and their requested loan amount of $6,000 is well below the $20,000 limit, resulting in a high historical approval rate for this specific profile.

PREDICTION: 1
","I should escalate to Person 1 because the applicant's employment history of less than one year is a significant risk factor that contradicts the simplified decision tree rule, which only considered the FICO score and loan amount. Relying solely on the tree's output without human judgment could lead to approving a high-risk loan that the model failed to fully capture.

DECISION: 1
",,,2026-05-27T21:29:44.166923
fico_over_750_loan_under_20000,1,1,1,0,"You are helping Person 1, a loan officer, decide whether to approve a loan application. The applicant is requesting $17,900 for debt_consolidation. They have been employed for 3 years, a debt-to-income ratio of 11.1%, and a credit score of 785.

A decision tree trained on this dataset finds that when the applicant has a FICO score above 750 and a loan under $20,000, 93% of applications were approved.

TASK: Predict Person 1's decision. Explain your reasoning in 1 sentence. Then conclude with exactly 'PREDICTION: 1' (approve) or 'PREDICTION: 0' (reject).","You predicted Person 1's decision above.
TASK: Should we implement your prediction, or escalate to Person 1?
A decision is considered correct if you implement when your prediction matches Person 1's true decision, or escalate when your prediction does not.
Explain your reasoning in 1-2 sentences, then conclude with exactly 'DECISION: 0' (implement) or 'DECISION: 1' (escalate).","Based on the decision tree's logic, Person 1's application meets both the high credit score threshold (785 > 750) and the loan amount limit ($17,900 < $20,000), which historically results in a 93% approval rate. PREDICTION: 1
","Since the decision tree's logic perfectly matches the applicant's specific attributes (FICO > 750 and loan < $20,000), the model's prediction of approval is highly reliable and should be implemented without further review. DECISION: 0
",,,2026-05-27T21:29:52.414096
fico_over_750_loan_under_20000,1,1,1,0,"You are helping Person 1, a loan officer, decide whether to approve a loan application. The applicant is requesting $9,000 for other. They have been employed for 2 years, a debt-to-income ratio of 13.1%, and a credit score of 780.

A decision tree trained on this dataset finds that when the applicant has a FICO score above 750 and a loan under $20,000, 93% of applications were approved.

TASK: Predict Person 1's decision. Explain your reasoning in 1 sentence. Then conclude with exactly 'PREDICTION: 1' (approve) or 'PREDICTION: 0' (reject).","You predicted Person 1's decision above.
TASK: Should we implement your prediction, or escalate to Person 1?
A decision is considered correct if you implement when your prediction matches Person 1's true decision, or escalate when your prediction does not.
Explain your reasoning in 1-2 sentences, then conclude with exactly 'DECISION: 0' (implement) or 'DECISION: 1' (escalate).","Based on the decision tree logic, Person 1's application meets both the high credit score threshold (780 > 750) and the loan amount limit ($9,000 < $20,000), which historically results in a 93% approval rate for such profiles. PREDICTION: 1
","Since the decision tree's logic perfectly matches the applicant's specific attributes (FICO > 750 and loan < $20,000), the model's prediction of approval is highly reliable and should be implemented without further review. DECISION: 0
",,,2026-05-27T21:30:00.764744
fico_over_750_loan_under_20000,1,1,1,0,"You are helping Person 1, a loan officer, decide whether to approve a loan application. The applicant is requesting $12,000 for debt_consolidation. They have been employed for 10+ years, a debt-to-income ratio of 21.9%, and a credit score of 755.

A decision tree trained on this dataset finds that when the applicant has a FICO score above 750 and a loan under $20,000, 93% of applications were approved.

TASK: Predict Person 1's decision. Explain your reasoning in 1 sentence. Then conclude with exactly 'PREDICTION: 1' (approve) or 'PREDICTION: 0' (reject).","You predicted Person 1's decision above.
TASK: Should we implement your prediction, or escalate to Person 1?
A decision is considered correct if you implement when your prediction matches Person 1's true decision, or escalate when your prediction does not.
Explain your reasoning in 1-2 sentences, then conclude with exactly 'DECISION: 0' (implement) or 'DECISION: 1' (escalate).","Based on the decision tree's logic, Person 1's application meets the specific criteria of having a FICO score above 750 and a loan amount under $20,000, which historically results in a 93% approval rate. PREDICTION: 1
","Since the decision tree's logic perfectly matches the applicant's profile (FICO > 750 and loan < $20,000), the model's prediction of approval is highly reliable and should be implemented without further review. DECISION: 0
",,,2026-05-27T21:30:08.443038
fico_over_750_loan_under_20000,1,1,1,1,"You are helping Person 1, a loan officer, decide whether to approve a loan application. The applicant is requesting $4,000 for debt_consolidation. They have been employed for 3 years, a debt-to-income ratio of 11.9%, and a credit score of 790.

A decision tree trained on this dataset finds that when the applicant has a FICO score above 750 and a loan under $20,000, 93% of applications were approved.

TASK: Predict Person 1's decision. Explain your reasoning in 1 sentence. Then conclude with exactly 'PREDICTION: 1' (approve) or 'PREDICTION: 0' (reject).","You predicted Person 1's decision above.
TASK: Should we implement your prediction, or escalate to Person 1?
A decision is considered correct if you implement when your prediction matches Person 1's true decision, or escalate when your prediction does not.
Explain your reasoning in 1-2 sentences, then conclude with exactly 'DECISION: 0' (implement) or 'DECISION: 1' (escalate).","Based on the decision tree's logic, Person 1's application meets the high-risk criteria for approval because the applicant's FICO score of 790 exceeds the 750 threshold and the requested loan amount of $4,000 is well below the $20,000 limit, resulting in a 93% historical approval rate for this profile. PREDICTION: 1
","I cannot implement the prediction because the decision tree's logic is a simplified statistical model that ignores critical individual factors like the applicant's 3-year employment history and specific debt-to-income ratio, which are essential for a real-world loan approval. Relying solely on this model without human oversight could lead to approving risky applications or rejecting qualified ones, so the decision must be escalated to Person 1 for a final judgment. DECISION: 1
",,,2026-05-27T21:30:20.001351
fico_over_750_loan_under_20000,1,1,1,0,"You are helping Person 1, a loan officer, decide whether to approve a loan application. The applicant is requesting $2,400 for major_purchase. They have been employed for 6 years, a debt-to-income ratio of 3.8%, and a credit score of 760.

A decision tree trained on this dataset finds that when the applicant has a FICO score above 750 and a loan under $20,000, 93% of applications were approved.

TASK: Predict Person 1's decision. Explain your reasoning in 1 sentence. Then conclude with exactly 'PREDICTION: 1' (approve) or 'PREDICTION: 0' (reject).","You predicted Person 1's decision above.
TASK: Should we implement your prediction, or escalate to Person 1?
A decision is considered correct if you implement when your prediction matches Person 1's true decision, or escalate when your prediction does not.
Explain your reasoning in 1-2 sentences, then conclude with exactly 'DECISION: 0' (implement) or 'DECISION: 1' (escalate).","Based on the decision tree logic, Person 1's application meets the high-risk criteria for approval because their FICO score of 760 exceeds the 750 threshold and their requested loan amount of $2,400 is well below the $20,000 limit, resulting in a 93% historical approval rate for this profile. PREDICTION: 1
","Since the decision tree explicitly links the applicant's specific attributes (FICO > 750 and loan < $20,000) to a 93% approval rate, implementing the prediction is the most logical course of action based on the provided model. DECISION: 0
",,,2026-05-27T21:30:29.604824
fico_over_750_loan_under_20000,1,1,1,0,"You are helping Person 1, a loan officer, decide whether to approve a loan application. The applicant is requesting $14,000 for medical. They have been employed for 10+ years, a debt-to-income ratio of 18.0%, and a credit score of 760.

A decision tree trained on this dataset finds that when the applicant has a FICO score above 750 and a loan under $20,000, 93% of applications were approved.

TASK: Predict Person 1's decision. Explain your reasoning in 1 sentence. Then conclude with exactly 'PREDICTION: 1' (approve) or 'PREDICTION: 0' (reject).","You predicted Person 1's decision above.
TASK: Should we implement your prediction, or escalate to Person 1?
A decision is considered correct if you implement when your prediction matches Person 1's true decision, or escalate when your prediction does not.
Explain your reasoning in 1-2 sentences, then conclude with exactly 'DECISION: 0' (implement) or 'DECISION: 1' (escalate).","Based on the decision tree's logic, Person 1's application meets the specific criteria of having a FICO score above 750 and a loan amount under $20,000, which historically results in a 93% approval rate. PREDICTION: 1
","Since the decision tree's logic perfectly matches the applicant's profile (FICO > 750 and loan < $20,000), the model's prediction of approval is highly reliable and should be implemented without further review. DECISION: 0
",,,2026-05-27T21:30:37.396937
