condition,base_rate,n,pred_acc,esc_acc,esc_rate,esc_w,esc_r,gap,tp,tn,fp,fn
loan_over_25000,0.75,181,0.7679558011049724,0.7513812154696132,0.2265193370165746,0.4523809523809524,0.15827338129496402,0.016574585635359185,19,117,22,23
