condition,base_rate,n,pred_acc,esc_acc,esc_rate,esc_w,esc_r,gap,tp,tn,fp,fn
fico_over_700,0.91,50,0.88,0.86,0.1,0.3333333333333333,0.06818181818181818,0.020000000000000018,2,41,3,4
