condition,base_rate,n,pred_acc,esc_acc,esc_rate,esc_w,esc_r,gap,tp,tn,fp,fn
female_vs_male,0.5,6,0.3333333333333333,0.5,0.8333333333333334,0.75,1.0,-0.16666666666666669,3,0,2,1
fit_vs_fat,0.54,68,0.6176470588235294,0.5588235294117647,0.5294117647058824,0.6153846153846154,0.47619047619047616,0.05882352941176472,16,22,20,10
high_vs_low_status,0.57,33,0.5454545454545454,0.6060606060606061,0.48484848484848486,0.6,0.3888888888888889,-0.06060606060606066,9,11,7,6
legal_crossing,0.64,45,0.7555555555555555,0.7111111111111111,0.13333333333333333,0.18181818181818182,0.11764705882352941,0.0444444444444444,2,30,4,9
young_vs_old,0.74,50,0.56,0.54,0.1,0.09090909090909091,0.10714285714285714,0.020000000000000018,2,25,3,20
humans_vs_pets,0.79,72,0.7638888888888888,0.75,0.041666666666666664,0.058823529411764705,0.03636363636363636,0.01388888888888884,1,53,2,16
four_plus_more,0.84,1,1.0,1.0,0.0,,0.0,0.0,0,1,0,0
legal_and_more,0.87,26,0.9230769230769231,0.8076923076923077,0.11538461538461539,0.0,0.125,0.11538461538461542,0,21,3,2
legal_3plus_more,0.91,5,0.8,0.8,0.0,0.0,0.0,0.0,0,4,0,1
