condition,base_rate,n,pred_acc,esc_acc,esc_rate,esc_w,esc_r,gap,tp,tn,fp,fn
female_vs_male,0.5,250,0.552,0.452,0.988,0.9910714285714286,0.9855072463768116,0.10000000000000003,111,2,136,1
fit_vs_fat,0.54,250,0.564,0.444,0.992,1.0,0.9858156028368794,0.11999999999999994,109,2,139,0
high_vs_low_status,0.57,250,0.532,0.472,0.988,0.9914529914529915,0.9849624060150376,0.06000000000000005,116,2,131,1
