condition,base_rate,n,pred_acc,esc_acc,esc_rate,esc_w,esc_r,gap,tp,tn,fp,fn
fit_vs_fat,0.54,37,0.6756756756756757,0.32432432432432434,1.0,1.0,1.0,0.3513513513513513,12,0,25,0
high_vs_low_status,0.57,23,0.4782608695652174,0.5217391304347826,1.0,1.0,1.0,-0.04347826086956519,12,0,11,0
legal_crossing,0.64,27,0.8518518518518519,0.14814814814814814,1.0,1.0,1.0,0.7037037037037037,4,0,23,0
one_more_person,0.67,1,1.0,0.0,1.0,,1.0,1.0,0,0,1,0
young_vs_old,0.74,35,0.6571428571428571,0.34285714285714286,1.0,1.0,1.0,0.3142857142857143,12,0,23,0
humans_vs_pets,0.79,45,0.8444444444444444,0.8444444444444444,0.0,0.0,0.0,0.0,0,38,0,7
legal_and_more,0.87,13,0.7692307692307693,0.7692307692307693,0.0,0.0,0.0,0.0,0,10,0,3
legal_3plus_more,0.91,2,1.0,1.0,0.0,,0.0,0.0,0,2,0,0
