condition,ground_truth,prediction,correct,escalate,prompt,esc_prompt,thought,esc_reasoning,thinking_predict,thinking_escalate,timestamp
avg_diff_030_050,1,1,1,0,"Person 1 has reviewed the following movies:

- Love and Death (1975) (Comedy): Rated 3.0/5
- Platoon (1986) (Drama|War): Rated 5.0/5
- Raiders of the Lost Ark (Indiana Jones and the Raiders of the Lost Ark) (1981) (Action|Adventure): Rated 5.0/5
- Everything You Always Wanted to Know About Sex * But Were Afraid to Ask (1972) (Comedy): Rated 4.0/5
- Game, The (1997) (Drama|Mystery|Thriller): Rated 4.0/5

Consider these two movies they have not seen:

- Movie A: This Is Spinal Tap (1984) (Comedy), average rating 4.01/5 (606 ratings)
- Movie B: Mary Poppins (1964) (Children|Comedy|Fantasy|Musical), average rating 3.69/5 (508 ratings)

A decision tree trained on this dataset finds that when the two movies' average ratings differ by 0.30 to 0.50, users prefer the higher-rated movie 67% of the time.

TASK: Predict which movie Person 1 would rate higher. Explain your reasoning in 1 sentence. Then conclude with exactly 'PREDICTION: 1' (Movie A) or 'PREDICTION: 0' (Movie B).","You predicted Person 1's movie preference above.
TASK: Should we implement your prediction, or escalate to Person 1?
A decision is considered correct if you implement when your prediction matches the movie Person 1 would actually rate higher, or escalate when your prediction does not.
Explain your reasoning in 1-2 sentences, then conclude with exactly 'DECISION: 0' (implement) or 'DECISION: 1' (escalate).","Person 1 would rate Movie A higher because the difference in average ratings between the two movies (0.32) falls within the 0.30 to 0.50 range where the model predicts a 67% preference for the higher-rated film, and Movie A has the higher average rating. PREDICTION: 1
","Since the decision tree indicates a 67% probability that Person 1 prefers the higher-rated movie (Movie A), and there is no specific information in their history suggesting they deviate from this general trend for this specific pair, implementing the prediction is the statistically sound choice. DECISION: 0
",,,2026-05-27T14:04:31.924262
avg_diff_030_050,0,1,0,0,"Person 1 has reviewed the following movies:

- Inferno (2016) (Mystery|Thriller): Rated 3.0/5
- Arrival (2016) (Sci-Fi): Rated 4.5/5
- Ray (2004) (Drama): Rated 4.0/5
- NeverEnding Story, The (1984) (Adventure|Children|Fantasy): Rated 5.0/5
- Raging Bull (1980) (Drama): Rated 4.0/5

Consider these two movies they have not seen:

- Movie A: Jerry Maguire (1996) (Drama|Romance), average rating 3.67/5 (832 ratings)
- Movie B: Bruce Almighty (2003) (Comedy|Drama|Fantasy|Romance), average rating 3.27/5 (639 ratings)

A decision tree trained on this dataset finds that when the two movies' average ratings differ by 0.30 to 0.50, users prefer the higher-rated movie 67% of the time.

TASK: Predict which movie Person 1 would rate higher. Explain your reasoning in 1 sentence. Then conclude with exactly 'PREDICTION: 1' (Movie A) or 'PREDICTION: 0' (Movie B).","You predicted Person 1's movie preference above.
TASK: Should we implement your prediction, or escalate to Person 1?
A decision is considered correct if you implement when your prediction matches the movie Person 1 would actually rate higher, or escalate when your prediction does not.
Explain your reasoning in 1-2 sentences, then conclude with exactly 'DECISION: 0' (implement) or 'DECISION: 1' (escalate).","Person 1 would rate Movie A higher because the difference in average ratings between Movie A (3.67) and Movie B (3.27) is exactly 0.40, which falls within the 0.30 to 0.50 range where the decision tree predicts a 67% preference for the higher-rated option.

PREDICTION: 1
","Since the decision tree indicates a 67% probability that Person 1 prefers the higher-rated movie, implementing the prediction is the statistically sound choice rather than escalating to the user.

DECISION: 0
",,,2026-05-27T14:04:40.465375
avg_diff_030_050,1,1,1,0,"Person 1 has reviewed the following movies:

- Gone with the Wind (1939) (Drama|Romance|War): Rated 3.0/5
- Yellow Submarine (1968) (Adventure|Animation|Comedy|Fantasy|Musical): Rated 2.0/5
- Who Framed Roger Rabbit? (1988) (Adventure|Animation|Children|Comedy|Crime|Fantasy|Mystery): Rated 4.0/5
- Time Bandits (1981) (Adventure|Comedy|Fantasy|Sci-Fi): Rated 2.0/5
- Earthquake (1974) (Action|Drama|Thriller): Rated 1.0/5

Consider these two movies they have not seen:

- Movie A: Enemy of the State (1998) (Action|Thriller), average rating 3.55/5 (545 ratings)
- Movie B: Analyze This (1999) (Comedy), average rating 3.19/5 (348 ratings)

A decision tree trained on this dataset finds that when the two movies' average ratings differ by 0.30 to 0.50, users prefer the higher-rated movie 67% of the time.

TASK: Predict which movie Person 1 would rate higher. Explain your reasoning in 1 sentence. Then conclude with exactly 'PREDICTION: 1' (Movie A) or 'PREDICTION: 0' (Movie B).","You predicted Person 1's movie preference above.
TASK: Should we implement your prediction, or escalate to Person 1?
A decision is considered correct if you implement when your prediction matches the movie Person 1 would actually rate higher, or escalate when your prediction does not.
Explain your reasoning in 1-2 sentences, then conclude with exactly 'DECISION: 0' (implement) or 'DECISION: 1' (escalate).","Person 1 would rate Movie A higher because the difference in average ratings between Movie A (3.55) and Movie B (3.19) is 0.36, which falls within the 0.30 to 0.50 range where users prefer the higher-rated movie 67% of the time.

PREDICTION: 1
","Since the decision tree indicates a 67% probability that Person 1 prefers the higher-rated movie in this specific rating difference range, implementing the prediction is the statistically sound choice rather than escalating to the user.

DECISION: 0
",,,2026-05-27T14:04:49.219923
avg_diff_030_050,0,1,0,0,"Person 1 has reviewed the following movies:

- Mummy, The (1999) (Action|Adventure|Comedy|Fantasy|Horror|Thriller): Rated 2.5/5
- Courage Under Fire (1996) (Action|Crime|Drama|War): Rated 4.0/5
- Casino Royale (2006) (Action|Adventure|Thriller): Rated 3.5/5
- Waking Ned Devine (a.k.a. Waking Ned) (1998) (Comedy): Rated 2.0/5
- Wild Wild West (1999) (Action|Comedy|Sci-Fi|Western): Rated 2.5/5

Consider these two movies they have not seen:

- Movie A: Home Alone (1990) (Children|Comedy), average rating 3.19/5 (1095 ratings)
- Movie B: Days of Thunder (1990) (Action|Drama|Romance), average rating 2.87/5 (191 ratings)

A decision tree trained on this dataset finds that when the two movies' average ratings differ by 0.30 to 0.50, users prefer the higher-rated movie 67% of the time.

TASK: Predict which movie Person 1 would rate higher. Explain your reasoning in 1 sentence. Then conclude with exactly 'PREDICTION: 1' (Movie A) or 'PREDICTION: 0' (Movie B).","You predicted Person 1's movie preference above.
TASK: Should we implement your prediction, or escalate to Person 1?
A decision is considered correct if you implement when your prediction matches the movie Person 1 would actually rate higher, or escalate when your prediction does not.
Explain your reasoning in 1-2 sentences, then conclude with exactly 'DECISION: 0' (implement) or 'DECISION: 1' (escalate).","Person 1 would rate Movie A higher because the difference between their average ratings (3.19 - 2.87 = 0.32) falls within the 0.30 to 0.50 range where the decision tree indicates a 67% preference for the movie with the higher average rating.

PREDICTION: 1
","Since the decision tree indicates a 67% probability that Person 1 prefers the higher-rated movie and my prediction aligns with this statistical likelihood, implementing the recommendation is the logical course of action.

DECISION: 0
",,,2026-05-27T14:04:57.707152
avg_diff_030_050,1,1,1,0,"Person 1 has reviewed the following movies:

- Rocky IV (1985) (Action|Drama): Rated 3.0/5
- Godfather, The (1972) (Crime|Drama): Rated 5.0/5
- Incredibles, The (2004) (Action|Adventure|Animation|Children|Comedy): Rated 4.0/5
- Red (2010) (Action|Comedy): Rated 3.5/5
- Iron Man 3 (2013) (Action|Sci-Fi|Thriller|IMAX): Rated 5.0/5

Consider these two movies they have not seen:

- Movie A: Wolverine, The (2013) (Action|Adventure|Fantasy|Sci-Fi), average rating 3.18/5 (157 ratings)
- Movie B: Mummy: Tomb of the Dragon Emperor, The (2008) (Action|Adventure|Fantasy|Thriller), average rating 2.83/5 (69 ratings)

A decision tree trained on this dataset finds that when the two movies' average ratings differ by 0.30 to 0.50, users prefer the higher-rated movie 67% of the time.

TASK: Predict which movie Person 1 would rate higher. Explain your reasoning in 1 sentence. Then conclude with exactly 'PREDICTION: 1' (Movie A) or 'PREDICTION: 0' (Movie B).","You predicted Person 1's movie preference above.
TASK: Should we implement your prediction, or escalate to Person 1?
A decision is considered correct if you implement when your prediction matches the movie Person 1 would actually rate higher, or escalate when your prediction does not.
Explain your reasoning in 1-2 sentences, then conclude with exactly 'DECISION: 0' (implement) or 'DECISION: 1' (escalate).","Person 1 would rate Movie A higher because the difference in average ratings between the two unwatched movies (0.35) falls within the 0.30 to 0.50 range where the decision tree indicates a 67% preference for the higher-rated option, and Movie A has the higher average rating.

PREDICTION: 1
","Since the decision tree indicates a 67% probability that Person 1 prefers the higher-rated movie within this specific rating difference range, and Movie A is the higher-rated option, implementing the prediction is the statistically sound choice.

DECISION: 0
",,,2026-05-27T14:05:06.479749
avg_diff_030_050,1,1,1,0,"Person 1 has reviewed the following movies:

- Madness of King George, The (1994) (Comedy|Drama): Rated 3.0/5
- In the Line of Fire (1993) (Action|Thriller): Rated 3.0/5
- Beauty and the Beast (1991) (Animation|Children|Fantasy|Musical|Romance|IMAX): Rated 4.0/5
- Lion King, The (1994) (Adventure|Animation|Children|Drama|Musical|IMAX): Rated 2.0/5
- Nightmare Before Christmas, The (1993) (Animation|Children|Fantasy|Musical): Rated 3.0/5

Consider these two movies they have not seen:

- Movie A: What's Eating Gilbert Grape (1993) (Drama), average rating 3.72/5 (611 ratings)
- Movie B: Bad Boys (1995) (Action|Comedy|Crime|Drama|Thriller), average rating 3.29/5 (460 ratings)

A decision tree trained on this dataset finds that when the two movies' average ratings differ by 0.30 to 0.50, users prefer the higher-rated movie 67% of the time.

TASK: Predict which movie Person 1 would rate higher. Explain your reasoning in 1 sentence. Then conclude with exactly 'PREDICTION: 1' (Movie A) or 'PREDICTION: 0' (Movie B).","You predicted Person 1's movie preference above.
TASK: Should we implement your prediction, or escalate to Person 1?
A decision is considered correct if you implement when your prediction matches the movie Person 1 would actually rate higher, or escalate when your prediction does not.
Explain your reasoning in 1-2 sentences, then conclude with exactly 'DECISION: 0' (implement) or 'DECISION: 1' (escalate).","Person 1 would likely rate Movie A higher because the difference in average ratings between the two unviewed movies (0.43) falls within the 0.30 to 0.50 range where the decision tree indicates a 67% preference for the higher-rated option, and Movie A has the higher average rating. PREDICTION: 1
","Since the decision tree indicates a 67% probability that Person 1 prefers the higher-rated movie within this specific rating difference range, and Movie A is the higher-rated option, implementing the prediction is the statistically sound choice. DECISION: 0
",,,2026-05-27T14:05:15.201757
avg_diff_030_050,1,1,1,0,"Person 1 has reviewed the following movies:

- Secrets & Lies (1996) (Drama): Rated 5.0/5
- Once Upon a Time... When We Were Colored (1995) (Drama|Romance): Rated 5.0/5
- Stealing Beauty (1996) (Drama): Rated 5.0/5
- Flirting With Disaster (1996) (Comedy): Rated 3.0/5
- Star Trek V: The Final Frontier (1989) (Action|Sci-Fi): Rated 3.0/5

Consider these two movies they have not seen:

- Movie A: Heavenly Creatures (1994) (Crime|Drama), average rating 3.87/5 (274 ratings)
- Movie B: Die Hard: With a Vengeance (1995) (Action|Crime|Thriller), average rating 3.47/5 (1240 ratings)

A decision tree trained on this dataset finds that when the two movies' average ratings differ by 0.30 to 0.50, users prefer the higher-rated movie 67% of the time.

TASK: Predict which movie Person 1 would rate higher. Explain your reasoning in 1 sentence. Then conclude with exactly 'PREDICTION: 1' (Movie A) or 'PREDICTION: 0' (Movie B).","You predicted Person 1's movie preference above.
TASK: Should we implement your prediction, or escalate to Person 1?
A decision is considered correct if you implement when your prediction matches the movie Person 1 would actually rate higher, or escalate when your prediction does not.
Explain your reasoning in 1-2 sentences, then conclude with exactly 'DECISION: 0' (implement) or 'DECISION: 1' (escalate).","Person 1 would rate Movie A higher because their personal ratings for similar high-quality dramas (like *Secrets & Lies* and *Stealing Beauty*) are 5.0, whereas their lower-rated comedies and sci-fi films are 3.0, indicating a strong preference for well-regarded dramas over the average ratings of the other options.

PREDICTION: 1
","Since the decision tree indicates a 67% probability that Person 1 prefers the higher-rated movie within the specified rating difference range, and Person 1's history shows a strong bias toward highly rated dramas (5.0) over average films, implementing the prediction is the statistically sound choice.

DECISION: 0
",,,2026-05-27T14:05:25.073907
avg_diff_030_050,1,1,1,0,"Person 1 has reviewed the following movies:

- Seven (a.k.a. Se7en) (1995) (Mystery|Thriller): Rated 3.0/5
- Net, The (1995) (Action|Crime|Thriller): Rated 2.0/5
- Aladdin (1992) (Adventure|Animation|Children|Comedy|Musical): Rated 4.0/5
- Room with a View, A (1986) (Drama|Romance): Rated 4.0/5
- Revenge of the Nerds (1984) (Comedy): Rated 2.5/5

Consider these two movies they have not seen:

- Movie A: Twelve Monkeys (a.k.a. 12 Monkeys) (1995) (Mystery|Sci-Fi|Thriller), average rating 3.90/5 (1708 ratings)
- Movie B: Crank (2006) (Action|Thriller), average rating 3.42/5 (170 ratings)

A decision tree trained on this dataset finds that when the two movies' average ratings differ by 0.30 to 0.50, users prefer the higher-rated movie 67% of the time.

TASK: Predict which movie Person 1 would rate higher. Explain your reasoning in 1 sentence. Then conclude with exactly 'PREDICTION: 1' (Movie A) or 'PREDICTION: 0' (Movie B).","You predicted Person 1's movie preference above.
TASK: Should we implement your prediction, or escalate to Person 1?
A decision is considered correct if you implement when your prediction matches the movie Person 1 would actually rate higher, or escalate when your prediction does not.
Explain your reasoning in 1-2 sentences, then conclude with exactly 'DECISION: 0' (implement) or 'DECISION: 1' (escalate).","Person 1 would rate Movie A higher because the difference between their average ratings (3.90 and 3.42) is 0.48, which falls within the 0.30 to 0.50 range where the decision tree predicts a 67% preference for the higher-rated movie.

PREDICTION: 1
","Since the decision tree indicates a 67% probability that Person 1 prefers the higher-rated movie (Movie A), and my prediction aligns with this statistical likelihood, implementing the recommendation is the appropriate course of action.

DECISION: 0
",,,2026-05-27T14:05:33.724199
avg_diff_030_050,1,1,1,0,"Person 1 has reviewed the following movies:

- Pete's Dragon (1977) (Adventure|Animation|Children|Musical): Rated 2.0/5
- Grease (1978) (Comedy|Musical|Romance): Rated 3.0/5
- House (1986) (Comedy|Fantasy|Horror): Rated 4.0/5
- Mystery Men (1999) (Action|Comedy|Fantasy): Rated 2.0/5
- Speed (1994) (Action|Romance|Thriller): Rated 2.0/5

Consider these two movies they have not seen:

- Movie A: Wizard of Oz, The (1939) (Adventure|Children|Fantasy|Musical), average rating 3.91/5 (868 ratings)
- Movie B: Titanic (1997) (Drama|Romance), average rating 3.43/5 (1451 ratings)

A decision tree trained on this dataset finds that when the two movies' average ratings differ by 0.30 to 0.50, users prefer the higher-rated movie 67% of the time.

TASK: Predict which movie Person 1 would rate higher. Explain your reasoning in 1 sentence. Then conclude with exactly 'PREDICTION: 1' (Movie A) or 'PREDICTION: 0' (Movie B).","You predicted Person 1's movie preference above.
TASK: Should we implement your prediction, or escalate to Person 1?
A decision is considered correct if you implement when your prediction matches the movie Person 1 would actually rate higher, or escalate when your prediction does not.
Explain your reasoning in 1-2 sentences, then conclude with exactly 'DECISION: 0' (implement) or 'DECISION: 1' (escalate).","Person 1 would rate Movie A higher because the difference in average ratings between the two unviewed movies (3.91 - 3.43 = 0.48) falls within the 0.30 to 0.50 range where the decision tree indicates a 67% preference for the higher-rated option.

PREDICTION: 1
","Since the decision tree indicates a 67% probability that Person 1 prefers the higher-rated movie in this specific rating difference range, and my prediction aligns with that statistical likelihood, implementing the recommendation is the appropriate course of action.

DECISION: 0
",,,2026-05-27T14:05:42.781793
avg_diff_030_050,0,1,0,0,"Person 1 has reviewed the following movies:

- Gravity (2013) (Action|Sci-Fi|IMAX): Rated 3.0/5
- 101 Dalmatians (1996) (Adventure|Children|Comedy): Rated 3.5/5
- Silence of the Lambs, The (1991) (Crime|Horror|Thriller): Rated 1.5/5
- Star Wars: Episode IV - A New Hope (1977) (Action|Adventure|Sci-Fi): Rated 3.0/5
- Captain America: The Winter Soldier (2014) (Action|Adventure|Sci-Fi|IMAX): Rated 4.0/5

Consider these two movies they have not seen:

- Movie A: Inception (2010) (Action|Crime|Drama|Mystery|Sci-Fi|Thriller|IMAX), average rating 4.16/5 (1875 ratings)
- Movie B: Pride & Prejudice (2005) (Drama|Romance), average rating 3.84/5 (277 ratings)

A decision tree trained on this dataset finds that when the two movies' average ratings differ by 0.30 to 0.50, users prefer the higher-rated movie 67% of the time.

TASK: Predict which movie Person 1 would rate higher. Explain your reasoning in 1 sentence. Then conclude with exactly 'PREDICTION: 1' (Movie A) or 'PREDICTION: 0' (Movie B).","You predicted Person 1's movie preference above.
TASK: Should we implement your prediction, or escalate to Person 1?
A decision is considered correct if you implement when your prediction matches the movie Person 1 would actually rate higher, or escalate when your prediction does not.
Explain your reasoning in 1-2 sentences, then conclude with exactly 'DECISION: 0' (implement) or 'DECISION: 1' (escalate).","Person 1 would rate Movie A higher because the difference between the average ratings of Movie A (4.16) and Movie B (3.84) is 0.32, which falls within the 0.30 to 0.50 range where users prefer the higher-rated movie.

PREDICTION: 1
","Since the decision tree indicates a 67% probability that Person 1 prefers the higher-rated movie in this specific rating difference range, and my prediction aligns with that statistical likelihood, implementing the recommendation is the appropriate course of action.

DECISION: 0
",,,2026-05-27T14:05:51.383516
avg_diff_030_050,1,1,1,0,"Person 1 has reviewed the following movies:

- Rear Window (1954) (Mystery|Thriller): Rated 3.5/5
- Assassination of Jesse James by the Coward Robert Ford, The (2007) (Crime|Drama|Western): Rated 4.5/5
- League of Their Own, A (1992) (Comedy|Drama): Rated 4.0/5
- G.I. Jane (1997) (Action|Drama): Rated 3.5/5
- When Harry Met Sally... (1989) (Comedy|Romance): Rated 4.0/5

Consider these two movies they have not seen:

- Movie A: Fugitive, The (1993) (Thriller), average rating 3.96/5 (1754 ratings)
- Movie B: Burn After Reading (2008) (Comedy|Crime|Drama), average rating 3.57/5 (347 ratings)

A decision tree trained on this dataset finds that when the two movies' average ratings differ by 0.30 to 0.50, users prefer the higher-rated movie 67% of the time.

TASK: Predict which movie Person 1 would rate higher. Explain your reasoning in 1 sentence. Then conclude with exactly 'PREDICTION: 1' (Movie A) or 'PREDICTION: 0' (Movie B).","You predicted Person 1's movie preference above.
TASK: Should we implement your prediction, or escalate to Person 1?
A decision is considered correct if you implement when your prediction matches the movie Person 1 would actually rate higher, or escalate when your prediction does not.
Explain your reasoning in 1-2 sentences, then conclude with exactly 'DECISION: 0' (implement) or 'DECISION: 1' (escalate).","Person 1 would rate Movie A higher because the difference in average ratings between the two unviewed movies (0.39) falls within the 0.30 to 0.50 range where the decision tree indicates a 67% preference for the higher-rated option, and Movie A has the higher rating. PREDICTION: 1
","Since the decision tree indicates a 67% probability that Person 1 prefers the higher-rated movie (Movie A), and my prediction aligns with this statistical likelihood, implementing the recommendation is the appropriate course of action. DECISION: 0
",,,2026-05-27T14:06:00.079794
avg_diff_030_050,1,1,1,0,"Person 1 has reviewed the following movies:

- Braveheart (1995) (Action|Drama|War): Rated 3.0/5
- Star Wars: Episode V - The Empire Strikes Back (1980) (Action|Adventure|Sci-Fi): Rated 5.0/5
- Lord of the Rings: The Return of the King, The (2003) (Action|Adventure|Drama|Fantasy): Rated 5.0/5
- Schindler's List (1993) (Drama|War): Rated 5.0/5
- Dark Knight, The (2008) (Action|Crime|Drama|IMAX): Rated 3.0/5

Consider these two movies they have not seen:

- Movie A: Shaun of the Dead (2004) (Comedy|Horror), average rating 3.91/5 (827 ratings)
- Movie B: I, Robot (2004) (Action|Adventure|Sci-Fi|Thriller), average rating 3.48/5 (723 ratings)

A decision tree trained on this dataset finds that when the two movies' average ratings differ by 0.30 to 0.50, users prefer the higher-rated movie 67% of the time.

TASK: Predict which movie Person 1 would rate higher. Explain your reasoning in 1 sentence. Then conclude with exactly 'PREDICTION: 1' (Movie A) or 'PREDICTION: 0' (Movie B).","You predicted Person 1's movie preference above.
TASK: Should we implement your prediction, or escalate to Person 1?
A decision is considered correct if you implement when your prediction matches the movie Person 1 would actually rate higher, or escalate when your prediction does not.
Explain your reasoning in 1-2 sentences, then conclude with exactly 'DECISION: 0' (implement) or 'DECISION: 1' (escalate).","Person 1 would rate Movie A higher because the difference in average ratings between the two unviewed movies (0.43) falls within the 0.30 to 0.50 range where the decision tree indicates a 67% preference for the higher-rated option, and Movie A has the higher average rating.

PREDICTION: 1
","Since the decision tree indicates a 67% probability that Person 1 prefers the higher-rated movie within this specific rating difference range, and Movie A is the higher-rated option, implementing the prediction is the statistically sound choice.

DECISION: 0
",,,2026-05-27T14:06:08.851088
avg_diff_030_050,1,1,1,0,"Person 1 has reviewed the following movies:

- Willy Wonka & the Chocolate Factory (1971) (Children|Comedy|Fantasy|Musical): Rated 4.0/5
- 101 Dalmatians (1996) (Adventure|Children|Comedy): Rated 3.0/5
- Up Close and Personal (1996) (Drama|Romance): Rated 3.0/5
- Bed of Roses (1996) (Drama|Romance): Rated 3.0/5
- Time to Kill, A (1996) (Drama|Thriller): Rated 3.0/5

Consider these two movies they have not seen:

- Movie A: Twelve Monkeys (a.k.a. 12 Monkeys) (1995) (Mystery|Sci-Fi|Thriller), average rating 3.90/5 (1708 ratings)
- Movie B: Birdcage, The (1996) (Comedy), average rating 3.52/5 (697 ratings)

A decision tree trained on this dataset finds that when the two movies' average ratings differ by 0.30 to 0.50, users prefer the higher-rated movie 67% of the time.

TASK: Predict which movie Person 1 would rate higher. Explain your reasoning in 1 sentence. Then conclude with exactly 'PREDICTION: 1' (Movie A) or 'PREDICTION: 0' (Movie B).","You predicted Person 1's movie preference above.
TASK: Should we implement your prediction, or escalate to Person 1?
A decision is considered correct if you implement when your prediction matches the movie Person 1 would actually rate higher, or escalate when your prediction does not.
Explain your reasoning in 1-2 sentences, then conclude with exactly 'DECISION: 0' (implement) or 'DECISION: 1' (escalate).","Person 1 would likely rate Movie A higher because the difference in average ratings between the two unviewed movies (0.38) falls within the 0.30 to 0.50 range where the decision tree indicates a 67% preference for the higher-rated option, and Movie A has the higher average rating. PREDICTION: 1
","Since the decision tree indicates a 67% probability that Person 1 prefers the higher-rated movie (Movie A) based on the rating difference, implementing the prediction is the statistically sound choice without needing to escalate. DECISION: 0
",,,2026-05-27T14:06:17.453906
avg_diff_030_050,0,1,0,0,"Person 1 has reviewed the following movies:

- Magnificent Seven, The (1960) (Adventure|Western): Rated 5.0/5
- Batman & Robin (1997) (Action|Adventure|Fantasy|Thriller): Rated 1.0/5
- To Be and to Have (Être et avoir) (2002) (Documentary): Rated 1.0/5
- Jurassic Park III (2001) (Action|Adventure|Sci-Fi|Thriller): Rated 4.0/5
- Golden Child, The (1986) (Action|Adventure|Comedy|Fantasy|Mystery): Rated 3.0/5

Consider these two movies they have not seen:

- Movie A: 101 Dalmatians (One Hundred and One Dalmatians) (1961) (Adventure|Animation|Children), average rating 3.52/5 (301 ratings)
- Movie B: Angel Eyes (2001) (Romance|Thriller), average rating 3.06/5 (34 ratings)

A decision tree trained on this dataset finds that when the two movies' average ratings differ by 0.30 to 0.50, users prefer the higher-rated movie 67% of the time.

TASK: Predict which movie Person 1 would rate higher. Explain your reasoning in 1 sentence. Then conclude with exactly 'PREDICTION: 1' (Movie A) or 'PREDICTION: 0' (Movie B).","You predicted Person 1's movie preference above.
TASK: Should we implement your prediction, or escalate to Person 1?
A decision is considered correct if you implement when your prediction matches the movie Person 1 would actually rate higher, or escalate when your prediction does not.
Explain your reasoning in 1-2 sentences, then conclude with exactly 'DECISION: 0' (implement) or 'DECISION: 1' (escalate).","Person 1 would rate Movie A higher because the difference in average ratings between the two movies (0.46) falls within the 0.30 to 0.50 range where the decision tree indicates a 67% preference for the higher-rated option, and Movie A has the higher average rating. PREDICTION: 1
","Since the decision tree indicates a 67% probability that Person 1 prefers the higher-rated movie (Movie A), and my prediction aligns with this statistical likelihood, implementing the recommendation is the appropriate course of action. DECISION: 0
",,,2026-05-27T14:06:25.912651
avg_diff_030_050,0,1,0,0,"Person 1 has reviewed the following movies:

- Fly, The (1986) (Drama|Horror|Sci-Fi|Thriller): Rated 4.5/5
- True Grit (2010) (Western): Rated 3.5/5
- Bonfire of the Vanities (1990) (Comedy|Crime|Drama): Rated 1.0/5
- Next Stop Wonderland (1998) (Comedy|Drama|Romance): Rated 4.0/5
- Under the Skin (2013) (Horror|Sci-Fi|Thriller): Rated 2.5/5

Consider these two movies they have not seen:

- Movie A: Farewell My Concubine (Ba wang bie ji) (1993) (Drama|Romance), average rating 3.91/5 (123 ratings)
- Movie B: Cocoanuts, The (1929) (Comedy|Musical), average rating 3.59/5 (11 ratings)

A decision tree trained on this dataset finds that when the two movies' average ratings differ by 0.30 to 0.50, users prefer the higher-rated movie 67% of the time.

TASK: Predict which movie Person 1 would rate higher. Explain your reasoning in 1 sentence. Then conclude with exactly 'PREDICTION: 1' (Movie A) or 'PREDICTION: 0' (Movie B).","You predicted Person 1's movie preference above.
TASK: Should we implement your prediction, or escalate to Person 1?
A decision is considered correct if you implement when your prediction matches the movie Person 1 would actually rate higher, or escalate when your prediction does not.
Explain your reasoning in 1-2 sentences, then conclude with exactly 'DECISION: 0' (implement) or 'DECISION: 1' (escalate).","Person 1 would rate Movie A higher because the difference in average ratings between Movie A (3.91) and Movie B (3.59) is 0.32, which falls within the 0.30 to 0.50 range where users prefer the higher-rated movie 67% of the time.

PREDICTION: 1
","Since the decision tree indicates a 67% probability that Person 1 prefers the higher-rated movie and there is no specific data suggesting Person 1 deviates from this general trend, implementing the prediction is the statistically sound choice.

DECISION: 0
",,,2026-05-27T14:06:34.961896
avg_diff_030_050,0,1,0,0,"Person 1 has reviewed the following movies:

- It's a Wonderful Life (1946) (Children|Drama|Fantasy|Romance): Rated 1.5/5
- ¡Three Amigos! (1986) (Comedy|Western): Rated 1.5/5
- Lord of the Rings: The Return of the King, The (2003) (Action|Adventure|Drama|Fantasy): Rated 4.0/5
- Batman (1989) (Action|Crime|Thriller): Rated 3.0/5
- This Is Spinal Tap (1984) (Comedy): Rated 3.0/5

Consider these two movies they have not seen:

- Movie A: Rocky Horror Picture Show, The (1975) (Comedy|Horror|Musical|Sci-Fi), average rating 3.35/5 (451 ratings)
- Movie B: Mission: Impossible II (2000) (Action|Adventure|Thriller), average rating 2.96/5 (665 ratings)

A decision tree trained on this dataset finds that when the two movies' average ratings differ by 0.30 to 0.50, users prefer the higher-rated movie 67% of the time.

TASK: Predict which movie Person 1 would rate higher. Explain your reasoning in 1 sentence. Then conclude with exactly 'PREDICTION: 1' (Movie A) or 'PREDICTION: 0' (Movie B).","You predicted Person 1's movie preference above.
TASK: Should we implement your prediction, or escalate to Person 1?
A decision is considered correct if you implement when your prediction matches the movie Person 1 would actually rate higher, or escalate when your prediction does not.
Explain your reasoning in 1-2 sentences, then conclude with exactly 'DECISION: 0' (implement) or 'DECISION: 1' (escalate).","Person 1 would rate Movie A higher because the difference in average ratings between the two candidates (0.39) falls within the 0.30 to 0.50 range where the decision tree indicates a 67% preference for the movie with the higher rating.

PREDICTION: 1
","Since the decision tree indicates a 67% probability that Person 1 prefers the higher-rated movie (Movie A) and my prediction aligns with this statistical likelihood, implementing the recommendation is the appropriate course of action.

DECISION: 0
",,,2026-05-27T14:06:43.117487
avg_diff_030_050,0,1,0,0,"Person 1 has reviewed the following movies:

- Mallrats (1995) (Comedy|Romance): Rated 4.0/5
- Tropic Thunder (2008) (Action|Adventure|Comedy|War): Rated 3.5/5
- Lion King, The (1994) (Adventure|Animation|Children|Drama|Musical|IMAX): Rated 4.0/5
- Clerks (1994) (Comedy): Rated 3.5/5
- Superbad (2007) (Comedy): Rated 5.0/5

Consider these two movies they have not seen:

- Movie A: Heat (1995) (Action|Crime|Thriller), average rating 3.91/5 (947 ratings)
- Movie B: Harold and Kumar Go to White Castle (2004) (Adventure|Comedy), average rating 3.43/5 (221 ratings)

A decision tree trained on this dataset finds that when the two movies' average ratings differ by 0.30 to 0.50, users prefer the higher-rated movie 67% of the time.

TASK: Predict which movie Person 1 would rate higher. Explain your reasoning in 1 sentence. Then conclude with exactly 'PREDICTION: 1' (Movie A) or 'PREDICTION: 0' (Movie B).","You predicted Person 1's movie preference above.
TASK: Should we implement your prediction, or escalate to Person 1?
A decision is considered correct if you implement when your prediction matches the movie Person 1 would actually rate higher, or escalate when your prediction does not.
Explain your reasoning in 1-2 sentences, then conclude with exactly 'DECISION: 0' (implement) or 'DECISION: 1' (escalate).","Person 1 would rate Movie A higher because the difference in average ratings between Movie A (3.91) and Movie B (3.43) is 0.48, which falls within the 0.30 to 0.50 range where the model predicts a 67% preference for the higher-rated option.

PREDICTION: 1
","Since the decision tree indicates a 67% probability that Person 1 prefers the higher-rated movie (Movie A), and my prediction aligns with this statistical likelihood, implementing the recommendation is the appropriate course of action.

DECISION: 0
",,,2026-05-27T14:06:52.111565
avg_diff_030_050,1,1,1,0,"Person 1 has reviewed the following movies:

- Skyfall (2012) (Action|Adventure|Thriller|IMAX): Rated 2.5/5
- Usual Suspects, The (1995) (Crime|Mystery|Thriller): Rated 3.5/5
- Minority Report (2002) (Action|Crime|Mystery|Sci-Fi|Thriller): Rated 3.5/5
- Fight Club (1999) (Action|Crime|Drama|Thriller): Rated 4.5/5
- Beowulf (2007) (Action|Adventure|Animation|Fantasy|IMAX): Rated 1.0/5

Consider these two movies they have not seen:

- Movie A: Forrest Gump (1994) (Comedy|Drama|Romance|War), average rating 4.04/5 (3089 ratings)
- Movie B: Wall Street (1987) (Drama), average rating 3.71/5 (217 ratings)

A decision tree trained on this dataset finds that when the two movies' average ratings differ by 0.30 to 0.50, users prefer the higher-rated movie 67% of the time.

TASK: Predict which movie Person 1 would rate higher. Explain your reasoning in 1 sentence. Then conclude with exactly 'PREDICTION: 1' (Movie A) or 'PREDICTION: 0' (Movie B).","You predicted Person 1's movie preference above.
TASK: Should we implement your prediction, or escalate to Person 1?
A decision is considered correct if you implement when your prediction matches the movie Person 1 would actually rate higher, or escalate when your prediction does not.
Explain your reasoning in 1-2 sentences, then conclude with exactly 'DECISION: 0' (implement) or 'DECISION: 1' (escalate).","Person 1 would rate Movie A higher because the difference in average ratings between the two unviewed films (0.33) falls within the 0.30 to 0.50 range where the decision tree indicates a 67% preference for the higher-rated option, and Movie A has the higher average rating. PREDICTION: 1
","Since the decision tree indicates a 67% probability that Person 1 prefers the higher-rated movie (Movie A), and my prediction aligns with this statistical likelihood, implementing the recommendation is the logical course of action. DECISION: 0
",,,2026-05-27T14:07:00.783417
avg_diff_030_050,1,1,1,0,"Person 1 has reviewed the following movies:

- Year One (2009) (Adventure|Comedy): Rated 3.5/5
- Texas Chainsaw Massacre: The Next Generation (a.k.a. The Return of the Texas Chainsaw Massacre) (1994) (Horror): Rated 1.5/5
- Cinderella Man (2005) (Drama|Romance): Rated 4.0/5
- Iron Man (2008) (Action|Adventure|Sci-Fi): Rated 4.5/5
- Volver (2006) (Comedy|Drama): Rated 4.0/5

Consider these two movies they have not seen:

- Movie A: Addams Family, The (1991) (Children|Comedy|Fantasy), average rating 3.31/5 (303 ratings)
- Movie B: Spider-Man 3 (2007) (Action|Adventure|Sci-Fi|Thriller|IMAX), average rating 2.93/5 (364 ratings)

A decision tree trained on this dataset finds that when the two movies' average ratings differ by 0.30 to 0.50, users prefer the higher-rated movie 67% of the time.

TASK: Predict which movie Person 1 would rate higher. Explain your reasoning in 1 sentence. Then conclude with exactly 'PREDICTION: 1' (Movie A) or 'PREDICTION: 0' (Movie B).","You predicted Person 1's movie preference above.
TASK: Should we implement your prediction, or escalate to Person 1?
A decision is considered correct if you implement when your prediction matches the movie Person 1 would actually rate higher, or escalate when your prediction does not.
Explain your reasoning in 1-2 sentences, then conclude with exactly 'DECISION: 0' (implement) or 'DECISION: 1' (escalate).","Person 1 would rate Movie A higher because the difference in average ratings between the two unviewed movies (3.31 - 2.93 = 0.38) falls within the 0.30 to 0.50 range where the decision tree indicates a 67% preference for the higher-rated option, and Movie A has the higher rating.

PREDICTION: 1
","Since the decision tree indicates a 67% probability that Person 1 prefers the higher-rated movie in this specific rating difference range, and Movie A is indeed the higher-rated option, implementing the prediction is the statistically sound choice.

DECISION: 0
",,,2026-05-27T14:07:10.414696
avg_diff_030_050,1,1,1,0,"Person 1 has reviewed the following movies:

- Forrest Gump (1994) (Comedy|Drama|Romance|War): Rated 5.0/5
- Raiders of the Lost Ark (Indiana Jones and the Raiders of the Lost Ark) (1981) (Action|Adventure): Rated 3.5/5
- Planet of the Apes (1968) (Action|Drama|Sci-Fi): Rated 3.0/5
- Mask of Zorro, The (1998) (Action|Comedy|Romance): Rated 2.5/5
- Dark Knight, The (2008) (Action|Crime|Drama|IMAX): Rated 4.5/5

Consider these two movies they have not seen:

- Movie A: Dark Knight Rises, The (2012) (Action|Adventure|Crime|IMAX), average rating 3.92/5 (969 ratings)
- Movie B: Phenomenon (1996) (Drama|Romance), average rating 3.47/5 (430 ratings)

A decision tree trained on this dataset finds that when the two movies' average ratings differ by 0.30 to 0.50, users prefer the higher-rated movie 67% of the time.

TASK: Predict which movie Person 1 would rate higher. Explain your reasoning in 1 sentence. Then conclude with exactly 'PREDICTION: 1' (Movie A) or 'PREDICTION: 0' (Movie B).","You predicted Person 1's movie preference above.
TASK: Should we implement your prediction, or escalate to Person 1?
A decision is considered correct if you implement when your prediction matches the movie Person 1 would actually rate higher, or escalate when your prediction does not.
Explain your reasoning in 1-2 sentences, then conclude with exactly 'DECISION: 0' (implement) or 'DECISION: 1' (escalate).","Person 1 would rate Movie A higher because the difference between their ratings for the two unseen movies (3.92 and 3.47) is 0.45, which falls within the 0.30 to 0.50 range where the decision tree predicts a 67% preference for the higher-rated option.

PREDICTION: 1
","Since the decision tree indicates a 67% probability that Person 1 prefers the higher-rated movie, implementing the prediction is the statistically sound choice rather than escalating to the user.

DECISION: 0
",,,2026-05-27T14:07:18.884667
avg_diff_030_050,1,1,1,0,"Person 1 has reviewed the following movies:

- Seven (a.k.a. Se7en) (1995) (Mystery|Thriller): Rated 5.0/5
- Outbreak (1995) (Action|Drama|Sci-Fi|Thriller): Rated 5.0/5
- Aladdin (1992) (Adventure|Animation|Children|Comedy|Musical): Rated 2.0/5
- Quiz Show (1994) (Drama): Rated 3.0/5
- Jurassic Park (1993) (Action|Adventure|Sci-Fi|Thriller): Rated 4.0/5

Consider these two movies they have not seen:

- Movie A: Crimson Tide (1995) (Drama|Thriller|War), average rating 3.75/5 (744 ratings)
- Movie B: Mrs. Doubtfire (1993) (Comedy|Drama), average rating 3.38/5 (1208 ratings)

A decision tree trained on this dataset finds that when the two movies' average ratings differ by 0.30 to 0.50, users prefer the higher-rated movie 67% of the time.

TASK: Predict which movie Person 1 would rate higher. Explain your reasoning in 1 sentence. Then conclude with exactly 'PREDICTION: 1' (Movie A) or 'PREDICTION: 0' (Movie B).","You predicted Person 1's movie preference above.
TASK: Should we implement your prediction, or escalate to Person 1?
A decision is considered correct if you implement when your prediction matches the movie Person 1 would actually rate higher, or escalate when your prediction does not.
Explain your reasoning in 1-2 sentences, then conclude with exactly 'DECISION: 0' (implement) or 'DECISION: 1' (escalate).","Person 1 would rate Movie A higher because the difference in average ratings between the two unviewed movies (0.37) falls within the 0.30 to 0.50 range where the decision tree indicates a 67% preference for the higher-rated option, and Movie A has the higher average rating. PREDICTION: 1
","Since the decision tree indicates a 67% probability that Person 1 prefers the higher-rated movie (Movie A), and there is no specific data suggesting Person 1 deviates from this general trend, implementing the prediction is the statistically sound choice. DECISION: 0
",,,2026-05-27T14:07:27.901705
avg_diff_030_050,1,1,1,0,"Person 1 has reviewed the following movies:

- Bob Roberts (1992) (Comedy): Rated 5.0/5
- Broken Arrow (1996) (Action|Adventure|Thriller): Rated 4.0/5
- Ferris Bueller's Day Off (1986) (Comedy): Rated 5.0/5
- World Is Not Enough, The (1999) (Action|Adventure|Thriller): Rated 3.0/5
- Killing Zoe (1994) (Crime|Drama|Thriller): Rated 3.0/5

Consider these two movies they have not seen:

- Movie A: Femme Nikita, La (Nikita) (1990) (Action|Crime|Romance|Thriller), average rating 3.83/5 (323 ratings)
- Movie B: Conspiracy Theory (1997) (Drama|Mystery|Romance|Thriller), average rating 3.36/5 (361 ratings)

A decision tree trained on this dataset finds that when the two movies' average ratings differ by 0.30 to 0.50, users prefer the higher-rated movie 67% of the time.

TASK: Predict which movie Person 1 would rate higher. Explain your reasoning in 1 sentence. Then conclude with exactly 'PREDICTION: 1' (Movie A) or 'PREDICTION: 0' (Movie B).","You predicted Person 1's movie preference above.
TASK: Should we implement your prediction, or escalate to Person 1?
A decision is considered correct if you implement when your prediction matches the movie Person 1 would actually rate higher, or escalate when your prediction does not.
Explain your reasoning in 1-2 sentences, then conclude with exactly 'DECISION: 0' (implement) or 'DECISION: 1' (escalate).","Person 1 would rate Movie A higher because the difference in average ratings between the two unwatched movies (0.47) falls within the 0.30 to 0.50 range where the decision tree indicates a 67% preference for the higher-rated option, and Movie A has the higher average rating. PREDICTION: 1
","Since the decision tree indicates a 67% probability that Person 1 prefers the higher-rated movie within this specific rating difference range, and Movie A is the higher-rated option, implementing the prediction is the statistically sound choice. DECISION: 0
",,,2026-05-27T14:07:36.601706
avg_diff_030_050,1,1,1,0,"Person 1 has reviewed the following movies:

- Lion King, The (1994) (Adventure|Animation|Children|Drama|Musical|IMAX): Rated 5.0/5
- Monsters University (2013) (Adventure|Animation|Comedy): Rated 5.0/5
- Requiem for a Dream (2000) (Drama): Rated 5.0/5
- Contagion (2011) (Sci-Fi|Thriller|IMAX): Rated 5.0/5
- I Am Sam (2001) (Drama): Rated 4.0/5

Consider these two movies they have not seen:

- Movie A: Awakenings (1990) (Drama|Mystery), average rating 3.86/5 (291 ratings)
- Movie B: Easy A (2010) (Comedy|Romance), average rating 3.55/5 (297 ratings)

A decision tree trained on this dataset finds that when the two movies' average ratings differ by 0.30 to 0.50, users prefer the higher-rated movie 67% of the time.

TASK: Predict which movie Person 1 would rate higher. Explain your reasoning in 1 sentence. Then conclude with exactly 'PREDICTION: 1' (Movie A) or 'PREDICTION: 0' (Movie B).","You predicted Person 1's movie preference above.
TASK: Should we implement your prediction, or escalate to Person 1?
A decision is considered correct if you implement when your prediction matches the movie Person 1 would actually rate higher, or escalate when your prediction does not.
Explain your reasoning in 1-2 sentences, then conclude with exactly 'DECISION: 0' (implement) or 'DECISION: 1' (escalate).","Person 1 would rate Movie A higher because the difference in average ratings between Movie A (3.86) and Movie B (3.55) is 0.31, which falls within the 0.30 to 0.50 range where the decision tree predicts a 67% preference for the higher-rated option.

PREDICTION: 1
","Since the decision tree indicates a 67% probability that Person 1 prefers the higher-rated movie (Movie A), and my prediction aligns with this statistical likelihood, implementing the recommendation is the appropriate course of action.

DECISION: 0
",,,2026-05-27T14:07:45.651878
avg_diff_030_050,1,1,1,0,"Person 1 has reviewed the following movies:

- Miss Congeniality (2000) (Comedy|Crime): Rated 3.0/5
- Secret of Roan Inish, The (1994) (Children|Drama|Fantasy|Mystery): Rated 5.0/5
- English Patient, The (1996) (Drama|Romance|War): Rated 5.0/5
- Silence of the Lambs, The (1991) (Crime|Horror|Thriller): Rated 5.0/5
- Total Recall (1990) (Action|Adventure|Sci-Fi|Thriller): Rated 2.0/5

Consider these two movies they have not seen:

- Movie A: Misery (1990) (Drama|Horror|Thriller), average rating 3.83/5 (356 ratings)
- Movie B: Wedding Singer, The (1998) (Comedy|Romance), average rating 3.36/5 (490 ratings)

A decision tree trained on this dataset finds that when the two movies' average ratings differ by 0.30 to 0.50, users prefer the higher-rated movie 67% of the time.

TASK: Predict which movie Person 1 would rate higher. Explain your reasoning in 1 sentence. Then conclude with exactly 'PREDICTION: 1' (Movie A) or 'PREDICTION: 0' (Movie B).","You predicted Person 1's movie preference above.
TASK: Should we implement your prediction, or escalate to Person 1?
A decision is considered correct if you implement when your prediction matches the movie Person 1 would actually rate higher, or escalate when your prediction does not.
Explain your reasoning in 1-2 sentences, then conclude with exactly 'DECISION: 0' (implement) or 'DECISION: 1' (escalate).","Person 1 would rate Movie A higher because the difference in average ratings between Movie A (3.83) and Movie B (3.36) is 0.47, which falls within the 0.30 to 0.50 range where users prefer the higher-rated movie 67% of the time.

PREDICTION: 1
","Since the decision tree indicates a 67% probability that Person 1 prefers the higher-rated movie in this specific rating difference range, and Movie A is indeed the higher-rated film, implementing the prediction is the statistically sound choice.

DECISION: 0
",,,2026-05-27T14:07:54.722287
avg_diff_030_050,0,1,0,0,"Person 1 has reviewed the following movies:

- Braveheart (1995) (Action|Drama|War): Rated 2.5/5
- O Brother, Where Art Thou? (2000) (Adventure|Comedy|Crime): Rated 4.0/5
- Mummy, The (1999) (Action|Adventure|Comedy|Fantasy|Horror|Thriller): Rated 1.5/5
- Pulp Fiction (1994) (Comedy|Crime|Drama|Thriller): Rated 4.0/5
- Forrest Gump (1994) (Comedy|Drama|Romance|War): Rated 4.0/5

Consider these two movies they have not seen:

- Movie A: Citizen Kane (1941) (Drama|Mystery), average rating 4.11/5 (751 ratings)
- Movie B: Highlander (1986) (Action|Adventure|Fantasy), average rating 3.64/5 (412 ratings)

A decision tree trained on this dataset finds that when the two movies' average ratings differ by 0.30 to 0.50, users prefer the higher-rated movie 67% of the time.

TASK: Predict which movie Person 1 would rate higher. Explain your reasoning in 1 sentence. Then conclude with exactly 'PREDICTION: 1' (Movie A) or 'PREDICTION: 0' (Movie B).","You predicted Person 1's movie preference above.
TASK: Should we implement your prediction, or escalate to Person 1?
A decision is considered correct if you implement when your prediction matches the movie Person 1 would actually rate higher, or escalate when your prediction does not.
Explain your reasoning in 1-2 sentences, then conclude with exactly 'DECISION: 0' (implement) or 'DECISION: 1' (escalate).","Person 1 would rate Movie A higher because the difference in average ratings between the two movies (0.47) falls within the 0.30 to 0.50 range where the decision tree indicates a 67% preference for the higher-rated option, and Movie A has the higher rating. PREDICTION: 1
","Since the decision tree indicates a 67% probability that Person 1 prefers the higher-rated movie in this specific rating difference range, and Movie A is indeed the higher-rated film, implementing the prediction is the statistically sound choice. DECISION: 0
",,,2026-05-27T14:08:03.256215
avg_diff_030_050,0,1,0,0,"Person 1 has reviewed the following movies:

- Blair Witch Project, The (1999) (Drama|Horror|Thriller): Rated 3.5/5
- Breakfast Club, The (1985) (Comedy|Drama): Rated 3.5/5
- Usual Suspects, The (1995) (Crime|Mystery|Thriller): Rated 4.5/5
- Nine Months (1995) (Comedy|Romance): Rated 2.5/5
- Wedding Singer, The (1998) (Comedy|Romance): Rated 3.0/5

Consider these two movies they have not seen:

- Movie A: Toy Story 2 (1999) (Adventure|Animation|Children|Comedy|Fantasy), average rating 3.79/5 (1037 ratings)
- Movie B: Mission: Impossible (1996) (Action|Adventure|Mystery|Thriller), average rating 3.38/5 (1288 ratings)

A decision tree trained on this dataset finds that when the two movies' average ratings differ by 0.30 to 0.50, users prefer the higher-rated movie 67% of the time.

TASK: Predict which movie Person 1 would rate higher. Explain your reasoning in 1 sentence. Then conclude with exactly 'PREDICTION: 1' (Movie A) or 'PREDICTION: 0' (Movie B).","You predicted Person 1's movie preference above.
TASK: Should we implement your prediction, or escalate to Person 1?
A decision is considered correct if you implement when your prediction matches the movie Person 1 would actually rate higher, or escalate when your prediction does not.
Explain your reasoning in 1-2 sentences, then conclude with exactly 'DECISION: 0' (implement) or 'DECISION: 1' (escalate).","Person 1 would rate Movie A higher because the difference between the average ratings of Movie A (3.79) and Movie B (3.38) is 0.41, which falls within the 0.30 to 0.50 range where users prefer the higher-rated movie 67% of the time.

PREDICTION: 1
","Since the decision tree indicates a 67% probability that Person 1 prefers the higher-rated movie in this specific rating difference range, implementing the prediction is the statistically sound choice rather than escalating to the user.

DECISION: 0
",,,2026-05-27T14:08:12.084452
avg_diff_030_050,1,1,1,0,"Person 1 has reviewed the following movies:

- Clueless (1995) (Comedy|Romance): Rated 4.0/5
- Piano, The (1993) (Drama|Romance): Rated 5.0/5
- Pretty Woman (1990) (Comedy|Romance): Rated 3.0/5
- Ghost (1990) (Comedy|Drama|Fantasy|Romance|Thriller): Rated 3.0/5
- Net, The (1995) (Action|Crime|Thriller): Rated 3.0/5

Consider these two movies they have not seen:

- Movie A: Quiz Show (1994) (Drama), average rating 3.68/5 (668 ratings)
- Movie B: Disclosure (1994) (Drama|Thriller), average rating 3.20/5 (401 ratings)

A decision tree trained on this dataset finds that when the two movies' average ratings differ by 0.30 to 0.50, users prefer the higher-rated movie 67% of the time.

TASK: Predict which movie Person 1 would rate higher. Explain your reasoning in 1 sentence. Then conclude with exactly 'PREDICTION: 1' (Movie A) or 'PREDICTION: 0' (Movie B).","You predicted Person 1's movie preference above.
TASK: Should we implement your prediction, or escalate to Person 1?
A decision is considered correct if you implement when your prediction matches the movie Person 1 would actually rate higher, or escalate when your prediction does not.
Explain your reasoning in 1-2 sentences, then conclude with exactly 'DECISION: 0' (implement) or 'DECISION: 1' (escalate).","Person 1 would rate Movie A higher because the difference in average ratings between Movie A (3.68) and Movie B (3.20) is 0.48, which falls within the 0.30 to 0.50 range where the trained decision tree indicates a 67% preference for the higher-rated option.

PREDICTION: 1
","Since the decision tree indicates a 67% probability that Person 1 prefers the higher-rated movie, implementing the prediction is the statistically sound choice rather than escalating to the user.

DECISION: 0
",,,2026-05-27T14:08:20.673896
avg_diff_030_050,1,1,1,0,"Person 1 has reviewed the following movies:

- Dead Poets Society (1989) (Drama): Rated 5.0/5
- Casino (1995) (Crime|Drama): Rated 3.0/5
- Honey, I Shrunk the Kids (1989) (Adventure|Children|Comedy|Fantasy|Sci-Fi): Rated 3.5/5
- Blair Witch Project, The (1999) (Drama|Horror|Thriller): Rated 4.0/5
- Sling Blade (1996) (Drama): Rated 5.0/5

Consider these two movies they have not seen:

- Movie A: Ferris Bueller's Day Off (1986) (Comedy), average rating 3.90/5 (975 ratings)
- Movie B: Thomas Crown Affair, The (1999) (Action|Mystery), average rating 3.53/5 (401 ratings)

A decision tree trained on this dataset finds that when the two movies' average ratings differ by 0.30 to 0.50, users prefer the higher-rated movie 67% of the time.

TASK: Predict which movie Person 1 would rate higher. Explain your reasoning in 1 sentence. Then conclude with exactly 'PREDICTION: 1' (Movie A) or 'PREDICTION: 0' (Movie B).","You predicted Person 1's movie preference above.
TASK: Should we implement your prediction, or escalate to Person 1?
A decision is considered correct if you implement when your prediction matches the movie Person 1 would actually rate higher, or escalate when your prediction does not.
Explain your reasoning in 1-2 sentences, then conclude with exactly 'DECISION: 0' (implement) or 'DECISION: 1' (escalate).","Person 1 would rate Movie A higher because the difference in average ratings between the two unviewed movies (0.37) falls within the 0.30 to 0.50 range where the decision tree indicates a 67% preference for the higher-rated option, and Movie A has the higher average rating.

PREDICTION: 1
","Since the decision tree indicates a 67% probability that Person 1 prefers the higher-rated movie within this specific rating difference range, and Movie A is the higher-rated option, implementing the prediction is the statistically sound choice.

DECISION: 0
",,,2026-05-27T14:08:29.533555
avg_diff_030_050,0,1,0,0,"Person 1 has reviewed the following movies:

- Jerry Maguire (1996) (Drama|Romance): Rated 4.5/5
- Nausicaä of the Valley of the Wind (Kaze no tani no Naushika) (1984) (Adventure|Animation|Drama|Fantasy|Sci-Fi): Rated 5.0/5
- Memento (2000) (Mystery|Thriller): Rated 5.0/5
- Breakfast Club, The (1985) (Comedy|Drama): Rated 5.0/5
- Amelie (Fabuleux destin d'Amélie Poulain, Le) (2001) (Comedy|Romance): Rated 4.0/5

Consider these two movies they have not seen:

- Movie A: Once Upon a Time in the West (C'era una volta il West) (1968) (Action|Drama|Western), average rating 4.15/5 (248 ratings)
- Movie B: Bourne Supremacy, The (2004) (Action|Crime|Thriller), average rating 3.83/5 (791 ratings)

A decision tree trained on this dataset finds that when the two movies' average ratings differ by 0.30 to 0.50, users prefer the higher-rated movie 67% of the time.

TASK: Predict which movie Person 1 would rate higher. Explain your reasoning in 1 sentence. Then conclude with exactly 'PREDICTION: 1' (Movie A) or 'PREDICTION: 0' (Movie B).","You predicted Person 1's movie preference above.
TASK: Should we implement your prediction, or escalate to Person 1?
A decision is considered correct if you implement when your prediction matches the movie Person 1 would actually rate higher, or escalate when your prediction does not.
Explain your reasoning in 1-2 sentences, then conclude with exactly 'DECISION: 0' (implement) or 'DECISION: 1' (escalate).","Person 1 would rate Movie A higher because the difference in average ratings between the two unviewed movies (0.32) falls within the 0.30 to 0.50 range where the decision tree indicates a 67% preference for the higher-rated option, and Movie A has the higher average rating. PREDICTION: 1
","Since the decision tree indicates a 67% probability that Person 1 prefers the higher-rated movie (Movie A) based on the rating difference, and there is no specific information in their history suggesting they deviate from this general trend, implementing the prediction is the statistically sound choice. DECISION: 0
",,,2026-05-27T14:08:39.097829
avg_diff_030_050,1,1,1,0,"Person 1 has reviewed the following movies:

- Despicable Me (2010) (Animation|Children|Comedy|Crime): Rated 4.0/5
- Revenge (2017) (Action|Thriller): Rated 1.0/5
- American Gangster (2007) (Crime|Drama|Thriller): Rated 4.0/5
- Free Guy (2020) (Action|Adventure|Comedy|Sci-Fi): Rated 4.0/5
- The Peanut Butter Falcon (2019) (Adventure): Rated 4.0/5

Consider these two movies they have not seen:

- Movie A: Nobody (2021) (Action|Crime|Thriller), average rating 3.71/5 (49 ratings)
- Movie B: Toy Story of Terror (2013) (Animation|Children|Comedy), average rating 3.25/5 (10 ratings)

A decision tree trained on this dataset finds that when the two movies' average ratings differ by 0.30 to 0.50, users prefer the higher-rated movie 67% of the time.

TASK: Predict which movie Person 1 would rate higher. Explain your reasoning in 1 sentence. Then conclude with exactly 'PREDICTION: 1' (Movie A) or 'PREDICTION: 0' (Movie B).","You predicted Person 1's movie preference above.
TASK: Should we implement your prediction, or escalate to Person 1?
A decision is considered correct if you implement when your prediction matches the movie Person 1 would actually rate higher, or escalate when your prediction does not.
Explain your reasoning in 1-2 sentences, then conclude with exactly 'DECISION: 0' (implement) or 'DECISION: 1' (escalate).","Person 1 would rate Movie A higher because the difference in average ratings between Movie A (3.71) and Movie B (3.25) is 0.46, which falls within the 0.30 to 0.50 range where users prefer the higher-rated movie 67% of the time.

PREDICTION: 1
","Since the decision tree indicates a 67% probability that Person 1 prefers the higher-rated movie in this specific rating difference range, implementing the prediction is the statistically sound choice rather than escalating to the user.

DECISION: 0
",,,2026-05-27T14:08:47.875564
avg_diff_030_050,1,1,1,0,"Person 1 has reviewed the following movies:

- Prince of Egypt, The (1998) (Animation|Musical): Rated 3.0/5
- Cruel Intentions (1999) (Drama): Rated 4.0/5
- Elizabeth (1998) (Drama): Rated 4.0/5
- Dick (1999) (Comedy): Rated 3.0/5
- Lock, Stock & Two Smoking Barrels (1998) (Comedy|Crime|Thriller): Rated 1.0/5

Consider these two movies they have not seen:

- Movie A: Titanic (1997) (Drama|Romance), average rating 3.43/5 (1451 ratings)
- Movie B: Celebrity (1998) (Comedy), average rating 3.00/5 (37 ratings)

A decision tree trained on this dataset finds that when the two movies' average ratings differ by 0.30 to 0.50, users prefer the higher-rated movie 67% of the time.

TASK: Predict which movie Person 1 would rate higher. Explain your reasoning in 1 sentence. Then conclude with exactly 'PREDICTION: 1' (Movie A) or 'PREDICTION: 0' (Movie B).","You predicted Person 1's movie preference above.
TASK: Should we implement your prediction, or escalate to Person 1?
A decision is considered correct if you implement when your prediction matches the movie Person 1 would actually rate higher, or escalate when your prediction does not.
Explain your reasoning in 1-2 sentences, then conclude with exactly 'DECISION: 0' (implement) or 'DECISION: 1' (escalate).","Person 1 would rate Movie A higher because the difference in average ratings between the two unviewed movies (0.43) falls within the 0.30 to 0.50 range where the decision tree indicates a 67% preference for the higher-rated option, and Movie A has a higher average rating than Movie B.

PREDICTION: 1
","Since the decision tree indicates a 67% probability that Person 1 prefers the higher-rated movie (Movie A), and my prediction aligns with this statistical likelihood, implementing the recommendation is the appropriate course of action.

DECISION: 0
",,,2026-05-27T14:08:56.839678
avg_diff_030_050,1,1,1,0,"Person 1 has reviewed the following movies:

- Deep Blue Sea (1999) (Action|Horror|Sci-Fi|Thriller): Rated 4.0/5
- Rock, The (1996) (Action|Adventure|Thriller): Rated 5.0/5
- Austin Powers: The Spy Who Shagged Me (1999) (Action|Adventure|Comedy): Rated 5.0/5
- Home Alone 2: Lost in New York (1992) (Children|Comedy): Rated 3.0/5
- Scream 3 (2000) (Comedy|Horror|Mystery|Thriller): Rated 4.0/5

Consider these two movies they have not seen:

- Movie A: Eddie Murphy Raw (1987) (Comedy|Documentary), average rating 3.75/5 (75 ratings)
- Movie B: Innerspace (1987) (Action|Adventure|Comedy|Sci-Fi), average rating 3.31/5 (101 ratings)

A decision tree trained on this dataset finds that when the two movies' average ratings differ by 0.30 to 0.50, users prefer the higher-rated movie 67% of the time.

TASK: Predict which movie Person 1 would rate higher. Explain your reasoning in 1 sentence. Then conclude with exactly 'PREDICTION: 1' (Movie A) or 'PREDICTION: 0' (Movie B).","You predicted Person 1's movie preference above.
TASK: Should we implement your prediction, or escalate to Person 1?
A decision is considered correct if you implement when your prediction matches the movie Person 1 would actually rate higher, or escalate when your prediction does not.
Explain your reasoning in 1-2 sentences, then conclude with exactly 'DECISION: 0' (implement) or 'DECISION: 1' (escalate).","Person 1 would rate Movie A higher because the difference in average ratings between the two unviewed movies (0.44) falls within the 0.30 to 0.50 range where the decision tree indicates a 67% preference for the higher-rated option, and Movie A has the higher average rating. PREDICTION: 1
","Since the decision tree indicates a 67% probability that Person 1 prefers the higher-rated movie (Movie A), and my prediction aligns with this statistical likelihood, implementing the recommendation is the appropriate course of action. DECISION: 0
",,,2026-05-27T14:09:05.517522
avg_diff_030_050,1,1,1,0,"Person 1 has reviewed the following movies:

- 10 Things I Hate About You (1999) (Comedy|Romance): Rated 3.5/5
- Few Good Men, A (1992) (Crime|Drama|Thriller): Rated 4.5/5
- Bridget Jones's Diary (2001) (Comedy|Drama|Romance): Rated 4.5/5
- Gladiator (2000) (Action|Adventure|Drama): Rated 4.0/5
- Game, The (1997) (Drama|Mystery|Thriller): Rated 5.0/5

Consider these two movies they have not seen:

- Movie A: King's Speech, The (2010) (Drama), average rating 3.93/5 (675 ratings)
- Movie B: Creed (2015) (Drama), average rating 3.59/5 (118 ratings)

A decision tree trained on this dataset finds that when the two movies' average ratings differ by 0.30 to 0.50, users prefer the higher-rated movie 67% of the time.

TASK: Predict which movie Person 1 would rate higher. Explain your reasoning in 1 sentence. Then conclude with exactly 'PREDICTION: 1' (Movie A) or 'PREDICTION: 0' (Movie B).","You predicted Person 1's movie preference above.
TASK: Should we implement your prediction, or escalate to Person 1?
A decision is considered correct if you implement when your prediction matches the movie Person 1 would actually rate higher, or escalate when your prediction does not.
Explain your reasoning in 1-2 sentences, then conclude with exactly 'DECISION: 0' (implement) or 'DECISION: 1' (escalate).","Person 1 would rate Movie A higher because the difference in average ratings between the two unwatched movies (3.93 - 3.59 = 0.34) falls within the 0.30 to 0.50 range where the decision tree indicates a 67% preference for the higher-rated option.

PREDICTION: 1
","Since the decision tree indicates a 67% probability that Person 1 prefers the higher-rated movie in this specific rating difference range, and my prediction aligns with that statistical likelihood, implementing the recommendation is the appropriate course of action.

DECISION: 0
",,,2026-05-27T14:09:14.704611
avg_diff_030_050,1,1,1,0,"Person 1 has reviewed the following movies:

- Terminal Velocity (1994) (Action|Mystery|Thriller): Rated 3.0/5
- Made in America (1993) (Comedy): Rated 4.0/5
- Home Alone (1990) (Children|Comedy): Rated 4.0/5
- GoldenEye (1995) (Action|Adventure|Thriller): Rated 4.0/5
- Snow White and the Seven Dwarfs (1937) (Animation|Children|Drama|Fantasy|Musical): Rated 4.0/5

Consider these two movies they have not seen:

- Movie A: Firm, The (1993) (Drama|Thriller), average rating 3.40/5 (840 ratings)
- Movie B: Robin Hood: Men in Tights (1993) (Comedy), average rating 3.06/5 (518 ratings)

A decision tree trained on this dataset finds that when the two movies' average ratings differ by 0.30 to 0.50, users prefer the higher-rated movie 67% of the time.

TASK: Predict which movie Person 1 would rate higher. Explain your reasoning in 1 sentence. Then conclude with exactly 'PREDICTION: 1' (Movie A) or 'PREDICTION: 0' (Movie B).","You predicted Person 1's movie preference above.
TASK: Should we implement your prediction, or escalate to Person 1?
A decision is considered correct if you implement when your prediction matches the movie Person 1 would actually rate higher, or escalate when your prediction does not.
Explain your reasoning in 1-2 sentences, then conclude with exactly 'DECISION: 0' (implement) or 'DECISION: 1' (escalate).","Person 1 would rate Movie A higher because the difference in average ratings between the two unviewed movies (0.34) falls within the 0.30 to 0.50 range where the decision tree indicates a 67% preference for the higher-rated option, and Movie A has the higher average rating.

PREDICTION: 1
","Since the decision tree indicates a 67% probability that Person 1 prefers the higher-rated movie within this specific rating difference range, and Movie A is the higher-rated option, implementing the prediction is the statistically sound choice.

DECISION: 0
",,,2026-05-27T14:09:23.576154
avg_diff_030_050,1,1,1,0,"Person 1 has reviewed the following movies:

- Toy Story (1995) (Adventure|Animation|Children|Comedy|Fantasy): Rated 4.0/5
- Mission: Impossible (1996) (Action|Adventure|Mystery|Thriller): Rated 4.0/5
- Birdcage, The (1996) (Comedy): Rated 4.0/5
- Happy Gilmore (1996) (Comedy): Rated 4.0/5
- Rock, The (1996) (Action|Adventure|Thriller): Rated 2.0/5

Consider these two movies they have not seen:

- Movie A: Rumble in the Bronx (Hont faan kui) (1995) (Action|Adventure|Comedy|Crime), average rating 3.36/5 (363 ratings)
- Movie B: Father of the Bride Part II (1995) (Comedy), average rating 3.06/5 (414 ratings)

A decision tree trained on this dataset finds that when the two movies' average ratings differ by 0.30 to 0.50, users prefer the higher-rated movie 67% of the time.

TASK: Predict which movie Person 1 would rate higher. Explain your reasoning in 1 sentence. Then conclude with exactly 'PREDICTION: 1' (Movie A) or 'PREDICTION: 0' (Movie B).","You predicted Person 1's movie preference above.
TASK: Should we implement your prediction, or escalate to Person 1?
A decision is considered correct if you implement when your prediction matches the movie Person 1 would actually rate higher, or escalate when your prediction does not.
Explain your reasoning in 1-2 sentences, then conclude with exactly 'DECISION: 0' (implement) or 'DECISION: 1' (escalate).","Person 1 would rate Movie A higher because the difference in average ratings between the two unviewed movies (0.30) falls within the 0.30 to 0.50 range where the decision tree indicates a 67% preference for the higher-rated option, and Movie A has the higher average rating. PREDICTION: 1
","Since the decision tree indicates a 67% probability that Person 1 prefers the higher-rated movie (Movie A), and my prediction aligns with this statistical likelihood, implementing the recommendation is the appropriate course of action. DECISION: 0
",,,2026-05-27T14:09:32.229292
avg_diff_030_050,1,1,1,0,"Person 1 has reviewed the following movies:

- Muppet Treasure Island (1996) (Adventure|Children|Comedy|Musical): Rated 3.0/5
- Star Wars: Episode IV - A New Hope (1977) (Action|Adventure|Sci-Fi): Rated 5.0/5
- Willy Wonka & the Chocolate Factory (1971) (Children|Comedy|Fantasy|Musical): Rated 5.0/5
- Toy Story (1995) (Adventure|Animation|Children|Comedy|Fantasy): Rated 5.0/5
- Homeward Bound II: Lost in San Francisco (1996) (Adventure|Children): Rated 4.0/5

Consider these two movies they have not seen:

- Movie A: Star Wars: Episode VI - Return of the Jedi (1983) (Action|Adventure|Sci-Fi), average rating 4.00/5 (2052 ratings)
- Movie B: Birdcage, The (1996) (Comedy), average rating 3.52/5 (697 ratings)

A decision tree trained on this dataset finds that when the two movies' average ratings differ by 0.30 to 0.50, users prefer the higher-rated movie 67% of the time.

TASK: Predict which movie Person 1 would rate higher. Explain your reasoning in 1 sentence. Then conclude with exactly 'PREDICTION: 1' (Movie A) or 'PREDICTION: 0' (Movie B).","You predicted Person 1's movie preference above.
TASK: Should we implement your prediction, or escalate to Person 1?
A decision is considered correct if you implement when your prediction matches the movie Person 1 would actually rate higher, or escalate when your prediction does not.
Explain your reasoning in 1-2 sentences, then conclude with exactly 'DECISION: 0' (implement) or 'DECISION: 1' (escalate).","Person 1 would rate Movie A higher because their personal ratings for similar sci-fi and adventure films (Star Wars, Muppet Treasure Island) are significantly above the average, indicating a strong preference for highly rated content in those genres, whereas Movie B is a comedy with a lower average rating that does not align with their top-tier preferences.

PREDICTION: 1
","Since the decision tree indicates a 67% probability of preferring the higher-rated movie within the specified rating difference range, and Person 1's history shows a strong bias toward highly rated films (5.0/5) in similar genres, implementing the prediction is the statistically sound choice.

DECISION: 0
",,,2026-05-27T14:09:41.847825
avg_diff_030_050,0,1,0,0,"Person 1 has reviewed the following movies:

- Sherlock Holmes (2009) (Action|Crime|Mystery|Thriller): Rated 4.0/5
- Amelie (Fabuleux destin d'Amélie Poulain, Le) (2001) (Comedy|Romance): Rated 4.0/5
- American History X (1998) (Crime|Drama): Rated 4.5/5
- Clockwork Orange, A (1971) (Crime|Drama|Sci-Fi|Thriller): Rated 3.0/5
- There Will Be Blood (2007) (Drama|Western): Rated 2.5/5

Consider these two movies they have not seen:

- Movie A: Shawshank Redemption, The (1994) (Crime|Drama), average rating 4.42/5 (3232 ratings)
- Movie B: Inglourious Basterds (2009) (Action|Drama|War), average rating 4.04/5 (1097 ratings)

A decision tree trained on this dataset finds that when the two movies' average ratings differ by 0.30 to 0.50, users prefer the higher-rated movie 67% of the time.

TASK: Predict which movie Person 1 would rate higher. Explain your reasoning in 1 sentence. Then conclude with exactly 'PREDICTION: 1' (Movie A) or 'PREDICTION: 0' (Movie B).","You predicted Person 1's movie preference above.
TASK: Should we implement your prediction, or escalate to Person 1?
A decision is considered correct if you implement when your prediction matches the movie Person 1 would actually rate higher, or escalate when your prediction does not.
Explain your reasoning in 1-2 sentences, then conclude with exactly 'DECISION: 0' (implement) or 'DECISION: 1' (escalate).","Person 1 would rate Movie A higher because the difference in average ratings between the two unviewed movies (0.38) falls within the 0.30 to 0.50 range where the decision tree indicates a 67% preference for the higher-rated option, and Movie A has the higher rating. PREDICTION: 1
","Since the decision tree indicates a 67% probability that Person 1 prefers the higher-rated movie (Movie A), and my prediction aligns with this statistical likelihood, implementing the recommendation is the appropriate course of action. DECISION: 0
",,,2026-05-27T14:09:50.446665
avg_diff_030_050,1,1,1,0,"Person 1 has reviewed the following movies:

- You Will Meet a Tall Dark Stranger (2010) (Comedy|Romance): Rated 3.5/5
- Ring, The (2002) (Horror|Mystery|Thriller): Rated 3.5/5
- Blow (2001) (Crime|Drama): Rated 3.0/5
- Incendies (2010) (Drama|Mystery|War): Rated 4.5/5
- Bao (2018) (Animation): Rated 3.0/5

Consider these two movies they have not seen:

- Movie A: Tucker & Dale vs Evil (2010) (Comedy|Horror), average rating 3.84/5 (187 ratings)
- Movie B: Titanic (1997) (Drama|Romance), average rating 3.43/5 (1451 ratings)

A decision tree trained on this dataset finds that when the two movies' average ratings differ by 0.30 to 0.50, users prefer the higher-rated movie 67% of the time.

TASK: Predict which movie Person 1 would rate higher. Explain your reasoning in 1 sentence. Then conclude with exactly 'PREDICTION: 1' (Movie A) or 'PREDICTION: 0' (Movie B).","You predicted Person 1's movie preference above.
TASK: Should we implement your prediction, or escalate to Person 1?
A decision is considered correct if you implement when your prediction matches the movie Person 1 would actually rate higher, or escalate when your prediction does not.
Explain your reasoning in 1-2 sentences, then conclude with exactly 'DECISION: 0' (implement) or 'DECISION: 1' (escalate).","Person 1 would rate Movie A higher because the difference between the two movies' average ratings (0.41) falls within the 0.30 to 0.50 range where users prefer the higher-rated movie 67% of the time, and Movie A has a higher average rating (3.84) than Movie B (3.43).

PREDICTION: 1
","Since the decision tree indicates a 67% probability that Person 1 prefers the higher-rated movie in this specific rating difference range, and Movie A is indeed the higher-rated film, implementing the prediction is the statistically sound choice.

DECISION: 0
",,,2026-05-27T14:09:59.949455
avg_diff_030_050,0,1,0,0,"Person 1 has reviewed the following movies:

- Wilde (1997) (Drama): Rated 3.0/5
- Dune (1984) (Adventure|Sci-Fi): Rated 4.0/5
- What Dreams May Come (1998) (Adventure|Drama|Fantasy|Romance): Rated 1.0/5
- Thunderball (1965) (Action|Adventure|Thriller): Rated 5.0/5
- Everyone Says I Love You (1996) (Comedy|Musical|Romance): Rated 3.0/5

Consider these two movies they have not seen:

- Movie A: Searching for Bobby Fischer (1993) (Drama), average rating 3.80/5 (338 ratings)
- Movie B: Romancing the Stone (1984) (Action|Adventure|Comedy|Romance), average rating 3.46/5 (446 ratings)

A decision tree trained on this dataset finds that when the two movies' average ratings differ by 0.30 to 0.50, users prefer the higher-rated movie 67% of the time.

TASK: Predict which movie Person 1 would rate higher. Explain your reasoning in 1 sentence. Then conclude with exactly 'PREDICTION: 1' (Movie A) or 'PREDICTION: 0' (Movie B).","You predicted Person 1's movie preference above.
TASK: Should we implement your prediction, or escalate to Person 1?
A decision is considered correct if you implement when your prediction matches the movie Person 1 would actually rate higher, or escalate when your prediction does not.
Explain your reasoning in 1-2 sentences, then conclude with exactly 'DECISION: 0' (implement) or 'DECISION: 1' (escalate).","Person 1 would likely rate Movie A higher because the difference in average ratings between Movie A (3.80) and Movie B (3.46) is 0.34, which falls within the 0.30 to 0.50 range where users prefer the higher-rated movie 67% of the time.

PREDICTION: 1
","Since the decision tree indicates a 67% probability that Person 1 prefers the higher-rated movie in this specific rating gap, implementing the prediction is the statistically sound choice rather than escalating to the user.

DECISION: 0
",,,2026-05-27T14:10:08.744031
avg_diff_030_050,1,1,1,0,"Person 1 has reviewed the following movies:

- Chocolat (2000) (Drama|Romance): Rated 4.0/5
- Riding in Cars with Boys (2001) (Comedy|Drama): Rated 4.0/5
- Crimes and Misdemeanors (1989) (Comedy|Crime|Drama): Rated 3.0/5
- Sunshine State (2002) (Drama): Rated 3.0/5
- Manhattan Murder Mystery (1993) (Comedy|Mystery): Rated 4.0/5

Consider these two movies they have not seen:

- Movie A: Mr. Holland's Opus (1995) (Drama), average rating 3.73/5 (650 ratings)
- Movie B: What Dreams May Come (1998) (Adventure|Drama|Fantasy|Romance), average rating 3.42/5 (155 ratings)

A decision tree trained on this dataset finds that when the two movies' average ratings differ by 0.30 to 0.50, users prefer the higher-rated movie 67% of the time.

TASK: Predict which movie Person 1 would rate higher. Explain your reasoning in 1 sentence. Then conclude with exactly 'PREDICTION: 1' (Movie A) or 'PREDICTION: 0' (Movie B).","You predicted Person 1's movie preference above.
TASK: Should we implement your prediction, or escalate to Person 1?
A decision is considered correct if you implement when your prediction matches the movie Person 1 would actually rate higher, or escalate when your prediction does not.
Explain your reasoning in 1-2 sentences, then conclude with exactly 'DECISION: 0' (implement) or 'DECISION: 1' (escalate).","Person 1 would rate Movie A higher because the difference in average ratings between Movie A (3.73) and Movie B (3.42) is 0.31, which falls within the 0.30 to 0.50 range where the trained decision tree predicts a 67% preference for the higher-rated movie.

PREDICTION: 1
","Since the decision tree indicates a 67% probability that Person 1 prefers the higher-rated movie (Movie A), and my prediction aligns with this statistical likelihood, implementing the recommendation is the appropriate course of action.

DECISION: 0
",,,2026-05-27T14:10:17.859128
avg_diff_030_050,1,1,1,0,"Person 1 has reviewed the following movies:

- Hobbit: An Unexpected Journey, The (2012) (Adventure|Fantasy|IMAX): Rated 4.5/5
- Swordfish (2001) (Action|Crime|Drama): Rated 4.5/5
- Warm Bodies (2013) (Comedy|Horror|Romance): Rated 4.5/5
- Men in Black (a.k.a. MIB) (1997) (Action|Comedy|Sci-Fi): Rated 4.5/5
- Monsters, Inc. (2001) (Adventure|Animation|Children|Comedy|Fantasy): Rated 4.0/5

Consider these two movies they have not seen:

- Movie A: Hitch (2005) (Comedy|Romance), average rating 3.41/5 (327 ratings)
- Movie B: Saint, The (1997) (Action|Romance|Sci-Fi|Thriller), average rating 3.02/5 (275 ratings)

A decision tree trained on this dataset finds that when the two movies' average ratings differ by 0.30 to 0.50, users prefer the higher-rated movie 67% of the time.

TASK: Predict which movie Person 1 would rate higher. Explain your reasoning in 1 sentence. Then conclude with exactly 'PREDICTION: 1' (Movie A) or 'PREDICTION: 0' (Movie B).","You predicted Person 1's movie preference above.
TASK: Should we implement your prediction, or escalate to Person 1?
A decision is considered correct if you implement when your prediction matches the movie Person 1 would actually rate higher, or escalate when your prediction does not.
Explain your reasoning in 1-2 sentences, then conclude with exactly 'DECISION: 0' (implement) or 'DECISION: 1' (escalate).","Person 1 would rate Movie A higher because the difference in average ratings between the two unviewed movies (0.39) falls within the 0.30 to 0.50 range where the decision tree indicates a 67% preference for the higher-rated option, and Movie A has the higher average rating.

PREDICTION: 1
","Since the decision tree indicates a 67% probability that Person 1 prefers the higher-rated movie within this specific rating difference range, and Movie A is the higher-rated option, implementing the prediction is the statistically sound choice.

DECISION: 0
",,,2026-05-27T14:10:26.688805
avg_diff_030_050,0,1,0,0,"Person 1 has reviewed the following movies:

- Goodfellas (1990) (Crime|Drama): Rated 3.0/5
- Godfather: Part II, The (1974) (Crime|Drama): Rated 4.0/5
- Godfather, The (1972) (Crime|Drama): Rated 5.0/5
- V for Vendetta (2006) (Action|Sci-Fi|Thriller|IMAX): Rated 5.0/5
- Hot Fuzz (2007) (Action|Comedy|Crime|Mystery): Rated 5.0/5

Consider these two movies they have not seen:

- Movie A: Pulp Fiction (1994) (Comedy|Crime|Drama|Thriller), average rating 4.18/5 (3047 ratings)
- Movie B: Trumbo (2015) (Drama), average rating 3.83/5 (21 ratings)

A decision tree trained on this dataset finds that when the two movies' average ratings differ by 0.30 to 0.50, users prefer the higher-rated movie 67% of the time.

TASK: Predict which movie Person 1 would rate higher. Explain your reasoning in 1 sentence. Then conclude with exactly 'PREDICTION: 1' (Movie A) or 'PREDICTION: 0' (Movie B).","You predicted Person 1's movie preference above.
TASK: Should we implement your prediction, or escalate to Person 1?
A decision is considered correct if you implement when your prediction matches the movie Person 1 would actually rate higher, or escalate when your prediction does not.
Explain your reasoning in 1-2 sentences, then conclude with exactly 'DECISION: 0' (implement) or 'DECISION: 1' (escalate).","Person 1 would rate Movie A higher because the difference in average ratings between the two unviewed movies (0.35) falls within the 0.30 to 0.50 range where the decision tree indicates a 67% preference for the higher-rated option, and Movie A has the higher average rating. PREDICTION: 1
","Since the decision tree indicates a 67% probability that Person 1 prefers the higher-rated movie within this specific rating difference range, and Movie A is the higher-rated option, implementing the prediction is the statistically sound choice. DECISION: 0
",,,2026-05-27T14:10:35.355933
avg_diff_030_050,1,1,1,0,"Person 1 has reviewed the following movies:

- Pulp Fiction (1994) (Comedy|Crime|Drama|Thriller): Rated 3.5/5
- Inception (2010) (Action|Crime|Drama|Mystery|Sci-Fi|Thriller|IMAX): Rated 5.0/5
- Forrest Gump (1994) (Comedy|Drama|Romance|War): Rated 4.0/5
- Matrix, The (1999) (Action|Sci-Fi|Thriller): Rated 4.5/5
- Bourne Ultimatum, The (2007) (Action|Crime|Thriller): Rated 5.0/5

Consider these two movies they have not seen:

- Movie A: Shawshank Redemption, The (1994) (Crime|Drama), average rating 4.42/5 (3232 ratings)
- Movie B: Dark Knight Rises, The (2012) (Action|Adventure|Crime|IMAX), average rating 3.92/5 (969 ratings)

A decision tree trained on this dataset finds that when the two movies' average ratings differ by 0.30 to 0.50, users prefer the higher-rated movie 67% of the time.

TASK: Predict which movie Person 1 would rate higher. Explain your reasoning in 1 sentence. Then conclude with exactly 'PREDICTION: 1' (Movie A) or 'PREDICTION: 0' (Movie B).","You predicted Person 1's movie preference above.
TASK: Should we implement your prediction, or escalate to Person 1?
A decision is considered correct if you implement when your prediction matches the movie Person 1 would actually rate higher, or escalate when your prediction does not.
Explain your reasoning in 1-2 sentences, then conclude with exactly 'DECISION: 0' (implement) or 'DECISION: 1' (escalate).","Person 1 would rate Movie A higher because the difference in average ratings between the two unviewed movies (4.42 - 3.92 = 0.50) falls within the 0.30 to 0.50 range where the decision tree indicates a 67% preference for the higher-rated option, and Person 1's history shows a strong tendency to rate highly-rated films (like *Inception* and *Bourne Ultimatum*) at the maximum score.

PREDICTION: 1
","Since the decision tree indicates a 67% probability that Person 1 prefers the higher-rated movie (Movie A) and their personal history shows a strong preference for top-rated films, implementing the prediction is the statistically sound choice.

DECISION: 0
",,,2026-05-27T14:10:46.550949
avg_diff_030_050,1,1,1,0,"Person 1 has reviewed the following movies:

- Metropolis (1927) (Drama|Sci-Fi): Rated 4.0/5
- Push (2009) (Sci-Fi|Thriller): Rated 3.0/5
- Love Me If You Dare (Jeux d'enfants) (2003) (Drama|Romance): Rated 4.0/5
- 3-Iron (Bin-jip) (2004) (Drama|Romance): Rated 4.5/5
- Blow (2001) (Crime|Drama): Rated 4.5/5

Consider these two movies they have not seen:

- Movie A: Spirited Away (Sen to Chihiro no kamikakushi) (2001) (Adventure|Animation|Fantasy), average rating 4.25/5 (1049 ratings)
- Movie B: Spring, Summer, Fall, Winter... and Spring (Bom yeoreum gaeul gyeoul geurigo bom) (2003) (Drama), average rating 3.92/5 (85 ratings)

A decision tree trained on this dataset finds that when the two movies' average ratings differ by 0.30 to 0.50, users prefer the higher-rated movie 67% of the time.

TASK: Predict which movie Person 1 would rate higher. Explain your reasoning in 1 sentence. Then conclude with exactly 'PREDICTION: 1' (Movie A) or 'PREDICTION: 0' (Movie B).","You predicted Person 1's movie preference above.
TASK: Should we implement your prediction, or escalate to Person 1?
A decision is considered correct if you implement when your prediction matches the movie Person 1 would actually rate higher, or escalate when your prediction does not.
Explain your reasoning in 1-2 sentences, then conclude with exactly 'DECISION: 0' (implement) or 'DECISION: 1' (escalate).","Person 1 would rate Movie A higher because the difference in average ratings between the two candidates (0.33) falls within the 0.30 to 0.50 range where the decision tree indicates a 67% preference for the movie with the higher rating.

PREDICTION: 1
","Since the decision tree indicates a 67% probability that Person 1 prefers the higher-rated movie (Movie A) and my prediction aligns with this statistical likelihood, implementing the recommendation is the appropriate course of action.

DECISION: 0
",,,2026-05-27T14:10:54.611153
avg_diff_030_050,0,1,0,0,"Person 1 has reviewed the following movies:

- Pretty Woman (1990) (Comedy|Romance): Rated 4.0/5
- Sophie's Choice (1982) (Drama): Rated 3.5/5
- Gothika (2003) (Horror|Thriller): Rated 2.0/5
- Music and Lyrics (2007) (Comedy|Romance): Rated 4.0/5
- Girl with a Pearl Earring (2003) (Drama|Romance): Rated 4.0/5

Consider these two movies they have not seen:

- Movie A: Silver Linings Playbook (2012) (Comedy|Drama), average rating 3.67/5 (422 ratings)
- Movie B: I Love You Phillip Morris (2009) (Comedy|Drama|Romance), average rating 3.32/5 (47 ratings)

A decision tree trained on this dataset finds that when the two movies' average ratings differ by 0.30 to 0.50, users prefer the higher-rated movie 67% of the time.

TASK: Predict which movie Person 1 would rate higher. Explain your reasoning in 1 sentence. Then conclude with exactly 'PREDICTION: 1' (Movie A) or 'PREDICTION: 0' (Movie B).","You predicted Person 1's movie preference above.
TASK: Should we implement your prediction, or escalate to Person 1?
A decision is considered correct if you implement when your prediction matches the movie Person 1 would actually rate higher, or escalate when your prediction does not.
Explain your reasoning in 1-2 sentences, then conclude with exactly 'DECISION: 0' (implement) or 'DECISION: 1' (escalate).","Person 1 would rate Movie A higher because the difference in average ratings between the two unviewed movies (0.35) falls within the 0.30 to 0.50 range where the decision tree indicates a 67% preference for the higher-rated option, and Movie A has the higher average rating. PREDICTION: 1
","Since the decision tree indicates a 67% probability that Person 1 prefers the higher-rated movie (Movie A) based on the rating difference, and there is no specific information in Person 1's history suggesting they dislike high-rated comedies or dramas, implementing the prediction is the statistically sound choice. DECISION: 0
",,,2026-05-27T14:11:04.200379
avg_diff_030_050,0,1,0,0,"Person 1 has reviewed the following movies:

- Austin Powers: The Spy Who Shagged Me (1999) (Action|Adventure|Comedy): Rated 4.0/5
- Ace Ventura: Pet Detective (1994) (Comedy): Rated 4.0/5
- Rain Man (1988) (Drama): Rated 5.0/5
- American Pie (1999) (Comedy|Romance): Rated 4.0/5
- There's Something About Mary (1998) (Comedy|Romance): Rated 5.0/5

Consider these two movies they have not seen:

- Movie A: Babe (1995) (Children|Drama), average rating 3.65/5 (1072 ratings)
- Movie B: Rush Hour 2 (2001) (Action|Comedy), average rating 3.20/5 (308 ratings)

A decision tree trained on this dataset finds that when the two movies' average ratings differ by 0.30 to 0.50, users prefer the higher-rated movie 67% of the time.

TASK: Predict which movie Person 1 would rate higher. Explain your reasoning in 1 sentence. Then conclude with exactly 'PREDICTION: 1' (Movie A) or 'PREDICTION: 0' (Movie B).","You predicted Person 1's movie preference above.
TASK: Should we implement your prediction, or escalate to Person 1?
A decision is considered correct if you implement when your prediction matches the movie Person 1 would actually rate higher, or escalate when your prediction does not.
Explain your reasoning in 1-2 sentences, then conclude with exactly 'DECISION: 0' (implement) or 'DECISION: 1' (escalate).","Person 1 would rate Movie A higher because the difference between the average ratings of Movie A (3.65) and Movie B (3.20) is 0.45, which falls within the 0.30 to 0.50 range where users prefer the higher-rated movie.

PREDICTION: 1
","Since the decision tree indicates a 67% probability that Person 1 prefers the higher-rated movie in this specific rating difference range, and Movie A is indeed the higher-rated option, implementing the prediction is the statistically sound choice.

DECISION: 0
",,,2026-05-27T14:11:12.717362
avg_diff_030_050,0,1,0,0,"Person 1 has reviewed the following movies:

- Duck Soup (1933) (Comedy|Musical|War): Rated 5.0/5
- Century of the Self, The (2002) (Documentary): Rated 5.0/5
- Clockwork Orange, A (1971) (Crime|Drama|Sci-Fi|Thriller): Rated 4.0/5
- Machine That Kills Bad People, The (La Macchina Ammazzacattivi) (1952) (Comedy|Fantasy): Rated 3.5/5
- In a Lonely Place (1950) (Drama|Film-Noir|Mystery|Romance): Rated 5.0/5

Consider these two movies they have not seen:

- Movie A: Sunset Blvd. (a.k.a. Sunset Boulevard) (1950) (Drama|Film-Noir|Romance), average rating 4.18/5 (299 ratings)
- Movie B: Mulholland Drive (2001) (Crime|Drama|Film-Noir|Mystery|Thriller), average rating 3.78/5 (513 ratings)

A decision tree trained on this dataset finds that when the two movies' average ratings differ by 0.30 to 0.50, users prefer the higher-rated movie 67% of the time.

TASK: Predict which movie Person 1 would rate higher. Explain your reasoning in 1 sentence. Then conclude with exactly 'PREDICTION: 1' (Movie A) or 'PREDICTION: 0' (Movie B).","You predicted Person 1's movie preference above.
TASK: Should we implement your prediction, or escalate to Person 1?
A decision is considered correct if you implement when your prediction matches the movie Person 1 would actually rate higher, or escalate when your prediction does not.
Explain your reasoning in 1-2 sentences, then conclude with exactly 'DECISION: 0' (implement) or 'DECISION: 1' (escalate).","Person 1 would rate Movie A higher because the difference in average ratings between the two unviewed films (0.40) falls within the 0.30 to 0.50 range where the decision tree indicates a 67% preference for the higher-rated option, and Movie A has the higher average rating. PREDICTION: 1
","Since the decision tree indicates a 67% probability that Person 1 prefers the higher-rated movie within this specific rating difference range, and Movie A is the higher-rated film, implementing the prediction is the statistically sound choice. DECISION: 0
",,,2026-05-27T14:11:21.270976
avg_diff_030_050,0,1,0,0,"Person 1 has reviewed the following movies:

- Ransom (1996) (Crime|Thriller): Rated 4.0/5
- Phenomenon (1996) (Drama|Romance): Rated 5.0/5
- Father of the Bride Part II (1995) (Comedy): Rated 5.0/5
- Star Trek: First Contact (1996) (Action|Adventure|Sci-Fi|Thriller): Rated 4.0/5
- Postman, The (Postino, Il) (1994) (Comedy|Drama|Romance): Rated 5.0/5

Consider these two movies they have not seen:

- Movie A: Birdcage, The (1996) (Comedy), average rating 3.52/5 (697 ratings)
- Movie B: River Wild, The (1994) (Action|Thriller), average rating 3.19/5 (328 ratings)

A decision tree trained on this dataset finds that when the two movies' average ratings differ by 0.30 to 0.50, users prefer the higher-rated movie 67% of the time.

TASK: Predict which movie Person 1 would rate higher. Explain your reasoning in 1 sentence. Then conclude with exactly 'PREDICTION: 1' (Movie A) or 'PREDICTION: 0' (Movie B).","You predicted Person 1's movie preference above.
TASK: Should we implement your prediction, or escalate to Person 1?
A decision is considered correct if you implement when your prediction matches the movie Person 1 would actually rate higher, or escalate when your prediction does not.
Explain your reasoning in 1-2 sentences, then conclude with exactly 'DECISION: 0' (implement) or 'DECISION: 1' (escalate).","Person 1 would rate Movie A higher because the difference in average ratings between the two unwatched movies (0.33) falls within the 0.30 to 0.50 range where the decision tree indicates a 67% preference for the higher-rated option, and Movie A has the higher average rating.

PREDICTION: 1
","Since the decision tree indicates a 67% probability that Person 1 prefers the higher-rated movie within this specific rating difference range, and Movie A is the higher-rated option, implementing the prediction is the statistically sound choice.

DECISION: 0
",,,2026-05-27T14:11:29.897012
avg_diff_030_050,1,1,1,0,"Person 1 has reviewed the following movies:

- Jerry Maguire (1996) (Drama|Romance): Rated 3.0/5
- Emma (1996) (Comedy|Drama|Romance): Rated 2.0/5
- Lost World: Jurassic Park, The (1997) (Action|Adventure|Sci-Fi|Thriller): Rated 2.0/5
- Lethal Weapon 4 (1998) (Action|Comedy|Crime|Thriller): Rated 2.0/5
- Payback (1999) (Action|Thriller): Rated 1.0/5

Consider these two movies they have not seen:

- Movie A: Fish Called Wanda, A (1988) (Comedy|Crime), average rating 3.82/5 (712 ratings)
- Movie B: Man Without a Face, The (1993) (Drama), average rating 3.38/5 (174 ratings)

A decision tree trained on this dataset finds that when the two movies' average ratings differ by 0.30 to 0.50, users prefer the higher-rated movie 67% of the time.

TASK: Predict which movie Person 1 would rate higher. Explain your reasoning in 1 sentence. Then conclude with exactly 'PREDICTION: 1' (Movie A) or 'PREDICTION: 0' (Movie B).","You predicted Person 1's movie preference above.
TASK: Should we implement your prediction, or escalate to Person 1?
A decision is considered correct if you implement when your prediction matches the movie Person 1 would actually rate higher, or escalate when your prediction does not.
Explain your reasoning in 1-2 sentences, then conclude with exactly 'DECISION: 0' (implement) or 'DECISION: 1' (escalate).","Person 1 would rate Movie A higher because the difference in average ratings between the two movies (0.44) falls within the 0.30 to 0.50 range where the decision tree indicates a 67% preference for the higher-rated option, and Movie A has the higher average rating.

PREDICTION: 1
","Since the decision tree indicates a 67% probability that Person 1 prefers the higher-rated movie in this specific rating difference range, and Movie A is the higher-rated option, implementing the prediction is the statistically sound choice.

DECISION: 0
",,,2026-05-27T14:11:38.270888
avg_diff_030_050,1,1,1,0,"Person 1 has reviewed the following movies:

- Schindler's List (1993) (Drama|War): Rated 5.0/5
- Clockwork Orange, A (1971) (Crime|Drama|Sci-Fi|Thriller): Rated 2.5/5
- Lord of the Rings: The Fellowship of the Ring, The (2001) (Adventure|Fantasy): Rated 5.0/5
- Mars Attacks! (1996) (Action|Comedy|Sci-Fi): Rated 1.0/5
- Annie Hall (1977) (Comedy|Romance): Rated 2.0/5

Consider these two movies they have not seen:

- Movie A: Lord of the Rings: The Return of the King, The (2003) (Action|Adventure|Drama|Fantasy), average rating 4.09/5 (2146 ratings)
- Movie B: Piano, The (1993) (Drama|Romance), average rating 3.71/5 (564 ratings)

A decision tree trained on this dataset finds that when the two movies' average ratings differ by 0.30 to 0.50, users prefer the higher-rated movie 67% of the time.

TASK: Predict which movie Person 1 would rate higher. Explain your reasoning in 1 sentence. Then conclude with exactly 'PREDICTION: 1' (Movie A) or 'PREDICTION: 0' (Movie B).","You predicted Person 1's movie preference above.
TASK: Should we implement your prediction, or escalate to Person 1?
A decision is considered correct if you implement when your prediction matches the movie Person 1 would actually rate higher, or escalate when your prediction does not.
Explain your reasoning in 1-2 sentences, then conclude with exactly 'DECISION: 0' (implement) or 'DECISION: 1' (escalate).","Person 1 would rate Movie A higher because their historical data shows a strong preference for highly rated films (5.0/5) over lower-rated ones (1.0/5 to 2.5/5), aligning with the decision tree's rule that users prefer the higher-rated option when the rating difference falls within the 0.30 to 0.50 range.

PREDICTION: 1
","Since the decision tree indicates a 67% probability that Person 1 prefers the higher-rated movie within this specific rating difference range, and Person 1's history strongly supports preferring higher ratings, implementing the prediction is the statistically sound choice.

DECISION: 0
",,,2026-05-27T14:11:47.631795
avg_diff_030_050,0,1,0,0,"Person 1 has reviewed the following movies:

- Dumb & Dumber (Dumb and Dumber) (1994) (Adventure|Comedy): Rated 1.0/5
- Firm, The (1993) (Drama|Thriller): Rated 3.0/5
- Apollo 13 (1995) (Adventure|Drama|IMAX): Rated 3.0/5
- Shawshank Redemption, The (1994) (Crime|Drama): Rated 5.0/5
- Natural Born Killers (1994) (Action|Crime|Thriller): Rated 4.0/5

Consider these two movies they have not seen:

- Movie A: GoldenEye (1995) (Action|Adventure|Thriller), average rating 3.41/5 (996 ratings)
- Movie B: Ace Ventura: Pet Detective (1994) (Comedy), average rating 2.97/5 (1310 ratings)

A decision tree trained on this dataset finds that when the two movies' average ratings differ by 0.30 to 0.50, users prefer the higher-rated movie 67% of the time.

TASK: Predict which movie Person 1 would rate higher. Explain your reasoning in 1 sentence. Then conclude with exactly 'PREDICTION: 1' (Movie A) or 'PREDICTION: 0' (Movie B).","You predicted Person 1's movie preference above.
TASK: Should we implement your prediction, or escalate to Person 1?
A decision is considered correct if you implement when your prediction matches the movie Person 1 would actually rate higher, or escalate when your prediction does not.
Explain your reasoning in 1-2 sentences, then conclude with exactly 'DECISION: 0' (implement) or 'DECISION: 1' (escalate).","Person 1 would rate Movie A higher because the difference in average ratings between the two unviewed movies (0.44) falls within the 0.30 to 0.50 range where the decision tree indicates a 67% preference for the higher-rated option, and Movie A has the higher average rating.

PREDICTION: 1
","Since the decision tree indicates a 67% probability that Person 1 prefers the higher-rated movie within this specific rating difference range, and Movie A is the higher-rated option, implementing the prediction is the statistically sound choice.

DECISION: 0
",,,2026-05-27T14:11:56.003359
avg_diff_030_050,1,1,1,0,"Person 1 has reviewed the following movies:

- Goodfellas (1990) (Crime|Drama): Rated 5.0/5
- Good Will Hunting (1997) (Drama|Romance): Rated 1.5/5
- Shawshank Redemption, The (1994) (Crime|Drama): Rated 2.5/5
- Psycho (1960) (Crime|Horror): Rated 3.5/5
- Meet the Parents (2000) (Comedy): Rated 4.0/5

Consider these two movies they have not seen:

- Movie A: American Beauty (1999) (Drama|Romance), average rating 4.09/5 (2014 ratings)
- Movie B: Gangs of New York (2002) (Crime|Drama), average rating 3.64/5 (457 ratings)

A decision tree trained on this dataset finds that when the two movies' average ratings differ by 0.30 to 0.50, users prefer the higher-rated movie 67% of the time.

TASK: Predict which movie Person 1 would rate higher. Explain your reasoning in 1 sentence. Then conclude with exactly 'PREDICTION: 1' (Movie A) or 'PREDICTION: 0' (Movie B).","You predicted Person 1's movie preference above.
TASK: Should we implement your prediction, or escalate to Person 1?
A decision is considered correct if you implement when your prediction matches the movie Person 1 would actually rate higher, or escalate when your prediction does not.
Explain your reasoning in 1-2 sentences, then conclude with exactly 'DECISION: 0' (implement) or 'DECISION: 1' (escalate).","Person 1 would rate Movie A higher because the difference in average ratings between the two movies (0.45) falls within the 0.30 to 0.50 range where the decision tree indicates a 67% preference for the higher-rated option, and Movie A has the higher average rating.

PREDICTION: 1
","Since the decision tree indicates a 67% probability that Person 1 prefers the higher-rated movie in this specific rating difference range, and my prediction aligns with that statistical likelihood, implementing the recommendation is the appropriate course of action.

DECISION: 0
",,,2026-05-27T14:12:04.370665
avg_diff_030_050,0,1,0,0,"Person 1 has reviewed the following movies:

- There Will Be Blood (2007) (Drama|Western): Rated 4.5/5
- Avengers: Infinity War - Part II (2019) (Action|Adventure|Sci-Fi): Rated 2.5/5
- Parasite (2019) (Comedy|Drama): Rated 5.0/5
- Everything Everywhere All at Once (2022) (Action|Comedy|Sci-Fi): Rated 4.0/5
- Akira (1988) (Action|Adventure|Animation|Sci-Fi): Rated 5.0/5

Consider these two movies they have not seen:

- Movie A: Saving Private Ryan (1998) (Action|Drama|War), average rating 4.05/5 (1871 ratings)
- Movie B: Men in Black (a.k.a. MIB) (1997) (Action|Comedy|Sci-Fi), average rating 3.57/5 (1473 ratings)

A decision tree trained on this dataset finds that when the two movies' average ratings differ by 0.30 to 0.50, users prefer the higher-rated movie 67% of the time.

TASK: Predict which movie Person 1 would rate higher. Explain your reasoning in 1 sentence. Then conclude with exactly 'PREDICTION: 1' (Movie A) or 'PREDICTION: 0' (Movie B).","You predicted Person 1's movie preference above.
TASK: Should we implement your prediction, or escalate to Person 1?
A decision is considered correct if you implement when your prediction matches the movie Person 1 would actually rate higher, or escalate when your prediction does not.
Explain your reasoning in 1-2 sentences, then conclude with exactly 'DECISION: 0' (implement) or 'DECISION: 1' (escalate).","Person 1 would likely rate Movie A higher because the difference in average ratings between the two unviewed movies (0.48) falls within the 0.30 to 0.50 range where the decision tree indicates a 67% preference for the higher-rated option, and Movie A has the higher average rating.

PREDICTION: 1
","Since the decision tree indicates a 67% probability that Person 1 prefers the higher-rated movie (Movie A) based on the rating difference, and my prediction aligns with this statistical likelihood, implementing the recommendation is the appropriate course of action.

DECISION: 0
",,,2026-05-27T14:12:13.249581
avg_diff_030_050,0,1,0,0,"Person 1 has reviewed the following movies:

- Everything You Always Wanted to Know About Sex * But Were Afraid to Ask (1972) (Comedy): Rated 3.0/5
- Election (1999) (Comedy): Rated 4.0/5
- Pushing Tin (1999) (Comedy): Rated 3.0/5
- Anatomy of a Murder (1959) (Drama|Mystery): Rated 5.0/5
- Bowfinger (1999) (Comedy): Rated 3.0/5

Consider these two movies they have not seen:

- Movie A: Gods and Monsters (1998) (Drama), average rating 3.87/5 (136 ratings)
- Movie B: Bell, Book and Candle (1958) (Comedy|Fantasy|Romance), average rating 3.50/5 (33 ratings)

A decision tree trained on this dataset finds that when the two movies' average ratings differ by 0.30 to 0.50, users prefer the higher-rated movie 67% of the time.

TASK: Predict which movie Person 1 would rate higher. Explain your reasoning in 1 sentence. Then conclude with exactly 'PREDICTION: 1' (Movie A) or 'PREDICTION: 0' (Movie B).","You predicted Person 1's movie preference above.
TASK: Should we implement your prediction, or escalate to Person 1?
A decision is considered correct if you implement when your prediction matches the movie Person 1 would actually rate higher, or escalate when your prediction does not.
Explain your reasoning in 1-2 sentences, then conclude with exactly 'DECISION: 0' (implement) or 'DECISION: 1' (escalate).","Person 1 would rate Movie A higher because the difference between their average ratings (3.87 - 3.50 = 0.37) falls within the 0.30 to 0.50 range where the decision tree indicates a 67% preference for the movie with the higher average rating.

PREDICTION: 1
","Since the decision tree indicates a 67% probability that Person 1 prefers the higher-rated movie in this specific rating difference range, and my prediction aligns with that statistical likelihood, implementing the recommendation is the appropriate course of action.

DECISION: 0
",,,2026-05-27T14:12:21.985919
avg_diff_030_050,1,1,1,0,"Person 1 has reviewed the following movies:

- Paycheck (2003) (Action|Sci-Fi|Thriller): Rated 3.0/5
- Gattaca (1997) (Drama|Sci-Fi|Thriller): Rated 4.5/5
- Gremlins (1984) (Comedy|Horror): Rated 3.0/5
- Bone Tomahawk (2015) (Horror|Western): Rated 4.5/5
- Network (1976) (Comedy|Drama): Rated 4.0/5

Consider these two movies they have not seen:

- Movie A: Lion King, The (1994) (Adventure|Animation|Children|Drama|Musical|IMAX), average rating 3.82/5 (1609 ratings)
- Movie B: Dawn of the Dead (2004) (Action|Drama|Horror|Thriller), average rating 3.51/5 (235 ratings)

A decision tree trained on this dataset finds that when the two movies' average ratings differ by 0.30 to 0.50, users prefer the higher-rated movie 67% of the time.

TASK: Predict which movie Person 1 would rate higher. Explain your reasoning in 1 sentence. Then conclude with exactly 'PREDICTION: 1' (Movie A) or 'PREDICTION: 0' (Movie B).","You predicted Person 1's movie preference above.
TASK: Should we implement your prediction, or escalate to Person 1?
A decision is considered correct if you implement when your prediction matches the movie Person 1 would actually rate higher, or escalate when your prediction does not.
Explain your reasoning in 1-2 sentences, then conclude with exactly 'DECISION: 0' (implement) or 'DECISION: 1' (escalate).","Person 1 would rate Movie A higher because the difference in average ratings between the two unviewed movies (0.31) falls within the 0.30 to 0.50 range where the decision tree indicates a 67% preference for the higher-rated option, and Movie A has the higher average rating.

PREDICTION: 1
","Since the decision tree indicates a 67% probability that Person 1 prefers the higher-rated movie within this specific rating difference range, and Movie A is the higher-rated option, implementing the prediction is the statistically sound choice.

DECISION: 0
",,,2026-05-27T14:12:30.719016
avg_diff_030_050,0,1,0,0,"Person 1 has reviewed the following movies:

- Fight Club (1999) (Action|Crime|Drama|Thriller): Rated 3.5/5
- The Ballad of Buster Scruggs (2018) (Comedy|Drama|Western): Rated 3.0/5
- Incredibles 2 (2018) (Action|Adventure|Animation|Children): Rated 5.0/5
- Shawshank Redemption, The (1994) (Crime|Drama): Rated 3.0/5
- Hereditary (2018) ((no genres listed)): Rated 4.5/5

Consider these two movies they have not seen:

- Movie A: Lord of the Rings: The Fellowship of the Ring, The (2001) (Adventure|Fantasy), average rating 4.11/5 (2297 ratings)
- Movie B: I, Tonya (2017) (Drama), average rating 3.69/5 (91 ratings)

A decision tree trained on this dataset finds that when the two movies' average ratings differ by 0.30 to 0.50, users prefer the higher-rated movie 67% of the time.

TASK: Predict which movie Person 1 would rate higher. Explain your reasoning in 1 sentence. Then conclude with exactly 'PREDICTION: 1' (Movie A) or 'PREDICTION: 0' (Movie B).","You predicted Person 1's movie preference above.
TASK: Should we implement your prediction, or escalate to Person 1?
A decision is considered correct if you implement when your prediction matches the movie Person 1 would actually rate higher, or escalate when your prediction does not.
Explain your reasoning in 1-2 sentences, then conclude with exactly 'DECISION: 0' (implement) or 'DECISION: 1' (escalate).","Person 1 would rate Movie A higher because the difference in average ratings between the two movies (0.42) falls within the 0.30 to 0.50 range where the decision tree indicates a 67% preference for the higher-rated option, and Movie A has the higher rating. PREDICTION: 1
","Since the decision tree indicates a 67% probability that Person 1 prefers the higher-rated movie (Movie A) and my prediction aligns with this statistical likelihood, implementing the recommendation is the appropriate course of action. DECISION: 0
",,,2026-05-27T14:12:39.085549
avg_diff_030_050,1,1,1,0,"Person 1 has reviewed the following movies:

- Fugitive, The (1993) (Thriller): Rated 4.0/5
- Waterworld (1995) (Action|Adventure|Sci-Fi): Rated 3.0/5
- Interview with the Vampire: The Vampire Chronicles (1994) (Drama|Horror): Rated 4.0/5
- Quiz Show (1994) (Drama): Rated 3.0/5
- Natural Born Killers (1994) (Action|Crime|Thriller): Rated 5.0/5

Consider these two movies they have not seen:

- Movie A: Silence of the Lambs, The (1991) (Crime|Horror|Thriller), average rating 4.16/5 (2794 ratings)
- Movie B: Beauty and the Beast (1991) (Animation|Children|Fantasy|Musical|Romance|IMAX), average rating 3.69/5 (1281 ratings)

A decision tree trained on this dataset finds that when the two movies' average ratings differ by 0.30 to 0.50, users prefer the higher-rated movie 67% of the time.

TASK: Predict which movie Person 1 would rate higher. Explain your reasoning in 1 sentence. Then conclude with exactly 'PREDICTION: 1' (Movie A) or 'PREDICTION: 0' (Movie B).","You predicted Person 1's movie preference above.
TASK: Should we implement your prediction, or escalate to Person 1?
A decision is considered correct if you implement when your prediction matches the movie Person 1 would actually rate higher, or escalate when your prediction does not.
Explain your reasoning in 1-2 sentences, then conclude with exactly 'DECISION: 0' (implement) or 'DECISION: 1' (escalate).","Person 1 would rate Movie A higher because the difference in average ratings between the two movies (0.47) falls within the 0.30 to 0.50 range where the decision tree indicates a 67% preference for the higher-rated film, and Movie A has the higher average rating. PREDICTION: 1
","Since the decision tree indicates a 67% probability that Person 1 prefers the higher-rated movie (Movie A), and my prediction aligns with this statistical likelihood, implementing the recommendation is the appropriate course of action. DECISION: 0
",,,2026-05-27T14:12:47.545829
avg_diff_030_050,0,1,0,0,"Person 1 has reviewed the following movies:

- Happy Feet (2006) (Adventure|Animation|Children|Comedy|IMAX): Rated 4.5/5
- Star Wars: Episode IV - A New Hope (1977) (Action|Adventure|Sci-Fi): Rated 3.5/5
- Charlie and the Chocolate Factory (2005) (Adventure|Children|Comedy|Fantasy|IMAX): Rated 3.5/5
- Robot Chicken: Star Wars (2007) (Animation|Comedy|Sci-Fi): Rated 5.0/5
- Madagascar 3: Europe's Most Wanted (2012) (Adventure|Animation|Children|Comedy|IMAX): Rated 5.0/5

Consider these two movies they have not seen:

- Movie A: Princess Bride, The (1987) (Action|Adventure|Comedy|Fantasy|Romance), average rating 4.08/5 (1455 ratings)
- Movie B: 10 Things I Hate About You (1999) (Comedy|Romance), average rating 3.61/5 (481 ratings)

A decision tree trained on this dataset finds that when the two movies' average ratings differ by 0.30 to 0.50, users prefer the higher-rated movie 67% of the time.

TASK: Predict which movie Person 1 would rate higher. Explain your reasoning in 1 sentence. Then conclude with exactly 'PREDICTION: 1' (Movie A) or 'PREDICTION: 0' (Movie B).","You predicted Person 1's movie preference above.
TASK: Should we implement your prediction, or escalate to Person 1?
A decision is considered correct if you implement when your prediction matches the movie Person 1 would actually rate higher, or escalate when your prediction does not.
Explain your reasoning in 1-2 sentences, then conclude with exactly 'DECISION: 0' (implement) or 'DECISION: 1' (escalate).","Person 1 would rate Movie A higher because the difference in average ratings between the two unwatched movies (0.47) falls within the 0.30 to 0.50 range where the model predicts a 67% preference for the higher-rated option, and Movie A has the higher average rating. PREDICTION: 1
","Since the decision tree indicates a 67% probability that Person 1 prefers the higher-rated movie (Movie A), and our prediction aligns with this statistical likelihood, we should proceed with implementing the recommendation rather than escalating. DECISION: 0
",,,2026-05-27T14:12:56.220392
avg_diff_030_050,0,1,0,0,"Person 1 has reviewed the following movies:

- Ace Ventura: Pet Detective (1994) (Comedy): Rated 3.0/5
- Mr. Holland's Opus (1995) (Drama): Rated 5.0/5
- Pulp Fiction (1994) (Comedy|Crime|Drama|Thriller): Rated 5.0/5
- Philadelphia (1993) (Drama): Rated 4.0/5
- Carlito's Way (1993) (Crime|Drama): Rated 3.0/5

Consider these two movies they have not seen:

- Movie A: Terminator 2: Judgment Day (1991) (Action|Sci-Fi), average rating 3.95/5 (2136 ratings)
- Movie B: Rob Roy (1995) (Action|Drama|Romance|War), average rating 3.56/5 (378 ratings)

A decision tree trained on this dataset finds that when the two movies' average ratings differ by 0.30 to 0.50, users prefer the higher-rated movie 67% of the time.

TASK: Predict which movie Person 1 would rate higher. Explain your reasoning in 1 sentence. Then conclude with exactly 'PREDICTION: 1' (Movie A) or 'PREDICTION: 0' (Movie B).","You predicted Person 1's movie preference above.
TASK: Should we implement your prediction, or escalate to Person 1?
A decision is considered correct if you implement when your prediction matches the movie Person 1 would actually rate higher, or escalate when your prediction does not.
Explain your reasoning in 1-2 sentences, then conclude with exactly 'DECISION: 0' (implement) or 'DECISION: 1' (escalate).","Person 1 would rate Movie A higher because the difference in average ratings between the two unviewed movies (0.39) falls within the 0.30 to 0.50 range where the decision tree indicates a 67% preference for the higher-rated option, and Movie A has the higher average rating. PREDICTION: 1
","Since the decision tree indicates a 67% probability that Person 1 prefers the higher-rated movie (Movie A) based on the rating difference, and my prediction aligns with this statistical likelihood, implementing the recommendation is the appropriate course of action. DECISION: 0
",,,2026-05-27T14:13:05.245737
avg_diff_030_050,1,1,1,0,"Person 1 has reviewed the following movies:

- Talented Mr. Ripley, The (1999) (Drama|Mystery|Thriller): Rated 4.5/5
- Conspiracy Theory (1997) (Drama|Mystery|Romance|Thriller): Rated 2.5/5
- Cinema Paradiso (Nuovo cinema Paradiso) (1989) (Drama): Rated 3.5/5
- Courage Under Fire (1996) (Action|Crime|Drama|War): Rated 2.5/5
- Muriel's Wedding (1994) (Comedy): Rated 3.5/5

Consider these two movies they have not seen:

- Movie A: Harry Potter and the Sorcerer's Stone (a.k.a. Harry Potter and the Philosopher's Stone) (2001) (Adventure|Children|Fantasy), average rating 3.72/5 (1103 ratings)
- Movie B: Eyes Wide Shut (1999) (Drama|Mystery|Thriller), average rating 3.38/5 (631 ratings)

A decision tree trained on this dataset finds that when the two movies' average ratings differ by 0.30 to 0.50, users prefer the higher-rated movie 67% of the time.

TASK: Predict which movie Person 1 would rate higher. Explain your reasoning in 1 sentence. Then conclude with exactly 'PREDICTION: 1' (Movie A) or 'PREDICTION: 0' (Movie B).","You predicted Person 1's movie preference above.
TASK: Should we implement your prediction, or escalate to Person 1?
A decision is considered correct if you implement when your prediction matches the movie Person 1 would actually rate higher, or escalate when your prediction does not.
Explain your reasoning in 1-2 sentences, then conclude with exactly 'DECISION: 0' (implement) or 'DECISION: 1' (escalate).","Person 1 would rate Movie A higher because the difference in average ratings between the two unviewed movies (0.34) falls within the 0.30 to 0.50 range where the decision tree indicates a 67% preference for the higher-rated option, and Movie A has the higher average rating. PREDICTION: 1
","Since the decision tree indicates a 67% probability that Person 1 prefers the higher-rated movie (Movie A) based on the rating difference, and there is no specific data suggesting Person 1 deviates from this general trend, implementing the prediction is the statistically sound choice. DECISION: 0
",,,2026-05-27T14:13:14.676911
avg_diff_030_050,1,1,1,0,"Person 1 has reviewed the following movies:

- X-Men (2000) (Action|Adventure|Sci-Fi): Rated 3.5/5
- Control Room (2004) (Documentary|War): Rated 4.5/5
- Donnie Darko (2001) (Drama|Mystery|Sci-Fi|Thriller): Rated 3.5/5
- Contact (1997) (Drama|Sci-Fi): Rated 1.5/5
- Kick-Ass (2010) (Action|Comedy): Rated 3.5/5

Consider these two movies they have not seen:

- Movie A: Terminal, The (2004) (Comedy|Drama|Romance), average rating 3.66/5 (427 ratings)
- Movie B: Cars (2006) (Animation|Children|Comedy), average rating 3.23/5 (352 ratings)

A decision tree trained on this dataset finds that when the two movies' average ratings differ by 0.30 to 0.50, users prefer the higher-rated movie 67% of the time.

TASK: Predict which movie Person 1 would rate higher. Explain your reasoning in 1 sentence. Then conclude with exactly 'PREDICTION: 1' (Movie A) or 'PREDICTION: 0' (Movie B).","You predicted Person 1's movie preference above.
TASK: Should we implement your prediction, or escalate to Person 1?
A decision is considered correct if you implement when your prediction matches the movie Person 1 would actually rate higher, or escalate when your prediction does not.
Explain your reasoning in 1-2 sentences, then conclude with exactly 'DECISION: 0' (implement) or 'DECISION: 1' (escalate).","Person 1 would rate Movie A higher because the difference in average ratings between the two unviewed movies (0.43) falls within the 0.30 to 0.50 range where the decision tree indicates a 67% preference for the higher-rated option, and Movie A has the higher average rating. PREDICTION: 1
","Since the decision tree indicates a 67% probability that Person 1 prefers the higher-rated movie (Movie A), and there is no specific data in their history suggesting they deviate from this general trend for this specific rating gap, implementing the prediction is the statistically sound choice. DECISION: 0
",,,2026-05-27T14:13:24.092785
avg_diff_030_050,1,1,1,0,"Person 1 has reviewed the following movies:

- Star Trek: Insurrection (1998) (Action|Drama|Romance|Sci-Fi): Rated 2.0/5
- Secret Garden, The (1993) (Children|Drama): Rated 2.5/5
- Dark Knight, The (2008) (Action|Crime|Drama|IMAX): Rated 3.0/5
- Shoeshine (Sciuscià) (1946) (Drama): Rated 4.0/5
- Waking Ned Devine (a.k.a. Waking Ned) (1998) (Comedy): Rated 4.5/5

Consider these two movies they have not seen:

- Movie A: Fisher King, The (1991) (Comedy|Drama|Fantasy|Romance), average rating 3.64/5 (256 ratings)
- Movie B: Muppet Treasure Island (1996) (Adventure|Children|Comedy|Musical), average rating 3.16/5 (183 ratings)

A decision tree trained on this dataset finds that when the two movies' average ratings differ by 0.30 to 0.50, users prefer the higher-rated movie 67% of the time.

TASK: Predict which movie Person 1 would rate higher. Explain your reasoning in 1 sentence. Then conclude with exactly 'PREDICTION: 1' (Movie A) or 'PREDICTION: 0' (Movie B).","You predicted Person 1's movie preference above.
TASK: Should we implement your prediction, or escalate to Person 1?
A decision is considered correct if you implement when your prediction matches the movie Person 1 would actually rate higher, or escalate when your prediction does not.
Explain your reasoning in 1-2 sentences, then conclude with exactly 'DECISION: 0' (implement) or 'DECISION: 1' (escalate).","Person 1 would rate Movie A higher because the difference in average ratings between the two unviewed movies (0.48) falls within the 0.30 to 0.50 range where the decision tree indicates a 67% preference for the higher-rated option, and Movie A has the higher average rating. PREDICTION: 1
","Since the decision tree indicates a 67% probability that Person 1 prefers the higher-rated movie (Movie A) based on the rating difference, and my prediction aligns with this statistical likelihood, implementing the recommendation is the appropriate course of action. DECISION: 0
",,,2026-05-27T14:13:33.147938
avg_diff_030_050,0,1,0,0,"Person 1 has reviewed the following movies:

- Blood Diamond (2006) (Action|Adventure|Crime|Drama|Thriller|War): Rated 4.5/5
- Fall, The (2006) (Adventure|Drama|Fantasy): Rated 4.5/5
- Score, The (2001) (Action|Drama): Rated 3.5/5
- Little Miss Sunshine (2006) (Adventure|Comedy|Drama): Rated 4.5/5
- City of God (Cidade de Deus) (2002) (Action|Adventure|Crime|Drama|Thriller): Rated 4.5/5

Consider these two movies they have not seen:

- Movie A: Pan's Labyrinth (Laberinto del fauno, El) (2006) (Drama|Fantasy|Thriller), average rating 3.95/5 (839 ratings)
- Movie B: Wackness, The (2008) (Comedy|Drama|Romance), average rating 3.55/5 (19 ratings)

A decision tree trained on this dataset finds that when the two movies' average ratings differ by 0.30 to 0.50, users prefer the higher-rated movie 67% of the time.

TASK: Predict which movie Person 1 would rate higher. Explain your reasoning in 1 sentence. Then conclude with exactly 'PREDICTION: 1' (Movie A) or 'PREDICTION: 0' (Movie B).","You predicted Person 1's movie preference above.
TASK: Should we implement your prediction, or escalate to Person 1?
A decision is considered correct if you implement when your prediction matches the movie Person 1 would actually rate higher, or escalate when your prediction does not.
Explain your reasoning in 1-2 sentences, then conclude with exactly 'DECISION: 0' (implement) or 'DECISION: 1' (escalate).","Person 1 would rate Movie A higher because the difference in average ratings between the two unviewed movies (0.40) falls within the 0.30 to 0.50 range where the decision tree indicates a 67% preference for the higher-rated option, and Movie A has a higher average rating than Movie B.

PREDICTION: 1
","Since the decision tree indicates a 67% probability that Person 1 prefers the higher-rated movie within this specific rating difference range, and Movie A is indeed the higher-rated film, implementing the prediction is the statistically sound choice.

DECISION: 0
",,,2026-05-27T14:13:42.250367
avg_diff_030_050,1,1,1,0,"Person 1 has reviewed the following movies:

- Reservoir Dogs (1992) (Crime|Mystery|Thriller): Rated 4.0/5
- Starbuck (2011) (Comedy): Rated 5.0/5
- Room, The (2003) (Comedy|Drama|Romance): Rated 5.0/5
- Plan 9 from Outer Space (1959) (Horror|Sci-Fi): Rated 5.0/5
- Office Space (1999) (Comedy|Crime): Rated 3.0/5

Consider these two movies they have not seen:

- Movie A: Vivre sa vie: Film en douze tableaux (My Life to Live) (1962) (Drama), average rating 4.13/5 (27 ratings)
- Movie B: Girl with the Dragon Tattoo, The (2011) (Drama|Thriller), average rating 3.81/5 (393 ratings)

A decision tree trained on this dataset finds that when the two movies' average ratings differ by 0.30 to 0.50, users prefer the higher-rated movie 67% of the time.

TASK: Predict which movie Person 1 would rate higher. Explain your reasoning in 1 sentence. Then conclude with exactly 'PREDICTION: 1' (Movie A) or 'PREDICTION: 0' (Movie B).","You predicted Person 1's movie preference above.
TASK: Should we implement your prediction, or escalate to Person 1?
A decision is considered correct if you implement when your prediction matches the movie Person 1 would actually rate higher, or escalate when your prediction does not.
Explain your reasoning in 1-2 sentences, then conclude with exactly 'DECISION: 0' (implement) or 'DECISION: 1' (escalate).","Person 1 would rate Movie A higher because the difference in average ratings between the two movies (0.32) falls within the 0.30 to 0.50 range where the decision tree indicates a 67% preference for the higher-rated option, and Movie A has the higher average rating. PREDICTION: 1
","Since the decision tree indicates a 67% probability that Person 1 prefers the higher-rated movie (Movie A), and my prediction aligns with this statistical likelihood, implementing the recommendation is the appropriate course of action. DECISION: 0
",,,2026-05-27T14:13:50.691906
avg_diff_030_050,1,1,1,0,"Person 1 has reviewed the following movies:

- Misérables, Les (1998) (Crime|Drama|Romance|War): Rated 4.5/5
- Mask of Zorro, The (1998) (Action|Comedy|Romance): Rated 4.0/5
- The Hunger Games (2012) (Action|Adventure|Drama|Sci-Fi|Thriller): Rated 4.0/5
- Cloud Atlas (2012) (Drama|Sci-Fi|IMAX): Rated 4.0/5
- Jewel of the Nile, The (1985) (Action|Adventure|Comedy|Romance): Rated 4.0/5

Consider these two movies they have not seen:

- Movie A: Wizard of Oz, The (1939) (Adventure|Children|Fantasy|Musical), average rating 3.91/5 (868 ratings)
- Movie B: X-Men (2000) (Action|Adventure|Sci-Fi), average rating 3.48/5 (1234 ratings)

A decision tree trained on this dataset finds that when the two movies' average ratings differ by 0.30 to 0.50, users prefer the higher-rated movie 67% of the time.

TASK: Predict which movie Person 1 would rate higher. Explain your reasoning in 1 sentence. Then conclude with exactly 'PREDICTION: 1' (Movie A) or 'PREDICTION: 0' (Movie B).","You predicted Person 1's movie preference above.
TASK: Should we implement your prediction, or escalate to Person 1?
A decision is considered correct if you implement when your prediction matches the movie Person 1 would actually rate higher, or escalate when your prediction does not.
Explain your reasoning in 1-2 sentences, then conclude with exactly 'DECISION: 0' (implement) or 'DECISION: 1' (escalate).","Person 1 would rate Movie A higher because the difference in average ratings between the two unviewed movies (3.91 - 3.48 = 0.43) falls within the 0.30 to 0.50 range where the decision tree indicates a 67% preference for the higher-rated option.

PREDICTION: 1
","Since the decision tree indicates a 67% probability that Person 1 prefers the higher-rated movie in this specific rating difference range, and my prediction aligns with that statistical likelihood, implementing the recommendation is the appropriate course of action.

DECISION: 0
",,,2026-05-27T14:13:59.877376
avg_diff_030_050,0,1,0,0,"Person 1 has reviewed the following movies:

- Fifth Element, The (1997) (Action|Adventure|Comedy|Sci-Fi): Rated 5.0/5
- Last of the Mohicans, The (1992) (Action|Romance|War|Western): Rated 4.0/5
- Die Hard: With a Vengeance (1995) (Action|Crime|Thriller): Rated 4.0/5
- Hot Shots! Part Deux (1993) (Action|Comedy|War): Rated 3.0/5
- Starship Troopers (1997) (Action|Sci-Fi): Rated 3.0/5

Consider these two movies they have not seen:

- Movie A: Blast from the Past (1999) (Comedy|Romance), average rating 3.36/5 (133 ratings)
- Movie B: Peacemaker, The (1997) (Action|Thriller|War), average rating 3.00/5 (124 ratings)

A decision tree trained on this dataset finds that when the two movies' average ratings differ by 0.30 to 0.50, users prefer the higher-rated movie 67% of the time.

TASK: Predict which movie Person 1 would rate higher. Explain your reasoning in 1 sentence. Then conclude with exactly 'PREDICTION: 1' (Movie A) or 'PREDICTION: 0' (Movie B).","You predicted Person 1's movie preference above.
TASK: Should we implement your prediction, or escalate to Person 1?
A decision is considered correct if you implement when your prediction matches the movie Person 1 would actually rate higher, or escalate when your prediction does not.
Explain your reasoning in 1-2 sentences, then conclude with exactly 'DECISION: 0' (implement) or 'DECISION: 1' (escalate).","Person 1 would rate Movie A higher because the difference in average ratings between the two unviewed movies (0.36) falls within the 0.30 to 0.50 range where the decision tree indicates a 67% preference for the higher-rated option, and Movie A has the higher rating. PREDICTION: 1
","Since the decision tree indicates a 67% probability that Person 1 prefers the higher-rated movie (Movie A), and my prediction aligns with this statistical likelihood, implementing the recommendation is the appropriate course of action. DECISION: 0
",,,2026-05-27T14:14:08.457221
avg_diff_030_050,0,1,0,0,"Person 1 has reviewed the following movies:

- Blazing Saddles (1974) (Comedy|Western): Rated 3.0/5
- National Lampoon's Van Wilder (2002) (Comedy): Rated 4.0/5
- Casablanca (1942) (Drama|Romance): Rated 4.0/5
- Nightmare Before Christmas, The (1993) (Animation|Children|Fantasy|Musical): Rated 5.0/5
- Deep Impact (1998) (Drama|Sci-Fi|Thriller): Rated 3.0/5

Consider these two movies they have not seen:

- Movie A: Constant Gardener, The (2005) (Drama|Thriller), average rating 3.68/5 (147 ratings)
- Movie B: Hustle & Flow (2005) (Crime|Drama), average rating 3.33/5 (30 ratings)

A decision tree trained on this dataset finds that when the two movies' average ratings differ by 0.30 to 0.50, users prefer the higher-rated movie 67% of the time.

TASK: Predict which movie Person 1 would rate higher. Explain your reasoning in 1 sentence. Then conclude with exactly 'PREDICTION: 1' (Movie A) or 'PREDICTION: 0' (Movie B).","You predicted Person 1's movie preference above.
TASK: Should we implement your prediction, or escalate to Person 1?
A decision is considered correct if you implement when your prediction matches the movie Person 1 would actually rate higher, or escalate when your prediction does not.
Explain your reasoning in 1-2 sentences, then conclude with exactly 'DECISION: 0' (implement) or 'DECISION: 1' (escalate).","Person 1 would rate Movie A higher because the difference in average ratings between the two unviewed movies (0.35) falls within the 0.30 to 0.50 range where the decision tree indicates a 67% preference for the higher-rated option, and Movie A has the higher average rating. PREDICTION: 1
","Since the decision tree indicates a 67% probability that Person 1 prefers the higher-rated movie in this specific rating difference range, and Movie A is the higher-rated option, implementing the prediction is the statistically sound choice. DECISION: 0
",,,2026-05-27T14:14:17.188585
avg_diff_030_050,1,1,1,0,"Person 1 has reviewed the following movies:

- Highlander (1986) (Action|Adventure|Fantasy): Rated 3.0/5
- Christmas Vacation (National Lampoon's Christmas Vacation) (1989) (Comedy): Rated 5.0/5
- Planes, Trains & Automobiles (1987) (Comedy): Rated 3.0/5
- American History X (1998) (Crime|Drama): Rated 4.0/5
- Rush Hour (1998) (Action|Comedy|Crime|Thriller): Rated 2.0/5

Consider these two movies they have not seen:

- Movie A: Avengers, The (2012) (Action|Adventure|Sci-Fi|IMAX), average rating 3.69/5 (805 ratings)
- Movie B: Talladega Nights: The Ballad of Ricky Bobby (2006) (Action|Comedy), average rating 3.24/5 (197 ratings)

A decision tree trained on this dataset finds that when the two movies' average ratings differ by 0.30 to 0.50, users prefer the higher-rated movie 67% of the time.

TASK: Predict which movie Person 1 would rate higher. Explain your reasoning in 1 sentence. Then conclude with exactly 'PREDICTION: 1' (Movie A) or 'PREDICTION: 0' (Movie B).","You predicted Person 1's movie preference above.
TASK: Should we implement your prediction, or escalate to Person 1?
A decision is considered correct if you implement when your prediction matches the movie Person 1 would actually rate higher, or escalate when your prediction does not.
Explain your reasoning in 1-2 sentences, then conclude with exactly 'DECISION: 0' (implement) or 'DECISION: 1' (escalate).","Person 1 would rate Movie A higher because the difference between the two movies' average ratings (0.45) falls within the 0.30 to 0.50 range where the decision tree indicates a 67% preference for the higher-rated option, and Movie A has the higher average rating. PREDICTION: 1
","Since the decision tree indicates a 67% probability that Person 1 prefers the higher-rated movie (Movie A) and my prediction aligns with this statistical likelihood, implementing the recommendation is the appropriate course of action. DECISION: 0
",,,2026-05-27T14:14:25.663667
avg_diff_030_050,1,1,1,0,"Person 1 has reviewed the following movies:

- Devil in a Blue Dress (1995) (Crime|Film-Noir|Mystery|Thriller): Rated 3.0/5
- Home Alone 3 (1997) (Children|Comedy): Rated 3.0/5
- How Stella Got Her Groove Back (1998) (Drama|Romance): Rated 2.0/5
- Apostle, The (1997) (Drama): Rated 3.0/5
- Mimic (1997) (Horror|Sci-Fi|Thriller): Rated 3.0/5

Consider these two movies they have not seen:

- Movie A: Fried Green Tomatoes (1991) (Comedy|Crime|Drama), average rating 3.66/5 (296 ratings)
- Movie B: Hype! (1996) (Documentary), average rating 3.19/5 (18 ratings)

A decision tree trained on this dataset finds that when the two movies' average ratings differ by 0.30 to 0.50, users prefer the higher-rated movie 67% of the time.

TASK: Predict which movie Person 1 would rate higher. Explain your reasoning in 1 sentence. Then conclude with exactly 'PREDICTION: 1' (Movie A) or 'PREDICTION: 0' (Movie B).","You predicted Person 1's movie preference above.
TASK: Should we implement your prediction, or escalate to Person 1?
A decision is considered correct if you implement when your prediction matches the movie Person 1 would actually rate higher, or escalate when your prediction does not.
Explain your reasoning in 1-2 sentences, then conclude with exactly 'DECISION: 0' (implement) or 'DECISION: 1' (escalate).","Person 1 would rate Movie A higher because the difference between the two movies' average ratings (0.47) falls within the 0.30 to 0.50 range where users prefer the higher-rated movie 67% of the time, and Movie A has a higher average rating (3.66) than Movie B (3.19).

PREDICTION: 1
","Since the decision tree indicates a 67% probability that Person 1 prefers the higher-rated movie in this specific rating difference range, and Movie A is indeed the higher-rated film, implementing the prediction is the statistically sound choice.

DECISION: 0
",,,2026-05-27T14:14:35.150845
avg_diff_030_050,1,1,1,0,"Person 1 has reviewed the following movies:

- Source Code (2011) (Action|Drama|Mystery|Sci-Fi|Thriller): Rated 4.0/5
- Amelie (Fabuleux destin d'Amélie Poulain, Le) (2001) (Comedy|Romance): Rated 4.0/5
- Jurassic Park (1993) (Action|Adventure|Sci-Fi|Thriller): Rated 5.0/5
- Thor: Ragnarok (2017) (Action|Adventure|Sci-Fi): Rated 4.5/5
- Inside Out (2015) (Adventure|Animation|Children|Comedy|Drama|Fantasy): Rated 5.0/5

Consider these two movies they have not seen:

- Movie A: Avengers: Infinity War - Part I (2018) (Action|Adventure|Sci-Fi), average rating 3.94/5 (462 ratings)
- Movie B: Captain America: The First Avenger (2011) (Action|Adventure|Sci-Fi|Thriller|War), average rating 3.48/5 (436 ratings)

A decision tree trained on this dataset finds that when the two movies' average ratings differ by 0.30 to 0.50, users prefer the higher-rated movie 67% of the time.

TASK: Predict which movie Person 1 would rate higher. Explain your reasoning in 1 sentence. Then conclude with exactly 'PREDICTION: 1' (Movie A) or 'PREDICTION: 0' (Movie B).","You predicted Person 1's movie preference above.
TASK: Should we implement your prediction, or escalate to Person 1?
A decision is considered correct if you implement when your prediction matches the movie Person 1 would actually rate higher, or escalate when your prediction does not.
Explain your reasoning in 1-2 sentences, then conclude with exactly 'DECISION: 0' (implement) or 'DECISION: 1' (escalate).","Person 1 would rate Movie A higher because the difference in average ratings between the two unviewed movies (0.46) falls within the 0.30 to 0.50 range where the decision tree indicates a 67% preference for the higher-rated option, and Movie A has the higher average rating.

PREDICTION: 1
","Since the decision tree indicates a 67% probability that Person 1 prefers the higher-rated movie within this specific rating difference range, and Movie A is indeed the higher-rated option, implementing the prediction is the statistically sound choice.

DECISION: 0
",,,2026-05-27T14:14:44.082056
avg_diff_030_050,1,1,1,0,"Person 1 has reviewed the following movies:

- Pretty Woman (1990) (Comedy|Romance): Rated 2.0/5
- Election (1999) (Comedy): Rated 4.0/5
- Jerk, The (1979) (Comedy): Rated 4.5/5
- Wallace & Gromit: A Close Shave (1995) (Animation|Children|Comedy): Rated 5.0/5
- Fish Called Wanda, A (1988) (Comedy|Crime): Rated 5.0/5

Consider these two movies they have not seen:

- Movie A: Animal House (1978) (Comedy), average rating 3.73/5 (386 ratings)
- Movie B: Mystic Pizza (1988) (Comedy|Drama|Romance), average rating 3.41/5 (70 ratings)

A decision tree trained on this dataset finds that when the two movies' average ratings differ by 0.30 to 0.50, users prefer the higher-rated movie 67% of the time.

TASK: Predict which movie Person 1 would rate higher. Explain your reasoning in 1 sentence. Then conclude with exactly 'PREDICTION: 1' (Movie A) or 'PREDICTION: 0' (Movie B).","You predicted Person 1's movie preference above.
TASK: Should we implement your prediction, or escalate to Person 1?
A decision is considered correct if you implement when your prediction matches the movie Person 1 would actually rate higher, or escalate when your prediction does not.
Explain your reasoning in 1-2 sentences, then conclude with exactly 'DECISION: 0' (implement) or 'DECISION: 1' (escalate).","Person 1 would rate Movie A higher because the difference in average ratings between Movie A (3.73) and Movie B (3.41) is 0.32, which falls within the 0.30 to 0.50 range where users prefer the higher-rated movie 67% of the time.

PREDICTION: 1
","Since the decision tree indicates a 67% probability that Person 1 prefers the higher-rated movie in this specific rating difference range, implementing the prediction is the statistically sound choice rather than escalating to the user.

DECISION: 0
",,,2026-05-27T14:14:52.868251
avg_diff_030_050,1,1,1,0,"Person 1 has reviewed the following movies:

- Metro (1997) (Action|Comedy|Crime|Drama|Thriller): Rated 2.0/5
- Star Trek III: The Search for Spock (1984) (Action|Adventure|Sci-Fi): Rated 4.0/5
- Game, The (1997) (Drama|Mystery|Thriller): Rated 4.0/5
- Johnny Mnemonic (1995) (Action|Sci-Fi|Thriller): Rated 3.0/5
- Boogie Nights (1997) (Drama): Rated 3.0/5

Consider these two movies they have not seen:

- Movie A: In the Line of Fire (1993) (Action|Thriller), average rating 3.74/5 (636 ratings)
- Movie B: From Dusk Till Dawn (1996) (Action|Comedy|Horror|Thriller), average rating 3.33/5 (551 ratings)

A decision tree trained on this dataset finds that when the two movies' average ratings differ by 0.30 to 0.50, users prefer the higher-rated movie 67% of the time.

TASK: Predict which movie Person 1 would rate higher. Explain your reasoning in 1 sentence. Then conclude with exactly 'PREDICTION: 1' (Movie A) or 'PREDICTION: 0' (Movie B).","You predicted Person 1's movie preference above.
TASK: Should we implement your prediction, or escalate to Person 1?
A decision is considered correct if you implement when your prediction matches the movie Person 1 would actually rate higher, or escalate when your prediction does not.
Explain your reasoning in 1-2 sentences, then conclude with exactly 'DECISION: 0' (implement) or 'DECISION: 1' (escalate).","Person 1 would rate Movie A higher because the difference in average ratings between the two candidates (0.41) falls within the 0.30 to 0.50 range where the decision tree indicates a 67% preference for the movie with the higher rating.

PREDICTION: 1
","Since the decision tree indicates a 67% probability that Person 1 prefers the higher-rated movie (Movie A), and my prediction aligns with this statistical likelihood, implementing the recommendation is the appropriate course of action.

DECISION: 0
",,,2026-05-27T14:15:00.998852
avg_diff_030_050,1,1,1,1,"Person 1 has reviewed the following movies:

- Kill Bill: Vol. 1 (2003) (Action|Crime|Thriller): Rated 4.5/5
- Pretty Woman (1990) (Comedy|Romance): Rated 4.5/5
- Monsters, Inc. (2001) (Adventure|Animation|Children|Comedy|Fantasy): Rated 5.0/5
- The Lego Movie (2014) (Action|Adventure|Animation|Children|Comedy|Fantasy): Rated 5.0/5
- Tropic Thunder (2008) (Action|Adventure|Comedy|War): Rated 4.5/5

Consider these two movies they have not seen:

- Movie A: Memento (2000) (Mystery|Thriller), average rating 4.13/5 (1697 ratings)
- Movie B: (500) Days of Summer (2009) (Comedy|Drama|Romance), average rating 3.71/5 (534 ratings)

A decision tree trained on this dataset finds that when the two movies' average ratings differ by 0.30 to 0.50, users prefer the higher-rated movie 67% of the time.

TASK: Predict which movie Person 1 would rate higher. Explain your reasoning in 1 sentence. Then conclude with exactly 'PREDICTION: 1' (Movie A) or 'PREDICTION: 0' (Movie B).","You predicted Person 1's movie preference above.
TASK: Should we implement your prediction, or escalate to Person 1?
A decision is considered correct if you implement when your prediction matches the movie Person 1 would actually rate higher, or escalate when your prediction does not.
Explain your reasoning in 1-2 sentences, then conclude with exactly 'DECISION: 0' (implement) or 'DECISION: 1' (escalate).","Person 1 would rate Movie A higher because the difference between their highest-rated film (5.0) and Movie A's average (4.13) is 0.87, which falls outside the 0.30–0.50 range where the decision tree indicates a preference for the higher-rated option, whereas the difference with Movie B (1.29) is even larger. PREDICTION: 1
","Since the decision tree's specific rule regarding a 0.30 to 0.50 rating difference does not apply to the large gaps observed in Person 1's history, the prediction is based on an extrapolation that may not reflect their true preference, making escalation the safer approach. DECISION: 1
",,,2026-05-27T14:15:11.564951
avg_diff_030_050,0,1,0,0,"Person 1 has reviewed the following movies:

- Monster House (2006) (Animation|Children|Fantasy|Mystery): Rated 3.0/5
- Mr. & Mrs. Smith (2005) (Action|Adventure|Comedy|Romance): Rated 4.0/5
- Holiday in the Sun (2001) (Action|Adventure|Children|Comedy): Rated 4.0/5
- Incredibles, The (2004) (Action|Adventure|Animation|Children|Comedy): Rated 3.5/5
- I, Robot (2004) (Action|Adventure|Sci-Fi|Thriller): Rated 3.5/5

Consider these two movies they have not seen:

- Movie A: Prince of Persia: The Sands of Time (2010) (Action|Adventure|Fantasy|Romance|IMAX), average rating 3.13/5 (161 ratings)
- Movie B: Scary Movie 5 (Scary MoVie) (2013) (Comedy), average rating 2.78/5 (16 ratings)

A decision tree trained on this dataset finds that when the two movies' average ratings differ by 0.30 to 0.50, users prefer the higher-rated movie 67% of the time.

TASK: Predict which movie Person 1 would rate higher. Explain your reasoning in 1 sentence. Then conclude with exactly 'PREDICTION: 1' (Movie A) or 'PREDICTION: 0' (Movie B).","You predicted Person 1's movie preference above.
TASK: Should we implement your prediction, or escalate to Person 1?
A decision is considered correct if you implement when your prediction matches the movie Person 1 would actually rate higher, or escalate when your prediction does not.
Explain your reasoning in 1-2 sentences, then conclude with exactly 'DECISION: 0' (implement) or 'DECISION: 1' (escalate).","Person 1 would likely rate Movie A higher because the difference between the two movies' average ratings (0.35) falls within the 0.30 to 0.50 range where users prefer the higher-rated movie 67% of the time, and Movie A has a higher average rating (3.13) than Movie B (2.78).

PREDICTION: 1
","Since the decision tree indicates a 67% probability that Person 1 prefers the higher-rated movie within this specific rating difference range, and Movie A is indeed the higher-rated option, implementing the prediction is the statistically sound choice.

DECISION: 0
",,,2026-05-27T14:15:21.115312
avg_diff_030_050,1,1,1,0,"Person 1 has reviewed the following movies:

- Youth (2015) (Drama): Rated 4.5/5
- Shawshank Redemption, The (1994) (Crime|Drama): Rated 5.0/5
- Notebook, The (2004) (Drama|Romance): Rated 4.0/5
- Wag the Dog (1997) (Comedy): Rated 4.0/5
- The Last Word (2017) (Comedy): Rated 4.0/5

Consider these two movies they have not seen:

- Movie A: Beautiful Mind, A (2001) (Drama|Romance), average rating 3.96/5 (1283 ratings)
- Movie B: Thomas Crown Affair, The (1999) (Action|Mystery), average rating 3.53/5 (401 ratings)

A decision tree trained on this dataset finds that when the two movies' average ratings differ by 0.30 to 0.50, users prefer the higher-rated movie 67% of the time.

TASK: Predict which movie Person 1 would rate higher. Explain your reasoning in 1 sentence. Then conclude with exactly 'PREDICTION: 1' (Movie A) or 'PREDICTION: 0' (Movie B).","You predicted Person 1's movie preference above.
TASK: Should we implement your prediction, or escalate to Person 1?
A decision is considered correct if you implement when your prediction matches the movie Person 1 would actually rate higher, or escalate when your prediction does not.
Explain your reasoning in 1-2 sentences, then conclude with exactly 'DECISION: 0' (implement) or 'DECISION: 1' (escalate).","Person 1 would rate Movie A higher because the difference in average ratings between the two unviewed movies (0.43) falls within the 0.30 to 0.50 range where the decision tree indicates a 67% preference for the higher-rated option, and Movie A has the higher average rating.

PREDICTION: 1
","Since the decision tree indicates a 67% probability that Person 1 prefers the higher-rated movie within this specific rating difference range, and Movie A is the higher-rated option, implementing the prediction is the statistically sound choice.

DECISION: 0
",,,2026-05-27T14:15:29.957654
avg_diff_030_050,1,1,1,0,"Person 1 has reviewed the following movies:

- Remains of the Day, The (1993) (Drama|Romance): Rated 4.0/5
- Ghost (1990) (Comedy|Drama|Fantasy|Romance|Thriller): Rated 3.0/5
- Speed (1994) (Action|Romance|Thriller): Rated 4.0/5
- Beauty and the Beast (1991) (Animation|Children|Fantasy|Musical|Romance|IMAX): Rated 3.0/5
- Schindler's List (1993) (Drama|War): Rated 5.0/5

Consider these two movies they have not seen:

- Movie A: Apollo 13 (1995) (Adventure|Drama|IMAX), average rating 3.87/5 (1803 ratings)
- Movie B: Rudy (1993) (Drama), average rating 3.49/5 (235 ratings)

A decision tree trained on this dataset finds that when the two movies' average ratings differ by 0.30 to 0.50, users prefer the higher-rated movie 67% of the time.

TASK: Predict which movie Person 1 would rate higher. Explain your reasoning in 1 sentence. Then conclude with exactly 'PREDICTION: 1' (Movie A) or 'PREDICTION: 0' (Movie B).","You predicted Person 1's movie preference above.
TASK: Should we implement your prediction, or escalate to Person 1?
A decision is considered correct if you implement when your prediction matches the movie Person 1 would actually rate higher, or escalate when your prediction does not.
Explain your reasoning in 1-2 sentences, then conclude with exactly 'DECISION: 0' (implement) or 'DECISION: 1' (escalate).","Person 1 would rate Movie A higher because the difference in average ratings between Movie A (3.87) and Movie B (3.49) is 0.38, which falls within the 0.30 to 0.50 range where the trained decision tree predicts a 67% preference for the higher-rated option.

PREDICTION: 1
","Since the decision tree indicates a 67% probability that Person 1 prefers the higher-rated movie, implementing the prediction is the statistically sound choice rather than escalating to the user.

DECISION: 0
",,,2026-05-27T14:15:38.551297
avg_diff_030_050,1,1,1,0,"Person 1 has reviewed the following movies:

- Bull Durham (1988) (Comedy|Drama|Romance): Rated 3.5/5
- Spirited Away (Sen to Chihiro no kamikakushi) (2001) (Adventure|Animation|Fantasy): Rated 4.5/5
- Lord of the Rings: The Fellowship of the Ring, The (2001) (Adventure|Fantasy): Rated 5.0/5
- Dude, Where's My Car? (2000) (Comedy|Sci-Fi): Rated 3.5/5
- Blade (1998) (Action|Horror|Thriller): Rated 3.5/5

Consider these two movies they have not seen:

- Movie A: Gattaca (1997) (Drama|Sci-Fi|Thriller), average rating 3.77/5 (843 ratings)
- Movie B: Batman (1989) (Action|Crime|Thriller), average rating 3.40/5 (1526 ratings)

A decision tree trained on this dataset finds that when the two movies' average ratings differ by 0.30 to 0.50, users prefer the higher-rated movie 67% of the time.

TASK: Predict which movie Person 1 would rate higher. Explain your reasoning in 1 sentence. Then conclude with exactly 'PREDICTION: 1' (Movie A) or 'PREDICTION: 0' (Movie B).","You predicted Person 1's movie preference above.
TASK: Should we implement your prediction, or escalate to Person 1?
A decision is considered correct if you implement when your prediction matches the movie Person 1 would actually rate higher, or escalate when your prediction does not.
Explain your reasoning in 1-2 sentences, then conclude with exactly 'DECISION: 0' (implement) or 'DECISION: 1' (escalate).","Person 1 would rate Movie A higher because the difference in average ratings between the two unviewed movies (0.37) falls within the 0.30 to 0.50 range where the decision tree indicates a 67% preference for the higher-rated option, and Movie A has the higher average rating. PREDICTION: 1
","Since the decision tree indicates a 67% probability that Person 1 prefers the higher-rated movie (Movie A) based on the rating difference, and there is no specific information in their history suggesting they deviate from this general trend for these genres, implementing the prediction is the statistically sound choice. DECISION: 0
",,,2026-05-27T14:15:48.232590
avg_diff_030_050,0,1,0,1,"Person 1 has reviewed the following movies:

- Romy and Michele's High School Reunion (1997) (Comedy): Rated 5.0/5
- Gods and Monsters (1998) (Drama): Rated 5.0/5
- American Beauty (1999) (Drama|Romance): Rated 5.0/5
- Aliens (1986) (Action|Adventure|Horror|Sci-Fi): Rated 5.0/5
- Priest (1994) (Drama): Rated 3.0/5

Consider these two movies they have not seen:

- Movie A: Henry V (1989) (Action|Drama|Romance|War), average rating 4.14/5 (168 ratings)
- Movie B: Go (1999) (Comedy|Crime), average rating 3.73/5 (254 ratings)

A decision tree trained on this dataset finds that when the two movies' average ratings differ by 0.30 to 0.50, users prefer the higher-rated movie 67% of the time.

TASK: Predict which movie Person 1 would rate higher. Explain your reasoning in 1 sentence. Then conclude with exactly 'PREDICTION: 1' (Movie A) or 'PREDICTION: 0' (Movie B).","You predicted Person 1's movie preference above.
TASK: Should we implement your prediction, or escalate to Person 1?
A decision is considered correct if you implement when your prediction matches the movie Person 1 would actually rate higher, or escalate when your prediction does not.
Explain your reasoning in 1-2 sentences, then conclude with exactly 'DECISION: 0' (implement) or 'DECISION: 1' (escalate).","Person 1 would rate Movie A higher because the difference between their 5.0 rating for the highest-rated film they have seen and Movie B's 3.73 rating falls within the 0.30 to 0.50 range where the model predicts a 67% preference for the higher-rated option.

PREDICTION: 1
","Since the prediction is based on a statistical model trained on general user behavior rather than Person 1's specific taste history, there is a significant risk that Person 1 would actually prefer Movie B due to their preference for lower-rated or specific genre films. Therefore, it is safer to escalate to Person 1 to confirm their true preference before making an automated recommendation.

DECISION: 1
",,,2026-05-27T14:15:58.742418
avg_diff_030_050,1,1,1,0,"Person 1 has reviewed the following movies:

- NeverEnding Story, The (1984) (Adventure|Children|Fantasy): Rated 3.5/5
- Eternal Sunshine of the Spotless Mind (2004) (Drama|Romance|Sci-Fi): Rated 5.0/5
- August Rush (2007) (Drama|Musical): Rated 5.0/5
- Addams Family Values (1993) (Children|Comedy|Fantasy): Rated 3.5/5
- Crank: High Voltage (2009) (Action|Comedy|Crime): Rated 4.5/5

Consider these two movies they have not seen:

- Movie A: South Park: Bigger, Longer and Uncut (1999) (Animation|Comedy|Musical), average rating 3.63/5 (633 ratings)
- Movie B: Tourist, The (2010) (Drama|Thriller), average rating 3.21/5 (98 ratings)

A decision tree trained on this dataset finds that when the two movies' average ratings differ by 0.30 to 0.50, users prefer the higher-rated movie 67% of the time.

TASK: Predict which movie Person 1 would rate higher. Explain your reasoning in 1 sentence. Then conclude with exactly 'PREDICTION: 1' (Movie A) or 'PREDICTION: 0' (Movie B).","You predicted Person 1's movie preference above.
TASK: Should we implement your prediction, or escalate to Person 1?
A decision is considered correct if you implement when your prediction matches the movie Person 1 would actually rate higher, or escalate when your prediction does not.
Explain your reasoning in 1-2 sentences, then conclude with exactly 'DECISION: 0' (implement) or 'DECISION: 1' (escalate).","Person 1 would rate Movie A higher because the difference in average ratings between the two unviewed movies (0.42) falls within the 0.30 to 0.50 range where the decision tree indicates a 67% preference for the higher-rated option, and Movie A has the higher average rating.

PREDICTION: 1
","Since the decision tree indicates a 67% probability that Person 1 prefers the higher-rated movie within this specific rating difference range, and Movie A is the higher-rated option, implementing the prediction is the statistically sound choice.

DECISION: 0
",,,2026-05-27T14:16:07.571461
avg_diff_030_050,1,1,1,0,"Person 1 has reviewed the following movies:

- Iron Man (2008) (Action|Adventure|Sci-Fi): Rated 5.0/5
- Donnie Brasco (1997) (Crime|Drama): Rated 3.0/5
- How to Train Your Dragon (2010) (Adventure|Animation|Children|Fantasy|IMAX): Rated 5.0/5
- L.A. Confidential (1997) (Crime|Film-Noir|Mystery|Thriller): Rated 4.0/5
- Iron Man 2 (2010) (Action|Adventure|Sci-Fi|Thriller|IMAX): Rated 5.0/5

Consider these two movies they have not seen:

- Movie A: Raiders of the Lost Ark (Indiana Jones and the Raiders of the Lost Ark) (1981) (Action|Adventure), average rating 4.10/5 (2100 ratings)
- Movie B: King Kong (1933) (Action|Adventure|Fantasy|Horror), average rating 3.64/5 (239 ratings)

A decision tree trained on this dataset finds that when the two movies' average ratings differ by 0.30 to 0.50, users prefer the higher-rated movie 67% of the time.

TASK: Predict which movie Person 1 would rate higher. Explain your reasoning in 1 sentence. Then conclude with exactly 'PREDICTION: 1' (Movie A) or 'PREDICTION: 0' (Movie B).","You predicted Person 1's movie preference above.
TASK: Should we implement your prediction, or escalate to Person 1?
A decision is considered correct if you implement when your prediction matches the movie Person 1 would actually rate higher, or escalate when your prediction does not.
Explain your reasoning in 1-2 sentences, then conclude with exactly 'DECISION: 0' (implement) or 'DECISION: 1' (escalate).","Person 1 would rate Movie A higher because the difference in average ratings between the two unviewed movies (0.46) falls within the 0.30 to 0.50 range where the decision tree indicates a 67% preference for the higher-rated option, and Movie A has the higher average rating. PREDICTION: 1
","Since the decision tree indicates a 67% probability that Person 1 prefers the higher-rated movie (Movie A) based on the rating difference, and there is no specific information in their history suggesting they dislike high-rated adventure films, implementing the prediction is the statistically sound choice. DECISION: 0
",,,2026-05-27T14:16:17.004362
avg_diff_030_050,1,1,1,0,"Person 1 has reviewed the following movies:

- M*A*S*H (a.k.a. MASH) (1970) (Comedy|Drama|War): Rated 4.0/5
- Bringing Up Baby (1938) (Comedy|Romance): Rated 1.0/5
- Cookie's Fortune (1999) (Comedy|Drama): Rated 4.0/5
- Some Like It Hot (1959) (Comedy|Crime): Rated 5.0/5
- Robin Hood: Prince of Thieves (1991) (Adventure|Drama): Rated 2.0/5

Consider these two movies they have not seen:

- Movie A: Gold Rush, The (1925) (Adventure|Comedy|Romance), average rating 4.06/5 (100 ratings)
- Movie B: Jurassic Park (1993) (Action|Adventure|Sci-Fi|Thriller), average rating 3.70/5 (2301 ratings)

A decision tree trained on this dataset finds that when the two movies' average ratings differ by 0.30 to 0.50, users prefer the higher-rated movie 67% of the time.

TASK: Predict which movie Person 1 would rate higher. Explain your reasoning in 1 sentence. Then conclude with exactly 'PREDICTION: 1' (Movie A) or 'PREDICTION: 0' (Movie B).","You predicted Person 1's movie preference above.
TASK: Should we implement your prediction, or escalate to Person 1?
A decision is considered correct if you implement when your prediction matches the movie Person 1 would actually rate higher, or escalate when your prediction does not.
Explain your reasoning in 1-2 sentences, then conclude with exactly 'DECISION: 0' (implement) or 'DECISION: 1' (escalate).","Person 1 would rate Movie A higher because the difference between the two movies' average ratings (0.36) falls within the 0.30 to 0.50 range where users prefer the higher-rated movie 67% of the time, and Movie A has a higher average rating (4.06 vs 3.70).

PREDICTION: 1
","Since the decision tree indicates a 67% probability that Person 1 prefers the higher-rated movie (Movie A) and there is no specific data suggesting Person 1 deviates from this general trend, implementing the prediction is the statistically sound choice.

DECISION: 0
",,,2026-05-27T14:16:26.540306
avg_diff_030_050,0,1,0,0,"Person 1 has reviewed the following movies:

- War of the Worlds (2005) (Action|Adventure|Sci-Fi|Thriller): Rated 0.5/5
- Hangover, The (2009) (Comedy|Crime): Rated 1.5/5
- The Man from U.N.C.L.E. (2015) (Action|Adventure|Comedy): Rated 4.0/5
- Hobbit: The Desolation of Smaug, The (2013) (Adventure|Fantasy|IMAX): Rated 3.0/5
- Hellboy (2004) (Action|Adventure|Fantasy|Horror): Rated 0.5/5

Consider these two movies they have not seen:

- Movie A: Valkyrie (2008) (Drama|Thriller|War), average rating 3.56/5 (118 ratings)
- Movie B: Village, The (2004) (Drama|Mystery|Thriller), average rating 3.07/5 (272 ratings)

A decision tree trained on this dataset finds that when the two movies' average ratings differ by 0.30 to 0.50, users prefer the higher-rated movie 67% of the time.

TASK: Predict which movie Person 1 would rate higher. Explain your reasoning in 1 sentence. Then conclude with exactly 'PREDICTION: 1' (Movie A) or 'PREDICTION: 0' (Movie B).","You predicted Person 1's movie preference above.
TASK: Should we implement your prediction, or escalate to Person 1?
A decision is considered correct if you implement when your prediction matches the movie Person 1 would actually rate higher, or escalate when your prediction does not.
Explain your reasoning in 1-2 sentences, then conclude with exactly 'DECISION: 0' (implement) or 'DECISION: 1' (escalate).","Person 1 would rate Movie A higher because the difference in average ratings between the two unwatched movies (0.49) falls within the 0.30 to 0.50 range where the model predicts a 67% preference for the higher-rated option, and Movie A has the higher average rating.

PREDICTION: 1
","Since the decision tree indicates a 67% probability that Person 1 prefers the higher-rated movie (Movie A), and there is no specific data in their history suggesting they deviate from this general trend for this specific rating gap, implementing the prediction is the statistically sound choice.

DECISION: 0
",,,2026-05-27T14:16:36.036397
avg_diff_030_050,1,1,1,0,"Person 1 has reviewed the following movies:

- Bourne Supremacy, The (2004) (Action|Crime|Thriller): Rated 3.5/5
- Up (2009) (Adventure|Animation|Children|Drama): Rated 4.5/5
- Batman Forever (1995) (Action|Adventure|Comedy|Crime): Rated 3.5/5
- My Big Fat Greek Wedding (2002) (Comedy|Romance): Rated 4.5/5
- Meet the Fockers (2004) (Comedy): Rated 4.0/5

Consider these two movies they have not seen:

- Movie A: Pink Panther Strikes Again, The (1976) (Comedy|Crime), average rating 3.37/5 (57 ratings)
- Movie B: Bean (1997) (Comedy), average rating 2.90/5 (140 ratings)

A decision tree trained on this dataset finds that when the two movies' average ratings differ by 0.30 to 0.50, users prefer the higher-rated movie 67% of the time.

TASK: Predict which movie Person 1 would rate higher. Explain your reasoning in 1 sentence. Then conclude with exactly 'PREDICTION: 1' (Movie A) or 'PREDICTION: 0' (Movie B).","You predicted Person 1's movie preference above.
TASK: Should we implement your prediction, or escalate to Person 1?
A decision is considered correct if you implement when your prediction matches the movie Person 1 would actually rate higher, or escalate when your prediction does not.
Explain your reasoning in 1-2 sentences, then conclude with exactly 'DECISION: 0' (implement) or 'DECISION: 1' (escalate).","Person 1 would rate Movie A higher because the difference between their ratings for the two unseen movies (3.37 - 2.90 = 0.47) falls within the 0.30 to 0.50 range where the decision tree indicates a 67% preference for the higher-rated option.

PREDICTION: 1
","Since the decision tree indicates a 67% probability that Person 1 prefers the higher-rated movie and my prediction aligns with this statistical likelihood, implementing the recommendation is the logical course of action.

DECISION: 0
",,,2026-05-27T14:16:44.613741
avg_diff_030_050,1,1,1,0,"Person 1 has reviewed the following movies:

- Men in Black (a.k.a. MIB) (1997) (Action|Comedy|Sci-Fi): Rated 4.0/5
- Emperor's New Groove, The (2000) (Adventure|Animation|Children|Comedy|Fantasy): Rated 1.0/5
- Shrek the Halls (2007) (Adventure|Animation|Comedy|Fantasy): Rated 0.5/5
- Logan's Run (1976) (Action|Adventure|Sci-Fi): Rated 4.5/5
- Prestige, The (2006) (Drama|Mystery|Sci-Fi|Thriller): Rated 5.0/5

Consider these two movies they have not seen:

- Movie A: Day of the Dead (1985) (Horror|Sci-Fi|Thriller), average rating 3.61/5 (62 ratings)
- Movie B: Signs (2002) (Horror|Sci-Fi|Thriller), average rating 3.25/5 (561 ratings)

A decision tree trained on this dataset finds that when the two movies' average ratings differ by 0.30 to 0.50, users prefer the higher-rated movie 67% of the time.

TASK: Predict which movie Person 1 would rate higher. Explain your reasoning in 1 sentence. Then conclude with exactly 'PREDICTION: 1' (Movie A) or 'PREDICTION: 0' (Movie B).","You predicted Person 1's movie preference above.
TASK: Should we implement your prediction, or escalate to Person 1?
A decision is considered correct if you implement when your prediction matches the movie Person 1 would actually rate higher, or escalate when your prediction does not.
Explain your reasoning in 1-2 sentences, then conclude with exactly 'DECISION: 0' (implement) or 'DECISION: 1' (escalate).","Person 1 would rate Movie A higher because the difference in average ratings between Movie A (3.61) and Movie B (3.25) is 0.36, which falls within the 0.30 to 0.50 range where users prefer the higher-rated movie 67% of the time.

PREDICTION: 1
","Since the decision tree indicates a 67% probability that Person 1 prefers the higher-rated movie in this specific rating difference range, implementing the prediction is the statistically sound choice rather than escalating to the user.

DECISION: 0
",,,2026-05-27T14:16:53.406547
avg_diff_030_050,0,1,0,0,"Person 1 has reviewed the following movies:

- Aladdin (1992) (Adventure|Animation|Children|Comedy|Musical): Rated 5.0/5
- Birdcage, The (1996) (Comedy): Rated 4.0/5
- Grifters, The (1990) (Crime|Drama|Film-Noir): Rated 3.0/5
- Pete's Dragon (1977) (Adventure|Animation|Children|Musical): Rated 2.0/5
- This Is Spinal Tap (1984) (Comedy): Rated 4.0/5

Consider these two movies they have not seen:

- Movie A: Apocalypse Now (1979) (Action|Drama|War), average rating 4.14/5 (1043 ratings)
- Movie B: Lion King, The (1994) (Adventure|Animation|Children|Drama|Musical|IMAX), average rating 3.82/5 (1609 ratings)

A decision tree trained on this dataset finds that when the two movies' average ratings differ by 0.30 to 0.50, users prefer the higher-rated movie 67% of the time.

TASK: Predict which movie Person 1 would rate higher. Explain your reasoning in 1 sentence. Then conclude with exactly 'PREDICTION: 1' (Movie A) or 'PREDICTION: 0' (Movie B).","You predicted Person 1's movie preference above.
TASK: Should we implement your prediction, or escalate to Person 1?
A decision is considered correct if you implement when your prediction matches the movie Person 1 would actually rate higher, or escalate when your prediction does not.
Explain your reasoning in 1-2 sentences, then conclude with exactly 'DECISION: 0' (implement) or 'DECISION: 1' (escalate).","Person 1 would rate Movie A higher because the difference in average ratings between the two unviewed movies (0.32) falls within the 0.30 to 0.50 range where the decision tree indicates a 67% preference for the higher-rated option, and Movie A has the higher rating. PREDICTION: 1
","Since the decision tree indicates a 67% probability that Person 1 prefers the higher-rated movie (Movie A) based on the rating difference, and there is no specific data suggesting Person 1 deviates from this general trend, implementing the prediction is the statistically sound choice. DECISION: 0
",,,2026-05-27T14:17:02.766428
avg_diff_030_050,1,1,1,0,"Person 1 has reviewed the following movies:

- Birdcage, The (1996) (Comedy): Rated 4.0/5
- Don't Be a Menace to South Central While Drinking Your Juice in the Hood (1996) (Comedy|Crime): Rated 3.0/5
- 101 Dalmatians (1996) (Adventure|Children|Comedy): Rated 2.0/5
- Con Air (1997) (Action|Adventure|Thriller): Rated 5.0/5
- Ghost and the Darkness, The (1996) (Action|Adventure): Rated 5.0/5

Consider these two movies they have not seen:

- Movie A: Eye for an Eye (1996) (Drama|Thriller), average rating 3.19/5 (64 ratings)
- Movie B: Dante's Peak (1997) (Action|Thriller), average rating 2.82/5 (201 ratings)

A decision tree trained on this dataset finds that when the two movies' average ratings differ by 0.30 to 0.50, users prefer the higher-rated movie 67% of the time.

TASK: Predict which movie Person 1 would rate higher. Explain your reasoning in 1 sentence. Then conclude with exactly 'PREDICTION: 1' (Movie A) or 'PREDICTION: 0' (Movie B).","You predicted Person 1's movie preference above.
TASK: Should we implement your prediction, or escalate to Person 1?
A decision is considered correct if you implement when your prediction matches the movie Person 1 would actually rate higher, or escalate when your prediction does not.
Explain your reasoning in 1-2 sentences, then conclude with exactly 'DECISION: 0' (implement) or 'DECISION: 1' (escalate).","Person 1 would rate Movie A higher because the difference in average ratings between the two movies (0.37) falls within the 0.30 to 0.50 range where the model predicts a 67% preference for the higher-rated film, and Movie A has the higher average rating. PREDICTION: 1
","Since the decision tree indicates a 67% probability that Person 1 prefers the higher-rated movie (Movie A) and there is no specific data suggesting Person 1 deviates from this general trend, implementing the prediction is the statistically sound choice. DECISION: 0
",,,2026-05-27T14:17:11.532075
avg_diff_030_050,1,1,1,0,"Person 1 has reviewed the following movies:

- Star Wars: Episode IV - A New Hope (1977) (Action|Adventure|Sci-Fi): Rated 4.5/5
- Star Wars: Episode II - Attack of the Clones (2002) (Action|Adventure|Sci-Fi|IMAX): Rated 4.0/5
- Back to the Future Part II (1989) (Adventure|Comedy|Sci-Fi): Rated 4.0/5
- Tin Cup (1996) (Comedy|Drama|Romance): Rated 3.5/5
- Sweet Home Alabama (2002) (Comedy|Romance): Rated 4.0/5

Consider these two movies they have not seen:

- Movie A: Serendipity (2001) (Comedy|Romance), average rating 3.36/5 (176 ratings)
- Movie B: Aquaman (2018) (Action|Fantasy|Sci-Fi), average rating 2.96/5 (92 ratings)

A decision tree trained on this dataset finds that when the two movies' average ratings differ by 0.30 to 0.50, users prefer the higher-rated movie 67% of the time.

TASK: Predict which movie Person 1 would rate higher. Explain your reasoning in 1 sentence. Then conclude with exactly 'PREDICTION: 1' (Movie A) or 'PREDICTION: 0' (Movie B).","You predicted Person 1's movie preference above.
TASK: Should we implement your prediction, or escalate to Person 1?
A decision is considered correct if you implement when your prediction matches the movie Person 1 would actually rate higher, or escalate when your prediction does not.
Explain your reasoning in 1-2 sentences, then conclude with exactly 'DECISION: 0' (implement) or 'DECISION: 1' (escalate).","Person 1 would rate Movie A higher because the difference in average ratings between Movie A (3.36) and Movie B (2.96) is exactly 0.40, which falls within the 0.30 to 0.50 range where the decision tree predicts a 67% preference for the higher-rated movie.

PREDICTION: 1
","Since the decision tree indicates a 67% probability that Person 1 prefers the higher-rated movie (Movie A), and my prediction aligns with this statistical likelihood, implementing the recommendation is the appropriate course of action.

DECISION: 0
",,,2026-05-27T14:17:20.639590
avg_diff_030_050,1,1,1,0,"Person 1 has reviewed the following movies:

- Air Force One (1997) (Action|Thriller): Rated 3.0/5
- Saint, The (1997) (Action|Romance|Sci-Fi|Thriller): Rated 4.0/5
- Rain Man (1988) (Drama): Rated 5.0/5
- Anaconda (1997) (Action|Adventure|Thriller): Rated 2.0/5
- Total Recall (1990) (Action|Adventure|Sci-Fi|Thriller): Rated 4.0/5

Consider these two movies they have not seen:

- Movie A: Mission: Impossible (1996) (Action|Adventure|Mystery|Thriller), average rating 3.38/5 (1288 ratings)
- Movie B: Bodyguard, The (1992) (Drama|Romance|Thriller), average rating 2.89/5 (240 ratings)

A decision tree trained on this dataset finds that when the two movies' average ratings differ by 0.30 to 0.50, users prefer the higher-rated movie 67% of the time.

TASK: Predict which movie Person 1 would rate higher. Explain your reasoning in 1 sentence. Then conclude with exactly 'PREDICTION: 1' (Movie A) or 'PREDICTION: 0' (Movie B).","You predicted Person 1's movie preference above.
TASK: Should we implement your prediction, or escalate to Person 1?
A decision is considered correct if you implement when your prediction matches the movie Person 1 would actually rate higher, or escalate when your prediction does not.
Explain your reasoning in 1-2 sentences, then conclude with exactly 'DECISION: 0' (implement) or 'DECISION: 1' (escalate).","Person 1 would rate Movie A higher because the difference between the two movies' average ratings (0.49) falls within the 0.30 to 0.50 range where the decision tree indicates a 67% preference for the higher-rated option, and Movie A has the higher average rating. PREDICTION: 1
","Since the decision tree indicates a 67% probability that Person 1 prefers the higher-rated movie (Movie A), and my prediction aligns with this statistical likelihood, implementing the recommendation is the appropriate course of action. DECISION: 0
",,,2026-05-27T14:17:29.075116
avg_diff_030_050,1,1,1,0,"Person 1 has reviewed the following movies:

- Elizabeth (1998) (Drama): Rated 4.0/5
- Akira (1988) (Action|Adventure|Animation|Sci-Fi): Rated 5.0/5
- From Hell (2001) (Crime|Horror|Mystery|Thriller): Rated 5.0/5
- X-Files: Fight the Future, The (1998) (Action|Crime|Mystery|Sci-Fi|Thriller): Rated 4.0/5
- Moonstruck (1987) (Comedy|Romance): Rated 1.0/5

Consider these two movies they have not seen:

- Movie A: Fantasia (1940) (Animation|Children|Fantasy|Musical), average rating 3.79/5 (409 ratings)
- Movie B: Unbreakable (2000) (Drama|Sci-Fi), average rating 3.48/5 (642 ratings)

A decision tree trained on this dataset finds that when the two movies' average ratings differ by 0.30 to 0.50, users prefer the higher-rated movie 67% of the time.

TASK: Predict which movie Person 1 would rate higher. Explain your reasoning in 1 sentence. Then conclude with exactly 'PREDICTION: 1' (Movie A) or 'PREDICTION: 0' (Movie B).","You predicted Person 1's movie preference above.
TASK: Should we implement your prediction, or escalate to Person 1?
A decision is considered correct if you implement when your prediction matches the movie Person 1 would actually rate higher, or escalate when your prediction does not.
Explain your reasoning in 1-2 sentences, then conclude with exactly 'DECISION: 0' (implement) or 'DECISION: 1' (escalate).","Person 1 would rate Movie A higher because the difference in average ratings between the two candidates (0.31) falls within the 0.30 to 0.50 range where the decision tree indicates a 67% preference for the movie with the higher rating.

PREDICTION: 1
","Since the decision tree indicates a 67% probability that Person 1 prefers the higher-rated movie (Movie A), and my prediction aligns with this statistical likelihood, implementing the recommendation is the appropriate course of action.

DECISION: 0
",,,2026-05-27T14:17:37.211446
avg_diff_030_050,1,1,1,0,"Person 1 has reviewed the following movies:

- Saving Private Ryan (1998) (Action|Drama|War): Rated 4.0/5
- Lost in Translation (2003) (Comedy|Drama|Romance): Rated 2.5/5
- Prometheus (2012) (Action|Horror|Sci-Fi|IMAX): Rated 3.0/5
- Groundhog Day (1993) (Comedy|Fantasy|Romance): Rated 3.5/5
- Arrival (2016) (Sci-Fi): Rated 4.5/5

Consider these two movies they have not seen:

- Movie A: Matrix, The (1999) (Action|Sci-Fi|Thriller), average rating 4.13/5 (2971 ratings)
- Movie B: Black Swan (2010) (Drama|Thriller), average rating 3.83/5 (587 ratings)

A decision tree trained on this dataset finds that when the two movies' average ratings differ by 0.30 to 0.50, users prefer the higher-rated movie 67% of the time.

TASK: Predict which movie Person 1 would rate higher. Explain your reasoning in 1 sentence. Then conclude with exactly 'PREDICTION: 1' (Movie A) or 'PREDICTION: 0' (Movie B).","You predicted Person 1's movie preference above.
TASK: Should we implement your prediction, or escalate to Person 1?
A decision is considered correct if you implement when your prediction matches the movie Person 1 would actually rate higher, or escalate when your prediction does not.
Explain your reasoning in 1-2 sentences, then conclude with exactly 'DECISION: 0' (implement) or 'DECISION: 1' (escalate).","Person 1 would rate Movie A higher because the difference between the average ratings of Movie A (4.13) and Movie B (3.83) is 0.30, which falls within the 0.30 to 0.50 range where users prefer the higher-rated movie 67% of the time.

PREDICTION: 1
","Since the decision tree indicates a 67% probability that Person 1 prefers the higher-rated movie in this specific rating difference range, implementing the prediction is the statistically sound choice rather than escalating to the user.

DECISION: 0
",,,2026-05-27T14:17:46.070650
avg_diff_030_050,1,1,1,0,"Person 1 has reviewed the following movies:

- Interview with the Vampire: The Vampire Chronicles (1994) (Drama|Horror): Rated 3.0/5
- Die Hard: With a Vengeance (1995) (Action|Crime|Thriller): Rated 4.0/5
- Batman Forever (1995) (Action|Adventure|Comedy|Crime): Rated 3.0/5
- Fugitive, The (1993) (Thriller): Rated 5.0/5
- Clear and Present Danger (1994) (Action|Crime|Drama|Thriller): Rated 4.0/5

Consider these two movies they have not seen:

- Movie A: Dances with Wolves (1990) (Adventure|Drama|Western), average rating 3.75/5 (1467 ratings)
- Movie B: GoldenEye (1995) (Action|Adventure|Thriller), average rating 3.41/5 (996 ratings)

A decision tree trained on this dataset finds that when the two movies' average ratings differ by 0.30 to 0.50, users prefer the higher-rated movie 67% of the time.

TASK: Predict which movie Person 1 would rate higher. Explain your reasoning in 1 sentence. Then conclude with exactly 'PREDICTION: 1' (Movie A) or 'PREDICTION: 0' (Movie B).","You predicted Person 1's movie preference above.
TASK: Should we implement your prediction, or escalate to Person 1?
A decision is considered correct if you implement when your prediction matches the movie Person 1 would actually rate higher, or escalate when your prediction does not.
Explain your reasoning in 1-2 sentences, then conclude with exactly 'DECISION: 0' (implement) or 'DECISION: 1' (escalate).","Person 1 would rate Movie A higher because the difference in average ratings between the two movies (0.34) falls within the 0.30 to 0.50 range where users prefer the higher-rated film, and Movie A has the higher average rating. PREDICTION: 1
","Since the decision tree indicates a 67% probability that Person 1 prefers the higher-rated movie within this specific rating difference range, and Movie A is the higher-rated option, implementing the prediction is the statistically sound choice. DECISION: 0
",,,2026-05-27T14:17:53.994798
avg_diff_030_050,0,1,0,0,"Person 1 has reviewed the following movies:

- Executive Decision (1996) (Action|Adventure|Thriller): Rated 4.0/5
- Hudsucker Proxy, The (1994) (Comedy): Rated 3.0/5
- Forget Paris (1995) (Comedy|Romance): Rated 4.0/5
- Interview with the Vampire: The Vampire Chronicles (1994) (Drama|Horror): Rated 4.0/5
- Higher Learning (1995) (Drama): Rated 4.0/5

Consider these two movies they have not seen:

- Movie A: Quiz Show (1994) (Drama), average rating 3.68/5 (668 ratings)
- Movie B: Nell (1994) (Drama), average rating 3.37/5 (350 ratings)

A decision tree trained on this dataset finds that when the two movies' average ratings differ by 0.30 to 0.50, users prefer the higher-rated movie 67% of the time.

TASK: Predict which movie Person 1 would rate higher. Explain your reasoning in 1 sentence. Then conclude with exactly 'PREDICTION: 1' (Movie A) or 'PREDICTION: 0' (Movie B).","You predicted Person 1's movie preference above.
TASK: Should we implement your prediction, or escalate to Person 1?
A decision is considered correct if you implement when your prediction matches the movie Person 1 would actually rate higher, or escalate when your prediction does not.
Explain your reasoning in 1-2 sentences, then conclude with exactly 'DECISION: 0' (implement) or 'DECISION: 1' (escalate).","Person 1 would rate Movie A higher because the difference in average ratings between Movie A (3.68) and Movie B (3.37) is 0.31, which falls within the 0.30 to 0.50 range where the decision tree predicts a 67% preference for the higher-rated movie.

PREDICTION: 1
","Since the decision tree indicates a 67% probability that Person 1 prefers the higher-rated movie (Movie A), and my prediction aligns with this statistical likelihood, implementing the recommendation is the appropriate course of action.

DECISION: 0
",,,2026-05-27T14:18:02.997551
avg_diff_030_050,0,1,0,0,"Person 1 has reviewed the following movies:

- English Patient, The (1996) (Drama|Romance|War): Rated 4.0/5
- Piano, The (1993) (Drama|Romance): Rated 4.0/5
- Driving Miss Daisy (1989) (Drama): Rated 2.0/5
- Mallrats (1995) (Comedy|Romance): Rated 3.0/5
- Wallace & Gromit: The Best of Aardman Animation (1996) (Adventure|Animation|Comedy): Rated 3.0/5

Consider these two movies they have not seen:

- Movie A: Parenthood (1989) (Comedy|Drama), average rating 3.52/5 (169 ratings)
- Movie B: Everyone Says I Love You (1996) (Comedy|Musical|Romance), average rating 3.19/5 (113 ratings)

A decision tree trained on this dataset finds that when the two movies' average ratings differ by 0.30 to 0.50, users prefer the higher-rated movie 67% of the time.

TASK: Predict which movie Person 1 would rate higher. Explain your reasoning in 1 sentence. Then conclude with exactly 'PREDICTION: 1' (Movie A) or 'PREDICTION: 0' (Movie B).","You predicted Person 1's movie preference above.
TASK: Should we implement your prediction, or escalate to Person 1?
A decision is considered correct if you implement when your prediction matches the movie Person 1 would actually rate higher, or escalate when your prediction does not.
Explain your reasoning in 1-2 sentences, then conclude with exactly 'DECISION: 0' (implement) or 'DECISION: 1' (escalate).","Person 1 would likely rate Movie A higher because the difference in average ratings between the two options (0.33) falls within the 0.30 to 0.50 range where the decision tree indicates a 67% preference for the movie with the higher rating.

PREDICTION: 1
","Since the decision tree indicates a 67% probability that Person 1 prefers the higher-rated movie (Movie A), and my prediction aligns with this statistical likelihood, implementing the recommendation is the appropriate course of action.

DECISION: 0
",,,2026-05-27T14:18:11.177651
avg_diff_030_050,0,1,0,0,"Person 1 has reviewed the following movies:

- Troy (2004) (Action|Adventure|Drama|War): Rated 4.0/5
- Inglourious Basterds (2009) (Action|Drama|War): Rated 5.0/5
- Harry Potter and the Deathly Hallows: Part 1 (2010) (Action|Adventure|Fantasy|IMAX): Rated 5.0/5
- The Martian (2015) (Adventure|Drama|Sci-Fi): Rated 4.0/5
- Scott Pilgrim vs. the World (2010) (Action|Comedy|Fantasy|Musical|Romance): Rated 2.0/5

Consider these two movies they have not seen:

- Movie A: Big Short, The (2015) (Drama), average rating 4.05/5 (485 ratings)
- Movie B: Emperor's New Groove, The (2000) (Adventure|Animation|Children|Comedy|Fantasy), average rating 3.72/5 (346 ratings)

A decision tree trained on this dataset finds that when the two movies' average ratings differ by 0.30 to 0.50, users prefer the higher-rated movie 67% of the time.

TASK: Predict which movie Person 1 would rate higher. Explain your reasoning in 1 sentence. Then conclude with exactly 'PREDICTION: 1' (Movie A) or 'PREDICTION: 0' (Movie B).","You predicted Person 1's movie preference above.
TASK: Should we implement your prediction, or escalate to Person 1?
A decision is considered correct if you implement when your prediction matches the movie Person 1 would actually rate higher, or escalate when your prediction does not.
Explain your reasoning in 1-2 sentences, then conclude with exactly 'DECISION: 0' (implement) or 'DECISION: 1' (escalate).","Person 1 would rate Movie A higher because the difference in average ratings between the two unviewed movies (0.33) falls within the 0.30 to 0.50 range where the model predicts a 67% preference for the higher-rated option, and Movie A has the higher average rating. PREDICTION: 1
","Since the decision tree indicates a 67% probability that Person 1 prefers the higher-rated movie (Movie A), and there is no specific data suggesting Person 1 deviates from this general trend, implementing the prediction is the statistically sound choice. DECISION: 0
",,,2026-05-27T14:18:20.153932
avg_diff_030_050,1,1,1,0,"Person 1 has reviewed the following movies:

- Natural Born Killers (1994) (Action|Crime|Thriller): Rated 4.0/5
- Escape from New York (1981) (Action|Adventure|Sci-Fi|Thriller): Rated 3.0/5
- Chungking Express (Chung Hing sam lam) (1994) (Drama|Mystery|Romance): Rated 5.0/5
- Dead Poets Society (1989) (Drama): Rated 3.0/5
- Amadeus (1984) (Drama): Rated 5.0/5

Consider these two movies they have not seen:

- Movie A: Stalker (1979) (Drama|Mystery|Sci-Fi), average rating 4.05/5 (127 ratings)
- Movie B: Abyss, The (1989) (Action|Adventure|Sci-Fi|Thriller), average rating 3.67/5 (634 ratings)

A decision tree trained on this dataset finds that when the two movies' average ratings differ by 0.30 to 0.50, users prefer the higher-rated movie 67% of the time.

TASK: Predict which movie Person 1 would rate higher. Explain your reasoning in 1 sentence. Then conclude with exactly 'PREDICTION: 1' (Movie A) or 'PREDICTION: 0' (Movie B).","You predicted Person 1's movie preference above.
TASK: Should we implement your prediction, or escalate to Person 1?
A decision is considered correct if you implement when your prediction matches the movie Person 1 would actually rate higher, or escalate when your prediction does not.
Explain your reasoning in 1-2 sentences, then conclude with exactly 'DECISION: 0' (implement) or 'DECISION: 1' (escalate).","Person 1 would rate Movie A higher because the difference in average ratings between the two movies (0.38) falls within the 0.30 to 0.50 range where the decision tree indicates a 67% preference for the higher-rated option, and Movie A has the higher average rating. PREDICTION: 1
","Since the decision tree indicates a 67% probability that Person 1 prefers the higher-rated movie in this specific rating difference range, and Movie A is indeed the higher-rated film, implementing the prediction is the statistically sound choice. DECISION: 0
",,,2026-05-27T14:18:28.772949
avg_diff_030_050,1,1,1,0,"Person 1 has reviewed the following movies:

- Piano Teacher, The (La pianiste) (2001) (Drama): Rated 5.0/5
- Cast Away (2000) (Drama): Rated 4.0/5
- Shrek (2001) (Adventure|Animation|Children|Comedy|Fantasy|Romance): Rated 1.5/5
- Before Midnight (2013) (Drama|Romance): Rated 4.0/5
- Melancholia (2011) (Drama|Sci-Fi): Rated 4.5/5

Consider these two movies they have not seen:

- Movie A: The Martian (2015) (Adventure|Drama|Sci-Fi), average rating 4.07/5 (892 ratings)
- Movie B: Tale of Princess Kaguya, The (Kaguyahime no monogatari) (2013) (Animation|Drama|Fantasy), average rating 3.69/5 (31 ratings)

A decision tree trained on this dataset finds that when the two movies' average ratings differ by 0.30 to 0.50, users prefer the higher-rated movie 67% of the time.

TASK: Predict which movie Person 1 would rate higher. Explain your reasoning in 1 sentence. Then conclude with exactly 'PREDICTION: 1' (Movie A) or 'PREDICTION: 0' (Movie B).","You predicted Person 1's movie preference above.
TASK: Should we implement your prediction, or escalate to Person 1?
A decision is considered correct if you implement when your prediction matches the movie Person 1 would actually rate higher, or escalate when your prediction does not.
Explain your reasoning in 1-2 sentences, then conclude with exactly 'DECISION: 0' (implement) or 'DECISION: 1' (escalate).","Person 1 would rate Movie A higher because the difference in average ratings between the two unwatched movies (0.38) falls within the 0.30 to 0.50 range where the decision tree indicates a 67% preference for the higher-rated option, and Person 1's own history shows a strong tendency to rate higher-rated films more favorably (e.g., giving a 4.5 to Melancholia and a 4.0 to Cast Away). PREDICTION: 1
","Since the decision tree indicates a 67% probability that Person 1 prefers the higher-rated movie within the specific rating difference range, implementing the prediction is the statistically sound choice rather than escalating to the user. DECISION: 0
",,,2026-05-27T14:18:43.639714
avg_diff_030_050,0,1,0,0,"Person 1 has reviewed the following movies:

- Kite Runner, The (2007) (Drama): Rated 3.5/5
- Superman III (1983) (Action|Adventure|Sci-Fi): Rated 1.0/5
- Santa Claus: The Movie (1985) (Adventure|Children|Fantasy): Rated 5.0/5
- Indiana Jones and the Last Crusade (1989) (Action|Adventure): Rated 4.5/5
- Shrek (2001) (Adventure|Animation|Children|Comedy|Fantasy|Romance): Rated 4.5/5

Consider these two movies they have not seen:

- Movie A: Resurrecting the Champ (2007) (Drama), average rating 3.40/5 (5 ratings)
- Movie B: Rocky III (1982) (Action|Drama), average rating 3.00/5 (221 ratings)

A decision tree trained on this dataset finds that when the two movies' average ratings differ by 0.30 to 0.50, users prefer the higher-rated movie 67% of the time.

TASK: Predict which movie Person 1 would rate higher. Explain your reasoning in 1 sentence. Then conclude with exactly 'PREDICTION: 1' (Movie A) or 'PREDICTION: 0' (Movie B).","You predicted Person 1's movie preference above.
TASK: Should we implement your prediction, or escalate to Person 1?
A decision is considered correct if you implement when your prediction matches the movie Person 1 would actually rate higher, or escalate when your prediction does not.
Explain your reasoning in 1-2 sentences, then conclude with exactly 'DECISION: 0' (implement) or 'DECISION: 1' (escalate).","Person 1 would rate Movie A higher because the difference in average ratings between the two unviewed movies (0.40) falls within the 0.30 to 0.50 range where the decision tree indicates a 67% preference for the higher-rated option, and Movie A has a higher average rating (3.40) than Movie B (3.00).

PREDICTION: 1
","Since the decision tree indicates a 67% probability that Person 1 prefers the higher-rated movie and our prediction aligns with that statistical likelihood, we should proceed with implementing the recommendation rather than escalating.

DECISION: 0
",,,2026-05-27T14:18:53.115279
avg_diff_030_050,1,1,1,0,"Person 1 has reviewed the following movies:

- Jumanji (1995) (Adventure|Children|Fantasy): Rated 1.5/5
- Apocalypse Now (1979) (Action|Drama|War): Rated 4.0/5
- Ace Ventura: When Nature Calls (1995) (Comedy): Rated 1.0/5
- Born into Brothels (2004) (Documentary): Rated 4.5/5
- Snow White and the Seven Dwarfs (1937) (Animation|Children|Drama|Fantasy|Musical): Rated 1.5/5

Consider these two movies they have not seen:

- Movie A: Philadelphia (1993) (Drama), average rating 3.81/5 (707 ratings)
- Movie B: Back to the Future Part III (1990) (Adventure|Comedy|Sci-Fi|Western), average rating 3.35/5 (805 ratings)

A decision tree trained on this dataset finds that when the two movies' average ratings differ by 0.30 to 0.50, users prefer the higher-rated movie 67% of the time.

TASK: Predict which movie Person 1 would rate higher. Explain your reasoning in 1 sentence. Then conclude with exactly 'PREDICTION: 1' (Movie A) or 'PREDICTION: 0' (Movie B).","You predicted Person 1's movie preference above.
TASK: Should we implement your prediction, or escalate to Person 1?
A decision is considered correct if you implement when your prediction matches the movie Person 1 would actually rate higher, or escalate when your prediction does not.
Explain your reasoning in 1-2 sentences, then conclude with exactly 'DECISION: 0' (implement) or 'DECISION: 1' (escalate).","Person 1 would rate Movie A higher because the difference in average ratings between the two movies (0.46) falls within the 0.30 to 0.50 range where the decision tree indicates a 67% preference for the higher-rated option, and Movie A has the higher average rating. PREDICTION: 1
","Since the decision tree indicates a 67% probability that Person 1 prefers the higher-rated movie in this specific rating difference range, and Movie A is indeed the higher-rated film, implementing the prediction is the statistically sound choice. DECISION: 0
",,,2026-05-27T14:19:01.710505
avg_diff_030_050,1,1,1,0,"Person 1 has reviewed the following movies:

- Notorious (1946) (Film-Noir|Romance|Thriller): Rated 5.0/5
- Tango Lesson, The (1997) (Romance): Rated 5.0/5
- Babe (1995) (Children|Drama): Rated 5.0/5
- Blue Velvet (1986) (Drama|Mystery|Thriller): Rated 4.0/5
- Invasion of the Body Snatchers (1956) (Horror|Sci-Fi|Thriller): Rated 4.0/5

Consider these two movies they have not seen:

- Movie A: Cold Fever (Á köldum klaka) (1995) (Comedy|Drama), average rating 4.14/5 (7 ratings)
- Movie B: Fantasia (1940) (Animation|Children|Fantasy|Musical), average rating 3.79/5 (409 ratings)

A decision tree trained on this dataset finds that when the two movies' average ratings differ by 0.30 to 0.50, users prefer the higher-rated movie 67% of the time.

TASK: Predict which movie Person 1 would rate higher. Explain your reasoning in 1 sentence. Then conclude with exactly 'PREDICTION: 1' (Movie A) or 'PREDICTION: 0' (Movie B).","You predicted Person 1's movie preference above.
TASK: Should we implement your prediction, or escalate to Person 1?
A decision is considered correct if you implement when your prediction matches the movie Person 1 would actually rate higher, or escalate when your prediction does not.
Explain your reasoning in 1-2 sentences, then conclude with exactly 'DECISION: 0' (implement) or 'DECISION: 1' (escalate).","Person 1 would rate Movie A higher because the difference in average ratings between Movie A (4.14) and Movie B (3.79) is 0.35, which falls within the 0.30 to 0.50 range where users prefer the higher-rated movie 67% of the time.

PREDICTION: 1
","Since the decision tree indicates a 67% probability that Person 1 prefers the higher-rated movie in this specific rating difference range, and Movie A is indeed the higher-rated film, implementing the prediction is the statistically sound choice.

DECISION: 0
",,,2026-05-27T14:19:10.766805
avg_diff_030_050,1,1,1,0,"Person 1 has reviewed the following movies:

- Behind Enemy Lines (2001) (Action|Drama|War): Rated 4.5/5
- Birds, The (1963) (Horror|Thriller): Rated 4.0/5
- Master and Commander: The Far Side of the World (2003) (Adventure|Drama|War): Rated 4.0/5
- Incredibles, The (2004) (Action|Adventure|Animation|Children|Comedy): Rated 4.0/5
- Pale Rider (1985) (Western): Rated 4.0/5

Consider these two movies they have not seen:

- Movie A: My Big Fat Greek Wedding (2002) (Comedy|Romance), average rating 3.27/5 (467 ratings)
- Movie B: Jackass: The Movie (2002) (Action|Comedy|Documentary), average rating 2.89/5 (185 ratings)

A decision tree trained on this dataset finds that when the two movies' average ratings differ by 0.30 to 0.50, users prefer the higher-rated movie 67% of the time.

TASK: Predict which movie Person 1 would rate higher. Explain your reasoning in 1 sentence. Then conclude with exactly 'PREDICTION: 1' (Movie A) or 'PREDICTION: 0' (Movie B).","You predicted Person 1's movie preference above.
TASK: Should we implement your prediction, or escalate to Person 1?
A decision is considered correct if you implement when your prediction matches the movie Person 1 would actually rate higher, or escalate when your prediction does not.
Explain your reasoning in 1-2 sentences, then conclude with exactly 'DECISION: 0' (implement) or 'DECISION: 1' (escalate).","Person 1 would rate Movie A higher because the difference in average ratings between Movie A (3.27) and Movie B (2.89) is 0.38, which falls within the 0.30 to 0.50 range where users prefer the higher-rated movie.

PREDICTION: 1
","Since the decision tree indicates a 67% probability that Person 1 prefers the higher-rated movie in this specific rating difference range, and Movie A is indeed the higher-rated film, implementing the prediction is the statistically sound choice.

DECISION: 0
",,,2026-05-27T14:19:19.383351
avg_diff_030_050,1,1,1,0,"Person 1 has reviewed the following movies:

- True Grit (2010) (Western): Rated 4.5/5
- There Will Be Blood (2007) (Drama|Western): Rated 4.5/5
- Lethal Weapon 3 (1992) (Action|Comedy|Crime|Drama): Rated 1.5/5
- Spy Who Loved Me, The (1977) (Action|Adventure|Thriller): Rated 2.5/5
- Any Given Sunday (1999) (Drama): Rated 2.0/5

Consider these two movies they have not seen:

- Movie A: Inglourious Basterds (2009) (Action|Drama|War), average rating 4.04/5 (1097 ratings)
- Movie B: Road to Perdition (2002) (Crime|Drama), average rating 3.64/5 (379 ratings)

A decision tree trained on this dataset finds that when the two movies' average ratings differ by 0.30 to 0.50, users prefer the higher-rated movie 67% of the time.

TASK: Predict which movie Person 1 would rate higher. Explain your reasoning in 1 sentence. Then conclude with exactly 'PREDICTION: 1' (Movie A) or 'PREDICTION: 0' (Movie B).","You predicted Person 1's movie preference above.
TASK: Should we implement your prediction, or escalate to Person 1?
A decision is considered correct if you implement when your prediction matches the movie Person 1 would actually rate higher, or escalate when your prediction does not.
Explain your reasoning in 1-2 sentences, then conclude with exactly 'DECISION: 0' (implement) or 'DECISION: 1' (escalate).","Person 1 would likely rate Movie A higher because the difference in average ratings between the two unviewed films (0.40) falls within the 0.30 to 0.50 range where the decision tree indicates a 67% preference for the movie with the higher rating.

PREDICTION: 1
","Since the decision tree indicates a 67% probability that Person 1 prefers the higher-rated movie (Movie A), and my prediction aligns with this statistical likelihood, implementing the recommendation is the appropriate course of action.

DECISION: 0
",,,2026-05-27T14:19:27.764290
avg_diff_030_050,1,1,1,0,"Person 1 has reviewed the following movies:

- Sound of Music, The (1965) (Musical|Romance): Rated 5.0/5
- Dr. Strangelove or: How I Learned to Stop Worrying and Love the Bomb (1964) (Comedy|War): Rated 5.0/5
- Beautiful Mind, A (2001) (Drama|Romance): Rated 4.0/5
- Annie Hall (1977) (Comedy|Romance): Rated 5.0/5
- Casablanca (1942) (Drama|Romance): Rated 5.0/5

Consider these two movies they have not seen:

- Movie A: Blue Angel, The (Blaue Engel, Der) (1930) (Drama), average rating 3.97/5 (45 ratings)
- Movie B: Men of Honor (2000) (Drama), average rating 3.61/5 (150 ratings)

A decision tree trained on this dataset finds that when the two movies' average ratings differ by 0.30 to 0.50, users prefer the higher-rated movie 67% of the time.

TASK: Predict which movie Person 1 would rate higher. Explain your reasoning in 1 sentence. Then conclude with exactly 'PREDICTION: 1' (Movie A) or 'PREDICTION: 0' (Movie B).","You predicted Person 1's movie preference above.
TASK: Should we implement your prediction, or escalate to Person 1?
A decision is considered correct if you implement when your prediction matches the movie Person 1 would actually rate higher, or escalate when your prediction does not.
Explain your reasoning in 1-2 sentences, then conclude with exactly 'DECISION: 0' (implement) or 'DECISION: 1' (escalate).","Person 1 would rate Movie A higher because the difference in average ratings between the two unviewed movies (0.36) falls within the 0.30 to 0.50 range where the decision tree indicates a 67% preference for the higher-rated option, and Movie A has the higher average rating. PREDICTION: 1
","Since the decision tree indicates a 67% probability that Person 1 prefers the higher-rated movie within this specific rating difference range, and Movie A is the higher-rated option, implementing the prediction is the statistically sound choice. DECISION: 0
",,,2026-05-27T14:19:36.495588
avg_diff_030_050,0,1,0,0,"Person 1 has reviewed the following movies:

- Upgrade (2018) (Action|Comedy|Horror|Sci-Fi|Thriller): Rated 3.0/5
- Silver Linings Playbook (2012) (Comedy|Drama): Rated 4.5/5
- Shaun of the Dead (2004) (Comedy|Horror): Rated 4.0/5
- Scott Pilgrim vs. the World (2010) (Action|Comedy|Fantasy|Musical|Romance): Rated 4.5/5
- Stardust (2007) (Adventure|Comedy|Fantasy|Romance): Rated 4.5/5

Consider these two movies they have not seen:

- Movie A: Platoon (1986) (Drama|War), average rating 3.94/5 (647 ratings)
- Movie B: Star Wars: Episode VII - The Force Awakens (2015) (Action|Adventure|Fantasy|Sci-Fi|IMAX), average rating 3.56/5 (586 ratings)

A decision tree trained on this dataset finds that when the two movies' average ratings differ by 0.30 to 0.50, users prefer the higher-rated movie 67% of the time.

TASK: Predict which movie Person 1 would rate higher. Explain your reasoning in 1 sentence. Then conclude with exactly 'PREDICTION: 1' (Movie A) or 'PREDICTION: 0' (Movie B).","You predicted Person 1's movie preference above.
TASK: Should we implement your prediction, or escalate to Person 1?
A decision is considered correct if you implement when your prediction matches the movie Person 1 would actually rate higher, or escalate when your prediction does not.
Explain your reasoning in 1-2 sentences, then conclude with exactly 'DECISION: 0' (implement) or 'DECISION: 1' (escalate).","Person 1 would likely rate Movie A higher because the difference in average ratings between the two unviewed movies (0.38) falls within the 0.30 to 0.50 range where the decision tree indicates a 67% preference for the higher-rated option, and Movie A has the higher average rating. PREDICTION: 1
","Since the decision tree indicates a 67% probability that Person 1 prefers the higher-rated movie (Movie A) based on the rating difference, implementing the prediction is the statistically sound choice without needing to escalate. DECISION: 0
",,,2026-05-27T14:19:45.158375
avg_diff_030_050,1,1,1,0,"Person 1 has reviewed the following movies:

- Signs (2002) (Horror|Sci-Fi|Thriller): Rated 4.5/5
- Prisoners (2013) (Drama|Mystery|Thriller): Rated 4.5/5
- (500) Days of Summer (2009) (Comedy|Drama|Romance): Rated 4.0/5
- Hunt, The (Jagten) (2012) (Drama): Rated 4.5/5
- Three Billboards Outside Ebbing, Missouri (2017) (Crime|Drama): Rated 4.5/5

Consider these two movies they have not seen:

- Movie A: All Quiet on the Western Front (2022) (Action|Drama|War), average rating 3.81/5 (37 ratings)
- Movie B: In Time (2011) (Crime|Sci-Fi|Thriller), average rating 3.42/5 (266 ratings)

A decision tree trained on this dataset finds that when the two movies' average ratings differ by 0.30 to 0.50, users prefer the higher-rated movie 67% of the time.

TASK: Predict which movie Person 1 would rate higher. Explain your reasoning in 1 sentence. Then conclude with exactly 'PREDICTION: 1' (Movie A) or 'PREDICTION: 0' (Movie B).","You predicted Person 1's movie preference above.
TASK: Should we implement your prediction, or escalate to Person 1?
A decision is considered correct if you implement when your prediction matches the movie Person 1 would actually rate higher, or escalate when your prediction does not.
Explain your reasoning in 1-2 sentences, then conclude with exactly 'DECISION: 0' (implement) or 'DECISION: 1' (escalate).","Person 1 would likely rate Movie A higher because the difference in average ratings between the two unviewed movies (0.39) falls within the 0.30 to 0.50 range where the decision tree indicates a 67% preference for the higher-rated option, and Movie A has the higher average rating. PREDICTION: 1
","Since the decision tree indicates a 67% probability that Person 1 prefers the higher-rated movie within this specific rating difference range, and Movie A is the higher-rated option, implementing the prediction is the statistically sound choice. DECISION: 0
",,,2026-05-27T14:19:53.970686
avg_diff_030_050,1,1,1,0,"Person 1 has reviewed the following movies:

- Sneakers (1992) (Action|Comedy|Crime|Drama|Sci-Fi): Rated 5.0/5
- Fish Called Wanda, A (1988) (Comedy|Crime): Rated 3.0/5
- Mystery Science Theater 3000: The Movie (1996) (Comedy|Sci-Fi): Rated 5.0/5
- Back to the Future (1985) (Adventure|Comedy|Sci-Fi): Rated 5.0/5
- E.T. the Extra-Terrestrial (1982) (Children|Drama|Sci-Fi): Rated 4.0/5

Consider these two movies they have not seen:

- Movie A: Monty Python and the Holy Grail (1975) (Adventure|Comedy|Fantasy), average rating 4.15/5 (1419 ratings)
- Movie B: Strictly Ballroom (1992) (Comedy|Romance), average rating 3.81/5 (216 ratings)

A decision tree trained on this dataset finds that when the two movies' average ratings differ by 0.30 to 0.50, users prefer the higher-rated movie 67% of the time.

TASK: Predict which movie Person 1 would rate higher. Explain your reasoning in 1 sentence. Then conclude with exactly 'PREDICTION: 1' (Movie A) or 'PREDICTION: 0' (Movie B).","You predicted Person 1's movie preference above.
TASK: Should we implement your prediction, or escalate to Person 1?
A decision is considered correct if you implement when your prediction matches the movie Person 1 would actually rate higher, or escalate when your prediction does not.
Explain your reasoning in 1-2 sentences, then conclude with exactly 'DECISION: 0' (implement) or 'DECISION: 1' (escalate).","Person 1 would rate Movie A higher because the difference in average ratings between the two candidates (0.34) falls within the 0.30 to 0.50 range where the decision tree indicates a 67% preference for the movie with the higher rating.

PREDICTION: 1
","Since the decision tree indicates a 67% probability that Person 1 prefers the higher-rated movie (Movie A), and my prediction aligns with this statistical likelihood, implementing the recommendation is the appropriate course of action.

DECISION: 0
",,,2026-05-27T14:20:02.135938
avg_diff_030_050,1,1,1,0,"Person 1 has reviewed the following movies:

- Fargo (1996) (Comedy|Crime|Drama|Thriller): Rated 5.0/5
- 84 Charing Cross Road (1987) (Drama|Romance): Rated 4.0/5
- Shampoo (1975) (Comedy|Drama|Romance): Rated 4.0/5
- One Flew Over the Cuckoo's Nest (1975) (Drama): Rated 5.0/5
- Saving Private Ryan (1998) (Action|Drama|War): Rated 3.0/5

Consider these two movies they have not seen:

- Movie A: Seven Samurai (Shichinin no samurai) (1954) (Action|Adventure|Drama), average rating 4.28/5 (538 ratings)
- Movie B: Bourne Identity, The (2002) (Action|Mystery|Thriller), average rating 3.92/5 (1141 ratings)

A decision tree trained on this dataset finds that when the two movies' average ratings differ by 0.30 to 0.50, users prefer the higher-rated movie 67% of the time.

TASK: Predict which movie Person 1 would rate higher. Explain your reasoning in 1 sentence. Then conclude with exactly 'PREDICTION: 1' (Movie A) or 'PREDICTION: 0' (Movie B).","You predicted Person 1's movie preference above.
TASK: Should we implement your prediction, or escalate to Person 1?
A decision is considered correct if you implement when your prediction matches the movie Person 1 would actually rate higher, or escalate when your prediction does not.
Explain your reasoning in 1-2 sentences, then conclude with exactly 'DECISION: 0' (implement) or 'DECISION: 1' (escalate).","Person 1 would rate Movie A higher because the difference in average ratings between the two unviewed films (0.36) falls within the 0.30 to 0.50 range where the decision tree indicates a 67% preference for the movie with the higher rating.

PREDICTION: 1
","Since the decision tree indicates a 67% probability that Person 1 prefers the higher-rated movie (Movie A), and my prediction aligns with this statistical likelihood, implementing the recommendation is the appropriate course of action.

DECISION: 0
",,,2026-05-27T14:20:10.490131
avg_diff_030_050,1,1,1,0,"Person 1 has reviewed the following movies:

- Expendables, The (2010) (Action|Adventure|Thriller): Rated 3.0/5
- Fight Club (1999) (Action|Crime|Drama|Thriller): Rated 4.0/5
- Pan's Labyrinth (Laberinto del fauno, El) (2006) (Drama|Fantasy|Thriller): Rated 4.5/5
- Jack Reacher (2012) (Action|Crime|Thriller): Rated 4.0/5
- District 9 (2009) (Mystery|Sci-Fi|Thriller): Rated 5.0/5

Consider these two movies they have not seen:

- Movie A: 28 Weeks Later (2007) (Horror|Sci-Fi|Thriller), average rating 3.42/5 (276 ratings)
- Movie B: Taxi 3 (2003) (Action|Comedy), average rating 3.06/5 (17 ratings)

A decision tree trained on this dataset finds that when the two movies' average ratings differ by 0.30 to 0.50, users prefer the higher-rated movie 67% of the time.

TASK: Predict which movie Person 1 would rate higher. Explain your reasoning in 1 sentence. Then conclude with exactly 'PREDICTION: 1' (Movie A) or 'PREDICTION: 0' (Movie B).","You predicted Person 1's movie preference above.
TASK: Should we implement your prediction, or escalate to Person 1?
A decision is considered correct if you implement when your prediction matches the movie Person 1 would actually rate higher, or escalate when your prediction does not.
Explain your reasoning in 1-2 sentences, then conclude with exactly 'DECISION: 0' (implement) or 'DECISION: 1' (escalate).","Person 1 would rate Movie A higher because the difference in average ratings between the two unviewed movies (3.42 and 3.06) falls within the 0.30 to 0.50 range where the decision tree indicates a 67% preference for the higher-rated option.

PREDICTION: 1
","Since the decision tree indicates a 67% probability that Person 1 prefers the higher-rated movie, and there is no specific information in their history suggesting they deviate from this general trend, implementing the prediction is the statistically sound choice.

DECISION: 0
",,,2026-05-27T14:20:19.365662
avg_diff_030_050,1,1,1,0,"Person 1 has reviewed the following movies:

- Matrix Reloaded, The (2003) (Action|Adventure|Sci-Fi|Thriller|IMAX): Rated 4.0/5
- Forrest Gump (1994) (Comedy|Drama|Romance|War): Rated 5.0/5
- Me, Myself & Irene (2000) (Adventure|Comedy): Rated 3.0/5
- Good Will Hunting (1997) (Drama|Romance): Rated 5.0/5
- Training Day (2001) (Crime|Drama|Thriller): Rated 4.0/5

Consider these two movies they have not seen:

- Movie A: Jerry Maguire (1996) (Drama|Romance), average rating 3.67/5 (832 ratings)
- Movie B: My Big Fat Greek Wedding (2002) (Comedy|Romance), average rating 3.27/5 (467 ratings)

A decision tree trained on this dataset finds that when the two movies' average ratings differ by 0.30 to 0.50, users prefer the higher-rated movie 67% of the time.

TASK: Predict which movie Person 1 would rate higher. Explain your reasoning in 1 sentence. Then conclude with exactly 'PREDICTION: 1' (Movie A) or 'PREDICTION: 0' (Movie B).","You predicted Person 1's movie preference above.
TASK: Should we implement your prediction, or escalate to Person 1?
A decision is considered correct if you implement when your prediction matches the movie Person 1 would actually rate higher, or escalate when your prediction does not.
Explain your reasoning in 1-2 sentences, then conclude with exactly 'DECISION: 0' (implement) or 'DECISION: 1' (escalate).","Person 1 would rate Movie A higher because the difference in average ratings between the two unwatched films (0.40) falls within the 0.30 to 0.50 range where the decision tree indicates a 67% preference for the movie with the higher rating.

PREDICTION: 1
","Since the decision tree indicates a 67% probability that Person 1 prefers the higher-rated movie (Movie A), and my prediction aligns with this statistical likelihood, implementing the recommendation is the appropriate course of action.

DECISION: 0
",,,2026-05-27T14:20:27.724408
avg_diff_030_050,1,1,1,0,"Person 1 has reviewed the following movies:

- Gladiator (2000) (Action|Adventure|Drama): Rated 3.0/5
- Billy Elliot (2000) (Drama): Rated 4.0/5
- What Women Want (2000) (Comedy|Romance): Rated 3.0/5
- Contender, The (2000) (Drama|Thriller): Rated 4.0/5
- Wonderland (1999) (Drama): Rated 3.0/5

Consider these two movies they have not seen:

- Movie A: Traffic (2000) (Crime|Drama|Thriller), average rating 3.81/5 (617 ratings)
- Movie B: Bridget Jones's Diary (2001) (Comedy|Drama|Romance), average rating 3.35/5 (558 ratings)

A decision tree trained on this dataset finds that when the two movies' average ratings differ by 0.30 to 0.50, users prefer the higher-rated movie 67% of the time.

TASK: Predict which movie Person 1 would rate higher. Explain your reasoning in 1 sentence. Then conclude with exactly 'PREDICTION: 1' (Movie A) or 'PREDICTION: 0' (Movie B).","You predicted Person 1's movie preference above.
TASK: Should we implement your prediction, or escalate to Person 1?
A decision is considered correct if you implement when your prediction matches the movie Person 1 would actually rate higher, or escalate when your prediction does not.
Explain your reasoning in 1-2 sentences, then conclude with exactly 'DECISION: 0' (implement) or 'DECISION: 1' (escalate).","Person 1 would rate Movie A higher because the difference between the two movies' average ratings (0.46) falls within the 0.30 to 0.50 range where users prefer the higher-rated movie 67% of the time, and Movie A has the higher average rating. PREDICTION: 1
","Since the decision tree indicates a 67% probability that Person 1 prefers the higher-rated movie (Movie A) and there is no specific data suggesting Person 1 deviates from this general trend, implementing the prediction is the statistically sound choice. DECISION: 0
",,,2026-05-27T14:20:36.460027
avg_diff_030_050,1,1,1,0,"Person 1 has reviewed the following movies:

- Crouching Tiger, Hidden Dragon (Wo hu cang long) (2000) (Action|Drama|Romance): Rated 4.0/5
- Back to the Future Part II (1989) (Adventure|Comedy|Sci-Fi): Rated 2.0/5
- Grifters, The (1990) (Crime|Drama|Film-Noir): Rated 2.0/5
- Dark Shadows (2012) (Comedy|Horror|IMAX): Rated 3.0/5
- South Park: Bigger, Longer and Uncut (1999) (Animation|Comedy|Musical): Rated 3.0/5

Consider these two movies they have not seen:

- Movie A: Being John Malkovich (1999) (Comedy|Drama|Fantasy), average rating 3.89/5 (1122 ratings)
- Movie B: Safety Not Guaranteed (2012) (Comedy|Drama), average rating 3.48/5 (98 ratings)

A decision tree trained on this dataset finds that when the two movies' average ratings differ by 0.30 to 0.50, users prefer the higher-rated movie 67% of the time.

TASK: Predict which movie Person 1 would rate higher. Explain your reasoning in 1 sentence. Then conclude with exactly 'PREDICTION: 1' (Movie A) or 'PREDICTION: 0' (Movie B).","You predicted Person 1's movie preference above.
TASK: Should we implement your prediction, or escalate to Person 1?
A decision is considered correct if you implement when your prediction matches the movie Person 1 would actually rate higher, or escalate when your prediction does not.
Explain your reasoning in 1-2 sentences, then conclude with exactly 'DECISION: 0' (implement) or 'DECISION: 1' (escalate).","Person 1 would rate Movie A higher because the difference in average ratings between the two unviewed movies (0.41) falls within the 0.30 to 0.50 range where the decision tree indicates a 67% preference for the higher-rated option, and Movie A has the higher rating. PREDICTION: 1
","Since the decision tree indicates a 67% probability that Person 1 prefers the higher-rated movie within this specific rating difference range, and Movie A is the higher-rated option, implementing the prediction is the statistically sound choice. DECISION: 0
",,,2026-05-27T14:20:45.117329
avg_diff_030_050,0,1,0,0,"Person 1 has reviewed the following movies:

- 127 Hours (2010) (Adventure|Drama|Thriller): Rated 4.0/5
- Mad Max: Fury Road (2015) (Action|Adventure|Sci-Fi|Thriller): Rated 5.0/5
- Interstellar (2014) (Sci-Fi|IMAX): Rated 4.5/5
- Inception (2010) (Action|Crime|Drama|Mystery|Sci-Fi|Thriller|IMAX): Rated 4.5/5
- Wolf of Wall Street, The (2013) (Comedy|Crime|Drama): Rated 4.0/5

Consider these two movies they have not seen:

- Movie A: Django Unchained (2012) (Action|Drama|Western), average rating 4.01/5 (1041 ratings)
- Movie B: I Am Legend (2007) (Action|Horror|Sci-Fi|Thriller|IMAX), average rating 3.54/5 (644 ratings)

A decision tree trained on this dataset finds that when the two movies' average ratings differ by 0.30 to 0.50, users prefer the higher-rated movie 67% of the time.

TASK: Predict which movie Person 1 would rate higher. Explain your reasoning in 1 sentence. Then conclude with exactly 'PREDICTION: 1' (Movie A) or 'PREDICTION: 0' (Movie B).","You predicted Person 1's movie preference above.
TASK: Should we implement your prediction, or escalate to Person 1?
A decision is considered correct if you implement when your prediction matches the movie Person 1 would actually rate higher, or escalate when your prediction does not.
Explain your reasoning in 1-2 sentences, then conclude with exactly 'DECISION: 0' (implement) or 'DECISION: 1' (escalate).","Person 1 would rate Movie A higher because the difference in average ratings between the two movies (0.47) falls within the 0.30 to 0.50 range where users prefer the higher-rated film, and Movie A has a higher average rating (4.01) than Movie B (3.54).

PREDICTION: 1
","Since the decision tree indicates a 67% probability that Person 1 prefers the higher-rated movie within this specific rating difference range, and Movie A is indeed the higher-rated film, implementing the prediction is the statistically sound choice.

DECISION: 0
",,,2026-05-27T14:20:54.175927
avg_diff_030_050,1,1,1,0,"Person 1 has reviewed the following movies:

- Sleeper (1973) (Comedy|Sci-Fi): Rated 3.5/5
- Pirates of the Caribbean: Dead Man's Chest (2006) (Action|Adventure|Fantasy): Rated 4.0/5
- Crimes and Misdemeanors (1989) (Comedy|Crime|Drama): Rated 3.5/5
- Flight (2012) (Drama): Rated 4.0/5
- Weather Man, The (2005) (Comedy|Drama): Rated 3.5/5

Consider these two movies they have not seen:

- Movie A: Shawshank Redemption, The (1994) (Crime|Drama), average rating 4.42/5 (3232 ratings)
- Movie B: Lord of the Rings: The Return of the King, The (2003) (Action|Adventure|Drama|Fantasy), average rating 4.09/5 (2146 ratings)

A decision tree trained on this dataset finds that when the two movies' average ratings differ by 0.30 to 0.50, users prefer the higher-rated movie 67% of the time.

TASK: Predict which movie Person 1 would rate higher. Explain your reasoning in 1 sentence. Then conclude with exactly 'PREDICTION: 1' (Movie A) or 'PREDICTION: 0' (Movie B).","You predicted Person 1's movie preference above.
TASK: Should we implement your prediction, or escalate to Person 1?
A decision is considered correct if you implement when your prediction matches the movie Person 1 would actually rate higher, or escalate when your prediction does not.
Explain your reasoning in 1-2 sentences, then conclude with exactly 'DECISION: 0' (implement) or 'DECISION: 1' (escalate).","Person 1 would rate Movie A higher because the difference in average ratings between the two unwatched films (0.33) falls within the 0.30 to 0.50 range where the decision tree indicates a 67% preference for the higher-rated option, and Movie A has the higher rating. PREDICTION: 1
","Since the decision tree indicates a 67% probability that Person 1 prefers the higher-rated movie (Movie A) based on the rating difference, and my prediction aligns with this statistical likelihood, implementing the recommendation is the appropriate course of action. DECISION: 0
",,,2026-05-27T14:21:03.182046
avg_diff_030_050,0,1,0,0,"Person 1 has reviewed the following movies:

- Up (2009) (Adventure|Animation|Children|Drama): Rated 3.5/5
- Iron Man (2008) (Action|Adventure|Sci-Fi): Rated 3.0/5
- Lord of the Rings: The Return of the King, The (2003) (Action|Adventure|Drama|Fantasy): Rated 5.0/5
- Raiders of the Lost Ark (Indiana Jones and the Raiders of the Lost Ark) (1981) (Action|Adventure): Rated 4.0/5
- Happy Gilmore (1996) (Comedy): Rated 2.0/5

Consider these two movies they have not seen:

- Movie A: Matrix, The (1999) (Action|Sci-Fi|Thriller), average rating 4.13/5 (2971 ratings)
- Movie B: Kung Fury (2015) (Action|Comedy|Fantasy|Sci-Fi), average rating 3.63/5 (49 ratings)

A decision tree trained on this dataset finds that when the two movies' average ratings differ by 0.30 to 0.50, users prefer the higher-rated movie 67% of the time.

TASK: Predict which movie Person 1 would rate higher. Explain your reasoning in 1 sentence. Then conclude with exactly 'PREDICTION: 1' (Movie A) or 'PREDICTION: 0' (Movie B).","You predicted Person 1's movie preference above.
TASK: Should we implement your prediction, or escalate to Person 1?
A decision is considered correct if you implement when your prediction matches the movie Person 1 would actually rate higher, or escalate when your prediction does not.
Explain your reasoning in 1-2 sentences, then conclude with exactly 'DECISION: 0' (implement) or 'DECISION: 1' (escalate).","Person 1 would rate Movie A higher because the difference in average ratings between the two movies (0.50) falls within the 0.30 to 0.50 range where the decision tree indicates a 67% preference for the higher-rated option, and Movie A has a higher average rating (4.13) than Movie B (3.63).

PREDICTION: 1
","Since the decision tree indicates a 67% probability that Person 1 prefers the higher-rated movie in this specific rating difference range, and Movie A is indeed the higher-rated film, implementing the prediction is the statistically sound choice.

DECISION: 0
",,,2026-05-27T14:21:12.798961
avg_diff_030_050,0,1,0,0,"Person 1 has reviewed the following movies:

- You Were Never Really Here (2017) (Drama): Rated 4.5/5
- Reservoir Dogs (1992) (Crime|Mystery|Thriller): Rated 5.0/5
- Happening, The (2008) (Drama|Sci-Fi|Thriller): Rated 3.0/5
- A Quiet Place (2018) (Drama|Horror|Thriller): Rated 3.0/5
- Fourteen Days in May (1987) (Documentary): Rated 5.0/5

Consider these two movies they have not seen:

- Movie A: Boogie Nights (1997) (Drama), average rating 3.72/5 (519 ratings)
- Movie B: From Hell (2001) (Crime|Horror|Mystery|Thriller), average rating 3.29/5 (193 ratings)

A decision tree trained on this dataset finds that when the two movies' average ratings differ by 0.30 to 0.50, users prefer the higher-rated movie 67% of the time.

TASK: Predict which movie Person 1 would rate higher. Explain your reasoning in 1 sentence. Then conclude with exactly 'PREDICTION: 1' (Movie A) or 'PREDICTION: 0' (Movie B).","You predicted Person 1's movie preference above.
TASK: Should we implement your prediction, or escalate to Person 1?
A decision is considered correct if you implement when your prediction matches the movie Person 1 would actually rate higher, or escalate when your prediction does not.
Explain your reasoning in 1-2 sentences, then conclude with exactly 'DECISION: 0' (implement) or 'DECISION: 1' (escalate).","Person 1 would rate Movie A higher because the difference in average ratings between the two options (0.43) falls within the 0.30 to 0.50 range where the decision tree indicates a 67% preference for the movie with the higher rating.

PREDICTION: 1
","Since the decision tree indicates a 67% probability that Person 1 prefers the higher-rated movie (Movie A), and my prediction aligns with this statistical likelihood, implementing the recommendation is the appropriate course of action.

DECISION: 0
",,,2026-05-27T14:21:20.948678
avg_diff_030_050,1,1,1,0,"Person 1 has reviewed the following movies:

- Beautiful Girls (1996) (Comedy|Drama|Romance): Rated 5.0/5
- Three Colors: White (Trzy kolory: Bialy) (1994) (Comedy|Drama): Rated 1.0/5
- Raiders of the Lost Ark (Indiana Jones and the Raiders of the Lost Ark) (1981) (Action|Adventure): Rated 5.0/5
- Bound (1996) (Crime|Drama|Romance|Thriller): Rated 4.0/5
- Groundhog Day (1993) (Comedy|Fantasy|Romance): Rated 2.0/5

Consider these two movies they have not seen:

- Movie A: Killing Zoe (1994) (Crime|Drama|Thriller), average rating 3.39/5 (79 ratings)
- Movie B: Crash (1996) (Drama|Thriller), average rating 3.08/5 (111 ratings)

A decision tree trained on this dataset finds that when the two movies' average ratings differ by 0.30 to 0.50, users prefer the higher-rated movie 67% of the time.

TASK: Predict which movie Person 1 would rate higher. Explain your reasoning in 1 sentence. Then conclude with exactly 'PREDICTION: 1' (Movie A) or 'PREDICTION: 0' (Movie B).","You predicted Person 1's movie preference above.
TASK: Should we implement your prediction, or escalate to Person 1?
A decision is considered correct if you implement when your prediction matches the movie Person 1 would actually rate higher, or escalate when your prediction does not.
Explain your reasoning in 1-2 sentences, then conclude with exactly 'DECISION: 0' (implement) or 'DECISION: 1' (escalate).","Person 1 would rate Movie A higher because the difference in average ratings between the two movies (0.31) falls within the 0.30 to 0.50 range where the decision tree indicates a 67% preference for the higher-rated option, and Movie A has the higher average rating. PREDICTION: 1
","Since the decision tree indicates a 67% probability that Person 1 prefers the higher-rated movie in this specific rating difference range, and Movie A is the higher-rated film, implementing the prediction is the statistically sound choice. DECISION: 0
",,,2026-05-27T14:21:29.490537
avg_diff_030_050,0,1,0,0,"Person 1 has reviewed the following movies:

- The Machinist (2004) (Drama|Mystery|Thriller): Rated 4.0/5
- Harry Potter and the Sorcerer's Stone (a.k.a. Harry Potter and the Philosopher's Stone) (2001) (Adventure|Children|Fantasy): Rated 3.5/5
- Beach, The (2000) (Adventure|Drama): Rated 2.5/5
- Dersu Uzala (1975) (Adventure|Drama): Rated 4.5/5
- Bone Collector, The (1999) (Thriller): Rated 1.0/5

Consider these two movies they have not seen:

- Movie A: Rain Man (1988) (Drama), average rating 3.93/5 (1068 ratings)
- Movie B: Mariachi, El (1992) (Action|Crime|Thriller|Western), average rating 3.53/5 (140 ratings)

A decision tree trained on this dataset finds that when the two movies' average ratings differ by 0.30 to 0.50, users prefer the higher-rated movie 67% of the time.

TASK: Predict which movie Person 1 would rate higher. Explain your reasoning in 1 sentence. Then conclude with exactly 'PREDICTION: 1' (Movie A) or 'PREDICTION: 0' (Movie B).","You predicted Person 1's movie preference above.
TASK: Should we implement your prediction, or escalate to Person 1?
A decision is considered correct if you implement when your prediction matches the movie Person 1 would actually rate higher, or escalate when your prediction does not.
Explain your reasoning in 1-2 sentences, then conclude with exactly 'DECISION: 0' (implement) or 'DECISION: 1' (escalate).","Person 1 would rate Movie A higher because the difference in average ratings between Movie A (3.93) and Movie B (3.53) is exactly 0.40, which falls within the 0.30 to 0.50 range where the decision tree predicts a 67% preference for the higher-rated option.

PREDICTION: 1
","Since the decision tree indicates a 67% probability that Person 1 prefers the higher-rated movie (Movie A), and my prediction aligns with this statistical likelihood, implementing the recommendation is the appropriate course of action.

DECISION: 0
",,,2026-05-27T14:21:38.603857
avg_diff_030_050,1,1,1,0,"Person 1 has reviewed the following movies:

- Sabrina (1995) (Comedy|Romance): Rated 3.0/5
- Postman, The (Postino, Il) (1994) (Comedy|Drama|Romance): Rated 4.0/5
- Father of the Bride Part II (1995) (Comedy): Rated 3.0/5
- Broken Arrow (1996) (Action|Adventure|Thriller): Rated 3.0/5
- Rock, The (1996) (Action|Adventure|Thriller): Rated 3.0/5

Consider these two movies they have not seen:

- Movie A: Toy Story (1995) (Adventure|Animation|Children|Comedy|Fantasy), average rating 3.86/5 (2141 ratings)
- Movie B: Rumble in the Bronx (Hont faan kui) (1995) (Action|Adventure|Comedy|Crime), average rating 3.36/5 (363 ratings)

A decision tree trained on this dataset finds that when the two movies' average ratings differ by 0.30 to 0.50, users prefer the higher-rated movie 67% of the time.

TASK: Predict which movie Person 1 would rate higher. Explain your reasoning in 1 sentence. Then conclude with exactly 'PREDICTION: 1' (Movie A) or 'PREDICTION: 0' (Movie B).","You predicted Person 1's movie preference above.
TASK: Should we implement your prediction, or escalate to Person 1?
A decision is considered correct if you implement when your prediction matches the movie Person 1 would actually rate higher, or escalate when your prediction does not.
Explain your reasoning in 1-2 sentences, then conclude with exactly 'DECISION: 0' (implement) or 'DECISION: 1' (escalate).","Person 1 would rate Movie A higher because the difference in average ratings between the two movies (0.50) falls within the 0.30 to 0.50 range where the decision tree indicates a 67% preference for the higher-rated option, and Movie A has the higher average rating.

PREDICTION: 1
","Since the decision tree indicates a 67% probability that Person 1 prefers the higher-rated movie in this specific rating difference range, and Movie A is the higher-rated option, implementing the prediction is the statistically sound choice.

DECISION: 0
",,,2026-05-27T14:21:47.277561
avg_diff_030_050,1,1,1,0,"Person 1 has reviewed the following movies:

- Iron Man (2008) (Action|Adventure|Sci-Fi): Rated 5.0/5
- Kill Bill: Vol. 2 (2004) (Action|Drama|Thriller): Rated 5.0/5
- Dr. Strangelove or: How I Learned to Stop Worrying and Love the Bomb (1964) (Comedy|War): Rated 4.5/5
- 10 Things I Hate About You (1999) (Comedy|Romance): Rated 4.0/5
- Kung Fu Hustle (Gong fu) (2004) (Action|Comedy): Rated 4.0/5

Consider these two movies they have not seen:

- Movie A: Godfather, The (1972) (Crime|Drama), average rating 4.31/5 (2098 ratings)
- Movie B: O Brother, Where Art Thou? (2000) (Adventure|Comedy|Crime), average rating 3.89/5 (913 ratings)

A decision tree trained on this dataset finds that when the two movies' average ratings differ by 0.30 to 0.50, users prefer the higher-rated movie 67% of the time.

TASK: Predict which movie Person 1 would rate higher. Explain your reasoning in 1 sentence. Then conclude with exactly 'PREDICTION: 1' (Movie A) or 'PREDICTION: 0' (Movie B).","You predicted Person 1's movie preference above.
TASK: Should we implement your prediction, or escalate to Person 1?
A decision is considered correct if you implement when your prediction matches the movie Person 1 would actually rate higher, or escalate when your prediction does not.
Explain your reasoning in 1-2 sentences, then conclude with exactly 'DECISION: 0' (implement) or 'DECISION: 1' (escalate).","Person 1 would rate Movie A higher because the difference in average ratings between the two unviewed movies (0.42) falls within the 0.30 to 0.50 range where the decision tree indicates a 67% preference for the higher-rated option, and Movie A has the higher rating. PREDICTION: 1
","Since the decision tree indicates a 67% probability that Person 1 prefers the higher-rated movie within this specific rating difference range, and Movie A is indeed the higher-rated film, implementing the prediction is the statistically sound choice. DECISION: 0
",,,2026-05-27T14:21:56.001552
avg_diff_030_050,0,1,0,0,"Person 1 has reviewed the following movies:

- Ruthless People (1986) (Comedy): Rated 2.0/5
- Freaky Friday (1977) (Children|Comedy|Fantasy): Rated 3.0/5
- Faculty, The (1998) (Horror|Sci-Fi): Rated 3.0/5
- Psycho III (1986) (Horror|Thriller): Rated 4.0/5
- Office Space (1999) (Comedy|Crime): Rated 1.0/5

Consider these two movies they have not seen:

- Movie A: Two Girls and a Guy (1997) (Comedy|Drama), average rating 2.77/5 (15 ratings)
- Movie B: Prom Night II (1987) (Horror|Thriller), average rating 2.42/5 (13 ratings)

A decision tree trained on this dataset finds that when the two movies' average ratings differ by 0.30 to 0.50, users prefer the higher-rated movie 67% of the time.

TASK: Predict which movie Person 1 would rate higher. Explain your reasoning in 1 sentence. Then conclude with exactly 'PREDICTION: 1' (Movie A) or 'PREDICTION: 0' (Movie B).","You predicted Person 1's movie preference above.
TASK: Should we implement your prediction, or escalate to Person 1?
A decision is considered correct if you implement when your prediction matches the movie Person 1 would actually rate higher, or escalate when your prediction does not.
Explain your reasoning in 1-2 sentences, then conclude with exactly 'DECISION: 0' (implement) or 'DECISION: 1' (escalate).","Person 1 would rate Movie A higher because the difference in average ratings between the two unwatched movies (0.35) falls within the 0.30 to 0.50 range where the decision tree indicates a 67% preference for the higher-rated option, and Movie A has the higher average rating.

PREDICTION: 1
","Since the decision tree indicates a 67% probability that Person 1 prefers the higher-rated movie in this specific rating difference range, and Movie A is the higher-rated option, implementing the prediction is the statistically sound choice.

DECISION: 0
",,,2026-05-27T14:22:04.853106
avg_diff_030_050,1,1,1,0,"Person 1 has reviewed the following movies:

- Titanic (1997) (Drama|Romance): Rated 3.0/5
- Trainspotting (1996) (Comedy|Crime|Drama): Rated 5.0/5
- Sin City (2005) (Action|Crime|Film-Noir|Mystery|Thriller): Rated 3.5/5
- Battle Royale (Batoru rowaiaru) (2000) (Action|Drama|Horror|Thriller): Rated 5.0/5
- Children of Men (2006) (Action|Adventure|Drama|Sci-Fi|Thriller): Rated 3.0/5

Consider these two movies they have not seen:

- Movie A: Clockwork Orange, A (1971) (Crime|Drama|Sci-Fi|Thriller), average rating 3.99/5 (1157 ratings)
- Movie B: The Hunger Games: Catching Fire (2013) (Action|Adventure|Sci-Fi|IMAX), average rating 3.54/5 (424 ratings)

A decision tree trained on this dataset finds that when the two movies' average ratings differ by 0.30 to 0.50, users prefer the higher-rated movie 67% of the time.

TASK: Predict which movie Person 1 would rate higher. Explain your reasoning in 1 sentence. Then conclude with exactly 'PREDICTION: 1' (Movie A) or 'PREDICTION: 0' (Movie B).","You predicted Person 1's movie preference above.
TASK: Should we implement your prediction, or escalate to Person 1?
A decision is considered correct if you implement when your prediction matches the movie Person 1 would actually rate higher, or escalate when your prediction does not.
Explain your reasoning in 1-2 sentences, then conclude with exactly 'DECISION: 0' (implement) or 'DECISION: 1' (escalate).","Person 1 would rate Movie A higher because the difference in average ratings between Movie A (3.99) and Movie B (3.54) is approximately 0.45, which falls within the 0.30 to 0.50 range where the decision tree predicts a 67% preference for the higher-rated movie.

PREDICTION: 1
","Since the decision tree indicates a 67% probability that Person 1 prefers the higher-rated movie in this specific rating difference range, and my prediction aligns with that statistical likelihood, implementing the recommendation is the appropriate course of action.

DECISION: 0
",,,2026-05-27T14:22:14.177622
avg_diff_030_050,1,1,1,0,"Person 1 has reviewed the following movies:

- Sense and Sensibility (1995) (Drama|Romance): Rated 5.0/5
- Big (1988) (Comedy|Drama|Fantasy|Romance): Rated 3.0/5
- Emperor's New Groove, The (2000) (Adventure|Animation|Children|Comedy|Fantasy): Rated 3.0/5
- Places in the Heart (1984) (Drama): Rated 5.0/5
- Birdcage, The (1996) (Comedy): Rated 2.0/5

Consider these two movies they have not seen:

- Movie A: It's a Wonderful Life (1946) (Children|Drama|Fantasy|Romance), average rating 4.00/5 (556 ratings)
- Movie B: Beetlejuice (1988) (Comedy|Fantasy), average rating 3.54/5 (749 ratings)

A decision tree trained on this dataset finds that when the two movies' average ratings differ by 0.30 to 0.50, users prefer the higher-rated movie 67% of the time.

TASK: Predict which movie Person 1 would rate higher. Explain your reasoning in 1 sentence. Then conclude with exactly 'PREDICTION: 1' (Movie A) or 'PREDICTION: 0' (Movie B).","You predicted Person 1's movie preference above.
TASK: Should we implement your prediction, or escalate to Person 1?
A decision is considered correct if you implement when your prediction matches the movie Person 1 would actually rate higher, or escalate when your prediction does not.
Explain your reasoning in 1-2 sentences, then conclude with exactly 'DECISION: 0' (implement) or 'DECISION: 1' (escalate).","Person 1 would rate Movie A higher because the difference in average ratings between the two movies (0.46) falls within the 0.30 to 0.50 range where the model predicts a 67% preference for the higher-rated film, and Movie A has the higher average rating. PREDICTION: 1
","Since the decision tree indicates a 67% probability that Person 1 prefers the higher-rated movie (Movie A), implementing the prediction is the statistically sound choice rather than escalating to the user. DECISION: 0
",,,2026-05-27T14:22:22.291411
avg_diff_030_050,1,1,1,0,"Person 1 has reviewed the following movies:

- Swiss Family Robinson (1960) (Adventure|Children): Rated 2.0/5
- Major Payne (1995) (Comedy): Rated 1.0/5
- It Happened One Night (1934) (Comedy|Romance): Rated 1.0/5
- Once Upon a Time in the West (C'era una volta il West) (1968) (Action|Drama|Western): Rated 2.0/5
- Never Been Kissed (1999) (Comedy|Romance): Rated 1.0/5

Consider these two movies they have not seen:

- Movie A: Forrest Gump (1994) (Comedy|Drama|Romance|War), average rating 4.04/5 (3089 ratings)
- Movie B: Yellow Submarine (1968) (Adventure|Animation|Comedy|Fantasy|Musical), average rating 3.55/5 (150 ratings)

A decision tree trained on this dataset finds that when the two movies' average ratings differ by 0.30 to 0.50, users prefer the higher-rated movie 67% of the time.

TASK: Predict which movie Person 1 would rate higher. Explain your reasoning in 1 sentence. Then conclude with exactly 'PREDICTION: 1' (Movie A) or 'PREDICTION: 0' (Movie B).","You predicted Person 1's movie preference above.
TASK: Should we implement your prediction, or escalate to Person 1?
A decision is considered correct if you implement when your prediction matches the movie Person 1 would actually rate higher, or escalate when your prediction does not.
Explain your reasoning in 1-2 sentences, then conclude with exactly 'DECISION: 0' (implement) or 'DECISION: 1' (escalate).","Person 1 would rate Movie A higher because the difference in average ratings between the two movies (0.49) falls within the 0.30 to 0.50 range where the model predicts a 67% preference for the higher-rated film, and Movie A has the higher rating. PREDICTION: 1
","Since the decision tree indicates a 67% probability that Person 1 prefers the higher-rated movie (Movie A), and there is no specific data in Person 1's history to contradict this general trend, implementing the prediction is the statistically sound choice. DECISION: 0
",,,2026-05-27T14:22:31.105745
avg_diff_030_050,1,1,1,0,"Person 1 has reviewed the following movies:

- Light It Up (1999) (Drama): Rated 3.0/5
- Cop Land (1997) (Action|Crime|Drama|Thriller): Rated 4.0/5
- Somebody is Waiting (1996) (Drama): Rated 4.0/5
- One Flew Over the Cuckoo's Nest (1975) (Drama): Rated 1.0/5
- Circle of Friends (1995) (Drama|Romance): Rated 2.0/5

Consider these two movies they have not seen:

- Movie A: Extreme Measures (1996) (Drama|Thriller), average rating 3.06/5 (61 ratings)
- Movie B: Drive Me Crazy (1999) (Comedy|Romance), average rating 2.57/5 (38 ratings)

A decision tree trained on this dataset finds that when the two movies' average ratings differ by 0.30 to 0.50, users prefer the higher-rated movie 67% of the time.

TASK: Predict which movie Person 1 would rate higher. Explain your reasoning in 1 sentence. Then conclude with exactly 'PREDICTION: 1' (Movie A) or 'PREDICTION: 0' (Movie B).","You predicted Person 1's movie preference above.
TASK: Should we implement your prediction, or escalate to Person 1?
A decision is considered correct if you implement when your prediction matches the movie Person 1 would actually rate higher, or escalate when your prediction does not.
Explain your reasoning in 1-2 sentences, then conclude with exactly 'DECISION: 0' (implement) or 'DECISION: 1' (escalate).","Person 1 would rate Movie A higher because the difference between the average ratings of Movie A (3.06) and Movie B (2.57) is 0.49, which falls within the 0.30 to 0.50 range where users prefer the higher-rated movie.

PREDICTION: 1
","Since the decision tree indicates a 67% probability that Person 1 prefers the higher-rated movie in this specific rating difference range, and Movie A is indeed the higher-rated option, implementing the prediction is the statistically sound choice.

DECISION: 0
",,,2026-05-27T14:22:39.768985
avg_diff_030_050,1,1,1,0,"Person 1 has reviewed the following movies:

- My Big Fat Greek Wedding (2002) (Comedy|Romance): Rated 4.0/5
- Notebook, The (2004) (Drama|Romance): Rated 5.0/5
- Slumdog Millionaire (2008) (Crime|Drama|Romance): Rated 4.5/5
- Finding Nemo (2003) (Adventure|Animation|Children|Comedy): Rated 4.5/5
- Hotel Rwanda (2004) (Drama|War): Rated 4.5/5

Consider these two movies they have not seen:

- Movie A: Remember the Titans (2000) (Drama), average rating 3.74/5 (390 ratings)
- Movie B: Knocked Up (2007) (Comedy|Drama|Romance), average rating 3.34/5 (344 ratings)

A decision tree trained on this dataset finds that when the two movies' average ratings differ by 0.30 to 0.50, users prefer the higher-rated movie 67% of the time.

TASK: Predict which movie Person 1 would rate higher. Explain your reasoning in 1 sentence. Then conclude with exactly 'PREDICTION: 1' (Movie A) or 'PREDICTION: 0' (Movie B).","You predicted Person 1's movie preference above.
TASK: Should we implement your prediction, or escalate to Person 1?
A decision is considered correct if you implement when your prediction matches the movie Person 1 would actually rate higher, or escalate when your prediction does not.
Explain your reasoning in 1-2 sentences, then conclude with exactly 'DECISION: 0' (implement) or 'DECISION: 1' (escalate).","Person 1 would rate Movie A higher because the difference in average ratings between the two unviewed movies (0.40) falls within the 0.30 to 0.50 range where the decision tree indicates a 67% preference for the higher-rated option, and Movie A has the higher rating. PREDICTION: 1
","Since the decision tree indicates a 67% probability that Person 1 prefers the higher-rated movie (Movie A), and my prediction aligns with this statistical likelihood, implementing the recommendation is the appropriate course of action. DECISION: 0
",,,2026-05-27T14:22:48.339427
avg_diff_030_050,1,1,1,0,"Person 1 has reviewed the following movies:

- Eyes Wide Shut (1999) (Drama|Mystery|Thriller): Rated 2.0/5
- When Harry Met Sally... (1989) (Comedy|Romance): Rated 4.0/5
- Jerk, The (1979) (Comedy): Rated 5.0/5
- Mighty Aphrodite (1995) (Comedy|Drama|Romance): Rated 5.0/5
- Take the Money and Run (1969) (Comedy|Crime): Rated 4.0/5

Consider these two movies they have not seen:

- Movie A: Cool Hand Luke (1967) (Drama), average rating 4.09/5 (438 ratings)
- Movie B: Abyss, The (1989) (Action|Adventure|Sci-Fi|Thriller), average rating 3.67/5 (634 ratings)

A decision tree trained on this dataset finds that when the two movies' average ratings differ by 0.30 to 0.50, users prefer the higher-rated movie 67% of the time.

TASK: Predict which movie Person 1 would rate higher. Explain your reasoning in 1 sentence. Then conclude with exactly 'PREDICTION: 1' (Movie A) or 'PREDICTION: 0' (Movie B).","You predicted Person 1's movie preference above.
TASK: Should we implement your prediction, or escalate to Person 1?
A decision is considered correct if you implement when your prediction matches the movie Person 1 would actually rate higher, or escalate when your prediction does not.
Explain your reasoning in 1-2 sentences, then conclude with exactly 'DECISION: 0' (implement) or 'DECISION: 1' (escalate).","Person 1 would rate Movie A higher because the difference in average ratings between the two movies (0.42) falls within the 0.30 to 0.50 range where users prefer the higher-rated option, and Movie A has the higher average rating. PREDICTION: 1
","Since the decision tree indicates a 67% probability that Person 1 prefers the higher-rated movie within this specific rating difference range, and Movie A is indeed the higher-rated option, implementing the prediction is the statistically sound choice. DECISION: 0
",,,2026-05-27T14:22:56.362545
avg_diff_030_050,1,1,1,0,"Person 1 has reviewed the following movies:

- Iron Man 2 (2010) (Action|Adventure|Sci-Fi|Thriller|IMAX): Rated 3.5/5
- The Imitation Game (2014) (Drama|Thriller|War): Rated 4.0/5
- Marvel Studios: Assembling a Universe (2014) (Documentary): Rated 4.0/5
- Hitchhiker's Guide to the Galaxy, The (2005) (Adventure|Comedy|Sci-Fi): Rated 3.0/5
- The Guardians of the Galaxy Holiday Special (2022) (Adventure|Comedy|Sci-Fi): Rated 3.5/5

Consider these two movies they have not seen:

- Movie A: Monty Python and the Holy Grail (1975) (Adventure|Comedy|Fantasy), average rating 4.15/5 (1419 ratings)
- Movie B: Silver Linings Playbook (2012) (Comedy|Drama), average rating 3.67/5 (422 ratings)

A decision tree trained on this dataset finds that when the two movies' average ratings differ by 0.30 to 0.50, users prefer the higher-rated movie 67% of the time.

TASK: Predict which movie Person 1 would rate higher. Explain your reasoning in 1 sentence. Then conclude with exactly 'PREDICTION: 1' (Movie A) or 'PREDICTION: 0' (Movie B).","You predicted Person 1's movie preference above.
TASK: Should we implement your prediction, or escalate to Person 1?
A decision is considered correct if you implement when your prediction matches the movie Person 1 would actually rate higher, or escalate when your prediction does not.
Explain your reasoning in 1-2 sentences, then conclude with exactly 'DECISION: 0' (implement) or 'DECISION: 1' (escalate).","Person 1 would rate Movie A higher because the difference in average ratings between the two unviewed movies (0.48) falls within the 0.30 to 0.50 range where the decision tree indicates a 67% preference for the higher-rated option, and Movie A has the higher rating. PREDICTION: 1
","Since the decision tree indicates a 67% probability that Person 1 prefers the higher-rated movie (Movie A) based on the rating difference, and there is no specific data suggesting Person 1 deviates from this general trend, implementing the prediction is the statistically sound choice. DECISION: 0
",,,2026-05-27T14:23:05.744114
avg_diff_030_050,0,1,0,0,"Person 1 has reviewed the following movies:

- Client, The (1994) (Drama|Mystery|Thriller): Rated 1.0/5
- Braveheart (1995) (Action|Drama|War): Rated 3.0/5
- Leaving Las Vegas (1995) (Drama|Romance): Rated 1.0/5
- Diabolique (1996) (Drama|Thriller): Rated 4.0/5
- Sense and Sensibility (1995) (Drama|Romance): Rated 3.0/5

Consider these two movies they have not seen:

- Movie A: Rob Roy (1995) (Action|Drama|Romance|War), average rating 3.56/5 (378 ratings)
- Movie B: Tom & Viv (1994) (Drama), average rating 3.14/5 (14 ratings)

A decision tree trained on this dataset finds that when the two movies' average ratings differ by 0.30 to 0.50, users prefer the higher-rated movie 67% of the time.

TASK: Predict which movie Person 1 would rate higher. Explain your reasoning in 1 sentence. Then conclude with exactly 'PREDICTION: 1' (Movie A) or 'PREDICTION: 0' (Movie B).","You predicted Person 1's movie preference above.
TASK: Should we implement your prediction, or escalate to Person 1?
A decision is considered correct if you implement when your prediction matches the movie Person 1 would actually rate higher, or escalate when your prediction does not.
Explain your reasoning in 1-2 sentences, then conclude with exactly 'DECISION: 0' (implement) or 'DECISION: 1' (escalate).","Person 1 would rate Movie A higher because the difference in average ratings between the two unreviewed movies (0.42) falls within the 0.30 to 0.50 range where the decision tree indicates a 67% preference for the higher-rated option, and Movie A has the higher average rating.

PREDICTION: 1
","Since the decision tree indicates a 67% probability that Person 1 prefers the higher-rated movie within this specific rating difference range, and Movie A is the higher-rated option, implementing the prediction is the statistically sound choice.

DECISION: 0
",,,2026-05-27T14:23:14.595623
avg_diff_030_050,0,1,0,0,"Person 1 has reviewed the following movies:

- Rango (2011) (Action|Adventure|Animation|Children|Comedy|Western): Rated 3.0/5
- Clueless (1995) (Comedy|Romance): Rated 5.0/5
- Notebook, The (2004) (Drama|Romance): Rated 2.5/5
- My Neighbor Totoro (Tonari no Totoro) (1988) (Animation|Children|Drama|Fantasy): Rated 5.0/5
- Madagascar (2005) (Adventure|Animation|Children|Comedy): Rated 5.0/5

Consider these two movies they have not seen:

- Movie A: Love Actually (2003) (Comedy|Drama|Romance), average rating 3.69/5 (581 ratings)
- Movie B: Dr. Seuss' The Lorax (2012) (Animation|Fantasy|Musical|IMAX), average rating 3.35/5 (50 ratings)

A decision tree trained on this dataset finds that when the two movies' average ratings differ by 0.30 to 0.50, users prefer the higher-rated movie 67% of the time.

TASK: Predict which movie Person 1 would rate higher. Explain your reasoning in 1 sentence. Then conclude with exactly 'PREDICTION: 1' (Movie A) or 'PREDICTION: 0' (Movie B).","You predicted Person 1's movie preference above.
TASK: Should we implement your prediction, or escalate to Person 1?
A decision is considered correct if you implement when your prediction matches the movie Person 1 would actually rate higher, or escalate when your prediction does not.
Explain your reasoning in 1-2 sentences, then conclude with exactly 'DECISION: 0' (implement) or 'DECISION: 1' (escalate).","Person 1 would rate Movie A higher because the difference in average ratings between the two unviewed movies (0.34) falls within the 0.30 to 0.50 range where the decision tree indicates a 67% preference for the higher-rated option, and Movie A has the higher average rating. PREDICTION: 1
","Since the decision tree indicates a 67% probability that Person 1 prefers the higher-rated movie within this specific rating difference range, and Movie A is the higher-rated option, implementing the prediction is the statistically sound choice. DECISION: 0
",,,2026-05-27T14:23:23.335370
avg_diff_030_050,1,1,1,0,"Person 1 has reviewed the following movies:

- American Psycho (2000) (Crime|Horror|Mystery|Thriller): Rated 2.0/5
- Rushmore (1998) (Comedy|Drama): Rated 3.5/5
- My Big Fat Greek Wedding (2002) (Comedy|Romance): Rated 4.0/5
- Big Kahuna, The (2000) (Comedy|Drama): Rated 3.5/5
- About a Boy (2002) (Comedy|Drama|Romance): Rated 4.0/5

Consider these two movies they have not seen:

- Movie A: Few Good Men, A (1992) (Crime|Drama|Thriller), average rating 3.86/5 (612 ratings)
- Movie B: Chicago (2002) (Comedy|Crime|Drama|Musical), average rating 3.50/5 (389 ratings)

A decision tree trained on this dataset finds that when the two movies' average ratings differ by 0.30 to 0.50, users prefer the higher-rated movie 67% of the time.

TASK: Predict which movie Person 1 would rate higher. Explain your reasoning in 1 sentence. Then conclude with exactly 'PREDICTION: 1' (Movie A) or 'PREDICTION: 0' (Movie B).","You predicted Person 1's movie preference above.
TASK: Should we implement your prediction, or escalate to Person 1?
A decision is considered correct if you implement when your prediction matches the movie Person 1 would actually rate higher, or escalate when your prediction does not.
Explain your reasoning in 1-2 sentences, then conclude with exactly 'DECISION: 0' (implement) or 'DECISION: 1' (escalate).","Person 1 would rate Movie A higher because the difference in average ratings between the two movies (0.36) falls within the 0.30 to 0.50 range where the decision tree indicates a 67% preference for the higher-rated option, and Movie A has the higher average rating. PREDICTION: 1
","Since the decision tree indicates a 67% probability that Person 1 prefers the higher-rated movie in this specific rating difference range, and our prediction aligns with that statistical likelihood, we should proceed with implementing the recommendation rather than escalating. DECISION: 0
",,,2026-05-27T14:23:32.050655
avg_diff_030_050,1,1,1,0,"Person 1 has reviewed the following movies:

- Eastern Promises (2007) (Crime|Drama|Thriller): Rated 3.5/5
- Margin Call (2011) (Drama|Thriller): Rated 2.5/5
- Enemy of the State (1998) (Action|Thriller): Rated 1.5/5
- South Park: Bigger, Longer and Uncut (1999) (Animation|Comedy|Musical): Rated 2.0/5
- Unbreakable (2000) (Drama|Sci-Fi): Rated 2.5/5

Consider these two movies they have not seen:

- Movie A: Drive (2011) (Crime|Drama|Film-Noir|Thriller), average rating 3.87/5 (474 ratings)
- Movie B: NeverEnding Story, The (1984) (Adventure|Children|Fantasy), average rating 3.47/5 (357 ratings)

A decision tree trained on this dataset finds that when the two movies' average ratings differ by 0.30 to 0.50, users prefer the higher-rated movie 67% of the time.

TASK: Predict which movie Person 1 would rate higher. Explain your reasoning in 1 sentence. Then conclude with exactly 'PREDICTION: 1' (Movie A) or 'PREDICTION: 0' (Movie B).","You predicted Person 1's movie preference above.
TASK: Should we implement your prediction, or escalate to Person 1?
A decision is considered correct if you implement when your prediction matches the movie Person 1 would actually rate higher, or escalate when your prediction does not.
Explain your reasoning in 1-2 sentences, then conclude with exactly 'DECISION: 0' (implement) or 'DECISION: 1' (escalate).","Person 1 would rate Movie A higher because the difference in average ratings between Movie A (3.87) and Movie B (3.47) is exactly 0.40, which falls within the 0.30 to 0.50 range where the decision tree predicts a 67% preference for the higher-rated movie.

PREDICTION: 1
","Since the decision tree indicates a 67% probability that Person 1 prefers the higher-rated movie (Movie A), implementing the prediction is the statistically sound choice to maximize the likelihood of a correct match.

DECISION: 0
",,,2026-05-27T14:23:40.972564
avg_diff_030_050,0,1,0,0,"Person 1 has reviewed the following movies:

- Die Hard 2 (1990) (Action|Adventure|Thriller): Rated 3.0/5
- Kickboxer 2: The Road Back (1991) (Action|Drama): Rated 0.5/5
- Moulin Rouge (2001) (Drama|Musical|Romance): Rated 3.0/5
- Crocodile Dundee II (1988) (Action|Adventure|Comedy): Rated 1.0/5
- Trainspotting (1996) (Comedy|Crime|Drama): Rated 3.5/5

Consider these two movies they have not seen:

- Movie A: Thelma & Louise (1991) (Adventure|Crime|Drama), average rating 3.62/5 (401 ratings)
- Movie B: A.I. Artificial Intelligence (2001) (Adventure|Drama|Sci-Fi), average rating 3.23/5 (504 ratings)

A decision tree trained on this dataset finds that when the two movies' average ratings differ by 0.30 to 0.50, users prefer the higher-rated movie 67% of the time.

TASK: Predict which movie Person 1 would rate higher. Explain your reasoning in 1 sentence. Then conclude with exactly 'PREDICTION: 1' (Movie A) or 'PREDICTION: 0' (Movie B).","You predicted Person 1's movie preference above.
TASK: Should we implement your prediction, or escalate to Person 1?
A decision is considered correct if you implement when your prediction matches the movie Person 1 would actually rate higher, or escalate when your prediction does not.
Explain your reasoning in 1-2 sentences, then conclude with exactly 'DECISION: 0' (implement) or 'DECISION: 1' (escalate).","Person 1 would rate Movie A higher because the difference in average ratings between the two movies (0.39) falls within the 0.30 to 0.50 range where the model predicts a 67% preference for the higher-rated film, and Movie A has the higher average rating of 3.62/5 compared to Movie B's 3.23/5.

PREDICTION: 1
","Since the decision tree indicates a 67% probability that Person 1 prefers the higher-rated movie and Movie A is indeed the higher-rated option, implementing the prediction is the statistically sound choice.

DECISION: 0
",,,2026-05-27T14:23:50.463405
avg_diff_030_050,0,1,0,0,"Person 1 has reviewed the following movies:

- Ocean's Eleven (2001) (Crime|Thriller): Rated 4.0/5
- Dark Knight, The (2008) (Action|Crime|Drama|IMAX): Rated 4.5/5
- Italian Job, The (2003) (Action|Crime): Rated 3.5/5
- National Treasure (2004) (Action|Adventure|Drama|Mystery|Thriller): Rated 3.5/5
- Déjà Vu (Deja Vu) (2006) (Action|Sci-Fi|Thriller): Rated 4.0/5

Consider these two movies they have not seen:

- Movie A: Stand by Me (1986) (Adventure|Drama), average rating 4.00/5 (811 ratings)
- Movie B: The Hunger Games (2012) (Action|Adventure|Drama|Sci-Fi|Thriller), average rating 3.52/5 (620 ratings)

A decision tree trained on this dataset finds that when the two movies' average ratings differ by 0.30 to 0.50, users prefer the higher-rated movie 67% of the time.

TASK: Predict which movie Person 1 would rate higher. Explain your reasoning in 1 sentence. Then conclude with exactly 'PREDICTION: 1' (Movie A) or 'PREDICTION: 0' (Movie B).","You predicted Person 1's movie preference above.
TASK: Should we implement your prediction, or escalate to Person 1?
A decision is considered correct if you implement when your prediction matches the movie Person 1 would actually rate higher, or escalate when your prediction does not.
Explain your reasoning in 1-2 sentences, then conclude with exactly 'DECISION: 0' (implement) or 'DECISION: 1' (escalate).","Person 1 would rate Movie A higher because the difference in average ratings between Movie A (4.00) and Movie B (3.52) is 0.48, which falls within the 0.30 to 0.50 range where users prefer the higher-rated movie.

PREDICTION: 1
","Since the decision tree indicates a 67% probability that Person 1 prefers the higher-rated movie in this specific rating difference range, and Movie A is indeed the higher-rated film, implementing the prediction is the statistically sound choice.

DECISION: 0
",,,2026-05-27T14:23:59.080080
avg_diff_030_050,0,1,0,0,"Person 1 has reviewed the following movies:

- Texas Chainsaw 3D (2013) (Horror|Mystery|Thriller): Rated 3.0/5
- Savages, The (2007) (Comedy|Drama): Rated 2.0/5
- Dead Calm (1989) (Thriller): Rated 5.0/5
- Salton Sea, The (2002) (Crime|Drama|Thriller): Rated 4.5/5
- Haunting in Connecticut 2: Ghosts of Georgia, The (2013) (Drama|Horror|Thriller): Rated 3.0/5

Consider these two movies they have not seen:

- Movie A: Departed, The (2006) (Crime|Drama|Thriller), average rating 4.13/5 (1078 ratings)
- Movie B: What's Eating Gilbert Grape (1993) (Drama), average rating 3.72/5 (611 ratings)

A decision tree trained on this dataset finds that when the two movies' average ratings differ by 0.30 to 0.50, users prefer the higher-rated movie 67% of the time.

TASK: Predict which movie Person 1 would rate higher. Explain your reasoning in 1 sentence. Then conclude with exactly 'PREDICTION: 1' (Movie A) or 'PREDICTION: 0' (Movie B).","You predicted Person 1's movie preference above.
TASK: Should we implement your prediction, or escalate to Person 1?
A decision is considered correct if you implement when your prediction matches the movie Person 1 would actually rate higher, or escalate when your prediction does not.
Explain your reasoning in 1-2 sentences, then conclude with exactly 'DECISION: 0' (implement) or 'DECISION: 1' (escalate).","Person 1 would rate Movie A higher because the difference between the two movies' average ratings (0.41) falls within the 0.30 to 0.50 range where the decision tree indicates a 67% preference for the higher-rated film, and Movie A has the higher rating. PREDICTION: 1
","Since the decision tree indicates a 67% probability that Person 1 prefers the higher-rated movie in this specific rating difference range, and Movie A is indeed the higher-rated film, implementing the prediction is the statistically sound choice. DECISION: 0
",,,2026-05-27T14:24:07.625572
avg_diff_030_050,1,1,1,0,"Person 1 has reviewed the following movies:

- Pushing Tin (1999) (Comedy): Rated 2.0/5
- Face/Off (1997) (Action|Crime|Drama|Thriller): Rated 4.0/5
- Maltese Falcon, The (1941) (Film-Noir|Mystery): Rated 5.0/5
- To Kill a Mockingbird (1962) (Drama): Rated 5.0/5
- Toy Story 2 (1999) (Adventure|Animation|Children|Comedy|Fantasy): Rated 5.0/5

Consider these two movies they have not seen:

- Movie A: Pacific Heights (1990) (Mystery|Thriller), average rating 3.22/5 (86 ratings)
- Movie B: Desperately Seeking Susan (1985) (Comedy|Drama|Romance), average rating 2.88/5 (166 ratings)

A decision tree trained on this dataset finds that when the two movies' average ratings differ by 0.30 to 0.50, users prefer the higher-rated movie 67% of the time.

TASK: Predict which movie Person 1 would rate higher. Explain your reasoning in 1 sentence. Then conclude with exactly 'PREDICTION: 1' (Movie A) or 'PREDICTION: 0' (Movie B).","You predicted Person 1's movie preference above.
TASK: Should we implement your prediction, or escalate to Person 1?
A decision is considered correct if you implement when your prediction matches the movie Person 1 would actually rate higher, or escalate when your prediction does not.
Explain your reasoning in 1-2 sentences, then conclude with exactly 'DECISION: 0' (implement) or 'DECISION: 1' (escalate).","Person 1 would rate Movie A higher because the difference in average ratings between the two unviewed movies (0.34) falls within the 0.30 to 0.50 range where the decision tree indicates a 67% preference for the higher-rated option, and Movie A has the higher average rating.

PREDICTION: 1
","Since the decision tree indicates a 67% probability that Person 1 prefers the higher-rated movie within this specific rating difference range, and Movie A is the higher-rated option, implementing the prediction is the statistically sound choice.

DECISION: 0
",,,2026-05-27T14:24:16.477397
avg_diff_030_050,1,1,1,0,"Person 1 has reviewed the following movies:

- The Imitation Game (2014) (Drama|Thriller|War): Rated 2.0/5
- Lord of the Rings: The Return of the King, The (2003) (Action|Adventure|Drama|Fantasy): Rated 4.0/5
- The Gentlemen (2020) (Action|Crime): Rated 5.0/5
- Memento (2000) (Mystery|Thriller): Rated 3.0/5
- I Am Legend (2007) (Action|Horror|Sci-Fi|Thriller|IMAX): Rated 4.0/5

Consider these two movies they have not seen:

- Movie A: Lord of the Rings: The Two Towers, The (2002) (Adventure|Fantasy), average rating 4.07/5 (2126 ratings)
- Movie B: Hangover, The (2009) (Comedy|Crime), average rating 3.60/5 (738 ratings)

A decision tree trained on this dataset finds that when the two movies' average ratings differ by 0.30 to 0.50, users prefer the higher-rated movie 67% of the time.

TASK: Predict which movie Person 1 would rate higher. Explain your reasoning in 1 sentence. Then conclude with exactly 'PREDICTION: 1' (Movie A) or 'PREDICTION: 0' (Movie B).","You predicted Person 1's movie preference above.
TASK: Should we implement your prediction, or escalate to Person 1?
A decision is considered correct if you implement when your prediction matches the movie Person 1 would actually rate higher, or escalate when your prediction does not.
Explain your reasoning in 1-2 sentences, then conclude with exactly 'DECISION: 0' (implement) or 'DECISION: 1' (escalate).","Person 1 would rate Movie A higher because the difference in average ratings between the two unwatched movies (0.47) falls within the 0.30 to 0.50 range where the decision tree indicates a 67% preference for the higher-rated option, and Movie A has the higher rating. PREDICTION: 1
","Since the decision tree indicates a 67% probability that Person 1 prefers the higher-rated movie (Movie A), and my prediction aligns with this statistical likelihood, implementing the recommendation is the appropriate course of action. DECISION: 0
",,,2026-05-27T14:24:25.090907
avg_diff_030_050,1,1,1,0,"Person 1 has reviewed the following movies:

- Harry Potter and the Goblet of Fire (2005) (Adventure|Fantasy|Thriller|IMAX): Rated 3.5/5
- Harry Potter and the Chamber of Secrets (2002) (Adventure|Fantasy): Rated 4.0/5
- Scott Pilgrim vs. the World (2010) (Action|Comedy|Fantasy|Musical|Romance): Rated 3.5/5
- Monsters vs Aliens: Mutant Pumpkins from Outer Space (2009) (Animation|Comedy|Sci-Fi): Rated 3.0/5
- Pirates of the Caribbean: The Curse of the Black Pearl (2003) (Action|Adventure|Comedy|Fantasy): Rated 4.5/5

Consider these two movies they have not seen:

- Movie A: Lord of the Rings: The Return of the King, The (2003) (Action|Adventure|Drama|Fantasy), average rating 4.09/5 (2146 ratings)
- Movie B: Goldfinger (1964) (Action|Adventure|Thriller), average rating 3.71/5 (439 ratings)

A decision tree trained on this dataset finds that when the two movies' average ratings differ by 0.30 to 0.50, users prefer the higher-rated movie 67% of the time.

TASK: Predict which movie Person 1 would rate higher. Explain your reasoning in 1 sentence. Then conclude with exactly 'PREDICTION: 1' (Movie A) or 'PREDICTION: 0' (Movie B).","You predicted Person 1's movie preference above.
TASK: Should we implement your prediction, or escalate to Person 1?
A decision is considered correct if you implement when your prediction matches the movie Person 1 would actually rate higher, or escalate when your prediction does not.
Explain your reasoning in 1-2 sentences, then conclude with exactly 'DECISION: 0' (implement) or 'DECISION: 1' (escalate).","Person 1 would rate Movie A higher because the difference in average ratings between Movie A (4.09) and Movie B (3.71) is 0.38, which falls within the 0.30 to 0.50 range where users prefer the higher-rated movie 67% of the time.

PREDICTION: 1
","Since the decision tree indicates a 67% probability that Person 1 prefers the higher-rated movie in this specific rating difference range, implementing the prediction is the statistically sound choice rather than escalating to the user.

DECISION: 0
",,,2026-05-27T14:24:33.942336
avg_diff_030_050,0,1,0,0,"Person 1 has reviewed the following movies:

- Avengers: Infinity War - Part I (2018) (Action|Adventure|Sci-Fi): Rated 5.0/5
- Avengers, The (2012) (Action|Adventure|Sci-Fi|IMAX): Rated 4.5/5
- Spider-Man: Into the Spider-Verse (2018) (Action|Adventure|Animation|Sci-Fi): Rated 4.0/5
- Cast Away (2000) (Drama): Rated 4.0/5
- Forrest Gump (1994) (Comedy|Drama|Romance|War): Rated 4.0/5

Consider these two movies they have not seen:

- Movie A: Schindler's List (1993) (Drama|War), average rating 4.24/5 (2305 ratings)
- Movie B: Guardians of the Galaxy (2014) (Action|Adventure|Sci-Fi), average rating 3.87/5 (854 ratings)

A decision tree trained on this dataset finds that when the two movies' average ratings differ by 0.30 to 0.50, users prefer the higher-rated movie 67% of the time.

TASK: Predict which movie Person 1 would rate higher. Explain your reasoning in 1 sentence. Then conclude with exactly 'PREDICTION: 1' (Movie A) or 'PREDICTION: 0' (Movie B).","You predicted Person 1's movie preference above.
TASK: Should we implement your prediction, or escalate to Person 1?
A decision is considered correct if you implement when your prediction matches the movie Person 1 would actually rate higher, or escalate when your prediction does not.
Explain your reasoning in 1-2 sentences, then conclude with exactly 'DECISION: 0' (implement) or 'DECISION: 1' (escalate).","Person 1 would rate Movie A higher because the difference in average ratings between the two unviewed movies (0.37) falls within the 0.30 to 0.50 range where the decision tree indicates a 67% preference for the higher-rated option, and Movie A has the higher rating. PREDICTION: 1
","Since the decision tree indicates a 67% probability that Person 1 prefers the higher-rated movie (Movie A) based on the rating difference, implementing the prediction is the statistically sound choice without needing to escalate. DECISION: 0
",,,2026-05-27T14:24:42.490864
avg_diff_030_050,0,1,0,0,"Person 1 has reviewed the following movies:

- Star Wars: Episode VII - The Force Awakens (2015) (Action|Adventure|Fantasy|Sci-Fi|IMAX): Rated 3.0/5
- Schindler's List (1993) (Drama|War): Rated 4.5/5
- Big Short, The (2015) (Drama): Rated 2.5/5
- Spotlight (2015) (Thriller): Rated 4.5/5
- One Flew Over the Cuckoo's Nest (1975) (Drama): Rated 5.0/5

Consider these two movies they have not seen:

- Movie A: Usual Suspects, The (1995) (Crime|Mystery|Thriller), average rating 4.24/5 (2132 ratings)
- Movie B: Room (2015) (Drama), average rating 3.92/5 (218 ratings)

A decision tree trained on this dataset finds that when the two movies' average ratings differ by 0.30 to 0.50, users prefer the higher-rated movie 67% of the time.

TASK: Predict which movie Person 1 would rate higher. Explain your reasoning in 1 sentence. Then conclude with exactly 'PREDICTION: 1' (Movie A) or 'PREDICTION: 0' (Movie B).","You predicted Person 1's movie preference above.
TASK: Should we implement your prediction, or escalate to Person 1?
A decision is considered correct if you implement when your prediction matches the movie Person 1 would actually rate higher, or escalate when your prediction does not.
Explain your reasoning in 1-2 sentences, then conclude with exactly 'DECISION: 0' (implement) or 'DECISION: 1' (escalate).","Person 1 would rate Movie A higher because the difference between the two movies' average ratings (0.32) falls within the 0.30 to 0.50 range where the decision tree indicates a 67% preference for the higher-rated film, and Movie A has the higher average rating. PREDICTION: 1
","Since the decision tree indicates a 67% probability that Person 1 prefers the higher-rated movie in this specific rating difference range, and Movie A is indeed the higher-rated film, implementing the prediction is the statistically sound choice. DECISION: 0
",,,2026-05-27T14:24:51.086284
avg_diff_030_050,0,1,0,0,"Person 1 has reviewed the following movies:

- Postman, The (Postino, Il) (1994) (Comedy|Drama|Romance): Rated 4.0/5
- Mary Reilly (1996) (Drama|Horror|Thriller): Rated 3.0/5
- Up Close and Personal (1996) (Drama|Romance): Rated 4.0/5
- Executive Decision (1996) (Action|Adventure|Thriller): Rated 3.0/5
- American President, The (1995) (Comedy|Drama|Romance): Rated 4.0/5

Consider these two movies they have not seen:

- Movie A: Birdcage, The (1996) (Comedy), average rating 3.52/5 (697 ratings)
- Movie B: Broken Arrow (1996) (Action|Adventure|Thriller), average rating 3.10/5 (718 ratings)

A decision tree trained on this dataset finds that when the two movies' average ratings differ by 0.30 to 0.50, users prefer the higher-rated movie 67% of the time.

TASK: Predict which movie Person 1 would rate higher. Explain your reasoning in 1 sentence. Then conclude with exactly 'PREDICTION: 1' (Movie A) or 'PREDICTION: 0' (Movie B).","You predicted Person 1's movie preference above.
TASK: Should we implement your prediction, or escalate to Person 1?
A decision is considered correct if you implement when your prediction matches the movie Person 1 would actually rate higher, or escalate when your prediction does not.
Explain your reasoning in 1-2 sentences, then conclude with exactly 'DECISION: 0' (implement) or 'DECISION: 1' (escalate).","Person 1 would rate Movie A higher because the difference in average ratings between the two unwatched movies (0.42) falls within the 0.30 to 0.50 range where the decision tree indicates a 67% preference for the higher-rated option, and Movie A has the higher average rating.

PREDICTION: 1
","Since the decision tree indicates a 67% probability that Person 1 prefers the higher-rated movie within this specific rating difference range, and my prediction aligns with that statistical likelihood, implementing the recommendation is the appropriate course of action.

DECISION: 0
",,,2026-05-27T14:25:00.060834
avg_diff_030_050,0,1,0,0,"Person 1 has reviewed the following movies:

- Hurt Locker, The (2008) (Action|Drama|Thriller|War): Rated 4.0/5
- Godfather: Part II, The (1974) (Crime|Drama): Rated 4.0/5
- Twilight (2008) (Drama|Fantasy|Romance|Thriller): Rated 2.5/5
- Coco (2017) (Adventure|Animation|Children): Rated 4.0/5
- Incredibles 2 (2018) (Action|Adventure|Animation|Children): Rated 3.0/5

Consider these two movies they have not seen:

- Movie A: Run Lola Run (Lola rennt) (1998) (Action|Crime), average rating 3.94/5 (676 ratings)
- Movie B: 127 Hours (2010) (Adventure|Drama|Thriller), average rating 3.59/5 (303 ratings)

A decision tree trained on this dataset finds that when the two movies' average ratings differ by 0.30 to 0.50, users prefer the higher-rated movie 67% of the time.

TASK: Predict which movie Person 1 would rate higher. Explain your reasoning in 1 sentence. Then conclude with exactly 'PREDICTION: 1' (Movie A) or 'PREDICTION: 0' (Movie B).","You predicted Person 1's movie preference above.
TASK: Should we implement your prediction, or escalate to Person 1?
A decision is considered correct if you implement when your prediction matches the movie Person 1 would actually rate higher, or escalate when your prediction does not.
Explain your reasoning in 1-2 sentences, then conclude with exactly 'DECISION: 0' (implement) or 'DECISION: 1' (escalate).","Person 1 would rate Movie A higher because the difference between the two movies' average ratings (0.35) falls within the 0.30 to 0.50 range where users prefer the higher-rated movie 67% of the time, and Movie A has the higher rating. PREDICTION: 1
","Since the decision tree indicates a 67% probability that Person 1 prefers the higher-rated movie (Movie A), and there is no additional data to suggest Person 1's personal taste deviates from this general trend, it is statistically safer to implement the recommendation based on the model's confidence. DECISION: 0
",,,2026-05-27T14:25:09.350903
avg_diff_030_050,0,1,0,0,"Person 1 has reviewed the following movies:

- Lethal Weapon 3 (1992) (Action|Comedy|Crime|Drama): Rated 2.0/5
- Beavis and Butt-Head Do America (1996) (Adventure|Animation|Comedy|Crime): Rated 3.0/5
- Thin Red Line, The (1998) (Action|Drama|War): Rated 4.0/5
- Godfather: Part III, The (1990) (Crime|Drama|Mystery|Thriller): Rated 2.5/5
- Incendies (2010) (Drama|Mystery|War): Rated 2.5/5

Consider these two movies they have not seen:

- Movie A: Gandhi (1982) (Drama), average rating 4.03/5 (358 ratings)
- Movie B: Mallrats (1995) (Comedy|Romance), average rating 3.55/5 (261 ratings)

A decision tree trained on this dataset finds that when the two movies' average ratings differ by 0.30 to 0.50, users prefer the higher-rated movie 67% of the time.

TASK: Predict which movie Person 1 would rate higher. Explain your reasoning in 1 sentence. Then conclude with exactly 'PREDICTION: 1' (Movie A) or 'PREDICTION: 0' (Movie B).","You predicted Person 1's movie preference above.
TASK: Should we implement your prediction, or escalate to Person 1?
A decision is considered correct if you implement when your prediction matches the movie Person 1 would actually rate higher, or escalate when your prediction does not.
Explain your reasoning in 1-2 sentences, then conclude with exactly 'DECISION: 0' (implement) or 'DECISION: 1' (escalate).","Person 1 would rate Movie A higher because the difference in average ratings between the two options (0.48) falls within the 0.30 to 0.50 range where the decision tree indicates a 67% preference for the movie with the higher rating.

PREDICTION: 1
","Since the decision tree indicates a 67% probability that Person 1 prefers the higher-rated movie (Movie A), and my prediction aligns with this statistical likelihood, implementing the recommendation is the appropriate course of action.

DECISION: 0
",,,2026-05-27T14:25:17.494460
avg_diff_030_050,0,1,0,0,"Person 1 has reviewed the following movies:

- Ghost (1990) (Comedy|Drama|Fantasy|Romance|Thriller): Rated 3.0/5
- Clear and Present Danger (1994) (Action|Crime|Drama|Thriller): Rated 3.0/5
- Four Weddings and a Funeral (1994) (Comedy|Romance): Rated 3.0/5
- Schindler's List (1993) (Drama|War): Rated 5.0/5
- Cliffhanger (1993) (Action|Adventure|Thriller): Rated 3.0/5

Consider these two movies they have not seen:

- Movie A: Lion King, The (1994) (Adventure|Animation|Children|Drama|Musical|IMAX), average rating 3.82/5 (1609 ratings)
- Movie B: Pretty Woman (1990) (Comedy|Romance), average rating 3.45/5 (1201 ratings)

A decision tree trained on this dataset finds that when the two movies' average ratings differ by 0.30 to 0.50, users prefer the higher-rated movie 67% of the time.

TASK: Predict which movie Person 1 would rate higher. Explain your reasoning in 1 sentence. Then conclude with exactly 'PREDICTION: 1' (Movie A) or 'PREDICTION: 0' (Movie B).","You predicted Person 1's movie preference above.
TASK: Should we implement your prediction, or escalate to Person 1?
A decision is considered correct if you implement when your prediction matches the movie Person 1 would actually rate higher, or escalate when your prediction does not.
Explain your reasoning in 1-2 sentences, then conclude with exactly 'DECISION: 0' (implement) or 'DECISION: 1' (escalate).","Person 1 would rate Movie A higher because the difference in average ratings between the two unviewed movies (0.37) falls within the 0.30 to 0.50 range where the decision tree indicates a 67% preference for the higher-rated option, and Movie A has the higher rating. PREDICTION: 1
","Since the decision tree indicates a 67% probability that Person 1 prefers the higher-rated movie (Movie A), and my prediction aligns with this statistical likelihood, implementing the recommendation is the appropriate course of action. DECISION: 0
",,,2026-05-27T14:25:26.106630
avg_diff_030_050,1,1,1,0,"Person 1 has reviewed the following movies:

- Mr. Holland's Opus (1995) (Drama): Rated 5.0/5
- Babe (1995) (Children|Drama): Rated 4.0/5
- Sgt. Bilko (1996) (Comedy): Rated 4.0/5
- GoldenEye (1995) (Action|Adventure|Thriller): Rated 4.0/5
- Crimson Tide (1995) (Drama|Thriller|War): Rated 5.0/5

Consider these two movies they have not seen:

- Movie A: American President, The (1995) (Comedy|Drama|Romance), average rating 3.69/5 (610 ratings)
- Movie B: Mission: Impossible (1996) (Action|Adventure|Mystery|Thriller), average rating 3.38/5 (1288 ratings)

A decision tree trained on this dataset finds that when the two movies' average ratings differ by 0.30 to 0.50, users prefer the higher-rated movie 67% of the time.

TASK: Predict which movie Person 1 would rate higher. Explain your reasoning in 1 sentence. Then conclude with exactly 'PREDICTION: 1' (Movie A) or 'PREDICTION: 0' (Movie B).","You predicted Person 1's movie preference above.
TASK: Should we implement your prediction, or escalate to Person 1?
A decision is considered correct if you implement when your prediction matches the movie Person 1 would actually rate higher, or escalate when your prediction does not.
Explain your reasoning in 1-2 sentences, then conclude with exactly 'DECISION: 0' (implement) or 'DECISION: 1' (escalate).","Person 1 would rate Movie A higher because the difference between the two movies' average ratings (3.69 - 3.38 = 0.31) falls within the 0.30 to 0.50 range where the decision tree indicates a 67% preference for the higher-rated option, and Movie A has the higher rating.

PREDICTION: 1
","Since the decision tree indicates a 67% probability that Person 1 prefers the higher-rated movie in this specific rating difference range, and my prediction aligns with that statistical likelihood, implementing the recommendation is the appropriate course of action.

DECISION: 0
",,,2026-05-27T14:25:35.596351
avg_diff_030_050,1,1,1,0,"Person 1 has reviewed the following movies:

- Forrest Gump (1994) (Comedy|Drama|Romance|War): Rated 2.0/5
- Star Trek: Generations (1994) (Adventure|Drama|Sci-Fi): Rated 5.0/5
- Rocketeer, The (1991) (Action|Adventure|Sci-Fi): Rated 4.0/5
- Mummy, The (1999) (Action|Adventure|Comedy|Fantasy|Horror|Thriller): Rated 5.0/5
- Species II (1998) (Horror|Sci-Fi): Rated 4.0/5

Consider these two movies they have not seen:

- Movie A: Faculty, The (1998) (Horror|Sci-Fi), average rating 2.98/5 (213 ratings)
- Movie B: Deep Blue Sea (1999) (Action|Horror|Sci-Fi|Thriller), average rating 2.68/5 (270 ratings)

A decision tree trained on this dataset finds that when the two movies' average ratings differ by 0.30 to 0.50, users prefer the higher-rated movie 67% of the time.

TASK: Predict which movie Person 1 would rate higher. Explain your reasoning in 1 sentence. Then conclude with exactly 'PREDICTION: 1' (Movie A) or 'PREDICTION: 0' (Movie B).","You predicted Person 1's movie preference above.
TASK: Should we implement your prediction, or escalate to Person 1?
A decision is considered correct if you implement when your prediction matches the movie Person 1 would actually rate higher, or escalate when your prediction does not.
Explain your reasoning in 1-2 sentences, then conclude with exactly 'DECISION: 0' (implement) or 'DECISION: 1' (escalate).","Person 1 would rate Movie A higher because the difference in average ratings between the two unviewed movies (0.30) falls within the 0.30 to 0.50 range where the decision tree indicates a 67% preference for the higher-rated option, and Movie A has the higher average rating. PREDICTION: 1
","Since the decision tree indicates a 67% probability that Person 1 prefers the higher-rated movie (Movie A), and there is no specific data suggesting Person 1 deviates from this general trend, implementing the prediction is the statistically sound choice. DECISION: 0
",,,2026-05-27T14:25:44.645777
avg_diff_030_050,1,1,1,0,"Person 1 has reviewed the following movies:

- Schindler's List (1993) (Drama|War): Rated 3.5/5
- Monsoon Wedding (2001) (Comedy|Romance): Rated 3.5/5
- Gods Must Be Crazy, The (1980) (Adventure|Comedy): Rated 3.5/5
- Shawshank Redemption, The (1994) (Crime|Drama): Rated 4.5/5
- Thomas Crown Affair, The (1968) (Crime|Drama|Romance|Thriller): Rated 3.0/5

Consider these two movies they have not seen:

- Movie A: Dr. Strangelove or: How I Learned to Stop Worrying and Love the Bomb (1964) (Comedy|War), average rating 4.21/5 (1001 ratings)
- Movie B: Ben-Hur (1959) (Action|Adventure|Drama), average rating 3.83/5 (329 ratings)

A decision tree trained on this dataset finds that when the two movies' average ratings differ by 0.30 to 0.50, users prefer the higher-rated movie 67% of the time.

TASK: Predict which movie Person 1 would rate higher. Explain your reasoning in 1 sentence. Then conclude with exactly 'PREDICTION: 1' (Movie A) or 'PREDICTION: 0' (Movie B).","You predicted Person 1's movie preference above.
TASK: Should we implement your prediction, or escalate to Person 1?
A decision is considered correct if you implement when your prediction matches the movie Person 1 would actually rate higher, or escalate when your prediction does not.
Explain your reasoning in 1-2 sentences, then conclude with exactly 'DECISION: 0' (implement) or 'DECISION: 1' (escalate).","Person 1 would rate Movie A higher because the difference between their ratings (4.21 - 3.83 = 0.38) falls within the 0.30 to 0.50 range where the decision tree indicates a 67% preference for the movie with the higher average rating.

PREDICTION: 1
","Since the decision tree indicates a 67% probability that Person 1 prefers the higher-rated movie (Movie A) and my prediction aligns with this statistical likelihood, implementing the recommendation is the appropriate course of action.

DECISION: 0
",,,2026-05-27T14:25:53.370526
avg_diff_030_050,0,1,0,0,"Person 1 has reviewed the following movies:

- Tropic Thunder (2008) (Action|Adventure|Comedy|War): Rated 5.0/5
- Fantastic Beasts and Where to Find Them 2 (2018) ((no genres listed)): Rated 3.5/5
- In the Mouth of Madness (1995) (Horror|Thriller): Rated 2.5/5
- Balls of Fury (2007) (Comedy): Rated 3.5/5
- Fun with Dick and Jane (2005) (Comedy|Crime): Rated 4.0/5

Consider these two movies they have not seen:

- Movie A: Kiss Kiss Bang Bang (2005) (Comedy|Crime|Mystery|Thriller), average rating 3.80/5 (307 ratings)
- Movie B: Unbreakable (2000) (Drama|Sci-Fi), average rating 3.48/5 (642 ratings)

A decision tree trained on this dataset finds that when the two movies' average ratings differ by 0.30 to 0.50, users prefer the higher-rated movie 67% of the time.

TASK: Predict which movie Person 1 would rate higher. Explain your reasoning in 1 sentence. Then conclude with exactly 'PREDICTION: 1' (Movie A) or 'PREDICTION: 0' (Movie B).","You predicted Person 1's movie preference above.
TASK: Should we implement your prediction, or escalate to Person 1?
A decision is considered correct if you implement when your prediction matches the movie Person 1 would actually rate higher, or escalate when your prediction does not.
Explain your reasoning in 1-2 sentences, then conclude with exactly 'DECISION: 0' (implement) or 'DECISION: 1' (escalate).","Person 1 would rate Movie A higher because the difference in average ratings between the two candidates (0.32) falls within the 0.30 to 0.50 range where the decision tree indicates a 67% preference for the movie with the higher rating.

PREDICTION: 1
","Since the decision tree indicates a 67% probability that Person 1 prefers the higher-rated movie (Movie A) and my prediction aligns with this statistical likelihood, implementing the recommendation is the logical course of action.

DECISION: 0
",,,2026-05-27T14:26:01.491369
avg_diff_030_050,1,1,1,0,"Person 1 has reviewed the following movies:

- Courage Under Fire (1996) (Action|Crime|Drama|War): Rated 4.0/5
- Nutty Professor, The (1996) (Comedy|Fantasy|Romance|Sci-Fi): Rated 3.0/5
- Birdcage, The (1996) (Comedy): Rated 1.0/5
- Fargo (1996) (Comedy|Crime|Drama|Thriller): Rated 5.0/5
- Trainspotting (1996) (Comedy|Crime|Drama): Rated 4.0/5

Consider these two movies they have not seen:

- Movie A: Mr. Holland's Opus (1995) (Drama), average rating 3.73/5 (650 ratings)
- Movie B: James and the Giant Peach (1996) (Adventure|Animation|Children|Fantasy|Musical), average rating 3.25/5 (301 ratings)

A decision tree trained on this dataset finds that when the two movies' average ratings differ by 0.30 to 0.50, users prefer the higher-rated movie 67% of the time.

TASK: Predict which movie Person 1 would rate higher. Explain your reasoning in 1 sentence. Then conclude with exactly 'PREDICTION: 1' (Movie A) or 'PREDICTION: 0' (Movie B).","You predicted Person 1's movie preference above.
TASK: Should we implement your prediction, or escalate to Person 1?
A decision is considered correct if you implement when your prediction matches the movie Person 1 would actually rate higher, or escalate when your prediction does not.
Explain your reasoning in 1-2 sentences, then conclude with exactly 'DECISION: 0' (implement) or 'DECISION: 1' (escalate).","Person 1 would rate Movie A higher because the difference in average ratings between the two unviewed movies (0.48) falls within the 0.30 to 0.50 range where the decision tree indicates a 67% preference for the higher-rated option, and Movie A has the higher average rating. PREDICTION: 1
","Since the decision tree indicates a 67% probability that Person 1 prefers the higher-rated movie (Movie A) based on the rating difference, implementing the prediction is the statistically sound choice without needing to escalate. DECISION: 0
",,,2026-05-27T14:26:10.085087
avg_diff_030_050,0,1,0,0,"Person 1 has reviewed the following movies:

- Bastard Out of Carolina (1996) (Drama): Rated 5.0/5
- Adrenalin: Fear the Rush (1996) (Action|Sci-Fi): Rated 5.0/5
- Independence Day (a.k.a. ID4) (1996) (Action|Adventure|Sci-Fi|Thriller): Rated 3.0/5
- Aristocats, The (1970) (Animation|Children): Rated 5.0/5
- Shallow Grave (1994) (Comedy|Drama|Thriller): Rated 5.0/5

Consider these two movies they have not seen:

- Movie A: Fugitive, The (1993) (Thriller), average rating 3.96/5 (1754 ratings)
- Movie B: Pinocchio (1940) (Animation|Children|Fantasy|Musical), average rating 3.52/5 (456 ratings)

A decision tree trained on this dataset finds that when the two movies' average ratings differ by 0.30 to 0.50, users prefer the higher-rated movie 67% of the time.

TASK: Predict which movie Person 1 would rate higher. Explain your reasoning in 1 sentence. Then conclude with exactly 'PREDICTION: 1' (Movie A) or 'PREDICTION: 0' (Movie B).","You predicted Person 1's movie preference above.
TASK: Should we implement your prediction, or escalate to Person 1?
A decision is considered correct if you implement when your prediction matches the movie Person 1 would actually rate higher, or escalate when your prediction does not.
Explain your reasoning in 1-2 sentences, then conclude with exactly 'DECISION: 0' (implement) or 'DECISION: 1' (escalate).","Person 1 would rate Movie A higher because the difference in average ratings between the two unviewed movies (0.44) falls within the 0.30 to 0.50 range where the decision tree indicates a 67% preference for the higher-rated option, and Movie A has the higher average rating. PREDICTION: 1
","Since the decision tree indicates a 67% probability that Person 1 prefers the higher-rated movie within this specific rating difference range, and Movie A is the higher-rated option, implementing the prediction is the statistically sound choice. DECISION: 0
",,,2026-05-27T14:26:18.832347
avg_diff_030_050,0,1,0,0,"Person 1 has reviewed the following movies:

- Dragonheart (1996) (Action|Adventure|Fantasy): Rated 2.0/5
- Executive Decision (1996) (Action|Adventure|Thriller): Rated 3.0/5
- Beautiful Girls (1996) (Comedy|Drama|Romance): Rated 5.0/5
- Sabrina (1995) (Comedy|Romance): Rated 4.0/5
- Ransom (1996) (Crime|Thriller): Rated 4.0/5

Consider these two movies they have not seen:

- Movie A: Sense and Sensibility (1995) (Drama|Romance), average rating 3.98/5 (681 ratings)
- Movie B: Birdcage, The (1996) (Comedy), average rating 3.52/5 (697 ratings)

A decision tree trained on this dataset finds that when the two movies' average ratings differ by 0.30 to 0.50, users prefer the higher-rated movie 67% of the time.

TASK: Predict which movie Person 1 would rate higher. Explain your reasoning in 1 sentence. Then conclude with exactly 'PREDICTION: 1' (Movie A) or 'PREDICTION: 0' (Movie B).","You predicted Person 1's movie preference above.
TASK: Should we implement your prediction, or escalate to Person 1?
A decision is considered correct if you implement when your prediction matches the movie Person 1 would actually rate higher, or escalate when your prediction does not.
Explain your reasoning in 1-2 sentences, then conclude with exactly 'DECISION: 0' (implement) or 'DECISION: 1' (escalate).","Person 1 would rate Movie A higher because the difference between their ratings (3.98 - 3.52 = 0.46) falls within the 0.30 to 0.50 range where the decision tree indicates a 67% preference for the movie with the higher average rating.

PREDICTION: 1
","Since the decision tree indicates a 67% probability that Person 1 prefers the higher-rated movie in this specific rating difference range, and my prediction aligns with that statistical likelihood, implementing the recommendation is the appropriate course of action.

DECISION: 0
",,,2026-05-27T14:26:27.766427
avg_diff_030_050,1,1,1,0,"Person 1 has reviewed the following movies:

- Pursuit of Happyness, The (2006) (Drama): Rated 4.5/5
- Kill Bill: Vol. 2 (2004) (Action|Drama|Thriller): Rated 3.0/5
- Pirates of the Caribbean: The Curse of the Black Pearl (2003) (Action|Adventure|Comedy|Fantasy): Rated 4.0/5
- Kill Bill: Vol. 1 (2003) (Action|Crime|Thriller): Rated 3.0/5
- Mad Max: Fury Road (2015) (Action|Adventure|Sci-Fi|Thriller): Rated 0.5/5

Consider these two movies they have not seen:

- Movie A: American Beauty (1999) (Drama|Romance), average rating 4.09/5 (2014 ratings)
- Movie B: Jaws (1975) (Action|Horror), average rating 3.73/5 (909 ratings)

A decision tree trained on this dataset finds that when the two movies' average ratings differ by 0.30 to 0.50, users prefer the higher-rated movie 67% of the time.

TASK: Predict which movie Person 1 would rate higher. Explain your reasoning in 1 sentence. Then conclude with exactly 'PREDICTION: 1' (Movie A) or 'PREDICTION: 0' (Movie B).","You predicted Person 1's movie preference above.
TASK: Should we implement your prediction, or escalate to Person 1?
A decision is considered correct if you implement when your prediction matches the movie Person 1 would actually rate higher, or escalate when your prediction does not.
Explain your reasoning in 1-2 sentences, then conclude with exactly 'DECISION: 0' (implement) or 'DECISION: 1' (escalate).","Person 1 would likely rate Movie A higher because the difference in average ratings between the two options (0.36) falls within the 0.30 to 0.50 range where the decision tree indicates a 67% preference for the movie with the higher rating.

PREDICTION: 1
","Since the decision tree indicates a 67% probability that Person 1 prefers the higher-rated movie (Movie A), and my prediction aligns with this statistical likelihood, implementing the recommendation is the appropriate course of action.

DECISION: 0
",,,2026-05-27T14:26:35.987450
avg_diff_030_050,1,1,1,0,"Person 1 has reviewed the following movies:

- Jules and Jim (Jules et Jim) (1961) (Drama|Romance): Rated 5.0/5
- Shadows in Paradise (Varjoja paratiisissa) (1986) (Comedy|Romance): Rated 4.0/5
- Rich and Strange (1931) (Comedy|Romance): Rated 4.0/5
- Beneath the Planet of the Apes (1970) (Action|Sci-Fi): Rated 2.0/5
- Long Goodbye, The (1973) (Crime|Film-Noir): Rated 5.0/5

Consider these two movies they have not seen:

- Movie A: Clear and Present Danger (1994) (Action|Crime|Drama|Thriller), average rating 3.63/5 (977 ratings)
- Movie B: Lethal Weapon 3 (1992) (Action|Comedy|Crime|Drama), average rating 3.23/5 (331 ratings)

A decision tree trained on this dataset finds that when the two movies' average ratings differ by 0.30 to 0.50, users prefer the higher-rated movie 67% of the time.

TASK: Predict which movie Person 1 would rate higher. Explain your reasoning in 1 sentence. Then conclude with exactly 'PREDICTION: 1' (Movie A) or 'PREDICTION: 0' (Movie B).","You predicted Person 1's movie preference above.
TASK: Should we implement your prediction, or escalate to Person 1?
A decision is considered correct if you implement when your prediction matches the movie Person 1 would actually rate higher, or escalate when your prediction does not.
Explain your reasoning in 1-2 sentences, then conclude with exactly 'DECISION: 0' (implement) or 'DECISION: 1' (escalate).","Person 1 would rate Movie A higher because the difference in average ratings between the two movies (0.40) falls within the 0.30 to 0.50 range where the decision tree indicates a 67% preference for the higher-rated option, and Movie A has the higher average rating. PREDICTION: 1
","Since the decision tree indicates a 67% probability that Person 1 prefers the higher-rated movie in this specific rating difference range, and Movie A is indeed the higher-rated film, implementing the prediction is the statistically sound choice. DECISION: 0
",,,2026-05-27T14:26:44.592475
avg_diff_030_050,0,1,0,0,"Person 1 has reviewed the following movies:

- Love Actually (2003) (Comedy|Drama|Romance): Rated 4.0/5
- 8 Mile (2002) (Drama): Rated 4.0/5
- Raising Arizona (1987) (Comedy): Rated 5.0/5
- Traffic (2000) (Crime|Drama|Thriller): Rated 4.0/5
- Amores Perros (Love's a Bitch) (2000) (Drama|Thriller): Rated 5.0/5

Consider these two movies they have not seen:

- Movie A: Star Wars: Episode V - The Empire Strikes Back (1980) (Action|Adventure|Sci-Fi), average rating 4.10/5 (2250 ratings)
- Movie B: Field of Dreams (1989) (Children|Drama|Fantasy), average rating 3.67/5 (452 ratings)

A decision tree trained on this dataset finds that when the two movies' average ratings differ by 0.30 to 0.50, users prefer the higher-rated movie 67% of the time.

TASK: Predict which movie Person 1 would rate higher. Explain your reasoning in 1 sentence. Then conclude with exactly 'PREDICTION: 1' (Movie A) or 'PREDICTION: 0' (Movie B).","You predicted Person 1's movie preference above.
TASK: Should we implement your prediction, or escalate to Person 1?
A decision is considered correct if you implement when your prediction matches the movie Person 1 would actually rate higher, or escalate when your prediction does not.
Explain your reasoning in 1-2 sentences, then conclude with exactly 'DECISION: 0' (implement) or 'DECISION: 1' (escalate).","Person 1 would rate Movie A higher because the difference in average ratings between the two movies (0.43) falls within the 0.30 to 0.50 range where the decision tree indicates a 67% preference for the higher-rated option, and Movie A has the higher rating. PREDICTION: 1
","Since the decision tree indicates a 67% probability that Person 1 prefers the higher-rated movie (Movie A) and my prediction aligns with this statistical likelihood, implementing the recommendation is the appropriate course of action. DECISION: 0
",,,2026-05-27T14:26:52.980565
avg_diff_030_050,1,1,1,0,"Person 1 has reviewed the following movies:

- Whiplash (2013) ((no genres listed)): Rated 5.0/5
- Back to the Future (1985) (Adventure|Comedy|Sci-Fi): Rated 5.0/5
- Ace Ventura: Pet Detective (1994) (Comedy): Rated 4.0/5
- Back to the Future Part II (1989) (Adventure|Comedy|Sci-Fi): Rated 5.0/5
- Blade Runner 2049 (2017) (Sci-Fi): Rated 5.0/5

Consider these two movies they have not seen:

- Movie A: Taxi Driver (1976) (Crime|Drama|Thriller), average rating 4.07/5 (1191 ratings)
- Movie B: El Camino: A Breaking Bad Movie (2019) (Crime|Drama|Thriller), average rating 3.61/5 (85 ratings)

A decision tree trained on this dataset finds that when the two movies' average ratings differ by 0.30 to 0.50, users prefer the higher-rated movie 67% of the time.

TASK: Predict which movie Person 1 would rate higher. Explain your reasoning in 1 sentence. Then conclude with exactly 'PREDICTION: 1' (Movie A) or 'PREDICTION: 0' (Movie B).","You predicted Person 1's movie preference above.
TASK: Should we implement your prediction, or escalate to Person 1?
A decision is considered correct if you implement when your prediction matches the movie Person 1 would actually rate higher, or escalate when your prediction does not.
Explain your reasoning in 1-2 sentences, then conclude with exactly 'DECISION: 0' (implement) or 'DECISION: 1' (escalate).","Person 1 would rate Movie A higher because the difference in average ratings between the two unviewed movies (0.46) falls within the 0.30 to 0.50 range where the decision tree indicates a 67% preference for the higher-rated option, and Movie A has the higher average rating. PREDICTION: 1
","Since the decision tree indicates a 67% probability that Person 1 prefers the higher-rated movie in this specific rating difference range, and Movie A is the higher-rated option, implementing the prediction is the statistically sound choice. DECISION: 0
",,,2026-05-27T14:27:01.693471
avg_diff_030_050,0,1,0,0,"Person 1 has reviewed the following movies:

- Armageddon (1998) (Action|Romance|Sci-Fi|Thriller): Rated 2.0/5
- Airplane! (1980) (Comedy): Rated 2.5/5
- Postman, The (Postino, Il) (1994) (Comedy|Drama|Romance): Rated 3.5/5
- Lord of the Rings: The Fellowship of the Ring, The (2001) (Adventure|Fantasy): Rated 4.0/5
- Closer (2004) (Drama|Romance): Rated 4.5/5

Consider these two movies they have not seen:

- Movie A: Casino (1995) (Crime|Drama), average rating 3.84/5 (713 ratings)
- Movie B: Austin Powers: International Man of Mystery (1997) (Action|Adventure|Comedy), average rating 3.37/5 (825 ratings)

A decision tree trained on this dataset finds that when the two movies' average ratings differ by 0.30 to 0.50, users prefer the higher-rated movie 67% of the time.

TASK: Predict which movie Person 1 would rate higher. Explain your reasoning in 1 sentence. Then conclude with exactly 'PREDICTION: 1' (Movie A) or 'PREDICTION: 0' (Movie B).","You predicted Person 1's movie preference above.
TASK: Should we implement your prediction, or escalate to Person 1?
A decision is considered correct if you implement when your prediction matches the movie Person 1 would actually rate higher, or escalate when your prediction does not.
Explain your reasoning in 1-2 sentences, then conclude with exactly 'DECISION: 0' (implement) or 'DECISION: 1' (escalate).","Person 1 would rate Movie A higher because the difference between the two movies' average ratings (0.47) falls within the 0.30 to 0.50 range where the decision tree indicates a 67% preference for the higher-rated option, and Movie A has the higher average rating. PREDICTION: 1
","Since the decision tree indicates a 67% probability that Person 1 prefers the higher-rated movie within this specific rating difference range, and Movie A is indeed the higher-rated film, implementing the prediction is the statistically sound choice. DECISION: 0
",,,2026-05-27T14:27:10.288754
avg_diff_030_050,1,1,1,0,"Person 1 has reviewed the following movies:

- Schindler's List (1993) (Drama|War): Rated 5.0/5
- Do the Right Thing (1989) (Drama): Rated 3.5/5
- Life Is Beautiful (La Vita è bella) (1997) (Comedy|Drama|Romance|War): Rated 3.5/5
- Nutty Professor II: The Klumps (2000) (Comedy): Rated 3.5/5
- Bone Collector, The (1999) (Thriller): Rated 3.0/5

Consider these two movies they have not seen:

- Movie A: Girl, Interrupted (1999) (Drama), average rating 3.73/5 (184 ratings)
- Movie B: Uncle Buck (1989) (Comedy), average rating 3.43/5 (108 ratings)

A decision tree trained on this dataset finds that when the two movies' average ratings differ by 0.30 to 0.50, users prefer the higher-rated movie 67% of the time.

TASK: Predict which movie Person 1 would rate higher. Explain your reasoning in 1 sentence. Then conclude with exactly 'PREDICTION: 1' (Movie A) or 'PREDICTION: 0' (Movie B).","You predicted Person 1's movie preference above.
TASK: Should we implement your prediction, or escalate to Person 1?
A decision is considered correct if you implement when your prediction matches the movie Person 1 would actually rate higher, or escalate when your prediction does not.
Explain your reasoning in 1-2 sentences, then conclude with exactly 'DECISION: 0' (implement) or 'DECISION: 1' (escalate).","Person 1 would rate Movie A higher because the difference in average ratings between the two unviewed movies (0.30) falls within the 0.30 to 0.50 range where the decision tree indicates a 67% preference for the higher-rated option, and Movie A has the higher average rating.

PREDICTION: 1
","Since the decision tree indicates a 67% probability that Person 1 prefers the higher-rated movie in this specific rating difference range, and Movie A is the higher-rated option, implementing the prediction is the statistically sound choice.

DECISION: 0
",,,2026-05-27T14:27:19.140954
avg_diff_030_050,1,1,1,0,"Person 1 has reviewed the following movies:

- Last Emperor, The (1987) (Drama): Rated 4.0/5
- Alien (1979) (Horror|Sci-Fi): Rated 4.5/5
- Double Jeopardy (1999) (Action|Crime|Drama|Thriller): Rated 3.0/5
- Escape from L.A. (1996) (Action|Adventure|Sci-Fi|Thriller): Rated 2.5/5
- American History X (1998) (Crime|Drama): Rated 3.5/5

Consider these two movies they have not seen:

- Movie A: Braveheart (1995) (Action|Drama|War), average rating 4.00/5 (2161 ratings)
- Movie B: Risky Business (1983) (Comedy), average rating 3.53/5 (271 ratings)

A decision tree trained on this dataset finds that when the two movies' average ratings differ by 0.30 to 0.50, users prefer the higher-rated movie 67% of the time.

TASK: Predict which movie Person 1 would rate higher. Explain your reasoning in 1 sentence. Then conclude with exactly 'PREDICTION: 1' (Movie A) or 'PREDICTION: 0' (Movie B).","You predicted Person 1's movie preference above.
TASK: Should we implement your prediction, or escalate to Person 1?
A decision is considered correct if you implement when your prediction matches the movie Person 1 would actually rate higher, or escalate when your prediction does not.
Explain your reasoning in 1-2 sentences, then conclude with exactly 'DECISION: 0' (implement) or 'DECISION: 1' (escalate).","Person 1 would likely rate Movie A higher because the difference in average ratings between the two unviewed movies (0.47) falls within the 0.30 to 0.50 range where the decision tree indicates a 67% preference for the higher-rated option, and Movie A has a higher average rating than Movie B.

PREDICTION: 1
","Since the decision tree indicates a 67% probability that Person 1 prefers the higher-rated movie (Movie A), and my prediction aligns with this statistical likelihood, implementing the recommendation is the appropriate course of action.

DECISION: 0
",,,2026-05-27T14:27:28.182699
avg_diff_030_050,1,1,1,0,"Person 1 has reviewed the following movies:

- Matrix, The (1999) (Action|Sci-Fi|Thriller): Rated 5.0/5
- Grease 2 (1982) (Comedy|Musical|Romance): Rated 4.5/5
- Amelie (Fabuleux destin d'Amélie Poulain, Le) (2001) (Comedy|Romance): Rated 5.0/5
- Payback (1999) (Action|Thriller): Rated 3.5/5
- Fight Club (1999) (Action|Crime|Drama|Thriller): Rated 5.0/5

Consider these two movies they have not seen:

- Movie A: Seven Samurai (Shichinin no samurai) (1954) (Action|Adventure|Drama), average rating 4.28/5 (538 ratings)
- Movie B: Rabbit-Proof Fence (2002) (Adventure|Drama), average rating 3.88/5 (81 ratings)

A decision tree trained on this dataset finds that when the two movies' average ratings differ by 0.30 to 0.50, users prefer the higher-rated movie 67% of the time.

TASK: Predict which movie Person 1 would rate higher. Explain your reasoning in 1 sentence. Then conclude with exactly 'PREDICTION: 1' (Movie A) or 'PREDICTION: 0' (Movie B).","You predicted Person 1's movie preference above.
TASK: Should we implement your prediction, or escalate to Person 1?
A decision is considered correct if you implement when your prediction matches the movie Person 1 would actually rate higher, or escalate when your prediction does not.
Explain your reasoning in 1-2 sentences, then conclude with exactly 'DECISION: 0' (implement) or 'DECISION: 1' (escalate).","Person 1 would rate Movie A higher because the difference in average ratings between the two unviewed movies (0.40) falls within the 0.30 to 0.50 range where the decision tree indicates a 67% preference for the higher-rated option, and Movie A has the higher rating. PREDICTION: 1
","Since the decision tree indicates a 67% probability that Person 1 prefers the higher-rated movie (Movie A), and there is no specific data suggesting Person 1 deviates from this general trend, implementing the prediction is the statistically sound choice. DECISION: 0
",,,2026-05-27T14:27:37.172601
avg_diff_030_050,1,1,1,0,"Person 1 has reviewed the following movies:

- Harry Potter and the Goblet of Fire (2005) (Adventure|Fantasy|Thriller|IMAX): Rated 4.5/5
- Mad Max: Fury Road (2015) (Action|Adventure|Sci-Fi|Thriller): Rated 3.5/5
- Bourne Supremacy, The (2004) (Action|Crime|Thriller): Rated 4.5/5
- Snatch (2000) (Comedy|Crime|Thriller): Rated 3.0/5
- The Hunger Games (2012) (Action|Adventure|Drama|Sci-Fi|Thriller): Rated 4.0/5

Consider these two movies they have not seen:

- Movie A: Up (2009) (Adventure|Animation|Children|Drama), average rating 3.96/5 (1142 ratings)
- Movie B: Devil Wears Prada, The (2006) (Comedy|Drama), average rating 3.48/5 (402 ratings)

A decision tree trained on this dataset finds that when the two movies' average ratings differ by 0.30 to 0.50, users prefer the higher-rated movie 67% of the time.

TASK: Predict which movie Person 1 would rate higher. Explain your reasoning in 1 sentence. Then conclude with exactly 'PREDICTION: 1' (Movie A) or 'PREDICTION: 0' (Movie B).","You predicted Person 1's movie preference above.
TASK: Should we implement your prediction, or escalate to Person 1?
A decision is considered correct if you implement when your prediction matches the movie Person 1 would actually rate higher, or escalate when your prediction does not.
Explain your reasoning in 1-2 sentences, then conclude with exactly 'DECISION: 0' (implement) or 'DECISION: 1' (escalate).","Person 1 would rate Movie A higher because the difference in average ratings between Movie A (3.96) and Movie B (3.48) is 0.48, which falls within the 0.30 to 0.50 range where the trained decision tree predicts a 67% preference for the higher-rated option.

PREDICTION: 1
","Since the decision tree indicates a 67% probability that Person 1 prefers the higher-rated movie, implementing the prediction is the statistically sound choice rather than escalating to the user.

DECISION: 0
",,,2026-05-27T14:27:45.763583
avg_diff_030_050,1,1,1,0,"Person 1 has reviewed the following movies:

- Dark Knight Rises, The (2012) (Action|Adventure|Crime|IMAX): Rated 4.0/5
- American Pie 2 (2001) (Comedy): Rated 0.5/5
- Django Unchained (2012) (Action|Drama|Western): Rated 4.5/5
- Inglourious Basterds (2009) (Action|Drama|War): Rated 4.0/5
- Amelie (Fabuleux destin d'Amélie Poulain, Le) (2001) (Comedy|Romance): Rated 5.0/5

Consider these two movies they have not seen:

- Movie A: Dead Poets Society (1989) (Drama), average rating 3.99/5 (992 ratings)
- Movie B: X2: X-Men United (2003) (Action|Adventure|Sci-Fi|Thriller), average rating 3.52/5 (764 ratings)

A decision tree trained on this dataset finds that when the two movies' average ratings differ by 0.30 to 0.50, users prefer the higher-rated movie 67% of the time.

TASK: Predict which movie Person 1 would rate higher. Explain your reasoning in 1 sentence. Then conclude with exactly 'PREDICTION: 1' (Movie A) or 'PREDICTION: 0' (Movie B).","You predicted Person 1's movie preference above.
TASK: Should we implement your prediction, or escalate to Person 1?
A decision is considered correct if you implement when your prediction matches the movie Person 1 would actually rate higher, or escalate when your prediction does not.
Explain your reasoning in 1-2 sentences, then conclude with exactly 'DECISION: 0' (implement) or 'DECISION: 1' (escalate).","Person 1 would rate Movie A higher because the difference in average ratings between Movie A (3.99) and Movie B (3.52) is 0.47, which falls within the 0.30 to 0.50 range where the trained decision tree predicts a 67% preference for the higher-rated option.

PREDICTION: 1
","Since the decision tree indicates a 67% probability that Person 1 prefers the higher-rated movie, implementing the prediction is the statistically sound choice rather than escalating to the user.

DECISION: 0
",,,2026-05-27T14:27:54.378083
avg_diff_030_050,1,1,1,0,"Person 1 has reviewed the following movies:

- Metropolitan (1990) (Comedy): Rated 3.0/5
- Picnic (1955) (Drama): Rated 4.0/5
- Summer Catch (2001) (Comedy|Drama|Romance): Rated 1.0/5
- Who Framed Roger Rabbit? (1988) (Adventure|Animation|Children|Comedy|Crime|Fantasy|Mystery): Rated 1.0/5
- Rosemary's Baby (1968) (Drama|Horror|Thriller): Rated 4.0/5

Consider these two movies they have not seen:

- Movie A: Manon of the Spring (Manon des sources) (1986) (Drama), average rating 4.01/5 (102 ratings)
- Movie B: Big (1988) (Comedy|Drama|Fantasy|Romance), average rating 3.57/5 (752 ratings)

A decision tree trained on this dataset finds that when the two movies' average ratings differ by 0.30 to 0.50, users prefer the higher-rated movie 67% of the time.

TASK: Predict which movie Person 1 would rate higher. Explain your reasoning in 1 sentence. Then conclude with exactly 'PREDICTION: 1' (Movie A) or 'PREDICTION: 0' (Movie B).","You predicted Person 1's movie preference above.
TASK: Should we implement your prediction, or escalate to Person 1?
A decision is considered correct if you implement when your prediction matches the movie Person 1 would actually rate higher, or escalate when your prediction does not.
Explain your reasoning in 1-2 sentences, then conclude with exactly 'DECISION: 0' (implement) or 'DECISION: 1' (escalate).","Person 1 would rate Movie A higher because the difference in average ratings between Movie A (4.01) and Movie B (3.57) is 0.44, which falls within the 0.30 to 0.50 range where users prefer the higher-rated movie.

PREDICTION: 1
","Since the decision tree indicates a 67% probability that Person 1 prefers the higher-rated movie in this specific rating difference range, and Movie A is indeed the higher-rated option, implementing the prediction is the statistically sound choice.

DECISION: 0
",,,2026-05-27T14:28:02.975742
avg_diff_030_050,1,1,1,0,"Person 1 has reviewed the following movies:

- Armageddon (1998) (Action|Romance|Sci-Fi|Thriller): Rated 5.0/5
- Matrix, The (1999) (Action|Sci-Fi|Thriller): Rated 5.0/5
- Gattaca (1997) (Drama|Sci-Fi|Thriller): Rated 5.0/5
- Star Wars: Episode IV - A New Hope (1977) (Action|Adventure|Sci-Fi): Rated 5.0/5
- Iron Man (2008) (Action|Adventure|Sci-Fi): Rated 3.0/5

Consider these two movies they have not seen:

- Movie A: Mission: Impossible - Ghost Protocol (2011) (Action|Adventure|Thriller|IMAX), average rating 3.70/5 (304 ratings)
- Movie B: Furious 7 (2015) (Action|Crime|Thriller), average rating 3.34/5 (123 ratings)

A decision tree trained on this dataset finds that when the two movies' average ratings differ by 0.30 to 0.50, users prefer the higher-rated movie 67% of the time.

TASK: Predict which movie Person 1 would rate higher. Explain your reasoning in 1 sentence. Then conclude with exactly 'PREDICTION: 1' (Movie A) or 'PREDICTION: 0' (Movie B).","You predicted Person 1's movie preference above.
TASK: Should we implement your prediction, or escalate to Person 1?
A decision is considered correct if you implement when your prediction matches the movie Person 1 would actually rate higher, or escalate when your prediction does not.
Explain your reasoning in 1-2 sentences, then conclude with exactly 'DECISION: 0' (implement) or 'DECISION: 1' (escalate).","Person 1 would rate Movie A higher because the difference in average ratings between the two unviewed movies (0.36) falls within the 0.30 to 0.50 range where the decision tree indicates a 67% preference for the higher-rated option, and Movie A has the higher average rating. PREDICTION: 1
","Since the decision tree indicates a 67% probability that Person 1 prefers the higher-rated movie (Movie A), and my prediction aligns with this statistical likelihood, implementing the recommendation is the appropriate course of action. DECISION: 0
",,,2026-05-27T14:28:11.654880
avg_diff_030_050,0,1,0,0,"Person 1 has reviewed the following movies:

- Rise of the Planet of the Apes (2011) (Action|Drama|Sci-Fi|Thriller): Rated 4.0/5
- Up (2009) (Adventure|Animation|Children|Drama): Rated 4.0/5
- Ratatouille (2007) (Animation|Children|Drama): Rated 4.5/5
- Matrix, The (1999) (Action|Sci-Fi|Thriller): Rated 4.5/5
- Schindler's List (1993) (Drama|War): Rated 4.0/5

Consider these two movies they have not seen:

- Movie A: WALL·E (2008) (Adventure|Animation|Children|Romance|Sci-Fi), average rating 4.01/5 (1235 ratings)
- Movie B: Terminal, The (2004) (Comedy|Drama|Romance), average rating 3.66/5 (427 ratings)

A decision tree trained on this dataset finds that when the two movies' average ratings differ by 0.30 to 0.50, users prefer the higher-rated movie 67% of the time.

TASK: Predict which movie Person 1 would rate higher. Explain your reasoning in 1 sentence. Then conclude with exactly 'PREDICTION: 1' (Movie A) or 'PREDICTION: 0' (Movie B).","You predicted Person 1's movie preference above.
TASK: Should we implement your prediction, or escalate to Person 1?
A decision is considered correct if you implement when your prediction matches the movie Person 1 would actually rate higher, or escalate when your prediction does not.
Explain your reasoning in 1-2 sentences, then conclude with exactly 'DECISION: 0' (implement) or 'DECISION: 1' (escalate).","Person 1 would rate Movie A higher because the difference in average ratings between the two unviewed movies (0.35) falls within the 0.30 to 0.50 range where the decision tree indicates a 67% preference for the higher-rated option, and Movie A has the higher average rating. PREDICTION: 1
","Since the decision tree indicates a 67% probability that Person 1 prefers the higher-rated movie (Movie A) based on the rating difference, and there is no specific information in their history suggesting they deviate from this general trend, implementing the prediction is the statistically sound choice. DECISION: 0
",,,2026-05-27T14:28:21.129802
avg_diff_030_050,1,1,1,0,"Person 1 has reviewed the following movies:

- Around the World in 80 Days (1956) (Adventure|Comedy): Rated 3.5/5
- Godfather: Part II, The (1974) (Crime|Drama): Rated 3.5/5
- Wallace & Gromit: The Wrong Trousers (1993) (Animation|Children|Comedy|Crime): Rated 4.0/5
- Mars Attacks! (1996) (Action|Comedy|Sci-Fi): Rated 4.0/5
- Pulp Fiction (1994) (Comedy|Crime|Drama|Thriller): Rated 4.5/5

Consider these two movies they have not seen:

- Movie A: Princess Mononoke (Mononoke-hime) (1997) (Action|Adventure|Animation|Drama|Fantasy), average rating 4.23/5 (556 ratings)
- Movie B: Little Miss Sunshine (2006) (Adventure|Comedy|Drama), average rating 3.85/5 (731 ratings)

A decision tree trained on this dataset finds that when the two movies' average ratings differ by 0.30 to 0.50, users prefer the higher-rated movie 67% of the time.

TASK: Predict which movie Person 1 would rate higher. Explain your reasoning in 1 sentence. Then conclude with exactly 'PREDICTION: 1' (Movie A) or 'PREDICTION: 0' (Movie B).","You predicted Person 1's movie preference above.
TASK: Should we implement your prediction, or escalate to Person 1?
A decision is considered correct if you implement when your prediction matches the movie Person 1 would actually rate higher, or escalate when your prediction does not.
Explain your reasoning in 1-2 sentences, then conclude with exactly 'DECISION: 0' (implement) or 'DECISION: 1' (escalate).","Person 1 would rate Movie A higher because the difference in average ratings between the two unviewed movies (4.23 - 3.85 = 0.38) falls within the 0.30 to 0.50 range where the decision tree indicates a 67% preference for the higher-rated option.

PREDICTION: 1
","Since the decision tree indicates a 67% probability that Person 1 prefers the higher-rated movie in this specific rating difference range, and my prediction aligns with that statistical likelihood, implementing the recommendation is the appropriate course of action.

DECISION: 0
",,,2026-05-27T14:28:30.290472
avg_diff_030_050,1,1,1,0,"Person 1 has reviewed the following movies:

- Onibaba (1964) (Drama|Horror|War): Rated 4.0/5
- Inside Llewyn Davis (2013) (Drama): Rated 3.0/5
- Rashomon (Rashômon) (1950) (Crime|Drama|Mystery): Rated 4.0/5
- Three Days of the Condor (3 Days of the Condor) (1975) (Drama|Mystery|Romance|Thriller): Rated 4.0/5
- Portrait of a Lady on Fire (2019) (Drama|Romance): Rated 4.5/5

Consider these two movies they have not seen:

- Movie A: Casablanca (1942) (Drama|Romance), average rating 4.19/5 (980 ratings)
- Movie B: Nosferatu the Vampyre (Nosferatu: Phantom der Nacht) (1979) (Horror), average rating 3.76/5 (43 ratings)

A decision tree trained on this dataset finds that when the two movies' average ratings differ by 0.30 to 0.50, users prefer the higher-rated movie 67% of the time.

TASK: Predict which movie Person 1 would rate higher. Explain your reasoning in 1 sentence. Then conclude with exactly 'PREDICTION: 1' (Movie A) or 'PREDICTION: 0' (Movie B).","You predicted Person 1's movie preference above.
TASK: Should we implement your prediction, or escalate to Person 1?
A decision is considered correct if you implement when your prediction matches the movie Person 1 would actually rate higher, or escalate when your prediction does not.
Explain your reasoning in 1-2 sentences, then conclude with exactly 'DECISION: 0' (implement) or 'DECISION: 1' (escalate).","Person 1 would rate Movie A higher because the difference in average ratings between the two unviewed movies (0.43) falls within the 0.30 to 0.50 range where the decision tree indicates a 67% preference for the higher-rated option, and Movie A has the higher rating. PREDICTION: 1
","Since the decision tree indicates a 67% probability that Person 1 prefers the higher-rated movie (Movie A) based on the rating difference, and there is no specific information in their history suggesting they deviate from this general trend for these specific films, implementing the prediction is the statistically sound choice. DECISION: 0
",,,2026-05-27T14:28:39.979292
avg_diff_030_050,1,1,1,0,"Person 1 has reviewed the following movies:

- Clueless (1995) (Comedy|Romance): Rated 4.0/5
- Snow White and the Seven Dwarfs (1937) (Animation|Children|Drama|Fantasy|Musical): Rated 4.0/5
- Sense and Sensibility (1995) (Drama|Romance): Rated 4.0/5
- Dolores Claiborne (1995) (Drama|Thriller): Rated 4.0/5
- Philadelphia (1993) (Drama): Rated 5.0/5

Consider these two movies they have not seen:

- Movie A: Clear and Present Danger (1994) (Action|Crime|Drama|Thriller), average rating 3.63/5 (977 ratings)
- Movie B: Black Beauty (1994) (Adventure|Children|Drama), average rating 3.13/5 (58 ratings)

A decision tree trained on this dataset finds that when the two movies' average ratings differ by 0.30 to 0.50, users prefer the higher-rated movie 67% of the time.

TASK: Predict which movie Person 1 would rate higher. Explain your reasoning in 1 sentence. Then conclude with exactly 'PREDICTION: 1' (Movie A) or 'PREDICTION: 0' (Movie B).","You predicted Person 1's movie preference above.
TASK: Should we implement your prediction, or escalate to Person 1?
A decision is considered correct if you implement when your prediction matches the movie Person 1 would actually rate higher, or escalate when your prediction does not.
Explain your reasoning in 1-2 sentences, then conclude with exactly 'DECISION: 0' (implement) or 'DECISION: 1' (escalate).","Person 1 would rate Movie A higher because the difference in average ratings between the two movies (0.50) falls within the 0.30 to 0.50 range where the decision tree indicates a 67% preference for the higher-rated option, and Movie A has a higher average rating (3.63) than Movie B (3.13).

PREDICTION: 1
","Since the decision tree indicates a 67% probability that Person 1 prefers the higher-rated movie in this specific rating difference range, and Movie A is indeed the higher-rated film, implementing the prediction is the statistically sound choice.

DECISION: 0
",,,2026-05-27T14:28:49.607573
avg_diff_030_050,0,1,0,0,"Person 1 has reviewed the following movies:

- E.T. the Extra-Terrestrial (1982) (Children|Drama|Sci-Fi): Rated 5.0/5
- Clockwork Orange, A (1971) (Crime|Drama|Sci-Fi|Thriller): Rated 5.0/5
- Dr. No (1962) (Action|Adventure|Thriller): Rated 5.0/5
- Fugitive, The (1993) (Thriller): Rated 5.0/5
- Predator (1987) (Action|Sci-Fi|Thriller): Rated 5.0/5

Consider these two movies they have not seen:

- Movie A: Monty Python and the Holy Grail (1975) (Adventure|Comedy|Fantasy), average rating 4.15/5 (1419 ratings)
- Movie B: Abyss, The (1989) (Action|Adventure|Sci-Fi|Thriller), average rating 3.67/5 (634 ratings)

A decision tree trained on this dataset finds that when the two movies' average ratings differ by 0.30 to 0.50, users prefer the higher-rated movie 67% of the time.

TASK: Predict which movie Person 1 would rate higher. Explain your reasoning in 1 sentence. Then conclude with exactly 'PREDICTION: 1' (Movie A) or 'PREDICTION: 0' (Movie B).","You predicted Person 1's movie preference above.
TASK: Should we implement your prediction, or escalate to Person 1?
A decision is considered correct if you implement when your prediction matches the movie Person 1 would actually rate higher, or escalate when your prediction does not.
Explain your reasoning in 1-2 sentences, then conclude with exactly 'DECISION: 0' (implement) or 'DECISION: 1' (escalate).","Person 1 has only rated movies with a perfect 5.0 score, indicating a strong preference for high-quality films, which makes them likely to rate the higher-rated movie (Movie A at 4.15) over the lower-rated one (Movie B at 3.67) given the 0.48 difference falls within the 0.30 to 0.50 range where the higher-rated option is preferred 67% of the time.

PREDICTION: 1
","Since Person 1 has exclusively rated movies with a perfect 5.0 score, they likely have a very high threshold for quality and would almost certainly prefer the movie with the higher average rating (Movie A) over the lower-rated one (Movie B). Therefore, implementing the prediction based on the statistical trend is the correct course of action.

DECISION: 0
",,,2026-05-27T14:29:01.821897
avg_diff_030_050,0,1,0,0,"Person 1 has reviewed the following movies:

- Jungle Book, The (1994) (Adventure|Children|Romance): Rated 2.0/5
- Joy Luck Club, The (1993) (Drama|Romance): Rated 1.0/5
- Liar Liar (1997) (Comedy): Rated 5.0/5
- What's Eating Gilbert Grape (1993) (Drama): Rated 4.0/5
- Stepmom (1998) (Drama): Rated 3.0/5

Consider these two movies they have not seen:

- Movie A: Fried Green Tomatoes (1991) (Comedy|Crime|Drama), average rating 3.66/5 (296 ratings)
- Movie B: In & Out (1997) (Comedy), average rating 3.27/5 (141 ratings)

A decision tree trained on this dataset finds that when the two movies' average ratings differ by 0.30 to 0.50, users prefer the higher-rated movie 67% of the time.

TASK: Predict which movie Person 1 would rate higher. Explain your reasoning in 1 sentence. Then conclude with exactly 'PREDICTION: 1' (Movie A) or 'PREDICTION: 0' (Movie B).","You predicted Person 1's movie preference above.
TASK: Should we implement your prediction, or escalate to Person 1?
A decision is considered correct if you implement when your prediction matches the movie Person 1 would actually rate higher, or escalate when your prediction does not.
Explain your reasoning in 1-2 sentences, then conclude with exactly 'DECISION: 0' (implement) or 'DECISION: 1' (escalate).","Person 1 would rate Movie A higher because the difference in average ratings between the two movies (0.39) falls within the 0.30 to 0.50 range where users prefer the higher-rated film, and Movie A has a higher average rating (3.66) than Movie B (3.27).

PREDICTION: 1
","Since the decision tree indicates a 67% probability that Person 1 prefers the higher-rated movie within this specific rating difference range, and Movie A is indeed the higher-rated option, implementing the prediction is the statistically sound choice.

DECISION: 0
",,,2026-05-27T14:29:10.855221
avg_diff_030_050,1,1,1,0,"Person 1 has reviewed the following movies:

- National Lampoon's Vacation (1983) (Comedy): Rated 3.5/5
- Eve of Destruction (1991) (Action|Sci-Fi|Thriller): Rated 1.0/5
- Muriel's Wedding (1994) (Comedy): Rated 3.0/5
- Gods and Generals (2003) (Action|Drama|War): Rated 2.0/5
- M*A*S*H (a.k.a. MASH) (1970) (Comedy|Drama|War): Rated 3.5/5

Consider these two movies they have not seen:

- Movie A: Casablanca (1942) (Drama|Romance), average rating 4.19/5 (980 ratings)
- Movie B: Few Good Men, A (1992) (Crime|Drama|Thriller), average rating 3.86/5 (612 ratings)

A decision tree trained on this dataset finds that when the two movies' average ratings differ by 0.30 to 0.50, users prefer the higher-rated movie 67% of the time.

TASK: Predict which movie Person 1 would rate higher. Explain your reasoning in 1 sentence. Then conclude with exactly 'PREDICTION: 1' (Movie A) or 'PREDICTION: 0' (Movie B).","You predicted Person 1's movie preference above.
TASK: Should we implement your prediction, or escalate to Person 1?
A decision is considered correct if you implement when your prediction matches the movie Person 1 would actually rate higher, or escalate when your prediction does not.
Explain your reasoning in 1-2 sentences, then conclude with exactly 'DECISION: 0' (implement) or 'DECISION: 1' (escalate).","Person 1 would rate Movie A higher because the difference in average ratings between the two candidates (0.33) falls within the 0.30 to 0.50 range where the decision tree indicates a 67% preference for the movie with the higher rating.

PREDICTION: 1
","Since the decision tree indicates a 67% probability that Person 1 prefers the higher-rated movie (Movie A), and my prediction aligns with this statistical likelihood, implementing the recommendation is the appropriate course of action.

DECISION: 0
",,,2026-05-27T14:29:19.006569
avg_diff_030_050,1,1,1,0,"Person 1 has reviewed the following movies:

- Mummy, The (1999) (Action|Adventure|Comedy|Fantasy|Horror|Thriller): Rated 4.0/5
- Jaws (1975) (Action|Horror): Rated 3.5/5
- Me, Myself & Irene (2000) (Adventure|Comedy): Rated 4.0/5
- A.I. Artificial Intelligence (2001) (Adventure|Drama|Sci-Fi): Rated 5.0/5
- Moulin Rouge (2001) (Drama|Musical|Romance): Rated 3.0/5

Consider these two movies they have not seen:

- Movie A: Green Mile, The (1999) (Crime|Drama), average rating 4.06/5 (1262 ratings)
- Movie B: Rounders (1998) (Drama), average rating 3.74/5 (237 ratings)

A decision tree trained on this dataset finds that when the two movies' average ratings differ by 0.30 to 0.50, users prefer the higher-rated movie 67% of the time.

TASK: Predict which movie Person 1 would rate higher. Explain your reasoning in 1 sentence. Then conclude with exactly 'PREDICTION: 1' (Movie A) or 'PREDICTION: 0' (Movie B).","You predicted Person 1's movie preference above.
TASK: Should we implement your prediction, or escalate to Person 1?
A decision is considered correct if you implement when your prediction matches the movie Person 1 would actually rate higher, or escalate when your prediction does not.
Explain your reasoning in 1-2 sentences, then conclude with exactly 'DECISION: 0' (implement) or 'DECISION: 1' (escalate).","Person 1 would rate Movie A higher because the difference in average ratings between the two unviewed movies (0.32) falls within the 0.30 to 0.50 range where the decision tree indicates a 67% preference for the higher-rated option, and Movie A has the higher average rating. PREDICTION: 1
","Since the decision tree indicates a 67% probability that Person 1 prefers the higher-rated movie (Movie A), and my prediction aligns with this statistical likelihood, implementing the recommendation is the appropriate course of action. DECISION: 0
",,,2026-05-27T14:29:27.661131
avg_diff_030_050,0,1,0,0,"Person 1 has reviewed the following movies:

- Shadow of the Vampire (2000) (Drama|Horror): Rated 3.0/5
- Virgin Suicides, The (1999) (Drama|Romance): Rated 4.0/5
- American Pie 2 (2001) (Comedy): Rated 3.5/5
- Malcolm X (1992) (Drama): Rated 4.0/5
- Here on Earth (2000) (Drama|Romance): Rated 1.0/5

Consider these two movies they have not seen:

- Movie A: Rain Man (1988) (Drama), average rating 3.93/5 (1068 ratings)
- Movie B: Confessions of a Dangerous Mind (2002) (Comedy|Crime|Drama|Thriller), average rating 3.55/5 (103 ratings)

A decision tree trained on this dataset finds that when the two movies' average ratings differ by 0.30 to 0.50, users prefer the higher-rated movie 67% of the time.

TASK: Predict which movie Person 1 would rate higher. Explain your reasoning in 1 sentence. Then conclude with exactly 'PREDICTION: 1' (Movie A) or 'PREDICTION: 0' (Movie B).","You predicted Person 1's movie preference above.
TASK: Should we implement your prediction, or escalate to Person 1?
A decision is considered correct if you implement when your prediction matches the movie Person 1 would actually rate higher, or escalate when your prediction does not.
Explain your reasoning in 1-2 sentences, then conclude with exactly 'DECISION: 0' (implement) or 'DECISION: 1' (escalate).","Person 1 would rate Movie A higher because the difference in average ratings between Movie A (3.93) and Movie B (3.55) is 0.38, which falls within the 0.30 to 0.50 range where users prefer the higher-rated movie.

PREDICTION: 1
","Since the decision tree indicates a 67% probability that Person 1 prefers the higher-rated movie in this specific rating difference range, and Movie A is indeed the higher-rated film, implementing the prediction is the statistically sound choice.

DECISION: 0
",,,2026-05-27T14:29:36.270817
avg_diff_030_050,1,1,1,0,"Person 1 has reviewed the following movies:

- Dances with Wolves (1990) (Adventure|Drama|Western): Rated 5.0/5
- Batman (1989) (Action|Crime|Thriller): Rated 4.0/5
- Brady Bunch Movie, The (1995) (Comedy): Rated 4.0/5
- Unforgettable (1996) (Mystery|Sci-Fi|Thriller): Rated 4.0/5
- Under Siege 2: Dark Territory (1995) (Action): Rated 3.0/5

Consider these two movies they have not seen:

- Movie A: Clueless (1995) (Comedy|Romance), average rating 3.51/5 (910 ratings)
- Movie B: Disclosure (1994) (Drama|Thriller), average rating 3.20/5 (401 ratings)

A decision tree trained on this dataset finds that when the two movies' average ratings differ by 0.30 to 0.50, users prefer the higher-rated movie 67% of the time.

TASK: Predict which movie Person 1 would rate higher. Explain your reasoning in 1 sentence. Then conclude with exactly 'PREDICTION: 1' (Movie A) or 'PREDICTION: 0' (Movie B).","You predicted Person 1's movie preference above.
TASK: Should we implement your prediction, or escalate to Person 1?
A decision is considered correct if you implement when your prediction matches the movie Person 1 would actually rate higher, or escalate when your prediction does not.
Explain your reasoning in 1-2 sentences, then conclude with exactly 'DECISION: 0' (implement) or 'DECISION: 1' (escalate).","Person 1 would rate Movie A higher because the difference in average ratings between the two unwatched movies (0.31) falls within the 0.30 to 0.50 range where the decision tree indicates a 67% preference for the higher-rated option, and Movie A has the higher average rating. PREDICTION: 1
","Since the decision tree indicates a 67% probability that Person 1 prefers the higher-rated movie (Movie A), and my prediction aligns with this statistical likelihood, implementing the recommendation is the appropriate course of action. DECISION: 0
",,,2026-05-27T14:29:44.915490
avg_diff_030_050,1,1,1,0,"Person 1 has reviewed the following movies:

- Beauty and the Beast (1991) (Animation|Children|Fantasy|Musical|Romance|IMAX): Rated 4.5/5
- Finding Nemo (2003) (Adventure|Animation|Children|Comedy): Rated 3.5/5
- You've Got Mail (1998) (Comedy|Romance): Rated 3.0/5
- Nightmare Before Christmas, The (1993) (Animation|Children|Fantasy|Musical): Rated 4.5/5
- 101 Dalmatians (1996) (Adventure|Children|Comedy): Rated 3.5/5

Consider these two movies they have not seen:

- Movie A: Rebel Without a Cause (1955) (Drama), average rating 3.84/5 (228 ratings)
- Movie B: Miracle on 34th Street (1994) (Drama), average rating 3.46/5 (312 ratings)

A decision tree trained on this dataset finds that when the two movies' average ratings differ by 0.30 to 0.50, users prefer the higher-rated movie 67% of the time.

TASK: Predict which movie Person 1 would rate higher. Explain your reasoning in 1 sentence. Then conclude with exactly 'PREDICTION: 1' (Movie A) or 'PREDICTION: 0' (Movie B).","You predicted Person 1's movie preference above.
TASK: Should we implement your prediction, or escalate to Person 1?
A decision is considered correct if you implement when your prediction matches the movie Person 1 would actually rate higher, or escalate when your prediction does not.
Explain your reasoning in 1-2 sentences, then conclude with exactly 'DECISION: 0' (implement) or 'DECISION: 1' (escalate).","Person 1 would likely rate Movie A higher because the 0.38 difference in average ratings between the two unviewed films falls within the 0.30 to 0.50 range where the decision tree indicates a 67% preference for the movie with the higher rating.

PREDICTION: 1
","Since the decision tree indicates a 67% probability that Person 1 prefers the higher-rated movie (Movie A), and my prediction aligns with this statistical likelihood, implementing the recommendation is the appropriate course of action.

DECISION: 0
",,,2026-05-27T14:29:53.286029
avg_diff_030_050,0,1,0,0,"Person 1 has reviewed the following movies:

- Superman III (1983) (Action|Adventure|Sci-Fi): Rated 2.0/5
- Star Trek V: The Final Frontier (1989) (Action|Sci-Fi): Rated 2.0/5
- Little Shop of Horrors (1986) (Comedy|Horror|Musical): Rated 3.0/5
- Species (1995) (Horror|Sci-Fi): Rated 3.0/5
- Raiders of the Lost Ark (Indiana Jones and the Raiders of the Lost Ark) (1981) (Action|Adventure): Rated 5.0/5

Consider these two movies they have not seen:

- Movie A: Men in Black (a.k.a. MIB) (1997) (Action|Comedy|Sci-Fi), average rating 3.57/5 (1473 ratings)
- Movie B: Last Days of Disco, The (1998) (Comedy|Drama), average rating 3.26/5 (53 ratings)

A decision tree trained on this dataset finds that when the two movies' average ratings differ by 0.30 to 0.50, users prefer the higher-rated movie 67% of the time.

TASK: Predict which movie Person 1 would rate higher. Explain your reasoning in 1 sentence. Then conclude with exactly 'PREDICTION: 1' (Movie A) or 'PREDICTION: 0' (Movie B).","You predicted Person 1's movie preference above.
TASK: Should we implement your prediction, or escalate to Person 1?
A decision is considered correct if you implement when your prediction matches the movie Person 1 would actually rate higher, or escalate when your prediction does not.
Explain your reasoning in 1-2 sentences, then conclude with exactly 'DECISION: 0' (implement) or 'DECISION: 1' (escalate).","Person 1 would rate Movie A higher because the difference in average ratings between the two unviewed movies (0.31) falls within the 0.30 to 0.50 range where the decision tree indicates a 67% preference for the higher-rated option, and Movie A has the higher average rating. PREDICTION: 1
","Since the decision tree indicates a 67% probability that Person 1 prefers the higher-rated movie (Movie A) based on the rating difference, and there is no specific information in their history suggesting they dislike high-rated sci-fi comedies, implementing the prediction is the statistically sound choice. DECISION: 0
",,,2026-05-27T14:30:02.848202
avg_diff_030_050,1,1,1,0,"Person 1 has reviewed the following movies:

- Jumanji (1995) (Adventure|Children|Fantasy): Rated 1.5/5
- Ace Ventura: When Nature Calls (1995) (Comedy): Rated 1.0/5
- Sixth Sense, The (1999) (Drama|Horror|Mystery): Rated 4.5/5
- Born into Brothels (2004) (Documentary): Rated 4.5/5
- Beetlejuice (1988) (Comedy|Fantasy): Rated 4.5/5

Consider these two movies they have not seen:

- Movie A: Big (1988) (Comedy|Drama|Fantasy|Romance), average rating 3.57/5 (752 ratings)
- Movie B: Demolition Man (1993) (Action|Adventure|Sci-Fi), average rating 3.11/5 (657 ratings)

A decision tree trained on this dataset finds that when the two movies' average ratings differ by 0.30 to 0.50, users prefer the higher-rated movie 67% of the time.

TASK: Predict which movie Person 1 would rate higher. Explain your reasoning in 1 sentence. Then conclude with exactly 'PREDICTION: 1' (Movie A) or 'PREDICTION: 0' (Movie B).","You predicted Person 1's movie preference above.
TASK: Should we implement your prediction, or escalate to Person 1?
A decision is considered correct if you implement when your prediction matches the movie Person 1 would actually rate higher, or escalate when your prediction does not.
Explain your reasoning in 1-2 sentences, then conclude with exactly 'DECISION: 0' (implement) or 'DECISION: 1' (escalate).","Person 1 would rate Movie A higher because the difference in average ratings between Movie A (3.57) and Movie B (3.11) is 0.46, which falls within the 0.30 to 0.50 range where users prefer the higher-rated movie 67% of the time.

PREDICTION: 1
","Since the decision tree indicates a 67% probability that Person 1 prefers the higher-rated movie in this specific rating difference range, implementing the prediction is the statistically sound choice rather than escalating to the user.

DECISION: 0
",,,2026-05-27T14:30:11.633783
avg_diff_030_050,1,1,1,0,"Person 1 has reviewed the following movies:

- Man on Fire (2004) (Action|Crime|Drama|Mystery|Thriller): Rated 5.0/5
- Remember the Titans (2000) (Drama): Rated 5.0/5
- Help, The (2011) (Drama): Rated 5.0/5
- Walk to Remember, A (2002) (Drama|Romance): Rated 4.5/5
- Fifty Shades of Grey (2015) (Drama|Romance): Rated 3.5/5

Consider these two movies they have not seen:

- Movie A: Precious (2009) (Drama), average rating 3.50/5 (55 ratings)
- Movie B: Monster-in-Law (2005) (Comedy|Romance), average rating 3.07/5 (44 ratings)

A decision tree trained on this dataset finds that when the two movies' average ratings differ by 0.30 to 0.50, users prefer the higher-rated movie 67% of the time.

TASK: Predict which movie Person 1 would rate higher. Explain your reasoning in 1 sentence. Then conclude with exactly 'PREDICTION: 1' (Movie A) or 'PREDICTION: 0' (Movie B).","You predicted Person 1's movie preference above.
TASK: Should we implement your prediction, or escalate to Person 1?
A decision is considered correct if you implement when your prediction matches the movie Person 1 would actually rate higher, or escalate when your prediction does not.
Explain your reasoning in 1-2 sentences, then conclude with exactly 'DECISION: 0' (implement) or 'DECISION: 1' (escalate).","Person 1 would rate Movie A higher because the difference in average ratings between Movie A (3.50) and Movie B (3.07) is 0.43, which falls within the 0.30 to 0.50 range where users prefer the higher-rated movie.

PREDICTION: 1
","Since the decision tree indicates a 67% probability that Person 1 prefers the higher-rated movie in this specific rating difference range, and Movie A is indeed the higher-rated option, implementing the prediction is the statistically sound choice.

DECISION: 0
",,,2026-05-27T14:30:20.229084
avg_diff_030_050,1,1,1,0,"Person 1 has reviewed the following movies:

- Alien (1979) (Horror|Sci-Fi): Rated 4.0/5
- Die Hard (1988) (Action|Crime|Thriller): Rated 3.5/5
- Eternal Sunshine of the Spotless Mind (2004) (Drama|Romance|Sci-Fi): Rated 3.0/5
- Superman (1978) (Action|Adventure|Sci-Fi): Rated 3.5/5
- I, Robot (2004) (Action|Adventure|Sci-Fi|Thriller): Rated 3.5/5

Consider these two movies they have not seen:

- Movie A: A.I. Artificial Intelligence (2001) (Adventure|Drama|Sci-Fi), average rating 3.23/5 (504 ratings)
- Movie B: Escape from L.A. (1996) (Action|Adventure|Sci-Fi|Thriller), average rating 2.76/5 (271 ratings)

A decision tree trained on this dataset finds that when the two movies' average ratings differ by 0.30 to 0.50, users prefer the higher-rated movie 67% of the time.

TASK: Predict which movie Person 1 would rate higher. Explain your reasoning in 1 sentence. Then conclude with exactly 'PREDICTION: 1' (Movie A) or 'PREDICTION: 0' (Movie B).","You predicted Person 1's movie preference above.
TASK: Should we implement your prediction, or escalate to Person 1?
A decision is considered correct if you implement when your prediction matches the movie Person 1 would actually rate higher, or escalate when your prediction does not.
Explain your reasoning in 1-2 sentences, then conclude with exactly 'DECISION: 0' (implement) or 'DECISION: 1' (escalate).","Person 1 would rate Movie A higher because the difference in average ratings between the two unviewed movies (0.47) falls within the 0.30 to 0.50 range where the decision tree indicates a 67% preference for the higher-rated option, and Movie A has the higher average rating. PREDICTION: 1
","Since the decision tree indicates a 67% probability that Person 1 prefers the higher-rated movie (Movie A), and my prediction aligns with this statistical likelihood, implementing the recommendation is the appropriate course of action. DECISION: 0
",,,2026-05-27T14:30:28.906806
avg_diff_030_050,1,1,1,0,"Person 1 has reviewed the following movies:

- Big Hero 6 (2014) (Action|Animation|Comedy): Rated 4.0/5
- Django Unchained (2012) (Action|Drama|Western): Rated 4.5/5
- I Am Legend (2007) (Action|Horror|Sci-Fi|Thriller|IMAX): Rated 2.0/5
- Watchmen (2009) (Action|Drama|Mystery|Sci-Fi|Thriller|IMAX): Rated 2.0/5
- John Carter (2012) (Action|Adventure|Sci-Fi|IMAX): Rated 4.0/5

Consider these two movies they have not seen:

- Movie A: Now You See Me 2 (2016) (Action|Comedy|Thriller), average rating 3.55/5 (153 ratings)
- Movie B: White House Down (2013) (Action|Drama|Thriller|IMAX), average rating 3.23/5 (67 ratings)

A decision tree trained on this dataset finds that when the two movies' average ratings differ by 0.30 to 0.50, users prefer the higher-rated movie 67% of the time.

TASK: Predict which movie Person 1 would rate higher. Explain your reasoning in 1 sentence. Then conclude with exactly 'PREDICTION: 1' (Movie A) or 'PREDICTION: 0' (Movie B).","You predicted Person 1's movie preference above.
TASK: Should we implement your prediction, or escalate to Person 1?
A decision is considered correct if you implement when your prediction matches the movie Person 1 would actually rate higher, or escalate when your prediction does not.
Explain your reasoning in 1-2 sentences, then conclude with exactly 'DECISION: 0' (implement) or 'DECISION: 1' (escalate).","Person 1 would likely rate Movie A higher because the difference in average ratings between the two unviewed movies (0.32) falls within the 0.30 to 0.50 range where the decision tree indicates a 67% preference for the higher-rated option, and Movie A has the higher average rating. PREDICTION: 1
","Since the decision tree indicates a 67% probability that Person 1 prefers the higher-rated movie (Movie A), and there is no specific data suggesting Person 1 deviates from this general trend, implementing the prediction is the statistically sound choice. DECISION: 0
",,,2026-05-27T14:30:38.031885
avg_diff_030_050,1,1,1,0,"Person 1 has reviewed the following movies:

- Cocoon (1985) (Comedy|Sci-Fi): Rated 3.0/5
- Perfect Storm, The (2000) (Drama|Thriller): Rated 1.5/5
- Taxi Driver (1976) (Crime|Drama|Thriller): Rated 5.0/5
- 1492: Conquest of Paradise (1992) (Adventure|Drama): Rated 2.5/5
- Raging Bull (1980) (Drama): Rated 5.0/5

Consider these two movies they have not seen:

- Movie A: Come and See (Idi i smotri) (1985) (Drama|War), average rating 4.41/5 (46 ratings)
- Movie B: Gandhi (1982) (Drama), average rating 4.03/5 (358 ratings)

A decision tree trained on this dataset finds that when the two movies' average ratings differ by 0.30 to 0.50, users prefer the higher-rated movie 67% of the time.

TASK: Predict which movie Person 1 would rate higher. Explain your reasoning in 1 sentence. Then conclude with exactly 'PREDICTION: 1' (Movie A) or 'PREDICTION: 0' (Movie B).","You predicted Person 1's movie preference above.
TASK: Should we implement your prediction, or escalate to Person 1?
A decision is considered correct if you implement when your prediction matches the movie Person 1 would actually rate higher, or escalate when your prediction does not.
Explain your reasoning in 1-2 sentences, then conclude with exactly 'DECISION: 0' (implement) or 'DECISION: 1' (escalate).","Person 1 would rate Movie A higher because the difference in average ratings between the two unviewed films (0.41) falls within the 0.30 to 0.50 range where the decision tree indicates a 67% preference for the movie with the higher rating.

PREDICTION: 1
","Since the decision tree indicates a 67% probability that Person 1 prefers the higher-rated movie (Movie A), and my prediction aligns with this statistical likelihood, implementing the recommendation is the appropriate course of action.

DECISION: 0
",,,2026-05-27T14:30:46.380389
avg_diff_030_050,1,1,1,0,"Person 1 has reviewed the following movies:

- Thin Red Line, The (1998) (Action|Drama|War): Rated 4.0/5
- Star Wars: Episode I - The Phantom Menace (1999) (Action|Adventure|Sci-Fi): Rated 2.0/5
- Eastern Promises (2007) (Crime|Drama|Thriller): Rated 4.0/5
- Fugitive, The (1993) (Thriller): Rated 4.0/5
- Fargo (1996) (Comedy|Crime|Drama|Thriller): Rated 4.5/5

Consider these two movies they have not seen:

- Movie A: Pulp Fiction (1994) (Comedy|Crime|Drama|Thriller), average rating 4.18/5 (3047 ratings)
- Movie B: Jurassic Park (1993) (Action|Adventure|Sci-Fi|Thriller), average rating 3.70/5 (2301 ratings)

A decision tree trained on this dataset finds that when the two movies' average ratings differ by 0.30 to 0.50, users prefer the higher-rated movie 67% of the time.

TASK: Predict which movie Person 1 would rate higher. Explain your reasoning in 1 sentence. Then conclude with exactly 'PREDICTION: 1' (Movie A) or 'PREDICTION: 0' (Movie B).","You predicted Person 1's movie preference above.
TASK: Should we implement your prediction, or escalate to Person 1?
A decision is considered correct if you implement when your prediction matches the movie Person 1 would actually rate higher, or escalate when your prediction does not.
Explain your reasoning in 1-2 sentences, then conclude with exactly 'DECISION: 0' (implement) or 'DECISION: 1' (escalate).","Person 1 would rate Movie A higher because the difference between the average ratings of Movie A (4.18) and Movie B (3.70) is 0.48, which falls within the 0.30 to 0.50 range where users prefer the higher-rated movie.

PREDICTION: 1
","Since the decision tree indicates a 67% probability that Person 1 prefers the higher-rated movie in this specific rating difference range, and our prediction aligns with that statistical likelihood, we should proceed with implementing the recommendation rather than escalating.

DECISION: 0
",,,2026-05-27T14:30:55.172099
avg_diff_030_050,1,1,1,0,"Person 1 has reviewed the following movies:

- Star Wars: Episode VII - The Force Awakens (2015) (Action|Adventure|Fantasy|Sci-Fi|IMAX): Rated 1.5/5
- GoldenEye (1995) (Action|Adventure|Thriller): Rated 3.5/5
- Ferris Bueller's Day Off (1986) (Comedy): Rated 4.0/5
- Naked Gun 2 1/2: The Smell of Fear, The (1991) (Comedy): Rated 4.0/5
- V for Vendetta (2006) (Action|Sci-Fi|Thriller|IMAX): Rated 4.0/5

Consider these two movies they have not seen:

- Movie A: Following (1998) (Crime|Mystery|Thriller), average rating 3.75/5 (61 ratings)
- Movie B: I Love You Phillip Morris (2009) (Comedy|Drama|Romance), average rating 3.32/5 (47 ratings)

A decision tree trained on this dataset finds that when the two movies' average ratings differ by 0.30 to 0.50, users prefer the higher-rated movie 67% of the time.

TASK: Predict which movie Person 1 would rate higher. Explain your reasoning in 1 sentence. Then conclude with exactly 'PREDICTION: 1' (Movie A) or 'PREDICTION: 0' (Movie B).","You predicted Person 1's movie preference above.
TASK: Should we implement your prediction, or escalate to Person 1?
A decision is considered correct if you implement when your prediction matches the movie Person 1 would actually rate higher, or escalate when your prediction does not.
Explain your reasoning in 1-2 sentences, then conclude with exactly 'DECISION: 0' (implement) or 'DECISION: 1' (escalate).","Person 1 would rate Movie A higher because the difference between their ratings (3.75 - 3.32 = 0.43) falls within the 0.30 to 0.50 range where the decision tree indicates a 67% preference for the movie with the higher average rating.

PREDICTION: 1
","Since the decision tree indicates a 67% probability that Person 1 prefers the higher-rated movie in this specific rating difference range, and my prediction aligns with that statistical likelihood, implementing the recommendation is the logical course of action.

DECISION: 0
",,,2026-05-27T14:31:04.076677
avg_diff_030_050,0,1,0,0,"Person 1 has reviewed the following movies:

- Twin Falls Idaho (1999) (Drama): Rated 2.0/5
- Hilary and Jackie (1998) (Drama): Rated 4.0/5
- Fargo (1996) (Comedy|Crime|Drama|Thriller): Rated 5.0/5
- Fugitive, The (1993) (Thriller): Rated 4.0/5
- Night on Earth (1991) (Comedy|Drama): Rated 5.0/5

Consider these two movies they have not seen:

- Movie A: Blade (1998) (Action|Horror|Thriller), average rating 3.39/5 (497 ratings)
- Movie B: Blair Witch Project, The (1999) (Drama|Horror|Thriller), average rating 2.95/5 (697 ratings)

A decision tree trained on this dataset finds that when the two movies' average ratings differ by 0.30 to 0.50, users prefer the higher-rated movie 67% of the time.

TASK: Predict which movie Person 1 would rate higher. Explain your reasoning in 1 sentence. Then conclude with exactly 'PREDICTION: 1' (Movie A) or 'PREDICTION: 0' (Movie B).","You predicted Person 1's movie preference above.
TASK: Should we implement your prediction, or escalate to Person 1?
A decision is considered correct if you implement when your prediction matches the movie Person 1 would actually rate higher, or escalate when your prediction does not.
Explain your reasoning in 1-2 sentences, then conclude with exactly 'DECISION: 0' (implement) or 'DECISION: 1' (escalate).","Person 1 would rate Movie A higher because their personal history shows a strong preference for thrillers and horror elements (evidenced by high ratings for *Fargo*, *The Fugitive*, and *Night on Earth*), whereas Movie B is a horror film with a significantly lower average rating that falls outside the specific 0.30 to 0.50 rating difference threshold where the model predicts a preference for the higher-rated option.

PREDICTION: 1
","Since the decision tree explicitly states that when the rating difference falls between 0.30 and 0.50, users prefer the higher-rated movie, and Movie A (3.39) is indeed higher than Movie B (2.95) by exactly 0.44, the prediction that Person 1 will choose Movie A is statistically sound based on the provided model logic. Therefore, we should implement the prediction rather than escalate.

DECISION: 0
",,,2026-05-27T14:31:17.322649
avg_diff_030_050,0,1,0,0,"Person 1 has reviewed the following movies:

- Princess Bride, The (1987) (Action|Adventure|Comedy|Fantasy|Romance): Rated 4.0/5
- Star Wars: Episode V - The Empire Strikes Back (1980) (Action|Adventure|Sci-Fi): Rated 5.0/5
- Back to the Future (1985) (Adventure|Comedy|Sci-Fi): Rated 4.0/5
- Lord of the Rings: The Fellowship of the Ring, The (2001) (Adventure|Fantasy): Rated 4.5/5
- Inception (2010) (Action|Crime|Drama|Mystery|Sci-Fi|Thriller|IMAX): Rated 5.0/5

Consider these two movies they have not seen:

- Movie A: Spirited Away (Sen to Chihiro no kamikakushi) (2001) (Adventure|Animation|Fantasy), average rating 4.25/5 (1049 ratings)
- Movie B: Ratatouille (2007) (Animation|Children|Drama), average rating 3.82/5 (875 ratings)

A decision tree trained on this dataset finds that when the two movies' average ratings differ by 0.30 to 0.50, users prefer the higher-rated movie 67% of the time.

TASK: Predict which movie Person 1 would rate higher. Explain your reasoning in 1 sentence. Then conclude with exactly 'PREDICTION: 1' (Movie A) or 'PREDICTION: 0' (Movie B).","You predicted Person 1's movie preference above.
TASK: Should we implement your prediction, or escalate to Person 1?
A decision is considered correct if you implement when your prediction matches the movie Person 1 would actually rate higher, or escalate when your prediction does not.
Explain your reasoning in 1-2 sentences, then conclude with exactly 'DECISION: 0' (implement) or 'DECISION: 1' (escalate).","Person 1 would rate Movie A higher because the difference in average ratings between the two unviewed movies (0.43) falls within the 0.30 to 0.50 range where the decision tree indicates a 67% preference for the higher-rated option, and Movie A has the higher average rating. PREDICTION: 1
","Since the decision tree indicates a 67% probability that Person 1 prefers the higher-rated movie (Movie A) based on the rating difference, and there is no specific data suggesting Person 1 dislikes animation or high ratings, implementing the prediction is the statistically sound choice. DECISION: 0
",,,2026-05-27T14:31:26.663465
avg_diff_030_050,0,1,0,0,"Person 1 has reviewed the following movies:

- Girl Who Leapt Through Time, The (Toki o kakeru shôjo) (2006) (Animation|Comedy|Drama|Romance|Sci-Fi): Rated 3.0/5
- Fifth Element, The (1997) (Action|Adventure|Comedy|Sci-Fi): Rated 3.5/5
- Girl on the Bridge, The (Fille sur le pont, La) (1999) (Drama|Romance): Rated 3.5/5
- Scary Movie 4 (2006) (Comedy|Horror): Rated 1.0/5
- Deer Hunter, The (1978) (Drama|War): Rated 3.5/5

Consider these two movies they have not seen:

- Movie A: Akira (1988) (Action|Adventure|Animation|Sci-Fi), average rating 3.98/5 (357 ratings)
- Movie B: Начальник ((no genres listed)), average rating 3.50/5 (1 ratings)

A decision tree trained on this dataset finds that when the two movies' average ratings differ by 0.30 to 0.50, users prefer the higher-rated movie 67% of the time.

TASK: Predict which movie Person 1 would rate higher. Explain your reasoning in 1 sentence. Then conclude with exactly 'PREDICTION: 1' (Movie A) or 'PREDICTION: 0' (Movie B).","You predicted Person 1's movie preference above.
TASK: Should we implement your prediction, or escalate to Person 1?
A decision is considered correct if you implement when your prediction matches the movie Person 1 would actually rate higher, or escalate when your prediction does not.
Explain your reasoning in 1-2 sentences, then conclude with exactly 'DECISION: 0' (implement) or 'DECISION: 1' (escalate).","Person 1 would rate Movie A higher because the difference between their highest rated movie (3.5) and Movie A's average (3.98) falls within the 0.30 to 0.50 range where the decision tree indicates a strong preference for the higher-rated option.

PREDICTION: 1
","Since the decision tree indicates a 67% probability that Person 1 prefers the higher-rated movie within the specific rating difference range, and our prediction aligns with this statistical likelihood, we should proceed with implementing the recommendation rather than escalating.

DECISION: 0
",,,2026-05-27T14:31:35.249351
avg_diff_030_050,1,1,1,0,"Person 1 has reviewed the following movies:

- 2001: A Space Odyssey (1968) (Adventure|Drama|Sci-Fi): Rated 4.5/5
- Star Wars: Episode II - Attack of the Clones (2002) (Action|Adventure|Sci-Fi|IMAX): Rated 2.5/5
- Amelie (Fabuleux destin d'Amélie Poulain, Le) (2001) (Comedy|Romance): Rated 4.0/5
- Clockwork Orange, A (1971) (Crime|Drama|Sci-Fi|Thriller): Rated 5.0/5
- Dancer in the Dark (2000) (Drama|Musical): Rated 5.0/5

Consider these two movies they have not seen:

- Movie A: Volver (2006) (Comedy|Drama), average rating 3.74/5 (100 ratings)
- Movie B: American Pie (1999) (Comedy|Romance), average rating 3.28/5 (916 ratings)

A decision tree trained on this dataset finds that when the two movies' average ratings differ by 0.30 to 0.50, users prefer the higher-rated movie 67% of the time.

TASK: Predict which movie Person 1 would rate higher. Explain your reasoning in 1 sentence. Then conclude with exactly 'PREDICTION: 1' (Movie A) or 'PREDICTION: 0' (Movie B).","You predicted Person 1's movie preference above.
TASK: Should we implement your prediction, or escalate to Person 1?
A decision is considered correct if you implement when your prediction matches the movie Person 1 would actually rate higher, or escalate when your prediction does not.
Explain your reasoning in 1-2 sentences, then conclude with exactly 'DECISION: 0' (implement) or 'DECISION: 1' (escalate).","Person 1 would likely rate Movie A higher because the difference between the two movies' average ratings (0.46) falls within the 0.30 to 0.50 range where the decision tree indicates a 67% preference for the higher-rated option, and Movie A has a higher average rating (3.74) than Movie B (3.28).

PREDICTION: 1
","Since the decision tree indicates a 67% probability that Person 1 prefers the higher-rated movie in this specific rating difference range, and Movie A is indeed the higher-rated film, implementing the prediction is the statistically sound choice.

DECISION: 0
",,,2026-05-27T14:31:44.926538
avg_diff_030_050,0,1,0,0,"Person 1 has reviewed the following movies:

- Thomas Crown Affair, The (1999) (Action|Mystery): Rated 5.0/5
- Devil's Own, The (1997) (Action|Drama|Thriller): Rated 2.0/5
- Lost World: Jurassic Park, The (1997) (Action|Adventure|Sci-Fi|Thriller): Rated 1.0/5
- Mummy, The (1999) (Action|Adventure|Comedy|Fantasy|Horror|Thriller): Rated 4.0/5
- Story of Us, The (1999) (Comedy|Drama): Rated 1.0/5

Consider these two movies they have not seen:

- Movie A: True Lies (1994) (Action|Adventure|Comedy|Romance|Thriller), average rating 3.49/5 (1458 ratings)
- Movie B: 28 Days (2000) (Drama), average rating 3.09/5 (150 ratings)

A decision tree trained on this dataset finds that when the two movies' average ratings differ by 0.30 to 0.50, users prefer the higher-rated movie 67% of the time.

TASK: Predict which movie Person 1 would rate higher. Explain your reasoning in 1 sentence. Then conclude with exactly 'PREDICTION: 1' (Movie A) or 'PREDICTION: 0' (Movie B).","You predicted Person 1's movie preference above.
TASK: Should we implement your prediction, or escalate to Person 1?
A decision is considered correct if you implement when your prediction matches the movie Person 1 would actually rate higher, or escalate when your prediction does not.
Explain your reasoning in 1-2 sentences, then conclude with exactly 'DECISION: 0' (implement) or 'DECISION: 1' (escalate).","Person 1 would rate Movie A higher because the difference between the two movies' average ratings (0.40) falls within the 0.30 to 0.50 range where users prefer the higher-rated movie 67% of the time, and Movie A has a higher average rating (3.49) than Movie B (3.09).

PREDICTION: 1
","Since the decision tree indicates a 67% probability that Person 1 prefers the higher-rated movie in this specific rating difference range, and Movie A is indeed the higher-rated option, implementing the prediction is the statistically sound choice.

DECISION: 0
",,,2026-05-27T14:31:54.418011
avg_diff_030_050,0,1,0,0,"Person 1 has reviewed the following movies:

- Ghost (1990) (Comedy|Drama|Fantasy|Romance|Thriller): Rated 4.0/5
- Jurassic Park III (2001) (Action|Adventure|Sci-Fi|Thriller): Rated 1.0/5
- Legally Blonde (2001) (Comedy|Romance): Rated 5.0/5
- How the Grinch Stole Christmas (a.k.a. The Grinch) (2000) (Children|Comedy|Fantasy): Rated 1.0/5
- Rush Hour 2 (2001) (Action|Comedy): Rated 5.0/5

Consider these two movies they have not seen:

- Movie A: Jurassic Park (1993) (Action|Adventure|Sci-Fi|Thriller), average rating 3.70/5 (2301 ratings)
- Movie B: Dragonheart (1996) (Action|Adventure|Fantasy), average rating 3.24/5 (465 ratings)

A decision tree trained on this dataset finds that when the two movies' average ratings differ by 0.30 to 0.50, users prefer the higher-rated movie 67% of the time.

TASK: Predict which movie Person 1 would rate higher. Explain your reasoning in 1 sentence. Then conclude with exactly 'PREDICTION: 1' (Movie A) or 'PREDICTION: 0' (Movie B).","You predicted Person 1's movie preference above.
TASK: Should we implement your prediction, or escalate to Person 1?
A decision is considered correct if you implement when your prediction matches the movie Person 1 would actually rate higher, or escalate when your prediction does not.
Explain your reasoning in 1-2 sentences, then conclude with exactly 'DECISION: 0' (implement) or 'DECISION: 1' (escalate).","Person 1 would rate Movie A higher because the difference in average ratings between Movie A (3.70) and Movie B (3.24) is 0.46, which falls within the 0.30 to 0.50 range where users prefer the higher-rated movie 67% of the time.

PREDICTION: 1
","Since the decision tree indicates a 67% probability that Person 1 prefers the higher-rated movie in this specific rating difference range, implementing the prediction is the statistically sound choice rather than escalating to the user.

DECISION: 0
",,,2026-05-27T14:32:03.229484
avg_diff_030_050,1,1,1,1,"Person 1 has reviewed the following movies:

- While You Were Sleeping (1995) (Comedy|Romance): Rated 3.0/5
- Last Supper, The (1995) (Drama|Thriller): Rated 4.0/5
- Wayne's World 2 (1993) (Comedy): Rated 3.0/5
- My Blue Heaven (1990) (Comedy): Rated 1.0/5
- Pocahontas (1995) (Animation|Children|Drama|Musical|Romance): Rated 2.0/5

Consider these two movies they have not seen:

- Movie A: Manhattan Murder Mystery (1993) (Comedy|Mystery), average rating 3.62/5 (118 ratings)
- Movie B: Billy Madison (1995) (Comedy), average rating 3.24/5 (348 ratings)

A decision tree trained on this dataset finds that when the two movies' average ratings differ by 0.30 to 0.50, users prefer the higher-rated movie 67% of the time.

TASK: Predict which movie Person 1 would rate higher. Explain your reasoning in 1 sentence. Then conclude with exactly 'PREDICTION: 1' (Movie A) or 'PREDICTION: 0' (Movie B).","You predicted Person 1's movie preference above.
TASK: Should we implement your prediction, or escalate to Person 1?
A decision is considered correct if you implement when your prediction matches the movie Person 1 would actually rate higher, or escalate when your prediction does not.
Explain your reasoning in 1-2 sentences, then conclude with exactly 'DECISION: 0' (implement) or 'DECISION: 1' (escalate).","Person 1 would rate Movie A higher because the difference between the average ratings of Movie A (3.62) and Movie B (3.24) is 0.38, which falls within the 0.30 to 0.50 range where users prefer the higher-rated movie.

PREDICTION: 1
","Since the decision tree indicates a 67% probability that Person 1 prefers the higher-rated movie in this specific rating difference range, and there is no additional data to confirm Person 1's personal taste aligns with the general trend, the safest course of action is to escalate to verify their actual preference rather than risking an incorrect implementation.

DECISION: 1
",,,2026-05-27T14:32:13.297674
avg_diff_030_050,1,1,1,0,"Person 1 has reviewed the following movies:

- Knocked Up (2007) (Comedy|Drama|Romance): Rated 3.0/5
- Stand by Me (1986) (Adventure|Drama): Rated 4.5/5
- Argo (2012) (Drama|Thriller): Rated 3.5/5
- Rent (2005) (Drama|Musical|Romance): Rated 2.0/5
- There Will Be Blood (2007) (Drama|Western): Rated 4.5/5

Consider these two movies they have not seen:

- Movie A: Prisoners (2013) (Drama|Mystery|Thriller), average rating 4.07/5 (341 ratings)
- Movie B: SLC Punk! (1998) (Comedy|Drama), average rating 3.64/5 (48 ratings)

A decision tree trained on this dataset finds that when the two movies' average ratings differ by 0.30 to 0.50, users prefer the higher-rated movie 67% of the time.

TASK: Predict which movie Person 1 would rate higher. Explain your reasoning in 1 sentence. Then conclude with exactly 'PREDICTION: 1' (Movie A) or 'PREDICTION: 0' (Movie B).","You predicted Person 1's movie preference above.
TASK: Should we implement your prediction, or escalate to Person 1?
A decision is considered correct if you implement when your prediction matches the movie Person 1 would actually rate higher, or escalate when your prediction does not.
Explain your reasoning in 1-2 sentences, then conclude with exactly 'DECISION: 0' (implement) or 'DECISION: 1' (escalate).","Person 1 would rate Movie A higher because the difference in average ratings between the two unviewed movies (0.43) falls within the 0.30 to 0.50 range where the decision tree indicates a 67% preference for the higher-rated option, and Movie A has the higher rating. PREDICTION: 1
","Since the decision tree indicates a 67% probability that Person 1 prefers the higher-rated movie (Movie A) based on the rating difference, and there is no specific information in their history suggesting they dislike highly rated dramas, implementing the prediction is the statistically sound choice. DECISION: 0
",,,2026-05-27T14:32:22.608173
avg_diff_030_050,1,1,1,0,"Person 1 has reviewed the following movies:

- 101 Dalmatians (1996) (Adventure|Children|Comedy): Rated 4.0/5
- Pirates of the Caribbean: The Curse of the Black Pearl (2003) (Action|Adventure|Comedy|Fantasy): Rated 2.0/5
- Fountain, The (2006) (Drama|Fantasy|Romance): Rated 0.5/5
- Star Wars: Episode IV - A New Hope (1977) (Action|Adventure|Sci-Fi): Rated 4.0/5
- Hook (1991) (Adventure|Comedy|Fantasy): Rated 5.0/5

Consider these two movies they have not seen:

- Movie A: Bonnie and Clyde (1967) (Crime|Drama), average rating 3.96/5 (326 ratings)
- Movie B: Italian Job, The (2003) (Action|Crime), average rating 3.53/5 (535 ratings)

A decision tree trained on this dataset finds that when the two movies' average ratings differ by 0.30 to 0.50, users prefer the higher-rated movie 67% of the time.

TASK: Predict which movie Person 1 would rate higher. Explain your reasoning in 1 sentence. Then conclude with exactly 'PREDICTION: 1' (Movie A) or 'PREDICTION: 0' (Movie B).","You predicted Person 1's movie preference above.
TASK: Should we implement your prediction, or escalate to Person 1?
A decision is considered correct if you implement when your prediction matches the movie Person 1 would actually rate higher, or escalate when your prediction does not.
Explain your reasoning in 1-2 sentences, then conclude with exactly 'DECISION: 0' (implement) or 'DECISION: 1' (escalate).","Person 1 would rate Movie A higher because the difference in average ratings between the two unviewed movies (0.43) falls within the 0.30 to 0.50 range where the decision tree indicates a 67% preference for the higher-rated option, and Movie A has the higher average rating. PREDICTION: 1
","Since the decision tree indicates a 67% probability that Person 1 prefers the higher-rated movie within this specific rating difference range, and Movie A is the higher-rated option, implementing the prediction is the statistically sound choice. DECISION: 0
",,,2026-05-27T14:32:31.365550
avg_diff_030_050,1,1,1,0,"Person 1 has reviewed the following movies:

- Onward (2020) (Adventure|Animation|Children|Comedy|Fantasy): Rated 1.5/5
- Godfather, The (1972) (Crime|Drama): Rated 4.0/5
- Dr. Strangelove or: How I Learned to Stop Worrying and Love the Bomb (1964) (Comedy|War): Rated 4.5/5
- Iron Man (2008) (Action|Adventure|Sci-Fi): Rated 1.0/5
- WALL·E (2008) (Adventure|Animation|Children|Romance|Sci-Fi): Rated 3.0/5

Consider these two movies they have not seen:

- Movie A: 2001: A Space Odyssey (1968) (Adventure|Drama|Sci-Fi), average rating 4.03/5 (1093 ratings)
- Movie B: Little Women (2019) (Drama|Romance), average rating 3.70/5 (93 ratings)

A decision tree trained on this dataset finds that when the two movies' average ratings differ by 0.30 to 0.50, users prefer the higher-rated movie 67% of the time.

TASK: Predict which movie Person 1 would rate higher. Explain your reasoning in 1 sentence. Then conclude with exactly 'PREDICTION: 1' (Movie A) or 'PREDICTION: 0' (Movie B).","You predicted Person 1's movie preference above.
TASK: Should we implement your prediction, or escalate to Person 1?
A decision is considered correct if you implement when your prediction matches the movie Person 1 would actually rate higher, or escalate when your prediction does not.
Explain your reasoning in 1-2 sentences, then conclude with exactly 'DECISION: 0' (implement) or 'DECISION: 1' (escalate).","Person 1 would rate Movie A higher because the difference in average ratings between the two movies (0.33) falls within the 0.30 to 0.50 range where the decision tree indicates a 67% preference for the higher-rated option, and Movie A has the higher average rating. PREDICTION: 1
","Since the decision tree indicates a 67% probability that Person 1 prefers the higher-rated movie within this specific rating difference range, and Movie A is the higher-rated option, implementing the prediction is the statistically sound choice. DECISION: 0
",,,2026-05-27T14:32:39.909374
avg_diff_030_050,1,1,1,1,"Person 1 has reviewed the following movies:

- Species (1995) (Horror|Sci-Fi): Rated 3.0/5
- Once Were Warriors (1994) (Crime|Drama): Rated 3.0/5
- Nell (1994) (Drama): Rated 3.0/5
- Milk Money (1994) (Comedy|Romance): Rated 3.0/5
- Terminator 2: Judgment Day (1991) (Action|Sci-Fi): Rated 4.0/5

Consider these two movies they have not seen:

- Movie A: Speed (1994) (Action|Romance|Thriller), average rating 3.47/5 (1464 ratings)
- Movie B: Mary Shelley's Frankenstein (Frankenstein) (1994) (Drama|Horror|Sci-Fi), average rating 3.15/5 (239 ratings)

A decision tree trained on this dataset finds that when the two movies' average ratings differ by 0.30 to 0.50, users prefer the higher-rated movie 67% of the time.

TASK: Predict which movie Person 1 would rate higher. Explain your reasoning in 1 sentence. Then conclude with exactly 'PREDICTION: 1' (Movie A) or 'PREDICTION: 0' (Movie B).","You predicted Person 1's movie preference above.
TASK: Should we implement your prediction, or escalate to Person 1?
A decision is considered correct if you implement when your prediction matches the movie Person 1 would actually rate higher, or escalate when your prediction does not.
Explain your reasoning in 1-2 sentences, then conclude with exactly 'DECISION: 0' (implement) or 'DECISION: 1' (escalate).","Person 1 would rate Movie A higher because the difference between their highest rated movie (4.0) and their lowest rated movie (3.0) is 1.0, which falls outside the 0.30 to 0.50 range where the decision tree indicates a 67% preference for the higher-rated option.

PREDICTION: 1
","Since the decision tree's specific rule regarding a 0.30 to 0.50 rating difference does not apply to Person 1's data (whose rating spread is 1.0), the model's 67% probability is unreliable and should not be used to make a definitive recommendation. DECISION: 1
",,,2026-05-27T14:32:49.897030
avg_diff_030_050,1,1,1,0,"Person 1 has reviewed the following movies:

- Hamlet (1996) (Crime|Drama|Romance): Rated 5.0/5
- Wag the Dog (1997) (Comedy): Rated 3.0/5
- Net, The (1995) (Action|Crime|Thriller): Rated 3.0/5
- Dead Presidents (1995) (Action|Crime|Drama): Rated 3.0/5
- Species (1995) (Horror|Sci-Fi): Rated 3.0/5

Consider these two movies they have not seen:

- Movie A: Star Trek: First Contact (1996) (Action|Adventure|Sci-Fi|Thriller), average rating 3.66/5 (659 ratings)
- Movie B: Stargate (1994) (Action|Adventure|Sci-Fi), average rating 3.34/5 (1067 ratings)

A decision tree trained on this dataset finds that when the two movies' average ratings differ by 0.30 to 0.50, users prefer the higher-rated movie 67% of the time.

TASK: Predict which movie Person 1 would rate higher. Explain your reasoning in 1 sentence. Then conclude with exactly 'PREDICTION: 1' (Movie A) or 'PREDICTION: 0' (Movie B).","You predicted Person 1's movie preference above.
TASK: Should we implement your prediction, or escalate to Person 1?
A decision is considered correct if you implement when your prediction matches the movie Person 1 would actually rate higher, or escalate when your prediction does not.
Explain your reasoning in 1-2 sentences, then conclude with exactly 'DECISION: 0' (implement) or 'DECISION: 1' (escalate).","Person 1 would rate Movie A higher because the difference in average ratings between the two unviewed movies (0.32) falls within the 0.30 to 0.50 range where the decision tree indicates a 67% preference for the higher-rated option, and Movie A has the higher average rating. PREDICTION: 1
","Since the decision tree indicates a 67% probability that Person 1 prefers the higher-rated movie (Movie A) based on the rating difference, and my prediction aligns with this statistical likelihood, implementing the recommendation is the appropriate course of action. DECISION: 0
",,,2026-05-27T14:32:58.965511
avg_diff_030_050,0,1,0,0,"Person 1 has reviewed the following movies:

- To Sir with Love (1967) (Drama): Rated 5.0/5
- To Catch a Thief (1955) (Crime|Mystery|Romance|Thriller): Rated 5.0/5
- Philadelphia Story, The (1940) (Comedy|Drama|Romance): Rated 4.0/5
- Amadeus (1984) (Drama): Rated 4.0/5
- West Side Story (1961) (Drama|Musical|Romance): Rated 5.0/5

Consider these two movies they have not seen:

- Movie A: Braveheart (1995) (Action|Drama|War), average rating 4.00/5 (2161 ratings)
- Movie B: Father of the Bride (1950) (Comedy), average rating 3.63/5 (123 ratings)

A decision tree trained on this dataset finds that when the two movies' average ratings differ by 0.30 to 0.50, users prefer the higher-rated movie 67% of the time.

TASK: Predict which movie Person 1 would rate higher. Explain your reasoning in 1 sentence. Then conclude with exactly 'PREDICTION: 1' (Movie A) or 'PREDICTION: 0' (Movie B).","You predicted Person 1's movie preference above.
TASK: Should we implement your prediction, or escalate to Person 1?
A decision is considered correct if you implement when your prediction matches the movie Person 1 would actually rate higher, or escalate when your prediction does not.
Explain your reasoning in 1-2 sentences, then conclude with exactly 'DECISION: 0' (implement) or 'DECISION: 1' (escalate).","Person 1 would rate Movie A higher because the difference in average ratings between the two unviewed movies (0.37) falls within the 0.30 to 0.50 range where the decision tree indicates a 67% preference for the higher-rated option, and Movie A has the higher rating. PREDICTION: 1
","Since the decision tree indicates a 67% probability that Person 1 prefers the higher-rated movie in this specific rating difference range, and Movie A is the higher-rated option, implementing the prediction is the statistically sound choice. DECISION: 0
",,,2026-05-27T14:33:07.658965
avg_diff_030_050,1,1,1,0,"Person 1 has reviewed the following movies:

- Ex Machina (2015) (Drama|Sci-Fi|Thriller): Rated 4.5/5
- Lord of the Rings: The Fellowship of the Ring, The (2001) (Adventure|Fantasy): Rated 2.0/5
- Pawn Sacrifice (2015) (Drama): Rated 4.0/5
- Mean Girls (2004) (Comedy): Rated 3.5/5
- Boys Over Flowers (2009) (Comedy|Drama|Romance): Rated 5.0/5

Consider these two movies they have not seen:

- Movie A: Harry Potter and the Half-Blood Prince (2009) (Adventure|Fantasy|Mystery|Romance|IMAX), average rating 3.82/5 (680 ratings)
- Movie B: The Hunger Games: Mockingjay - Part 2 (2015) (Adventure|Sci-Fi), average rating 3.36/5 (193 ratings)

A decision tree trained on this dataset finds that when the two movies' average ratings differ by 0.30 to 0.50, users prefer the higher-rated movie 67% of the time.

TASK: Predict which movie Person 1 would rate higher. Explain your reasoning in 1 sentence. Then conclude with exactly 'PREDICTION: 1' (Movie A) or 'PREDICTION: 0' (Movie B).","You predicted Person 1's movie preference above.
TASK: Should we implement your prediction, or escalate to Person 1?
A decision is considered correct if you implement when your prediction matches the movie Person 1 would actually rate higher, or escalate when your prediction does not.
Explain your reasoning in 1-2 sentences, then conclude with exactly 'DECISION: 0' (implement) or 'DECISION: 1' (escalate).","Person 1 would likely rate Movie A higher because the difference in average ratings between the two unwatched movies (0.46) falls within the 0.30 to 0.50 range where the decision tree indicates a 67% preference for the higher-rated option, and Movie A has the higher average rating. PREDICTION: 1
","Since the decision tree indicates a 67% probability that Person 1 prefers the higher-rated movie (Movie A), and my prediction aligns with this statistical likelihood, implementing the recommendation is the appropriate course of action. DECISION: 0
",,,2026-05-27T14:33:16.409222
avg_diff_030_050,1,1,1,0,"Person 1 has reviewed the following movies:

- Wallace & Gromit: The Best of Aardman Animation (1996) (Adventure|Animation|Comedy): Rated 4.5/5
- Seabiscuit (2003) (Drama): Rated 3.5/5
- Airplane II: The Sequel (1982) (Comedy): Rated 0.5/5
- Usual Suspects, The (1995) (Crime|Mystery|Thriller): Rated 4.0/5
- Other Guys, The (2010) (Action|Comedy): Rated 4.0/5

Consider these two movies they have not seen:

- Movie A: Bandits (2001) (Comedy|Crime|Romance), average rating 3.38/5 (90 ratings)
- Movie B: Mummy Returns, The (2001) (Action|Adventure|Comedy|Thriller), average rating 3.05/5 (429 ratings)

A decision tree trained on this dataset finds that when the two movies' average ratings differ by 0.30 to 0.50, users prefer the higher-rated movie 67% of the time.

TASK: Predict which movie Person 1 would rate higher. Explain your reasoning in 1 sentence. Then conclude with exactly 'PREDICTION: 1' (Movie A) or 'PREDICTION: 0' (Movie B).","You predicted Person 1's movie preference above.
TASK: Should we implement your prediction, or escalate to Person 1?
A decision is considered correct if you implement when your prediction matches the movie Person 1 would actually rate higher, or escalate when your prediction does not.
Explain your reasoning in 1-2 sentences, then conclude with exactly 'DECISION: 0' (implement) or 'DECISION: 1' (escalate).","Person 1 would rate Movie A higher because the difference in average ratings between the two unviewed movies (0.33) falls within the 0.30 to 0.50 range where the decision tree indicates a 67% preference for the higher-rated option, and Movie A has a higher average rating (3.38) than Movie B (3.05).

PREDICTION: 1
","Since the decision tree indicates a 67% probability that Person 1 prefers the higher-rated movie within this specific rating difference range, and our prediction aligns with that statistical likelihood, we should proceed with implementing the recommendation rather than escalating.

DECISION: 0
",,,2026-05-27T14:33:26.333105
avg_diff_030_050,1,1,1,0,"Person 1 has reviewed the following movies:

- 21 Jump Street (2012) (Action|Comedy|Crime): Rated 4.5/5
- 3 Idiots (2009) (Comedy|Drama|Romance): Rated 4.5/5
- Friends with Benefits (2011) (Comedy|Romance): Rated 4.5/5
- Girl Next Door, The (2004) (Comedy|Romance): Rated 3.5/5
- No Country for Old Men (2007) (Crime|Drama): Rated 5.0/5

Consider these two movies they have not seen:

- Movie A: EuroTrip (2004) (Adventure|Comedy), average rating 3.36/5 (139 ratings)
- Movie B: Click (2006) (Adventure|Comedy|Drama|Fantasy|Romance), average rating 2.90/5 (248 ratings)

A decision tree trained on this dataset finds that when the two movies' average ratings differ by 0.30 to 0.50, users prefer the higher-rated movie 67% of the time.

TASK: Predict which movie Person 1 would rate higher. Explain your reasoning in 1 sentence. Then conclude with exactly 'PREDICTION: 1' (Movie A) or 'PREDICTION: 0' (Movie B).","You predicted Person 1's movie preference above.
TASK: Should we implement your prediction, or escalate to Person 1?
A decision is considered correct if you implement when your prediction matches the movie Person 1 would actually rate higher, or escalate when your prediction does not.
Explain your reasoning in 1-2 sentences, then conclude with exactly 'DECISION: 0' (implement) or 'DECISION: 1' (escalate).","Person 1 would rate Movie A higher because the difference in average ratings between the two unviewed movies (0.46) falls within the 0.30 to 0.50 range where the decision tree indicates a 67% preference for the higher-rated option, and Movie A has the higher average rating. PREDICTION: 1
","Since the decision tree indicates a 67% probability that Person 1 prefers the higher-rated movie within this specific rating difference range, and Movie A is the higher-rated option, implementing the prediction is the statistically sound choice. DECISION: 0
",,,2026-05-27T14:33:35.063685
avg_diff_030_050,0,1,0,0,"Person 1 has reviewed the following movies:

- High Noon (1952) (Drama|Western): Rated 4.0/5
- Blues Brothers, The (1980) (Action|Comedy|Musical): Rated 5.0/5
- Doctor Zhivago (1965) (Drama|Romance|War): Rated 4.0/5
- Field of Dreams (1989) (Children|Drama|Fantasy): Rated 5.0/5
- Driving Miss Daisy (1989) (Drama): Rated 5.0/5

Consider these two movies they have not seen:

- Movie A: Scent of a Woman (1992) (Drama), average rating 3.84/5 (362 ratings)
- Movie B: Miracle on 34th Street (1994) (Drama), average rating 3.46/5 (312 ratings)

A decision tree trained on this dataset finds that when the two movies' average ratings differ by 0.30 to 0.50, users prefer the higher-rated movie 67% of the time.

TASK: Predict which movie Person 1 would rate higher. Explain your reasoning in 1 sentence. Then conclude with exactly 'PREDICTION: 1' (Movie A) or 'PREDICTION: 0' (Movie B).","You predicted Person 1's movie preference above.
TASK: Should we implement your prediction, or escalate to Person 1?
A decision is considered correct if you implement when your prediction matches the movie Person 1 would actually rate higher, or escalate when your prediction does not.
Explain your reasoning in 1-2 sentences, then conclude with exactly 'DECISION: 0' (implement) or 'DECISION: 1' (escalate).","Person 1 would rate Movie A higher because the difference in average ratings between the two candidates (0.38) falls within the 0.30 to 0.50 range where the decision tree indicates a 67% preference for the movie with the higher rating.

PREDICTION: 1
","Since the decision tree indicates a 67% probability that Person 1 prefers the higher-rated movie and my prediction aligns with this statistical likelihood, implementing the recommendation is the appropriate course of action.

DECISION: 0
",,,2026-05-27T14:33:42.969596
avg_diff_030_050,1,1,1,0,"Person 1 has reviewed the following movies:

- Nell (1994) (Drama): Rated 4.0/5
- While You Were Sleeping (1995) (Comedy|Romance): Rated 3.0/5
- Disclosure (1994) (Drama|Thriller): Rated 3.0/5
- Lion King, The (1994) (Adventure|Animation|Children|Drama|Musical|IMAX): Rated 5.0/5
- Beauty and the Beast (1991) (Animation|Children|Fantasy|Musical|Romance|IMAX): Rated 3.0/5

Consider these two movies they have not seen:

- Movie A: Speed (1994) (Action|Romance|Thriller), average rating 3.47/5 (1464 ratings)
- Movie B: Cliffhanger (1993) (Action|Adventure|Thriller), average rating 3.01/5 (830 ratings)

A decision tree trained on this dataset finds that when the two movies' average ratings differ by 0.30 to 0.50, users prefer the higher-rated movie 67% of the time.

TASK: Predict which movie Person 1 would rate higher. Explain your reasoning in 1 sentence. Then conclude with exactly 'PREDICTION: 1' (Movie A) or 'PREDICTION: 0' (Movie B).","You predicted Person 1's movie preference above.
TASK: Should we implement your prediction, or escalate to Person 1?
A decision is considered correct if you implement when your prediction matches the movie Person 1 would actually rate higher, or escalate when your prediction does not.
Explain your reasoning in 1-2 sentences, then conclude with exactly 'DECISION: 0' (implement) or 'DECISION: 1' (escalate).","Person 1 would likely rate Movie A higher because the difference in average ratings between the two unviewed movies (0.46) falls within the 0.30 to 0.50 range where the decision tree indicates a 67% preference for the higher-rated option, and Movie A has the higher average rating. PREDICTION: 1
","Since the decision tree indicates a 67% probability that Person 1 prefers the higher-rated movie (Movie A) based on the rating difference, implementing the prediction is the statistically sound choice without needing to escalate. DECISION: 0
",,,2026-05-27T14:33:51.644344
avg_diff_030_050,1,1,1,0,"Person 1 has reviewed the following movies:

- Star Wars: Episode IV - A New Hope (1977) (Action|Adventure|Sci-Fi): Rated 5.0/5
- I Still Know What You Did Last Summer (1998) (Horror|Mystery|Thriller): Rated 1.0/5
- Scream 2 (1997) (Comedy|Horror|Mystery|Thriller): Rated 1.0/5
- Lost in Space (1998) (Action|Adventure|Sci-Fi): Rated 3.0/5
- Star Wars: Episode I - The Phantom Menace (1999) (Action|Adventure|Sci-Fi): Rated 4.0/5

Consider these two movies they have not seen:

- Movie A: Legends of the Fall (1994) (Drama|Romance|War|Western), average rating 3.55/5 (549 ratings)
- Movie B: Under Siege (1992) (Action|Drama|Thriller), average rating 3.12/5 (230 ratings)

A decision tree trained on this dataset finds that when the two movies' average ratings differ by 0.30 to 0.50, users prefer the higher-rated movie 67% of the time.

TASK: Predict which movie Person 1 would rate higher. Explain your reasoning in 1 sentence. Then conclude with exactly 'PREDICTION: 1' (Movie A) or 'PREDICTION: 0' (Movie B).","You predicted Person 1's movie preference above.
TASK: Should we implement your prediction, or escalate to Person 1?
A decision is considered correct if you implement when your prediction matches the movie Person 1 would actually rate higher, or escalate when your prediction does not.
Explain your reasoning in 1-2 sentences, then conclude with exactly 'DECISION: 0' (implement) or 'DECISION: 1' (escalate).","Person 1 would rate Movie A higher because the difference in average ratings between the two unviewed movies (0.43) falls within the 0.30 to 0.50 range where the decision tree indicates a 67% preference for the higher-rated option, and Movie A has the higher average rating.

PREDICTION: 1
","Since the decision tree indicates a 67% probability that Person 1 prefers the higher-rated movie (Movie A) based on the rating difference, and my prediction aligns with this statistical likelihood, implementing the recommendation is the appropriate course of action.

DECISION: 0
",,,2026-05-27T14:34:00.846902
avg_diff_030_050,1,1,1,0,"Person 1 has reviewed the following movies:

- Kill Bill: Vol. 2 (2004) (Action|Drama|Thriller): Rated 0.5/5
- The Imitation Game (2014) (Drama|Thriller|War): Rated 4.0/5
- Gladiator (2000) (Action|Adventure|Drama): Rated 4.0/5
- Gattaca (1997) (Drama|Sci-Fi|Thriller): Rated 1.0/5
- Matrix, The (1999) (Action|Sci-Fi|Thriller): Rated 3.0/5

Consider these two movies they have not seen:

- Movie A: Terminator, The (1984) (Action|Sci-Fi|Thriller), average rating 3.90/5 (1471 ratings)
- Movie B: Brave (2012) (Action|Adventure|Animation|Children), average rating 3.49/5 (297 ratings)

A decision tree trained on this dataset finds that when the two movies' average ratings differ by 0.30 to 0.50, users prefer the higher-rated movie 67% of the time.

TASK: Predict which movie Person 1 would rate higher. Explain your reasoning in 1 sentence. Then conclude with exactly 'PREDICTION: 1' (Movie A) or 'PREDICTION: 0' (Movie B).","You predicted Person 1's movie preference above.
TASK: Should we implement your prediction, or escalate to Person 1?
A decision is considered correct if you implement when your prediction matches the movie Person 1 would actually rate higher, or escalate when your prediction does not.
Explain your reasoning in 1-2 sentences, then conclude with exactly 'DECISION: 0' (implement) or 'DECISION: 1' (escalate).","Person 1 would rate Movie A higher because the difference between the average ratings of Movie A (3.90) and Movie B (3.49) is 0.41, which falls within the 0.30 to 0.50 range where the decision tree indicates a 67% preference for the higher-rated movie.

PREDICTION: 1
","Since the decision tree indicates a 67% probability that Person 1 prefers the higher-rated movie, implementing the prediction is the statistically sound choice rather than escalating to the user.

DECISION: 0
",,,2026-05-27T14:34:09.458546
avg_diff_030_050,1,1,1,0,"Person 1 has reviewed the following movies:

- Cinderella (1950) (Animation|Children|Fantasy|Musical|Romance): Rated 4.5/5
- 101 Dalmatians (1996) (Adventure|Children|Comedy): Rated 4.5/5
- Swiss Family Robinson (1960) (Adventure|Children): Rated 3.5/5
- 2 Fast 2 Furious (Fast and the Furious 2, The) (2003) (Action|Crime|Thriller): Rated 4.5/5
- Lord of the Rings: The Fellowship of the Ring, The (2001) (Adventure|Fantasy): Rated 4.0/5

Consider these two movies they have not seen:

- Movie A: Asoka (Ashoka the Great) (2001) (Action|Drama|Romance), average rating 4.00/5 (3 ratings)
- Movie B: Rescuers, The (1977) (Adventure|Animation|Children|Crime|Drama), average rating 3.61/5 (109 ratings)

A decision tree trained on this dataset finds that when the two movies' average ratings differ by 0.30 to 0.50, users prefer the higher-rated movie 67% of the time.

TASK: Predict which movie Person 1 would rate higher. Explain your reasoning in 1 sentence. Then conclude with exactly 'PREDICTION: 1' (Movie A) or 'PREDICTION: 0' (Movie B).","You predicted Person 1's movie preference above.
TASK: Should we implement your prediction, or escalate to Person 1?
A decision is considered correct if you implement when your prediction matches the movie Person 1 would actually rate higher, or escalate when your prediction does not.
Explain your reasoning in 1-2 sentences, then conclude with exactly 'DECISION: 0' (implement) or 'DECISION: 1' (escalate).","Person 1 would rate Movie A higher because the difference in average ratings between the two unviewed movies (0.39) falls within the 0.30 to 0.50 range where the decision tree indicates a 67% preference for the higher-rated option, and Movie A has the higher rating. PREDICTION: 1
","Since the decision tree indicates a 67% probability that Person 1 prefers the higher-rated movie within this specific rating difference range, and Movie A is the higher-rated option, implementing the prediction is the statistically sound choice. DECISION: 0
",,,2026-05-27T14:34:18.143976
avg_diff_030_050,1,1,1,0,"Person 1 has reviewed the following movies:

- Houseguest (1994) (Comedy): Rated 3.0/5
- Cliffhanger (1993) (Action|Adventure|Thriller): Rated 4.0/5
- Major Payne (1995) (Comedy): Rated 4.0/5
- Brady Bunch Movie, The (1995) (Comedy): Rated 1.0/5
- Dunston Checks In (1996) (Children|Comedy): Rated 3.0/5

Consider these two movies they have not seen:

- Movie A: Maverick (1994) (Adventure|Comedy|Western), average rating 3.44/5 (571 ratings)
- Movie B: Ace Ventura: Pet Detective (1994) (Comedy), average rating 2.97/5 (1310 ratings)

A decision tree trained on this dataset finds that when the two movies' average ratings differ by 0.30 to 0.50, users prefer the higher-rated movie 67% of the time.

TASK: Predict which movie Person 1 would rate higher. Explain your reasoning in 1 sentence. Then conclude with exactly 'PREDICTION: 1' (Movie A) or 'PREDICTION: 0' (Movie B).","You predicted Person 1's movie preference above.
TASK: Should we implement your prediction, or escalate to Person 1?
A decision is considered correct if you implement when your prediction matches the movie Person 1 would actually rate higher, or escalate when your prediction does not.
Explain your reasoning in 1-2 sentences, then conclude with exactly 'DECISION: 0' (implement) or 'DECISION: 1' (escalate).","Person 1 would likely rate Movie A higher because the difference in average ratings between the two unviewed movies (0.47) falls within the 0.30 to 0.50 range where the decision tree indicates a 67% preference for the higher-rated option, and Movie A has the higher average rating.

PREDICTION: 1
","Since the decision tree indicates a 67% probability that Person 1 prefers the higher-rated movie (Movie A) based on the rating difference, and my prediction aligns with this statistical likelihood, implementing the recommendation is the appropriate course of action.

DECISION: 0
",,,2026-05-27T14:34:27.377837
avg_diff_030_050,1,1,1,0,"Person 1 has reviewed the following movies:

- Hot Fuzz (2007) (Action|Comedy|Crime|Mystery): Rated 4.0/5
- Girl with the Dragon Tattoo, The (2011) (Drama|Thriller): Rated 5.0/5
- Predators (2010) (Action|Sci-Fi|Thriller): Rated 2.0/5
- Shutter Island (2010) (Drama|Mystery|Thriller): Rated 5.0/5
- Twilight (2008) (Drama|Fantasy|Romance|Thriller): Rated 0.5/5

Consider these two movies they have not seen:

- Movie A: Dumb & Dumber (Dumb and Dumber) (1994) (Adventure|Comedy), average rating 2.94/5 (1148 ratings)
- Movie B: Hulk (2003) (Action|Adventure|Sci-Fi), average rating 2.63/5 (291 ratings)

A decision tree trained on this dataset finds that when the two movies' average ratings differ by 0.30 to 0.50, users prefer the higher-rated movie 67% of the time.

TASK: Predict which movie Person 1 would rate higher. Explain your reasoning in 1 sentence. Then conclude with exactly 'PREDICTION: 1' (Movie A) or 'PREDICTION: 0' (Movie B).","You predicted Person 1's movie preference above.
TASK: Should we implement your prediction, or escalate to Person 1?
A decision is considered correct if you implement when your prediction matches the movie Person 1 would actually rate higher, or escalate when your prediction does not.
Explain your reasoning in 1-2 sentences, then conclude with exactly 'DECISION: 0' (implement) or 'DECISION: 1' (escalate).","Person 1 would rate Movie A higher because their personal ratings for similar high-action/thriller films (like *Predators*) are significantly lower than the average ratings for those genres, suggesting they are critical of action-heavy content and would likely give the comedy-adventure *Dumb & Dumber* a better score than the sci-fi action *Hulk*.

PREDICTION: 1
","Since the decision tree indicates a 67% success rate for this specific rating difference scenario, implementing the prediction is the statistically optimal choice to maximize the likelihood of a correct recommendation without needing to wait for the user's actual rating.

DECISION: 0
",,,2026-05-27T14:34:36.547323
avg_diff_030_050,1,1,1,0,"Person 1 has reviewed the following movies:

- Nell (1994) (Drama): Rated 0.5/5
- Blade (1998) (Action|Horror|Thriller): Rated 5.0/5
- Hot Shots! Part Deux (1993) (Action|Comedy|War): Rated 0.5/5
- Copycat (1995) (Crime|Drama|Horror|Mystery|Thriller): Rated 3.5/5
- South Park: Bigger, Longer and Uncut (1999) (Animation|Comedy|Musical): Rated 5.0/5

Consider these two movies they have not seen:

- Movie A: Grease (1978) (Comedy|Musical|Romance), average rating 3.29/5 (569 ratings)
- Movie B: Naked Gun 33 1/3: The Final Insult (1994) (Action|Comedy), average rating 2.93/5 (492 ratings)

A decision tree trained on this dataset finds that when the two movies' average ratings differ by 0.30 to 0.50, users prefer the higher-rated movie 67% of the time.

TASK: Predict which movie Person 1 would rate higher. Explain your reasoning in 1 sentence. Then conclude with exactly 'PREDICTION: 1' (Movie A) or 'PREDICTION: 0' (Movie B).","You predicted Person 1's movie preference above.
TASK: Should we implement your prediction, or escalate to Person 1?
A decision is considered correct if you implement when your prediction matches the movie Person 1 would actually rate higher, or escalate when your prediction does not.
Explain your reasoning in 1-2 sentences, then conclude with exactly 'DECISION: 0' (implement) or 'DECISION: 1' (escalate).","Person 1 would rate Movie A higher because the difference in average ratings between the two options (0.36) falls within the 0.30 to 0.50 range where the decision tree indicates a 67% preference for the movie with the higher rating.

PREDICTION: 1
","Since the decision tree indicates a 67% probability that Person 1 prefers the higher-rated movie (Movie A), and my prediction aligns with this statistical likelihood, implementing the recommendation is the appropriate course of action.

DECISION: 0
",,,2026-05-27T14:34:44.724810
avg_diff_030_050,1,1,1,0,"Person 1 has reviewed the following movies:

- Jumanji (1995) (Adventure|Children|Fantasy): Rated 3.0/5
- Casino Royale (2006) (Action|Adventure|Thriller): Rated 3.0/5
- Chinatown (1974) (Crime|Film-Noir|Mystery|Thriller): Rated 4.0/5
- Notting Hill (1999) (Comedy|Romance): Rated 3.5/5
- Godfather: Part II, The (1974) (Crime|Drama): Rated 4.0/5

Consider these two movies they have not seen:

- Movie A: Jurassic Park (1993) (Action|Adventure|Sci-Fi|Thriller), average rating 3.70/5 (2301 ratings)
- Movie B: Meet the Parents (2000) (Comedy), average rating 3.34/5 (718 ratings)

A decision tree trained on this dataset finds that when the two movies' average ratings differ by 0.30 to 0.50, users prefer the higher-rated movie 67% of the time.

TASK: Predict which movie Person 1 would rate higher. Explain your reasoning in 1 sentence. Then conclude with exactly 'PREDICTION: 1' (Movie A) or 'PREDICTION: 0' (Movie B).","You predicted Person 1's movie preference above.
TASK: Should we implement your prediction, or escalate to Person 1?
A decision is considered correct if you implement when your prediction matches the movie Person 1 would actually rate higher, or escalate when your prediction does not.
Explain your reasoning in 1-2 sentences, then conclude with exactly 'DECISION: 0' (implement) or 'DECISION: 1' (escalate).","Person 1 would rate Movie A higher because the difference between the two movies' average ratings (3.70 - 3.34 = 0.36) falls within the 0.30 to 0.50 range where the decision tree indicates a 67% preference for the higher-rated option, and Movie A has the higher rating. PREDICTION: 1
","Since the decision tree indicates a 67% probability that Person 1 prefers the higher-rated movie in this specific rating difference range, and Movie A is indeed the higher-rated film, implementing the prediction is the statistically sound choice. DECISION: 0
",,,2026-05-27T14:34:54.037236
avg_diff_030_050,0,1,0,0,"Person 1 has reviewed the following movies:

- 13 Going on 30 (2004) (Comedy|Fantasy|Romance): Rated 4.0/5
- Shawshank Redemption, The (1994) (Crime|Drama): Rated 5.0/5
- American Beauty (1999) (Drama|Romance): Rated 3.5/5
- 12 Years a Slave (2013) (Drama): Rated 5.0/5
- Spotlight (2015) (Thriller): Rated 5.0/5

Consider these two movies they have not seen:

- Movie A: Up (2009) (Adventure|Animation|Children|Drama), average rating 3.96/5 (1142 ratings)
- Movie B: The Fault in Our Stars (2014) (Drama|Romance), average rating 3.51/5 (156 ratings)

A decision tree trained on this dataset finds that when the two movies' average ratings differ by 0.30 to 0.50, users prefer the higher-rated movie 67% of the time.

TASK: Predict which movie Person 1 would rate higher. Explain your reasoning in 1 sentence. Then conclude with exactly 'PREDICTION: 1' (Movie A) or 'PREDICTION: 0' (Movie B).","You predicted Person 1's movie preference above.
TASK: Should we implement your prediction, or escalate to Person 1?
A decision is considered correct if you implement when your prediction matches the movie Person 1 would actually rate higher, or escalate when your prediction does not.
Explain your reasoning in 1-2 sentences, then conclude with exactly 'DECISION: 0' (implement) or 'DECISION: 1' (escalate).","Person 1 would rate Movie A higher because the difference in average ratings between Movie A (3.96) and Movie B (3.51) is 0.45, which falls within the 0.30 to 0.50 range where users prefer the higher-rated movie 67% of the time.

PREDICTION: 1
","Since the decision tree indicates a 67% probability that Person 1 prefers the higher-rated movie in this specific rating gap, implementing the prediction is the statistically sound choice rather than escalating to the user.

DECISION: 0
",,,2026-05-27T14:35:02.789561
avg_diff_030_050,1,1,1,0,"Person 1 has reviewed the following movies:

- Skyfall (2012) (Action|Adventure|Thriller|IMAX): Rated 4.0/5
- Minority Report (2002) (Action|Crime|Mystery|Sci-Fi|Thriller): Rated 4.5/5
- Mission to Mars (2000) (Sci-Fi): Rated 3.5/5
- Amazing Spider-Man, The (2012) (Action|Adventure|Sci-Fi|IMAX): Rated 4.0/5
- Metropolis (1927) (Drama|Sci-Fi): Rated 4.0/5

Consider these two movies they have not seen:

- Movie A: 2001: A Space Odyssey (1968) (Adventure|Drama|Sci-Fi), average rating 4.03/5 (1093 ratings)
- Movie B: Falling Down (1993) (Action|Drama), average rating 3.70/5 (271 ratings)

A decision tree trained on this dataset finds that when the two movies' average ratings differ by 0.30 to 0.50, users prefer the higher-rated movie 67% of the time.

TASK: Predict which movie Person 1 would rate higher. Explain your reasoning in 1 sentence. Then conclude with exactly 'PREDICTION: 1' (Movie A) or 'PREDICTION: 0' (Movie B).","You predicted Person 1's movie preference above.
TASK: Should we implement your prediction, or escalate to Person 1?
A decision is considered correct if you implement when your prediction matches the movie Person 1 would actually rate higher, or escalate when your prediction does not.
Explain your reasoning in 1-2 sentences, then conclude with exactly 'DECISION: 0' (implement) or 'DECISION: 1' (escalate).","Person 1 would rate Movie A higher because the difference in average ratings between the two unviewed movies (0.33) falls within the 0.30 to 0.50 range where the decision tree indicates a 67% preference for the higher-rated option, and Movie A has the higher average rating. PREDICTION: 1
","Since the decision tree indicates a 67% probability that Person 1 prefers the higher-rated movie (Movie A), and my prediction aligns with this statistical likelihood, implementing the recommendation is the appropriate course of action. DECISION: 0
",,,2026-05-27T14:35:11.471366
avg_diff_030_050,1,1,1,0,"Person 1 has reviewed the following movies:

- Soylent Green (1973) (Drama|Mystery|Sci-Fi|Thriller): Rated 4.0/5
- Bridge on the River Kwai, The (1957) (Adventure|Drama|War): Rated 5.0/5
- Meteor (1979) (Sci-Fi): Rated 2.0/5
- Raiders of the Lost Ark (Indiana Jones and the Raiders of the Lost Ark) (1981) (Action|Adventure): Rated 5.0/5
- Star Wars: Episode IV - A New Hope (1977) (Action|Adventure|Sci-Fi): Rated 5.0/5

Consider these two movies they have not seen:

- Movie A: Day the Earth Stood Still, The (1951) (Drama|Sci-Fi|Thriller), average rating 3.93/5 (211 ratings)
- Movie B: Talented Mr. Ripley, The (1999) (Drama|Mystery|Thriller), average rating 3.56/5 (477 ratings)

A decision tree trained on this dataset finds that when the two movies' average ratings differ by 0.30 to 0.50, users prefer the higher-rated movie 67% of the time.

TASK: Predict which movie Person 1 would rate higher. Explain your reasoning in 1 sentence. Then conclude with exactly 'PREDICTION: 1' (Movie A) or 'PREDICTION: 0' (Movie B).","You predicted Person 1's movie preference above.
TASK: Should we implement your prediction, or escalate to Person 1?
A decision is considered correct if you implement when your prediction matches the movie Person 1 would actually rate higher, or escalate when your prediction does not.
Explain your reasoning in 1-2 sentences, then conclude with exactly 'DECISION: 0' (implement) or 'DECISION: 1' (escalate).","Person 1 would rate Movie A higher because the difference in average ratings between the two unviewed movies (0.37) falls within the 0.30 to 0.50 range where the decision tree indicates a 67% preference for the higher-rated option, and Movie A has the higher average rating.

PREDICTION: 1
","Since the decision tree indicates a 67% probability that Person 1 prefers the higher-rated movie within this specific rating difference range, and Movie A is the higher-rated option, implementing the prediction is the statistically sound choice.

DECISION: 0
",,,2026-05-27T14:35:20.359529
avg_diff_030_050,1,1,1,0,"Person 1 has reviewed the following movies:

- Far From Home: The Adventures of Yellow Dog (1995) (Adventure|Children): Rated 4.0/5
- Aladdin (1992) (Adventure|Animation|Children|Comedy|Musical): Rated 5.0/5
- Shawshank Redemption, The (1994) (Crime|Drama): Rated 5.0/5
- Little Women (1994) (Drama): Rated 4.0/5
- I.Q. (1994) (Comedy|Romance): Rated 5.0/5

Consider these two movies they have not seen:

- Movie A: Eat Drink Man Woman (Yin shi nan nu) (1994) (Comedy|Drama|Romance), average rating 4.01/5 (198 ratings)
- Movie B: Restoration (1995) (Drama), average rating 3.67/5 (83 ratings)

A decision tree trained on this dataset finds that when the two movies' average ratings differ by 0.30 to 0.50, users prefer the higher-rated movie 67% of the time.

TASK: Predict which movie Person 1 would rate higher. Explain your reasoning in 1 sentence. Then conclude with exactly 'PREDICTION: 1' (Movie A) or 'PREDICTION: 0' (Movie B).","You predicted Person 1's movie preference above.
TASK: Should we implement your prediction, or escalate to Person 1?
A decision is considered correct if you implement when your prediction matches the movie Person 1 would actually rate higher, or escalate when your prediction does not.
Explain your reasoning in 1-2 sentences, then conclude with exactly 'DECISION: 0' (implement) or 'DECISION: 1' (escalate).","Person 1 would rate Movie A higher because the difference in average ratings between the two unviewed movies (0.34) falls within the 0.30 to 0.50 range where the decision tree indicates a 67% preference for the higher-rated option, and Movie A has the higher rating. PREDICTION: 1
","Since the decision tree indicates a 67% probability that Person 1 prefers the higher-rated movie (Movie A), and my prediction aligns with this statistical likelihood, implementing the recommendation is the appropriate course of action. DECISION: 0
",,,2026-05-27T14:35:28.979533
avg_diff_030_050,1,1,1,0,"Person 1 has reviewed the following movies:

- Clueless (1995) (Comedy|Romance): Rated 4.5/5
- Grease (1978) (Comedy|Musical|Romance): Rated 4.0/5
- Monsters, Inc. (2001) (Adventure|Animation|Children|Comedy|Fantasy): Rated 4.5/5
- In Her Shoes (2005) (Comedy|Drama): Rated 4.5/5
- Day After Tomorrow, The (2004) (Action|Adventure|Drama|Sci-Fi|Thriller): Rated 2.5/5

Consider these two movies they have not seen:

- Movie A: Fight Club (1999) (Action|Crime|Drama|Thriller), average rating 4.22/5 (2425 ratings)
- Movie B: Toy Story (1995) (Adventure|Animation|Children|Comedy|Fantasy), average rating 3.86/5 (2141 ratings)

A decision tree trained on this dataset finds that when the two movies' average ratings differ by 0.30 to 0.50, users prefer the higher-rated movie 67% of the time.

TASK: Predict which movie Person 1 would rate higher. Explain your reasoning in 1 sentence. Then conclude with exactly 'PREDICTION: 1' (Movie A) or 'PREDICTION: 0' (Movie B).","You predicted Person 1's movie preference above.
TASK: Should we implement your prediction, or escalate to Person 1?
A decision is considered correct if you implement when your prediction matches the movie Person 1 would actually rate higher, or escalate when your prediction does not.
Explain your reasoning in 1-2 sentences, then conclude with exactly 'DECISION: 0' (implement) or 'DECISION: 1' (escalate).","Person 1 would rate Movie A higher because the difference between the average ratings of Movie A (4.22) and Movie B (3.86) is 0.36, which falls within the 0.30 to 0.50 range where users prefer the higher-rated movie.

PREDICTION: 1
","Since the decision tree indicates a 67% probability that Person 1 prefers the higher-rated movie in this specific rating difference range, and Movie A is indeed the higher-rated option, implementing the prediction is the statistically sound choice.

DECISION: 0
",,,2026-05-27T14:35:37.666071
avg_diff_030_050,0,1,0,0,"Person 1 has reviewed the following movies:

- Koyaanisqatsi (a.k.a. Koyaanisqatsi: Life Out of Balance) (1983) (Documentary): Rated 5.0/5
- Time of the Gypsies (Dom za vesanje) (1989) (Comedy|Crime|Drama|Fantasy): Rated 4.5/5
- Matrix, The (1999) (Action|Sci-Fi|Thriller): Rated 4.5/5
- Gladiator (2000) (Action|Adventure|Drama): Rated 4.0/5
- Pi (1998) (Drama|Sci-Fi|Thriller): Rated 4.5/5

Consider these two movies they have not seen:

- Movie A: Shutter Island (2010) (Drama|Mystery|Thriller), average rating 4.03/5 (927 ratings)
- Movie B: The Lobster (2015) (Comedy|Romance|Sci-Fi), average rating 3.68/5 (188 ratings)

A decision tree trained on this dataset finds that when the two movies' average ratings differ by 0.30 to 0.50, users prefer the higher-rated movie 67% of the time.

TASK: Predict which movie Person 1 would rate higher. Explain your reasoning in 1 sentence. Then conclude with exactly 'PREDICTION: 1' (Movie A) or 'PREDICTION: 0' (Movie B).","You predicted Person 1's movie preference above.
TASK: Should we implement your prediction, or escalate to Person 1?
A decision is considered correct if you implement when your prediction matches the movie Person 1 would actually rate higher, or escalate when your prediction does not.
Explain your reasoning in 1-2 sentences, then conclude with exactly 'DECISION: 0' (implement) or 'DECISION: 1' (escalate).","Person 1 would rate Movie A higher because the difference between the two movies' average ratings (0.35) falls within the 0.30 to 0.50 range where users prefer the higher-rated movie 67% of the time, and Movie A has the higher rating. PREDICTION: 1
","Since the decision tree indicates a 67% probability that Person 1 prefers the higher-rated movie (Movie A) and there is no specific data suggesting Person 1 deviates from this general trend, implementing the prediction is the statistically sound choice. DECISION: 0
",,,2026-05-27T14:35:46.362837
avg_diff_030_050,1,1,1,0,"Person 1 has reviewed the following movies:

- Cadillac Man (1990) (Comedy|Crime): Rated 3.0/5
- National Lampoon's Vacation (1983) (Comedy): Rated 4.0/5
- Muppets Take Manhattan, The (1984) (Children|Comedy|Musical): Rated 4.0/5
- American Beauty (1999) (Drama|Romance): Rated 5.0/5
- Kingpin (1996) (Comedy): Rated 1.0/5

Consider these two movies they have not seen:

- Movie A: Throw Momma from the Train (1987) (Comedy|Crime), average rating 3.01/5 (75 ratings)
- Movie B: License to Drive (1988) (Comedy), average rating 2.56/5 (16 ratings)

A decision tree trained on this dataset finds that when the two movies' average ratings differ by 0.30 to 0.50, users prefer the higher-rated movie 67% of the time.

TASK: Predict which movie Person 1 would rate higher. Explain your reasoning in 1 sentence. Then conclude with exactly 'PREDICTION: 1' (Movie A) or 'PREDICTION: 0' (Movie B).","You predicted Person 1's movie preference above.
TASK: Should we implement your prediction, or escalate to Person 1?
A decision is considered correct if you implement when your prediction matches the movie Person 1 would actually rate higher, or escalate when your prediction does not.
Explain your reasoning in 1-2 sentences, then conclude with exactly 'DECISION: 0' (implement) or 'DECISION: 1' (escalate).","Person 1 would rate Movie A higher because the difference in their average ratings (0.44) falls within the 0.30 to 0.50 range where the decision tree indicates a 67% preference for the movie with the higher rating.

PREDICTION: 1
","Since the decision tree indicates a 67% probability that Person 1 prefers the higher-rated movie in this specific rating difference range, and Movie A has the higher average rating, implementing the prediction is the statistically sound choice.

DECISION: 0
",,,2026-05-27T14:35:54.391744
avg_diff_030_050,0,1,0,0,"Person 1 has reviewed the following movies:

- Wizard of Oz, The (1939) (Adventure|Children|Fantasy|Musical): Rated 3.5/5
- Prince & Me, The (2004) (Comedy|Romance): Rated 4.0/5
- Girl Next Door, The (2004) (Comedy|Romance): Rated 4.5/5
- Lucky Number Slevin (2006) (Crime|Drama|Mystery): Rated 5.0/5
- Departed, The (2006) (Crime|Drama|Thriller): Rated 3.0/5

Consider these two movies they have not seen:

- Movie A: Pirates of the Caribbean: On Stranger Tides (2011) (Action|Adventure|Fantasy|IMAX), average rating 3.25/5 (243 ratings)
- Movie B: 40 Days and 40 Nights (2002) (Comedy|Romance), average rating 2.83/5 (116 ratings)

A decision tree trained on this dataset finds that when the two movies' average ratings differ by 0.30 to 0.50, users prefer the higher-rated movie 67% of the time.

TASK: Predict which movie Person 1 would rate higher. Explain your reasoning in 1 sentence. Then conclude with exactly 'PREDICTION: 1' (Movie A) or 'PREDICTION: 0' (Movie B).","You predicted Person 1's movie preference above.
TASK: Should we implement your prediction, or escalate to Person 1?
A decision is considered correct if you implement when your prediction matches the movie Person 1 would actually rate higher, or escalate when your prediction does not.
Explain your reasoning in 1-2 sentences, then conclude with exactly 'DECISION: 0' (implement) or 'DECISION: 1' (escalate).","Person 1 would rate Movie A higher because the difference in average ratings between the two unviewed movies (0.42) falls within the 0.30 to 0.50 range where the decision tree indicates a 67% preference for the higher-rated option, and Movie A has the higher average rating. PREDICTION: 1
","Since the decision tree indicates a 67% probability that Person 1 prefers the higher-rated movie in this specific rating difference range, and Movie A is the higher-rated option, implementing the prediction is the statistically sound choice. DECISION: 0
",,,2026-05-27T14:36:03.140425
avg_diff_030_050,0,1,0,0,"Person 1 has reviewed the following movies:

- Runaway Jury (2003) (Drama|Thriller): Rated 4.0/5
- Robin Hood: Men in Tights (1993) (Comedy): Rated 4.0/5
- Office Space (1999) (Comedy|Crime): Rated 2.5/5
- Beethoven (1992) (Children|Comedy|Drama): Rated 3.0/5
- Casper (1995) (Adventure|Children): Rated 1.0/5

Consider these two movies they have not seen:

- Movie A: Underground (1995) (Comedy|Drama|War), average rating 3.61/5 (57 ratings)
- Movie B: Father of the Bride (1991) (Comedy), average rating 3.28/5 (112 ratings)

A decision tree trained on this dataset finds that when the two movies' average ratings differ by 0.30 to 0.50, users prefer the higher-rated movie 67% of the time.

TASK: Predict which movie Person 1 would rate higher. Explain your reasoning in 1 sentence. Then conclude with exactly 'PREDICTION: 1' (Movie A) or 'PREDICTION: 0' (Movie B).","You predicted Person 1's movie preference above.
TASK: Should we implement your prediction, or escalate to Person 1?
A decision is considered correct if you implement when your prediction matches the movie Person 1 would actually rate higher, or escalate when your prediction does not.
Explain your reasoning in 1-2 sentences, then conclude with exactly 'DECISION: 0' (implement) or 'DECISION: 1' (escalate).","Person 1 would rate Movie A higher because the difference in average ratings between Movie A (3.61) and Movie B (3.28) is 0.33, which falls within the 0.30 to 0.50 range where the trained decision tree predicts a 67% preference for the higher-rated option.

PREDICTION: 1
","Since the decision tree indicates a 67% probability that Person 1 prefers the higher-rated movie, implementing the prediction is the statistically sound choice rather than escalating to the user.

DECISION: 0
",,,2026-05-27T14:36:11.745056
avg_diff_030_050,1,1,1,1,"Person 1 has reviewed the following movies:

- Pulp Fiction (1994) (Comedy|Crime|Drama|Thriller): Rated 4.0/5
- Taxi Driver (1976) (Crime|Drama|Thriller): Rated 4.0/5
- Postman, The (Postino, Il) (1994) (Comedy|Drama|Romance): Rated 4.0/5
- Terminator 2: Judgment Day (1991) (Action|Sci-Fi): Rated 3.0/5
- Heat (1995) (Action|Crime|Thriller): Rated 4.0/5

Consider these two movies they have not seen:

- Movie A: Twelve Monkeys (a.k.a. 12 Monkeys) (1995) (Mystery|Sci-Fi|Thriller), average rating 3.90/5 (1708 ratings)
- Movie B: Muriel's Wedding (1994) (Comedy), average rating 3.49/5 (380 ratings)

A decision tree trained on this dataset finds that when the two movies' average ratings differ by 0.30 to 0.50, users prefer the higher-rated movie 67% of the time.

TASK: Predict which movie Person 1 would rate higher. Explain your reasoning in 1 sentence. Then conclude with exactly 'PREDICTION: 1' (Movie A) or 'PREDICTION: 0' (Movie B).","You predicted Person 1's movie preference above.
TASK: Should we implement your prediction, or escalate to Person 1?
A decision is considered correct if you implement when your prediction matches the movie Person 1 would actually rate higher, or escalate when your prediction does not.
Explain your reasoning in 1-2 sentences, then conclude with exactly 'DECISION: 0' (implement) or 'DECISION: 1' (escalate).","Person 1 would rate Movie A higher because the difference between their current highest rating (4.0) and Movie A's average (3.90) is 0.10, which falls outside the 0.30 to 0.50 range where the decision tree indicates a preference for the higher-rated option, whereas the difference for Movie B (0.51) exceeds this threshold. PREDICTION: 1
","Since the decision tree's specific rule regarding a 0.30 to 0.50 rating difference does not apply to this case (the difference is only 0.10), the model's prediction is unreliable and should not be implemented. DECISION: 1
",,,2026-05-27T14:36:21.922696
avg_diff_030_050,0,1,0,0,"Person 1 has reviewed the following movies:

- Hoop Dreams (1994) (Documentary): Rated 5.0/5
- True Lies (1994) (Action|Adventure|Comedy|Romance|Thriller): Rated 4.0/5
- Pretty Woman (1990) (Comedy|Romance): Rated 4.0/5
- Die Hard: With a Vengeance (1995) (Action|Crime|Thriller): Rated 4.0/5
- City Slickers II: The Legend of Curly's Gold (1994) (Adventure|Comedy|Western): Rated 3.0/5

Consider these two movies they have not seen:

- Movie A: Legends of the Fall (1994) (Drama|Romance|War|Western), average rating 3.55/5 (549 ratings)
- Movie B: Paper, The (1994) (Comedy|Drama), average rating 3.25/5 (124 ratings)

A decision tree trained on this dataset finds that when the two movies' average ratings differ by 0.30 to 0.50, users prefer the higher-rated movie 67% of the time.

TASK: Predict which movie Person 1 would rate higher. Explain your reasoning in 1 sentence. Then conclude with exactly 'PREDICTION: 1' (Movie A) or 'PREDICTION: 0' (Movie B).","You predicted Person 1's movie preference above.
TASK: Should we implement your prediction, or escalate to Person 1?
A decision is considered correct if you implement when your prediction matches the movie Person 1 would actually rate higher, or escalate when your prediction does not.
Explain your reasoning in 1-2 sentences, then conclude with exactly 'DECISION: 0' (implement) or 'DECISION: 1' (escalate).","Person 1 would rate Movie A higher because the difference in average ratings between the two unviewed movies (0.30) falls within the 0.30 to 0.50 range where the decision tree indicates a 67% preference for the higher-rated option, and Movie A has the higher average rating. PREDICTION: 1
","Since the decision tree indicates a 67% probability that Person 1 prefers the higher-rated movie (Movie A), and there is no specific data suggesting Person 1 deviates from this general trend, implementing the prediction is the statistically sound choice. DECISION: 0
",,,2026-05-27T14:36:30.984900
avg_diff_030_050,0,1,0,0,"Person 1 has reviewed the following movies:

- Celluloid Closet, The (1995) (Documentary): Rated 3.0/5
- Bio-Dome (1996) (Comedy): Rated 2.0/5
- Fifth Element, The (1997) (Action|Adventure|Comedy|Sci-Fi): Rated 3.0/5
- Star Wars: Episode IV - A New Hope (1977) (Action|Adventure|Sci-Fi): Rated 3.0/5
- Phenomenon (1996) (Drama|Romance): Rated 3.0/5

Consider these two movies they have not seen:

- Movie A: French Twist (Gazon maudit) (1995) (Comedy|Romance), average rating 3.52/5 (46 ratings)
- Movie B: Evita (1996) (Drama|Musical), average rating 3.08/5 (155 ratings)

A decision tree trained on this dataset finds that when the two movies' average ratings differ by 0.30 to 0.50, users prefer the higher-rated movie 67% of the time.

TASK: Predict which movie Person 1 would rate higher. Explain your reasoning in 1 sentence. Then conclude with exactly 'PREDICTION: 1' (Movie A) or 'PREDICTION: 0' (Movie B).","You predicted Person 1's movie preference above.
TASK: Should we implement your prediction, or escalate to Person 1?
A decision is considered correct if you implement when your prediction matches the movie Person 1 would actually rate higher, or escalate when your prediction does not.
Explain your reasoning in 1-2 sentences, then conclude with exactly 'DECISION: 0' (implement) or 'DECISION: 1' (escalate).","Person 1 would likely rate Movie A higher because the difference in average ratings between the two unviewed films (0.44) falls within the 0.30 to 0.50 range where the decision tree indicates a 67% preference for the movie with the higher rating.

PREDICTION: 1
","Since the decision tree indicates a 67% probability that Person 1 prefers the higher-rated movie (Movie A), and my prediction aligns with this statistical likelihood, implementing the recommendation is the appropriate course of action.

DECISION: 0
",,,2026-05-27T14:36:39.391788
avg_diff_030_050,1,1,1,0,"Person 1 has reviewed the following movies:

- Big (1988) (Comedy|Drama|Fantasy|Romance): Rated 2.0/5
- Crouching Tiger, Hidden Dragon (Wo hu cang long) (2000) (Action|Drama|Romance): Rated 5.0/5
- Marvin's Room (1996) (Drama): Rated 2.0/5
- Daytrippers, The (1996) (Comedy|Drama|Mystery|Romance): Rated 2.0/5
- To Kill a Mockingbird (1962) (Drama): Rated 3.0/5

Consider these two movies they have not seen:

- Movie A: American Beauty (1999) (Drama|Romance), average rating 4.09/5 (2014 ratings)
- Movie B: Bullets Over Broadway (1994) (Comedy), average rating 3.60/5 (262 ratings)

A decision tree trained on this dataset finds that when the two movies' average ratings differ by 0.30 to 0.50, users prefer the higher-rated movie 67% of the time.

TASK: Predict which movie Person 1 would rate higher. Explain your reasoning in 1 sentence. Then conclude with exactly 'PREDICTION: 1' (Movie A) or 'PREDICTION: 0' (Movie B).","You predicted Person 1's movie preference above.
TASK: Should we implement your prediction, or escalate to Person 1?
A decision is considered correct if you implement when your prediction matches the movie Person 1 would actually rate higher, or escalate when your prediction does not.
Explain your reasoning in 1-2 sentences, then conclude with exactly 'DECISION: 0' (implement) or 'DECISION: 1' (escalate).","Person 1 would rate Movie A higher because the difference in average ratings between the two unviewed films (0.49) falls within the 0.30 to 0.50 range where the decision tree indicates a 67% preference for the higher-rated option, and Movie A has the higher average rating. PREDICTION: 1
","Since the decision tree indicates a 67% probability that Person 1 prefers the higher-rated movie within this specific rating difference range, and Movie A is the higher-rated film, implementing the prediction is the statistically sound choice. DECISION: 0
",,,2026-05-27T14:36:48.138346
avg_diff_030_050,1,1,1,0,"Person 1 has reviewed the following movies:

- Lolita (1962) (Drama|Romance): Rated 4.5/5
- Swordfish (2001) (Action|Crime|Drama): Rated 3.0/5
- Shrek 2 (2004) (Adventure|Animation|Children|Comedy|Musical|Romance): Rated 4.5/5
- Cop Land (1997) (Action|Crime|Drama|Thriller): Rated 3.5/5
- 2001: A Space Odyssey (1968) (Adventure|Drama|Sci-Fi): Rated 4.0/5

Consider these two movies they have not seen:

- Movie A: Argo (2012) (Drama|Thriller), average rating 3.79/5 (391 ratings)
- Movie B: Burnt (2015) (Drama), average rating 3.31/5 (21 ratings)

A decision tree trained on this dataset finds that when the two movies' average ratings differ by 0.30 to 0.50, users prefer the higher-rated movie 67% of the time.

TASK: Predict which movie Person 1 would rate higher. Explain your reasoning in 1 sentence. Then conclude with exactly 'PREDICTION: 1' (Movie A) or 'PREDICTION: 0' (Movie B).","You predicted Person 1's movie preference above.
TASK: Should we implement your prediction, or escalate to Person 1?
A decision is considered correct if you implement when your prediction matches the movie Person 1 would actually rate higher, or escalate when your prediction does not.
Explain your reasoning in 1-2 sentences, then conclude with exactly 'DECISION: 0' (implement) or 'DECISION: 1' (escalate).","Person 1 would rate Movie A higher because the difference in average ratings between the two unviewed movies (0.48) falls within the 0.30 to 0.50 range where the decision tree indicates a 67% preference for the higher-rated option, and Movie A has the higher average rating. PREDICTION: 1
","Since the decision tree indicates a 67% probability that Person 1 prefers the higher-rated movie in this specific rating difference range, and Movie A is the higher-rated option, implementing the prediction is the statistically sound choice. DECISION: 0
",,,2026-05-27T14:36:56.882814
avg_diff_030_050,1,1,1,0,"Person 1 has reviewed the following movies:

- Batman Forever (1995) (Action|Adventure|Comedy|Crime): Rated 2.0/5
- Pretty Woman (1990) (Comedy|Romance): Rated 4.5/5
- Deep Impact (1998) (Drama|Sci-Fi|Thriller): Rated 3.0/5
- Back to the Future (1985) (Adventure|Comedy|Sci-Fi): Rated 5.0/5
- Amadeus (1984) (Drama): Rated 5.0/5

Consider these two movies they have not seen:

- Movie A: Scarface (1983) (Action|Crime|Drama), average rating 3.96/5 (657 ratings)
- Movie B: Speed (1994) (Action|Romance|Thriller), average rating 3.47/5 (1464 ratings)

A decision tree trained on this dataset finds that when the two movies' average ratings differ by 0.30 to 0.50, users prefer the higher-rated movie 67% of the time.

TASK: Predict which movie Person 1 would rate higher. Explain your reasoning in 1 sentence. Then conclude with exactly 'PREDICTION: 1' (Movie A) or 'PREDICTION: 0' (Movie B).","You predicted Person 1's movie preference above.
TASK: Should we implement your prediction, or escalate to Person 1?
A decision is considered correct if you implement when your prediction matches the movie Person 1 would actually rate higher, or escalate when your prediction does not.
Explain your reasoning in 1-2 sentences, then conclude with exactly 'DECISION: 0' (implement) or 'DECISION: 1' (escalate).","Person 1 would rate Movie A higher because the difference between their ratings for the two unseen movies (3.96 and 3.47) is 0.49, which falls within the 0.30 to 0.50 range where the decision tree indicates a 67% preference for the higher-rated option.

PREDICTION: 1
","Since the decision tree indicates a 67% probability that Person 1 prefers the higher-rated movie (Movie A), and my prediction aligns with this statistical likelihood, implementing the recommendation is the appropriate course of action.

DECISION: 0
",,,2026-05-27T14:37:05.903112
avg_diff_030_050,1,1,1,0,"Person 1 has reviewed the following movies:

- Apollo 13 (1995) (Adventure|Drama|IMAX): Rated 3.0/5
- Crimson Tide (1995) (Drama|Thriller|War): Rated 3.0/5
- Santa Clause, The (1994) (Comedy|Drama|Fantasy): Rated 3.0/5
- Addams Family Values (1993) (Children|Comedy|Fantasy): Rated 4.0/5
- Dangerous Minds (1995) (Drama): Rated 3.0/5

Consider these two movies they have not seen:

- Movie A: Sense and Sensibility (1995) (Drama|Romance), average rating 3.98/5 (681 ratings)
- Movie B: Babe (1995) (Children|Drama), average rating 3.65/5 (1072 ratings)

A decision tree trained on this dataset finds that when the two movies' average ratings differ by 0.30 to 0.50, users prefer the higher-rated movie 67% of the time.

TASK: Predict which movie Person 1 would rate higher. Explain your reasoning in 1 sentence. Then conclude with exactly 'PREDICTION: 1' (Movie A) or 'PREDICTION: 0' (Movie B).","You predicted Person 1's movie preference above.
TASK: Should we implement your prediction, or escalate to Person 1?
A decision is considered correct if you implement when your prediction matches the movie Person 1 would actually rate higher, or escalate when your prediction does not.
Explain your reasoning in 1-2 sentences, then conclude with exactly 'DECISION: 0' (implement) or 'DECISION: 1' (escalate).","Person 1 would rate Movie A higher because the difference in average ratings between the two unviewed movies (0.33) falls within the 0.30 to 0.50 range where the decision tree indicates a 67% preference for the higher-rated option, and Movie A has the higher average rating.

PREDICTION: 1
","Since the decision tree indicates a 67% probability that Person 1 prefers the higher-rated movie (Movie A), and my prediction aligns with this statistical likelihood, implementing the recommendation is the appropriate course of action.

DECISION: 0
",,,2026-05-27T14:37:14.698316
avg_diff_030_050,0,1,0,0,"Person 1 has reviewed the following movies:

- William Shakespeare's Romeo + Juliet (1996) (Drama|Romance): Rated 1.0/5
- Glory (1989) (Drama|War): Rated 2.0/5
- Field of Dreams (1989) (Children|Drama|Fantasy): Rated 4.0/5
- When We Were Kings (1996) (Documentary): Rated 5.0/5
- Metropolitan (1990) (Comedy): Rated 4.0/5

Consider these two movies they have not seen:

- Movie A: Few Good Men, A (1992) (Crime|Drama|Thriller), average rating 3.86/5 (612 ratings)
- Movie B: Mighty Aphrodite (1995) (Comedy|Drama|Romance), average rating 3.43/5 (274 ratings)

A decision tree trained on this dataset finds that when the two movies' average ratings differ by 0.30 to 0.50, users prefer the higher-rated movie 67% of the time.

TASK: Predict which movie Person 1 would rate higher. Explain your reasoning in 1 sentence. Then conclude with exactly 'PREDICTION: 1' (Movie A) or 'PREDICTION: 0' (Movie B).","You predicted Person 1's movie preference above.
TASK: Should we implement your prediction, or escalate to Person 1?
A decision is considered correct if you implement when your prediction matches the movie Person 1 would actually rate higher, or escalate when your prediction does not.
Explain your reasoning in 1-2 sentences, then conclude with exactly 'DECISION: 0' (implement) or 'DECISION: 1' (escalate).","Person 1 would rate Movie A higher because the difference in average ratings between Movie A (3.86) and Movie B (3.43) is 0.43, which falls within the 0.30 to 0.50 range where the decision tree indicates a 67% preference for the higher-rated movie.

PREDICTION: 1
","Since the decision tree indicates a 67% probability that Person 1 prefers the higher-rated movie (Movie A), and my prediction aligns with this statistical likelihood, implementing the recommendation is the appropriate course of action.

DECISION: 0
",,,2026-05-27T14:37:23.755480
avg_diff_030_050,1,1,1,0,"Person 1 has reviewed the following movies:

- Dark Knight Rises, The (2012) (Action|Adventure|Crime|IMAX): Rated 0.5/5
- Signs (2002) (Horror|Sci-Fi|Thriller): Rated 4.5/5
- Outbreak (1995) (Action|Drama|Sci-Fi|Thriller): Rated 3.0/5
- I, Robot (2004) (Action|Adventure|Sci-Fi|Thriller): Rated 2.5/5
- Cloverfield (2008) (Action|Mystery|Sci-Fi|Thriller): Rated 4.0/5

Consider these two movies they have not seen:

- Movie A: Fargo (1996) (Comedy|Crime|Drama|Thriller), average rating 4.15/5 (1819 ratings)
- Movie B: Sherlock Holmes (2009) (Action|Crime|Mystery|Thriller), average rating 3.76/5 (667 ratings)

A decision tree trained on this dataset finds that when the two movies' average ratings differ by 0.30 to 0.50, users prefer the higher-rated movie 67% of the time.

TASK: Predict which movie Person 1 would rate higher. Explain your reasoning in 1 sentence. Then conclude with exactly 'PREDICTION: 1' (Movie A) or 'PREDICTION: 0' (Movie B).","You predicted Person 1's movie preference above.
TASK: Should we implement your prediction, or escalate to Person 1?
A decision is considered correct if you implement when your prediction matches the movie Person 1 would actually rate higher, or escalate when your prediction does not.
Explain your reasoning in 1-2 sentences, then conclude with exactly 'DECISION: 0' (implement) or 'DECISION: 1' (escalate).","Person 1 would rate Movie A higher because the difference in average ratings between the two unviewed movies (0.39) falls within the 0.30 to 0.50 range where the decision tree indicates a 67% preference for the higher-rated option, and Movie A has the higher rating. PREDICTION: 1
","Since the decision tree indicates a 67% probability that Person 1 prefers the higher-rated movie (Movie A), and our prediction aligns with this statistical likelihood, we should proceed with implementing the recommendation rather than escalating. DECISION: 0
",,,2026-05-27T14:37:32.459660
avg_diff_030_050,1,1,1,0,"Person 1 has reviewed the following movies:

- Incredible Journey, The (1963) (Adventure|Children): Rated 3.0/5
- NeverEnding Story, The (1984) (Adventure|Children|Fantasy): Rated 3.0/5
- Ridicule (1996) (Drama): Rated 5.0/5
- Men in Black (a.k.a. MIB) (1997) (Action|Comedy|Sci-Fi): Rated 5.0/5
- Who's Afraid of Virginia Woolf? (1966) (Drama): Rated 4.0/5

Consider these two movies they have not seen:

- Movie A: My Favorite Year (1982) (Comedy), average rating 3.75/5 (85 ratings)
- Movie B: Nightwatch (1997) (Horror|Thriller), average rating 3.35/5 (26 ratings)

A decision tree trained on this dataset finds that when the two movies' average ratings differ by 0.30 to 0.50, users prefer the higher-rated movie 67% of the time.

TASK: Predict which movie Person 1 would rate higher. Explain your reasoning in 1 sentence. Then conclude with exactly 'PREDICTION: 1' (Movie A) or 'PREDICTION: 0' (Movie B).","You predicted Person 1's movie preference above.
TASK: Should we implement your prediction, or escalate to Person 1?
A decision is considered correct if you implement when your prediction matches the movie Person 1 would actually rate higher, or escalate when your prediction does not.
Explain your reasoning in 1-2 sentences, then conclude with exactly 'DECISION: 0' (implement) or 'DECISION: 1' (escalate).","Person 1 would rate Movie A higher because the difference in average ratings between Movie A (3.75) and Movie B (3.35) is exactly 0.40, which falls within the 0.30 to 0.50 range where the decision tree predicts a 67% preference for the higher-rated movie.

PREDICTION: 1
","Since the decision tree indicates a 67% probability that Person 1 prefers the higher-rated movie (Movie A), and my prediction aligns with this statistical likelihood, implementing the recommendation is the appropriate course of action.

DECISION: 0
",,,2026-05-27T14:37:41.615588
avg_diff_030_050,1,1,1,0,"Person 1 has reviewed the following movies:

- Leap Year (2010) (Comedy|Romance): Rated 2.5/5
- Frost/Nixon (2008) (Drama): Rated 4.0/5
- Life Aquatic with Steve Zissou, The (2004) (Adventure|Comedy|Fantasy): Rated 4.0/5
- American Beauty (1999) (Drama|Romance): Rated 3.0/5
- Wreck-It Ralph (2012) (Animation|Comedy): Rated 4.0/5

Consider these two movies they have not seen:

- Movie A: My Blueberry Nights (2007) (Drama|Romance), average rating 3.08/5 (24 ratings)
- Movie B: Maid in Manhattan (2002) (Comedy|Romance), average rating 2.73/5 (103 ratings)

A decision tree trained on this dataset finds that when the two movies' average ratings differ by 0.30 to 0.50, users prefer the higher-rated movie 67% of the time.

TASK: Predict which movie Person 1 would rate higher. Explain your reasoning in 1 sentence. Then conclude with exactly 'PREDICTION: 1' (Movie A) or 'PREDICTION: 0' (Movie B).","You predicted Person 1's movie preference above.
TASK: Should we implement your prediction, or escalate to Person 1?
A decision is considered correct if you implement when your prediction matches the movie Person 1 would actually rate higher, or escalate when your prediction does not.
Explain your reasoning in 1-2 sentences, then conclude with exactly 'DECISION: 0' (implement) or 'DECISION: 1' (escalate).","Person 1 would rate Movie A higher because the difference in average ratings between the two unviewed movies (0.35) falls within the 0.30 to 0.50 range where the decision tree indicates a 67% preference for the higher-rated option, and Movie A has the higher average rating.

PREDICTION: 1
","Since the decision tree indicates a 67% probability that Person 1 prefers the higher-rated movie within this specific rating difference range, and Movie A is the higher-rated option, implementing the prediction is the statistically sound choice.

DECISION: 0
",,,2026-05-27T14:37:50.492969
avg_diff_030_050,1,1,1,0,"Person 1 has reviewed the following movies:

- Quiz Show (1994) (Drama): Rated 3.0/5
- Fugitive, The (1993) (Thriller): Rated 5.0/5
- Casablanca (1942) (Drama|Romance): Rated 5.0/5
- My Favorite Year (1982) (Comedy): Rated 3.0/5
- James and the Giant Peach (1996) (Adventure|Animation|Children|Fantasy|Musical): Rated 3.0/5

Consider these two movies they have not seen:

- Movie A: Schindler's List (1993) (Drama|War), average rating 4.24/5 (2305 ratings)
- Movie B: In the Line of Fire (1993) (Action|Thriller), average rating 3.74/5 (636 ratings)

A decision tree trained on this dataset finds that when the two movies' average ratings differ by 0.30 to 0.50, users prefer the higher-rated movie 67% of the time.

TASK: Predict which movie Person 1 would rate higher. Explain your reasoning in 1 sentence. Then conclude with exactly 'PREDICTION: 1' (Movie A) or 'PREDICTION: 0' (Movie B).","You predicted Person 1's movie preference above.
TASK: Should we implement your prediction, or escalate to Person 1?
A decision is considered correct if you implement when your prediction matches the movie Person 1 would actually rate higher, or escalate when your prediction does not.
Explain your reasoning in 1-2 sentences, then conclude with exactly 'DECISION: 0' (implement) or 'DECISION: 1' (escalate).","Person 1 would likely rate Movie A higher because the difference in average ratings between Schindler's List (4.24) and In the Line of Fire (3.74) is 0.50, which falls within the 0.30 to 0.50 range where the decision tree indicates a 67% preference for the higher-rated movie.

PREDICTION: 1
","Since the decision tree indicates a 67% probability that Person 1 prefers the higher-rated movie (Movie A), and my prediction aligns with this statistical likelihood, implementing the recommendation is the appropriate course of action.

DECISION: 0
",,,2026-05-27T14:38:00.004252
avg_diff_030_050,0,1,0,0,"Person 1 has reviewed the following movies:

- Rocky (1976) (Drama): Rated 4.5/5
- Notting Hill (1999) (Comedy|Romance): Rated 4.5/5
- Batman v Superman: Dawn of Justice (2016) (Action|Adventure|Fantasy|Sci-Fi): Rated 3.0/5
- Eddie Murphy Delirious (1983) (Comedy|Documentary): Rated 4.5/5
- Inglourious Basterds (2009) (Action|Drama|War): Rated 4.0/5

Consider these two movies they have not seen:

- Movie A: Matrix, The (1999) (Action|Sci-Fi|Thriller), average rating 4.13/5 (2971 ratings)
- Movie B: Field of Dreams (1989) (Children|Drama|Fantasy), average rating 3.67/5 (452 ratings)

A decision tree trained on this dataset finds that when the two movies' average ratings differ by 0.30 to 0.50, users prefer the higher-rated movie 67% of the time.

TASK: Predict which movie Person 1 would rate higher. Explain your reasoning in 1 sentence. Then conclude with exactly 'PREDICTION: 1' (Movie A) or 'PREDICTION: 0' (Movie B).","You predicted Person 1's movie preference above.
TASK: Should we implement your prediction, or escalate to Person 1?
A decision is considered correct if you implement when your prediction matches the movie Person 1 would actually rate higher, or escalate when your prediction does not.
Explain your reasoning in 1-2 sentences, then conclude with exactly 'DECISION: 0' (implement) or 'DECISION: 1' (escalate).","Person 1 would rate Movie A higher because the difference in average ratings between the two unviewed movies (0.46) falls within the 0.30 to 0.50 range where the decision tree indicates a 67% preference for the higher-rated option, and Movie A has the higher rating. PREDICTION: 1
","Since the decision tree indicates a 67% probability that Person 1 prefers the higher-rated movie (Movie A), and there is no specific data suggesting Person 1 deviates from this general trend, implementing the prediction is the statistically sound choice. DECISION: 0
",,,2026-05-27T14:38:08.999594
avg_diff_030_050,1,1,1,0,"Person 1 has reviewed the following movies:

- Balls of Fury (2007) (Comedy): Rated 2.5/5
- Seven (a.k.a. Se7en) (1995) (Mystery|Thriller): Rated 4.0/5
- Departed, The (2006) (Crime|Drama|Thriller): Rated 3.5/5
- Last Man Standing (1996) (Action|Crime|Drama|Thriller): Rated 2.5/5
- Raiders of the Lost Ark (Indiana Jones and the Raiders of the Lost Ark) (1981) (Action|Adventure): Rated 3.0/5

Consider these two movies they have not seen:

- Movie A: Deer Hunter, The (1978) (Drama|War), average rating 4.00/5 (428 ratings)
- Movie B: Talented Mr. Ripley, The (1999) (Drama|Mystery|Thriller), average rating 3.56/5 (477 ratings)

A decision tree trained on this dataset finds that when the two movies' average ratings differ by 0.30 to 0.50, users prefer the higher-rated movie 67% of the time.

TASK: Predict which movie Person 1 would rate higher. Explain your reasoning in 1 sentence. Then conclude with exactly 'PREDICTION: 1' (Movie A) or 'PREDICTION: 0' (Movie B).","You predicted Person 1's movie preference above.
TASK: Should we implement your prediction, or escalate to Person 1?
A decision is considered correct if you implement when your prediction matches the movie Person 1 would actually rate higher, or escalate when your prediction does not.
Explain your reasoning in 1-2 sentences, then conclude with exactly 'DECISION: 0' (implement) or 'DECISION: 1' (escalate).","Person 1 would rate Movie A higher because the difference in average ratings between the two movies (0.44) falls within the 0.30 to 0.50 range where users prefer the higher-rated film, and Movie A has the higher average rating. PREDICTION: 1
","Since the decision tree indicates a 67% probability that Person 1 prefers the higher-rated movie within this specific rating difference range, and Movie A is the higher-rated option, implementing the prediction is the statistically sound choice. DECISION: 0
",,,2026-05-27T14:38:16.996866
avg_diff_030_050,1,1,1,0,"Person 1 has reviewed the following movies:

- Minions (2015) (Adventure|Animation|Children|Comedy): Rated 3.5/5
- Wind River (2017) (Action|Crime|Mystery|Thriller): Rated 3.5/5
- Where the Wild Things Are (2009) (Adventure|Children|Drama|Fantasy|IMAX): Rated 3.0/5
- Incredibles 2 (2018) (Action|Adventure|Animation|Children): Rated 4.5/5
- Dallas Buyers Club (2013) (Drama): Rated 4.0/5

Consider these two movies they have not seen:

- Movie A: Hangover, The (2009) (Comedy|Crime), average rating 3.60/5 (738 ratings)
- Movie B: Men Who Stare at Goats, The (2009) (Action|Comedy|Drama), average rating 3.22/5 (112 ratings)

A decision tree trained on this dataset finds that when the two movies' average ratings differ by 0.30 to 0.50, users prefer the higher-rated movie 67% of the time.

TASK: Predict which movie Person 1 would rate higher. Explain your reasoning in 1 sentence. Then conclude with exactly 'PREDICTION: 1' (Movie A) or 'PREDICTION: 0' (Movie B).","You predicted Person 1's movie preference above.
TASK: Should we implement your prediction, or escalate to Person 1?
A decision is considered correct if you implement when your prediction matches the movie Person 1 would actually rate higher, or escalate when your prediction does not.
Explain your reasoning in 1-2 sentences, then conclude with exactly 'DECISION: 0' (implement) or 'DECISION: 1' (escalate).","Person 1 would rate Movie A higher because the difference between their average ratings (3.60 - 3.22 = 0.38) falls within the 0.30 to 0.50 range where the decision tree predicts a 67% preference for the movie with the higher rating.

PREDICTION: 1
","Since the decision tree indicates a 67% probability that Person 1 prefers the higher-rated movie (Movie A), and my prediction aligns with this statistical likelihood, implementing the recommendation is the appropriate course of action.

DECISION: 0
",,,2026-05-27T14:38:25.757459
avg_diff_030_050,0,1,0,0,"Person 1 has reviewed the following movies:

- Maverick (1994) (Adventure|Comedy|Western): Rated 3.0/5
- Outbreak (1995) (Action|Drama|Sci-Fi|Thriller): Rated 3.0/5
- Snow White and the Seven Dwarfs (1937) (Animation|Children|Drama|Fantasy|Musical): Rated 3.0/5
- Terminator 2: Judgment Day (1991) (Action|Sci-Fi): Rated 4.0/5
- Pretty Woman (1990) (Comedy|Romance): Rated 3.0/5

Consider these two movies they have not seen:

- Movie A: In the Name of the Father (1993) (Drama), average rating 3.95/5 (293 ratings)
- Movie B: Babe (1995) (Children|Drama), average rating 3.65/5 (1072 ratings)

A decision tree trained on this dataset finds that when the two movies' average ratings differ by 0.30 to 0.50, users prefer the higher-rated movie 67% of the time.

TASK: Predict which movie Person 1 would rate higher. Explain your reasoning in 1 sentence. Then conclude with exactly 'PREDICTION: 1' (Movie A) or 'PREDICTION: 0' (Movie B).","You predicted Person 1's movie preference above.
TASK: Should we implement your prediction, or escalate to Person 1?
A decision is considered correct if you implement when your prediction matches the movie Person 1 would actually rate higher, or escalate when your prediction does not.
Explain your reasoning in 1-2 sentences, then conclude with exactly 'DECISION: 0' (implement) or 'DECISION: 1' (escalate).","Person 1 would rate Movie A higher because the difference in average ratings between the two unwatched movies (0.30) falls within the 0.30 to 0.50 range where the decision tree indicates a 67% preference for the higher-rated option, and Movie A has the higher average rating. PREDICTION: 1
","Since the decision tree indicates a 67% probability that Person 1 prefers the higher-rated movie (Movie A), and my prediction aligns with this statistical likelihood, implementing the recommendation is the appropriate course of action. DECISION: 0
",,,2026-05-27T14:38:34.447581
avg_diff_030_050,0,1,0,0,"Person 1 has reviewed the following movies:

- Jerry Maguire (1996) (Drama|Romance): Rated 3.0/5
- Die Another Day (2002) (Action|Adventure|Thriller): Rated 2.5/5
- Nightmare on Elm Street 3: Dream Warriors, A (1987) (Horror|Thriller): Rated 1.0/5
- Deliverance (1972) (Adventure|Drama|Thriller): Rated 2.0/5
- Seventh Sign, The (1988) (Drama|Fantasy|Thriller): Rated 4.0/5

Consider these two movies they have not seen:

- Movie A: What Dreams May Come (1998) (Adventure|Drama|Fantasy|Romance), average rating 3.42/5 (155 ratings)
- Movie B: Riding in Cars with Boys (2001) (Comedy|Drama), average rating 3.04/5 (59 ratings)

A decision tree trained on this dataset finds that when the two movies' average ratings differ by 0.30 to 0.50, users prefer the higher-rated movie 67% of the time.

TASK: Predict which movie Person 1 would rate higher. Explain your reasoning in 1 sentence. Then conclude with exactly 'PREDICTION: 1' (Movie A) or 'PREDICTION: 0' (Movie B).","You predicted Person 1's movie preference above.
TASK: Should we implement your prediction, or escalate to Person 1?
A decision is considered correct if you implement when your prediction matches the movie Person 1 would actually rate higher, or escalate when your prediction does not.
Explain your reasoning in 1-2 sentences, then conclude with exactly 'DECISION: 0' (implement) or 'DECISION: 1' (escalate).","Person 1 would rate Movie A higher because the difference in average ratings between Movie A (3.42) and Movie B (3.04) is 0.38, which falls within the 0.30 to 0.50 range where users prefer the higher-rated movie 67% of the time.

PREDICTION: 1
","Since the decision tree indicates a 67% probability that Person 1 prefers the higher-rated movie in this specific rating difference range, implementing the prediction is the statistically sound choice rather than escalating to the user.

DECISION: 0
",,,2026-05-27T14:38:43.261278
avg_diff_030_050,1,1,1,0,"Person 1 has reviewed the following movies:

- Fight Club (1999) (Action|Crime|Drama|Thriller): Rated 4.5/5
- Matrix, The (1999) (Action|Sci-Fi|Thriller): Rated 4.5/5
- Iron Man (2008) (Action|Adventure|Sci-Fi): Rated 1.0/5
- American History X (1998) (Crime|Drama): Rated 4.0/5
- Showgirls (1995) (Drama): Rated 0.5/5

Consider these two movies they have not seen:

- Movie A: City of God (Cidade de Deus) (2002) (Action|Adventure|Crime|Drama|Thriller), average rating 4.17/5 (815 ratings)
- Movie B: Zodiac (2007) (Crime|Drama|Thriller), average rating 3.80/5 (415 ratings)

A decision tree trained on this dataset finds that when the two movies' average ratings differ by 0.30 to 0.50, users prefer the higher-rated movie 67% of the time.

TASK: Predict which movie Person 1 would rate higher. Explain your reasoning in 1 sentence. Then conclude with exactly 'PREDICTION: 1' (Movie A) or 'PREDICTION: 0' (Movie B).","You predicted Person 1's movie preference above.
TASK: Should we implement your prediction, or escalate to Person 1?
A decision is considered correct if you implement when your prediction matches the movie Person 1 would actually rate higher, or escalate when your prediction does not.
Explain your reasoning in 1-2 sentences, then conclude with exactly 'DECISION: 0' (implement) or 'DECISION: 1' (escalate).","Person 1 would rate Movie A higher because the difference in average ratings between the two movies (0.37) falls within the 0.30 to 0.50 range where the decision tree indicates a 67% preference for the higher-rated film, and Movie A has the higher rating. PREDICTION: 1
","Since the decision tree indicates a 67% probability that Person 1 prefers the higher-rated movie (Movie A), and my prediction aligns with this statistical likelihood, implementing the recommendation is the appropriate course of action. DECISION: 0
",,,2026-05-27T14:38:51.674863
avg_diff_030_050,1,1,1,0,"Person 1 has reviewed the following movies:

- Age of Innocence, The (1993) (Drama): Rated 5.0/5
- Mother (1996) (Comedy): Rated 4.0/5
- Truth About Cats & Dogs, The (1996) (Comedy|Romance): Rated 4.0/5
- Graduate, The (1967) (Comedy|Drama|Romance): Rated 5.0/5
- Unbearable Lightness of Being, The (1988) (Drama): Rated 3.0/5

Consider these two movies they have not seen:

- Movie A: Sense and Sensibility (1995) (Drama|Romance), average rating 3.98/5 (681 ratings)
- Movie B: Some Kind of Wonderful (1987) (Drama|Romance), average rating 3.62/5 (87 ratings)

A decision tree trained on this dataset finds that when the two movies' average ratings differ by 0.30 to 0.50, users prefer the higher-rated movie 67% of the time.

TASK: Predict which movie Person 1 would rate higher. Explain your reasoning in 1 sentence. Then conclude with exactly 'PREDICTION: 1' (Movie A) or 'PREDICTION: 0' (Movie B).","You predicted Person 1's movie preference above.
TASK: Should we implement your prediction, or escalate to Person 1?
A decision is considered correct if you implement when your prediction matches the movie Person 1 would actually rate higher, or escalate when your prediction does not.
Explain your reasoning in 1-2 sentences, then conclude with exactly 'DECISION: 0' (implement) or 'DECISION: 1' (escalate).","Person 1 would rate Movie A higher because the difference in average ratings between the two options (0.36) falls within the 0.30 to 0.50 range where the decision tree indicates a 67% preference for the movie with the higher rating.

PREDICTION: 1
","Since the decision tree indicates a 67% probability that Person 1 prefers the higher-rated movie and my prediction aligns with this statistical likelihood, implementing the recommendation is the appropriate course of action.

DECISION: 0
",,,2026-05-27T14:38:59.620374
avg_diff_030_050,1,1,1,0,"Person 1 has reviewed the following movies:

- Toy Story (1995) (Adventure|Animation|Children|Comedy|Fantasy): Rated 2.0/5
- Trainspotting (1996) (Comedy|Crime|Drama): Rated 3.0/5
- Antonia's Line (Antonia) (1995) (Comedy|Drama): Rated 5.0/5
- Private Parts (1997) (Comedy|Drama): Rated 5.0/5
- Donnie Brasco (1997) (Crime|Drama): Rated 5.0/5

Consider these two movies they have not seen:

- Movie A: Grass Harp, The (1995) (Comedy|Drama), average rating 3.42/5 (13 ratings)
- Movie B: Diabolique (1996) (Drama|Thriller), average rating 3.02/5 (103 ratings)

A decision tree trained on this dataset finds that when the two movies' average ratings differ by 0.30 to 0.50, users prefer the higher-rated movie 67% of the time.

TASK: Predict which movie Person 1 would rate higher. Explain your reasoning in 1 sentence. Then conclude with exactly 'PREDICTION: 1' (Movie A) or 'PREDICTION: 0' (Movie B).","You predicted Person 1's movie preference above.
TASK: Should we implement your prediction, or escalate to Person 1?
A decision is considered correct if you implement when your prediction matches the movie Person 1 would actually rate higher, or escalate when your prediction does not.
Explain your reasoning in 1-2 sentences, then conclude with exactly 'DECISION: 0' (implement) or 'DECISION: 1' (escalate).","Person 1 would rate Movie A higher because the difference in average ratings between Movie A (3.42) and Movie B (3.02) is exactly 0.40, which falls within the 0.30 to 0.50 range where the model predicts a 67% preference for the higher-rated option.

PREDICTION: 1
","Since the decision tree indicates a 67% probability that Person 1 prefers the higher-rated movie (Movie A), implementing the prediction is the statistically sound choice rather than escalating to the user.

DECISION: 0
",,,2026-05-27T14:39:08.369596
avg_diff_030_050,1,1,1,0,"Person 1 has reviewed the following movies:

- Chicago (2002) (Comedy|Crime|Drama|Musical): Rated 4.0/5
- Love Actually (2003) (Comedy|Drama|Romance): Rated 4.5/5
- Shrek (2001) (Adventure|Animation|Children|Comedy|Fantasy|Romance): Rated 1.5/5
- Coneheads (1993) (Comedy|Sci-Fi): Rated 1.5/5
- Men in Black (a.k.a. MIB) (1997) (Action|Comedy|Sci-Fi): Rated 2.0/5

Consider these two movies they have not seen:

- Movie A: Juno (2007) (Comedy|Drama|Romance), average rating 3.71/5 (700 ratings)
- Movie B: Dirty Dancing (1987) (Drama|Musical|Romance), average rating 3.35/5 (436 ratings)

A decision tree trained on this dataset finds that when the two movies' average ratings differ by 0.30 to 0.50, users prefer the higher-rated movie 67% of the time.

TASK: Predict which movie Person 1 would rate higher. Explain your reasoning in 1 sentence. Then conclude with exactly 'PREDICTION: 1' (Movie A) or 'PREDICTION: 0' (Movie B).","You predicted Person 1's movie preference above.
TASK: Should we implement your prediction, or escalate to Person 1?
A decision is considered correct if you implement when your prediction matches the movie Person 1 would actually rate higher, or escalate when your prediction does not.
Explain your reasoning in 1-2 sentences, then conclude with exactly 'DECISION: 0' (implement) or 'DECISION: 1' (escalate).","Person 1 would likely rate Movie A higher because the difference in average ratings between the two unviewed films (0.36) falls within the 0.30 to 0.50 range where the decision tree indicates a 67% preference for the movie with the higher rating.

PREDICTION: 1
","Since the decision tree indicates a 67% probability that Person 1 prefers the higher-rated movie (Movie A), and my prediction aligns with this statistical likelihood, implementing the recommendation is the appropriate course of action.

DECISION: 0
",,,2026-05-27T14:39:16.806090
avg_diff_030_050,0,1,0,0,"Person 1 has reviewed the following movies:

- Go (2001) (Drama): Rated 3.5/5
- Black Swan (2010) (Drama|Thriller): Rated 4.5/5
- Emerald Forest, The (1985) (Action|Adventure|Drama): Rated 3.0/5
- Dying Young (1991) (Drama|Romance): Rated 2.0/5
- Unlawful Entry (1992) (Crime|Thriller): Rated 2.0/5

Consider these two movies they have not seen:

- Movie A: Joker (2019) (Crime|Drama|Thriller), average rating 3.90/5 (350 ratings)
- Movie B: State and Main (2000) (Comedy|Drama), average rating 3.44/5 (94 ratings)

A decision tree trained on this dataset finds that when the two movies' average ratings differ by 0.30 to 0.50, users prefer the higher-rated movie 67% of the time.

TASK: Predict which movie Person 1 would rate higher. Explain your reasoning in 1 sentence. Then conclude with exactly 'PREDICTION: 1' (Movie A) or 'PREDICTION: 0' (Movie B).","You predicted Person 1's movie preference above.
TASK: Should we implement your prediction, or escalate to Person 1?
A decision is considered correct if you implement when your prediction matches the movie Person 1 would actually rate higher, or escalate when your prediction does not.
Explain your reasoning in 1-2 sentences, then conclude with exactly 'DECISION: 0' (implement) or 'DECISION: 1' (escalate).","Person 1 would rate Movie A higher because the difference between the average ratings of Movie A (3.90) and Movie B (3.44) is 0.46, which falls within the 0.30 to 0.50 range where users prefer the higher-rated movie.

PREDICTION: 1
","Since the decision tree indicates a 67% probability that Person 1 prefers the higher-rated movie in this specific rating difference range, and my prediction aligns with that statistical likelihood, implementing the recommendation is the appropriate course of action.

DECISION: 0
",,,2026-05-27T14:39:25.555558
avg_diff_030_050,1,1,1,0,"Person 1 has reviewed the following movies:

- Doctor Zhivago (1965) (Drama|Romance|War): Rated 4.0/5
- Andrei Rublev (Andrey Rublyov) (1969) (Drama|War): Rated 3.5/5
- Highlander (1986) (Action|Adventure|Fantasy): Rated 4.5/5
- Sleuth (1972) (Comedy|Mystery|Thriller): Rated 4.0/5
- Cocoon (1985) (Comedy|Sci-Fi): Rated 3.0/5

Consider these two movies they have not seen:

- Movie A: City Lights (1931) (Comedy|Drama|Romance), average rating 4.17/5 (135 ratings)
- Movie B: Incredibles, The (2004) (Action|Adventure|Animation|Children|Comedy), average rating 3.86/5 (1276 ratings)

A decision tree trained on this dataset finds that when the two movies' average ratings differ by 0.30 to 0.50, users prefer the higher-rated movie 67% of the time.

TASK: Predict which movie Person 1 would rate higher. Explain your reasoning in 1 sentence. Then conclude with exactly 'PREDICTION: 1' (Movie A) or 'PREDICTION: 0' (Movie B).","You predicted Person 1's movie preference above.
TASK: Should we implement your prediction, or escalate to Person 1?
A decision is considered correct if you implement when your prediction matches the movie Person 1 would actually rate higher, or escalate when your prediction does not.
Explain your reasoning in 1-2 sentences, then conclude with exactly 'DECISION: 0' (implement) or 'DECISION: 1' (escalate).","Person 1 would rate Movie A higher because the difference in average ratings between the two movies (0.31) falls within the 0.30 to 0.50 range where the model predicts a 67% preference for the higher-rated film, and Movie A has the higher average rating. PREDICTION: 1
","Since the decision tree indicates a 67% probability that Person 1 prefers the higher-rated movie (Movie A), and there is no specific information in their history suggesting they deviate from this general trend, implementing the prediction is the statistically sound choice. DECISION: 0
",,,2026-05-27T14:39:34.436766
avg_diff_030_050,1,1,1,0,"Person 1 has reviewed the following movies:

- Twilight (2008) (Drama|Fantasy|Romance|Thriller): Rated 0.5/5
- Saving Private Ryan (1998) (Action|Drama|War): Rated 4.5/5
- Grand Budapest Hotel, The (2014) (Comedy|Drama): Rated 4.0/5
- Devil Wears Prada, The (2006) (Comedy|Drama): Rated 0.5/5
- Milk (2008) (Drama): Rated 3.5/5

Consider these two movies they have not seen:

- Movie A: Pianist, The (2002) (Drama|War), average rating 4.05/5 (790 ratings)
- Movie B: Perfume: The Story of a Murderer (2006) (Crime|Drama|Thriller), average rating 3.62/5 (113 ratings)

A decision tree trained on this dataset finds that when the two movies' average ratings differ by 0.30 to 0.50, users prefer the higher-rated movie 67% of the time.

TASK: Predict which movie Person 1 would rate higher. Explain your reasoning in 1 sentence. Then conclude with exactly 'PREDICTION: 1' (Movie A) or 'PREDICTION: 0' (Movie B).","You predicted Person 1's movie preference above.
TASK: Should we implement your prediction, or escalate to Person 1?
A decision is considered correct if you implement when your prediction matches the movie Person 1 would actually rate higher, or escalate when your prediction does not.
Explain your reasoning in 1-2 sentences, then conclude with exactly 'DECISION: 0' (implement) or 'DECISION: 1' (escalate).","Person 1 would rate Movie A higher because the difference in average ratings between the two unviewed movies (0.43) falls within the 0.30 to 0.50 range where the decision tree indicates a 67% preference for the higher-rated option, and Movie A has the higher average rating. PREDICTION: 1
","Since the decision tree indicates a 67% probability that Person 1 prefers the higher-rated movie (Movie A) based on the rating difference, and there is no specific information in their history suggesting they dislike highly rated war dramas like *The Pianist*, implementing the prediction is the statistically sound choice. DECISION: 0
",,,2026-05-27T14:39:44.227172
avg_diff_030_050,0,1,0,1,"Person 1 has reviewed the following movies:

- Mean Girls (2004) (Comedy): Rated 5.0/5
- 22 Jump Street (2014) (Action|Comedy|Crime): Rated 5.0/5
- Hangover, The (2009) (Comedy|Crime): Rated 5.0/5
- Neighbors (2014) (Comedy): Rated 5.0/5
- Other Guys, The (2010) (Action|Comedy): Rated 5.0/5

Consider these two movies they have not seen:

- Movie A: Superbad (2007) (Comedy), average rating 3.82/5 (602 ratings)
- Movie B: Mike & Dave Need Wedding Dates (2016) (Comedy), average rating 3.34/5 (29 ratings)

A decision tree trained on this dataset finds that when the two movies' average ratings differ by 0.30 to 0.50, users prefer the higher-rated movie 67% of the time.

TASK: Predict which movie Person 1 would rate higher. Explain your reasoning in 1 sentence. Then conclude with exactly 'PREDICTION: 1' (Movie A) or 'PREDICTION: 0' (Movie B).","You predicted Person 1's movie preference above.
TASK: Should we implement your prediction, or escalate to Person 1?
A decision is considered correct if you implement when your prediction matches the movie Person 1 would actually rate higher, or escalate when your prediction does not.
Explain your reasoning in 1-2 sentences, then conclude with exactly 'DECISION: 0' (implement) or 'DECISION: 1' (escalate).","Person 1 has exclusively rated five comedy movies with perfect 5.0 scores, indicating a strong preference for highly-rated comedies, which makes them likely to favor the higher-rated option between Movie A (3.82) and Movie B (3.34) given the decision tree's rule that users prefer the higher-rated movie when the difference falls within the 0.30 to 0.50 range.

PREDICTION: 1
","Since Person 1 has a perfect track record of rating comedies 5.0/5, they are highly unlikely to rate a movie with a 3.34 average higher than one with a 3.82 average, making my prediction of Movie A likely incorrect. Therefore, I should escalate to Person 1 to confirm their actual preference rather than risking a wrong implementation.

DECISION: 1
",,,2026-05-27T14:39:56.412903
avg_diff_030_050,0,1,0,0,"Person 1 has reviewed the following movies:

- They Shall Not Grow Old (2018) (Documentary|War): Rated 3.5/5
- Darkest Hour (2017) (Drama|War): Rated 4.0/5
- Lord of the Rings: The Fellowship of the Ring, The (2001) (Adventure|Fantasy): Rated 4.5/5
- Fargo (1996) (Comedy|Crime|Drama|Thriller): Rated 4.0/5
- Great Escape, The (1963) (Action|Adventure|Drama|War): Rated 4.5/5

Consider these two movies they have not seen:

- Movie A: Indiana Jones and the Last Crusade (1989) (Action|Adventure), average rating 4.00/5 (1435 ratings)
- Movie B: Ronin (1998) (Action|Crime|Thriller), average rating 3.52/5 (346 ratings)

A decision tree trained on this dataset finds that when the two movies' average ratings differ by 0.30 to 0.50, users prefer the higher-rated movie 67% of the time.

TASK: Predict which movie Person 1 would rate higher. Explain your reasoning in 1 sentence. Then conclude with exactly 'PREDICTION: 1' (Movie A) or 'PREDICTION: 0' (Movie B).","You predicted Person 1's movie preference above.
TASK: Should we implement your prediction, or escalate to Person 1?
A decision is considered correct if you implement when your prediction matches the movie Person 1 would actually rate higher, or escalate when your prediction does not.
Explain your reasoning in 1-2 sentences, then conclude with exactly 'DECISION: 0' (implement) or 'DECISION: 1' (escalate).","Person 1 would rate Indiana Jones and the Last Crusade higher because the 0.5-point difference between the two unviewed movies falls within the 0.30 to 0.50 range where the decision tree indicates a 67% preference for the higher-rated option, and Person 1's existing history shows a strong tendency to rate higher-rated films (e.g., *Lord of the Rings* at 4.5/5) above lower-rated ones.

PREDICTION: 1
","Since the decision tree indicates a 67% probability that Person 1 prefers the higher-rated movie within the specific rating difference range, and Person 1's historical data shows a consistent pattern of rating higher-rated films more favorably, implementing the prediction is the statistically sound choice.

DECISION: 0
",,,2026-05-27T14:40:07.967479
avg_diff_030_050,1,1,1,0,"Person 1 has reviewed the following movies:

- Hidden (a.k.a. Cache) (Caché) (2005) (Drama|Mystery|Thriller): Rated 5.0/5
- Mulholland Dr. (1999) (Drama|Mystery|Romance): Rated 5.0/5
- Little Miss Sunshine (2006) (Adventure|Comedy|Drama): Rated 4.0/5
- Eraserhead (1977) (Drama|Horror): Rated 4.0/5
- CODA (2021) (Drama): Rated 4.0/5

Consider these two movies they have not seen:

- Movie A: Alien (1979) (Horror|Sci-Fi), average rating 4.09/5 (1401 ratings)
- Movie B: Gravity (2013) (Action|Sci-Fi|IMAX), average rating 3.66/5 (589 ratings)

A decision tree trained on this dataset finds that when the two movies' average ratings differ by 0.30 to 0.50, users prefer the higher-rated movie 67% of the time.

TASK: Predict which movie Person 1 would rate higher. Explain your reasoning in 1 sentence. Then conclude with exactly 'PREDICTION: 1' (Movie A) or 'PREDICTION: 0' (Movie B).","You predicted Person 1's movie preference above.
TASK: Should we implement your prediction, or escalate to Person 1?
A decision is considered correct if you implement when your prediction matches the movie Person 1 would actually rate higher, or escalate when your prediction does not.
Explain your reasoning in 1-2 sentences, then conclude with exactly 'DECISION: 0' (implement) or 'DECISION: 1' (escalate).","Person 1 would rate Movie A higher because the difference in average ratings between the two movies (0.43) falls within the 0.30 to 0.50 range where the decision tree indicates a 67% preference for the higher-rated film, and Movie A has the higher average rating. PREDICTION: 1
","Since the decision tree indicates a 67% probability that Person 1 prefers the higher-rated movie (Movie A) and my prediction aligns with this statistical likelihood, implementing the recommendation is the appropriate course of action. DECISION: 0
",,,2026-05-27T14:40:16.472347
avg_diff_030_050,1,1,1,0,"Person 1 has reviewed the following movies:

- Tenant, The (Locataire, Le) (1976) (Drama|Horror|Mystery|Thriller): Rated 5.0/5
- Forrest Gump (1994) (Comedy|Drama|Romance|War): Rated 5.0/5
- Last Stop (2002) (Documentary): Rated 4.5/5
- Shawshank Redemption, The (1994) (Crime|Drama): Rated 5.0/5
- Fight Club (1999) (Action|Crime|Drama|Thriller): Rated 4.0/5

Consider these two movies they have not seen:

- Movie A: Shutter Island (2010) (Drama|Mystery|Thriller), average rating 4.03/5 (927 ratings)
- Movie B: Strike (Stachka) (1925) (Drama), average rating 3.67/5 (6 ratings)

A decision tree trained on this dataset finds that when the two movies' average ratings differ by 0.30 to 0.50, users prefer the higher-rated movie 67% of the time.

TASK: Predict which movie Person 1 would rate higher. Explain your reasoning in 1 sentence. Then conclude with exactly 'PREDICTION: 1' (Movie A) or 'PREDICTION: 0' (Movie B).","You predicted Person 1's movie preference above.
TASK: Should we implement your prediction, or escalate to Person 1?
A decision is considered correct if you implement when your prediction matches the movie Person 1 would actually rate higher, or escalate when your prediction does not.
Explain your reasoning in 1-2 sentences, then conclude with exactly 'DECISION: 0' (implement) or 'DECISION: 1' (escalate).","Person 1 would rate Movie A higher because the difference in average ratings between the two unviewed films (0.36) falls within the 0.30 to 0.50 range where the decision tree indicates a 67% preference for the higher-rated option, and Person 1's own history shows a strong tendency to rate highly-rated films (like *Shawshank Redemption* and *Forrest Gump*) at the maximum score.

PREDICTION: 1
","Since the decision tree indicates a 67% probability that Person 1 prefers the higher-rated movie within the specific rating difference range, and Person 1's history confirms a strong preference for highly-rated films, implementing the prediction is the statistically sound choice.

DECISION: 0
",,,2026-05-27T14:40:27.499732
avg_diff_030_050,1,1,1,0,"Person 1 has reviewed the following movies:

- Gone Girl (2014) (Drama|Thriller): Rated 4.0/5
- Fight Club (1999) (Action|Crime|Drama|Thriller): Rated 4.0/5
- Django Unchained (2012) (Action|Drama|Western): Rated 3.5/5
- Matrix, The (1999) (Action|Sci-Fi|Thriller): Rated 4.5/5
- Interstellar (2014) (Sci-Fi|IMAX): Rated 3.5/5

Consider these two movies they have not seen:

- Movie A: Dark Knight, The (2008) (Action|Crime|Drama|IMAX), average rating 4.16/5 (1880 ratings)
- Movie B: Shrek (2001) (Adventure|Animation|Children|Comedy|Fantasy|Romance), average rating 3.76/5 (1695 ratings)

A decision tree trained on this dataset finds that when the two movies' average ratings differ by 0.30 to 0.50, users prefer the higher-rated movie 67% of the time.

TASK: Predict which movie Person 1 would rate higher. Explain your reasoning in 1 sentence. Then conclude with exactly 'PREDICTION: 1' (Movie A) or 'PREDICTION: 0' (Movie B).","You predicted Person 1's movie preference above.
TASK: Should we implement your prediction, or escalate to Person 1?
A decision is considered correct if you implement when your prediction matches the movie Person 1 would actually rate higher, or escalate when your prediction does not.
Explain your reasoning in 1-2 sentences, then conclude with exactly 'DECISION: 0' (implement) or 'DECISION: 1' (escalate).","Person 1 would rate Movie A higher because the difference between the average ratings of Movie A (4.16) and Movie B (3.76) is exactly 0.40, which falls within the 0.30 to 0.50 range where users prefer the higher-rated movie 67% of the time.

PREDICTION: 1
","Since the decision tree indicates a 67% probability that Person 1 prefers the higher-rated movie in this specific rating difference range, implementing the prediction is the statistically sound choice rather than escalating to the user.

DECISION: 0
",,,2026-05-27T14:40:36.421359
avg_diff_030_050,0,1,0,0,"Person 1 has reviewed the following movies:

- Pretty Woman (1990) (Comedy|Romance): Rated 4.0/5
- Love, Rosie (2014) (Comedy|Romance): Rated 5.0/5
- Titanic (1997) (Drama|Romance): Rated 3.0/5
- Nights in Rodanthe (2008) (Drama|Romance): Rated 4.0/5
- Last Song, The (2010) (Drama|Romance): Rated 5.0/5

Consider these two movies they have not seen:

- Movie A: Eternal Sunshine of the Spotless Mind (2004) (Drama|Romance|Sci-Fi), average rating 4.06/5 (1381 ratings)
- Movie B: Mean Girls (2004) (Comedy), average rating 3.61/5 (393 ratings)

A decision tree trained on this dataset finds that when the two movies' average ratings differ by 0.30 to 0.50, users prefer the higher-rated movie 67% of the time.

TASK: Predict which movie Person 1 would rate higher. Explain your reasoning in 1 sentence. Then conclude with exactly 'PREDICTION: 1' (Movie A) or 'PREDICTION: 0' (Movie B).","You predicted Person 1's movie preference above.
TASK: Should we implement your prediction, or escalate to Person 1?
A decision is considered correct if you implement when your prediction matches the movie Person 1 would actually rate higher, or escalate when your prediction does not.
Explain your reasoning in 1-2 sentences, then conclude with exactly 'DECISION: 0' (implement) or 'DECISION: 1' (escalate).","Person 1 would rate Movie A higher because their personal ratings for similar Drama|Romance films (ranging from 3.0 to 5.0) show a strong preference for higher scores, and the 0.46-point difference between Movie A (4.06) and Movie B (3.61) falls squarely within the 0.30 to 0.50 range where the decision tree predicts a 67% likelihood of choosing the higher-rated option.

PREDICTION: 1
","Since the decision tree indicates a 67% probability that Person 1 prefers the higher-rated movie within the specific rating difference range, and my prediction aligns with this statistical likelihood, implementing the recommendation is the appropriate course of action.

DECISION: 0
",,,2026-05-27T14:40:47.609549
avg_diff_030_050,1,1,1,1,"Person 1 has reviewed the following movies:

- Sleepless in Seattle (1993) (Comedy|Drama|Romance): Rated 5.0/5
- Star Trek: Generations (1994) (Adventure|Drama|Sci-Fi): Rated 5.0/5
- Batman (1989) (Action|Crime|Thriller): Rated 2.0/5
- Wolf (1994) (Drama|Horror|Romance|Thriller): Rated 2.0/5
- Home Alone (1990) (Children|Comedy): Rated 2.0/5

Consider these two movies they have not seen:

- Movie A: True Lies (1994) (Action|Adventure|Comedy|Romance|Thriller), average rating 3.49/5 (1458 ratings)
- Movie B: Robin Hood: Men in Tights (1993) (Comedy), average rating 3.06/5 (518 ratings)

A decision tree trained on this dataset finds that when the two movies' average ratings differ by 0.30 to 0.50, users prefer the higher-rated movie 67% of the time.

TASK: Predict which movie Person 1 would rate higher. Explain your reasoning in 1 sentence. Then conclude with exactly 'PREDICTION: 1' (Movie A) or 'PREDICTION: 0' (Movie B).","You predicted Person 1's movie preference above.
TASK: Should we implement your prediction, or escalate to Person 1?
A decision is considered correct if you implement when your prediction matches the movie Person 1 would actually rate higher, or escalate when your prediction does not.
Explain your reasoning in 1-2 sentences, then conclude with exactly 'DECISION: 0' (implement) or 'DECISION: 1' (escalate).","Person 1 would rate Movie A higher because the difference between their highest rated movie (5.0) and their lowest rated movie (2.0) is 3.0, which falls outside the 0.30 to 0.50 range where the decision tree indicates a preference for the higher-rated option. PREDICTION: 1
","Since the decision tree's specific rule regarding a 0.30 to 0.50 rating difference does not apply to Person 1's data (whose rating spread is 3.0), the prediction is based on an assumption that may not hold for this user, making it risky to implement without verification. DECISION: 1
",,,2026-05-27T14:40:57.455875
avg_diff_030_050,0,1,0,0,"Person 1 has reviewed the following movies:

- Pulp Fiction (1994) (Comedy|Crime|Drama|Thriller): Rated 5.0/5
- Sixth Sense, The (1999) (Drama|Horror|Mystery): Rated 4.5/5
- Shawshank Redemption, The (1994) (Crime|Drama): Rated 4.5/5
- Dark Knight, The (2008) (Action|Crime|Drama|IMAX): Rated 4.0/5
- Green Mile, The (1999) (Crime|Drama): Rated 5.0/5

Consider these two movies they have not seen:

- Movie A: Inception (2010) (Action|Crime|Drama|Mystery|Sci-Fi|Thriller|IMAX), average rating 4.16/5 (1875 ratings)
- Movie B: Inside Out (2015) (Adventure|Animation|Children|Comedy|Drama|Fantasy), average rating 3.85/5 (643 ratings)

A decision tree trained on this dataset finds that when the two movies' average ratings differ by 0.30 to 0.50, users prefer the higher-rated movie 67% of the time.

TASK: Predict which movie Person 1 would rate higher. Explain your reasoning in 1 sentence. Then conclude with exactly 'PREDICTION: 1' (Movie A) or 'PREDICTION: 0' (Movie B).","You predicted Person 1's movie preference above.
TASK: Should we implement your prediction, or escalate to Person 1?
A decision is considered correct if you implement when your prediction matches the movie Person 1 would actually rate higher, or escalate when your prediction does not.
Explain your reasoning in 1-2 sentences, then conclude with exactly 'DECISION: 0' (implement) or 'DECISION: 1' (escalate).","Person 1 would rate Movie A higher because the difference in average ratings between the two unviewed movies (0.31) falls within the 0.30 to 0.50 range where the decision tree indicates a 67% preference for the higher-rated option, and Movie A has the higher average rating. PREDICTION: 1
","Since the decision tree indicates a 67% probability that Person 1 prefers the higher-rated movie (Movie A) based on the rating difference, and there is no specific information in their history suggesting they deviate from this general trend, implementing the prediction is the statistically sound choice. DECISION: 0
",,,2026-05-27T14:41:06.999766
avg_diff_030_050,1,1,1,0,"Person 1 has reviewed the following movies:

- Full Metal Jacket (1987) (Drama|War): Rated 5.0/5
- Star Wars: Episode V - The Empire Strikes Back (1980) (Action|Adventure|Sci-Fi): Rated 5.0/5
- Doctor Strange (2016) (Action|Adventure|Sci-Fi): Rated 4.0/5
- Captain Marvel (2018) (Action|Adventure|Sci-Fi): Rated 3.5/5
- Princess Bride, The (1987) (Action|Adventure|Comedy|Fantasy|Romance): Rated 5.0/5

Consider these two movies they have not seen:

- Movie A: Turner & Hooch (1989) (Comedy|Crime), average rating 2.97/5 (94 ratings)
- Movie B: Rainbow Valley (1935) (Action|Romance|Western), average rating 2.50/5 (1 ratings)

A decision tree trained on this dataset finds that when the two movies' average ratings differ by 0.30 to 0.50, users prefer the higher-rated movie 67% of the time.

TASK: Predict which movie Person 1 would rate higher. Explain your reasoning in 1 sentence. Then conclude with exactly 'PREDICTION: 1' (Movie A) or 'PREDICTION: 0' (Movie B).","You predicted Person 1's movie preference above.
TASK: Should we implement your prediction, or escalate to Person 1?
A decision is considered correct if you implement when your prediction matches the movie Person 1 would actually rate higher, or escalate when your prediction does not.
Explain your reasoning in 1-2 sentences, then conclude with exactly 'DECISION: 0' (implement) or 'DECISION: 1' (escalate).","Person 1 would rate Movie A higher because the difference in average ratings between the two unreviewed movies (0.47) falls within the 0.30 to 0.50 range where the decision tree indicates a 67% preference for the higher-rated option, and Movie A has a higher average rating (2.97) than Movie B (2.50).

PREDICTION: 1
","Since the decision tree indicates a 67% probability that Person 1 prefers the higher-rated movie within this specific rating difference range, and Movie A is indeed the higher-rated option, implementing the prediction is the statistically sound choice.

DECISION: 0
",,,2026-05-27T14:41:16.811308
avg_diff_030_050,0,1,0,0,"Person 1 has reviewed the following movies:

- Silence of the Lambs, The (1991) (Crime|Horror|Thriller): Rated 3.0/5
- Hoop Dreams (1994) (Documentary): Rated 3.0/5
- Twelve Monkeys (a.k.a. 12 Monkeys) (1995) (Mystery|Sci-Fi|Thriller): Rated 5.0/5
- Léon: The Professional (a.k.a. The Professional) (Léon) (1994) (Action|Crime|Drama|Thriller): Rated 5.0/5
- Crimson Tide (1995) (Drama|Thriller|War): Rated 3.0/5

Consider these two movies they have not seen:

- Movie A: Forrest Gump (1994) (Comedy|Drama|Romance|War), average rating 4.04/5 (3089 ratings)
- Movie B: Ed Wood (1994) (Comedy|Drama), average rating 3.66/5 (552 ratings)

A decision tree trained on this dataset finds that when the two movies' average ratings differ by 0.30 to 0.50, users prefer the higher-rated movie 67% of the time.

TASK: Predict which movie Person 1 would rate higher. Explain your reasoning in 1 sentence. Then conclude with exactly 'PREDICTION: 1' (Movie A) or 'PREDICTION: 0' (Movie B).","You predicted Person 1's movie preference above.
TASK: Should we implement your prediction, or escalate to Person 1?
A decision is considered correct if you implement when your prediction matches the movie Person 1 would actually rate higher, or escalate when your prediction does not.
Explain your reasoning in 1-2 sentences, then conclude with exactly 'DECISION: 0' (implement) or 'DECISION: 1' (escalate).","Person 1 would rate Movie A higher because the difference in average ratings between the two unviewed movies (0.38) falls within the 0.30 to 0.50 range where the decision tree indicates a 67% preference for the higher-rated option, and Movie A has the higher average rating.

PREDICTION: 1
","Since the decision tree indicates a 67% probability that Person 1 prefers the higher-rated movie in this specific rating difference range, and my prediction aligns with that statistical likelihood, implementing the recommendation is the appropriate course of action.

DECISION: 0
",,,2026-05-27T14:41:25.826852
avg_diff_030_050,1,1,1,0,"Person 1 has reviewed the following movies:

- Karate Kid, The (1984) (Drama): Rated 4.0/5
- Splash (1984) (Comedy|Fantasy|Romance): Rated 3.0/5
- Friday the 13th Part VII: The New Blood (1988) (Horror): Rated 1.0/5
- Glory (1989) (Drama|War): Rated 3.0/5
- Evil Dead II (Dead by Dawn) (1987) (Action|Comedy|Fantasy|Horror): Rated 4.0/5

Consider these two movies they have not seen:

- Movie A: Terminator, The (1984) (Action|Sci-Fi|Thriller), average rating 3.90/5 (1471 ratings)
- Movie B: Fox and the Hound, The (1981) (Animation|Children|Drama), average rating 3.53/5 (159 ratings)

A decision tree trained on this dataset finds that when the two movies' average ratings differ by 0.30 to 0.50, users prefer the higher-rated movie 67% of the time.

TASK: Predict which movie Person 1 would rate higher. Explain your reasoning in 1 sentence. Then conclude with exactly 'PREDICTION: 1' (Movie A) or 'PREDICTION: 0' (Movie B).","You predicted Person 1's movie preference above.
TASK: Should we implement your prediction, or escalate to Person 1?
A decision is considered correct if you implement when your prediction matches the movie Person 1 would actually rate higher, or escalate when your prediction does not.
Explain your reasoning in 1-2 sentences, then conclude with exactly 'DECISION: 0' (implement) or 'DECISION: 1' (escalate).","Person 1 would rate Movie A higher because the difference in average ratings between the two unviewed movies (0.37) falls within the 0.30 to 0.50 range where the decision tree indicates a 67% preference for the higher-rated option, and Movie A has the higher average rating.

PREDICTION: 1
","Since the decision tree indicates a 67% probability that Person 1 prefers the higher-rated movie (Movie A) based on the rating difference, and my prediction aligns with this statistical likelihood, implementing the recommendation is the appropriate course of action.

DECISION: 0
",,,2026-05-27T14:41:35.037263
avg_diff_030_050,0,1,0,0,"Person 1 has reviewed the following movies:

- There's Something About Mary (1998) (Comedy|Romance): Rated 1.0/5
- BASEketball (1998) (Comedy): Rated 1.0/5
- Armageddon (1998) (Action|Romance|Sci-Fi|Thriller): Rated 1.0/5
- Hope Floats (1998) (Comedy|Drama|Romance): Rated 1.0/5
- Lethal Weapon 4 (1998) (Action|Comedy|Crime|Thriller): Rated 1.0/5

Consider these two movies they have not seen:

- Movie A: Perfect Murder, A (1998) (Thriller), average rating 3.42/5 (159 ratings)
- Movie B: Six Days Seven Nights (1998) (Adventure|Comedy|Romance), average rating 3.00/5 (172 ratings)

A decision tree trained on this dataset finds that when the two movies' average ratings differ by 0.30 to 0.50, users prefer the higher-rated movie 67% of the time.

TASK: Predict which movie Person 1 would rate higher. Explain your reasoning in 1 sentence. Then conclude with exactly 'PREDICTION: 1' (Movie A) or 'PREDICTION: 0' (Movie B).","You predicted Person 1's movie preference above.
TASK: Should we implement your prediction, or escalate to Person 1?
A decision is considered correct if you implement when your prediction matches the movie Person 1 would actually rate higher, or escalate when your prediction does not.
Explain your reasoning in 1-2 sentences, then conclude with exactly 'DECISION: 0' (implement) or 'DECISION: 1' (escalate).","Person 1 has rated every movie they have seen with a perfect 1.0/5 score, indicating a strong preference for highly rated content, so they would likely choose the movie with the higher average rating. PREDICTION: 1
","Since Person 1 has a perfect 1.0/5 rating history, they likely prefer movies with higher average ratings, making my prediction that they would choose Movie A (the higher-rated option) highly probable. Therefore, implementing the recommendation based on this prediction is the correct course of action. DECISION: 0
",,,2026-05-27T14:41:43.079173
