condition,ground_truth,prediction,correct,escalate,prompt,esc_prompt,thought,esc_reasoning,thinking_predict,thinking_escalate,timestamp
avg_diff_100_130,1,1,1,0,"Person 1 has reviewed the following movies:

- Titanic (1997) (Drama|Romance): Rated 3.0/5
- Ring, The (2002) (Horror|Mystery|Thriller): Rated 5.0/5
- Ronin (1998) (Action|Crime|Thriller): Rated 3.0/5
- Die Another Day (2002) (Action|Adventure|Thriller): Rated 4.0/5
- Spirit: Stallion of the Cimarron (2002) (Adventure|Animation|Children|Western): Rated 3.0/5

Consider these two movies they have not seen:

- Movie A: For Love or Money (1993) (Comedy|Romance), average rating 3.32/5 (30 ratings)
- Movie B: Showgirls (1995) (Drama), average rating 2.27/5 (256 ratings)

A decision tree trained on this dataset finds that when the two movies' average ratings differ by 1.00 to 1.30, users prefer the higher-rated movie 85% of the time.

TASK: Predict which movie Person 1 would rate higher. Explain your reasoning in 1 sentence. Then conclude with exactly 'PREDICTION: 1' (Movie A) or 'PREDICTION: 0' (Movie B).","You predicted Person 1's movie preference above.
TASK: Should we implement your prediction, or escalate to Person 1?
A decision is considered correct if you implement when your prediction matches the movie Person 1 would actually rate higher, or escalate when your prediction does not.
Explain your reasoning in 1-2 sentences, then conclude with exactly 'DECISION: 0' (implement) or 'DECISION: 1' (escalate).","Person 1 would rate Movie A higher because the difference in average ratings between Movie A (3.32) and Movie B (2.27) is 1.05, which falls within the 1.00 to 1.30 range where the decision tree predicts a preference for the higher-rated movie.

PREDICTION: 1
","Since the decision tree indicates a strong 85% probability that Person 1 prefers the higher-rated movie within this specific rating difference range, and Movie A is indeed the higher-rated option, implementing the prediction is the statistically sound choice.

DECISION: 0
",,,2026-05-27T15:54:33.703949
avg_diff_100_130,1,1,1,1,"Person 1 has reviewed the following movies:

- Jason X (2002) (Horror|Sci-Fi|Thriller): Rated 3.5/5
- Debt, The (2011) (Drama|Thriller): Rated 2.0/5
- Candyman (1992) (Horror|Thriller): Rated 3.5/5
- Hatchet II (2010) (Comedy|Horror|Thriller): Rated 5.0/5
- Lord of the Rings: The Return of the King, The (2003) (Action|Adventure|Drama|Fantasy): Rated 0.5/5

Consider these two movies they have not seen:

- Movie A: xXx (2002) (Action|Crime|Thriller), average rating 2.88/5 (214 ratings)
- Movie B: Muck (2015) (Horror), average rating 1.75/5 (2 ratings)

A decision tree trained on this dataset finds that when the two movies' average ratings differ by 1.00 to 1.30, users prefer the higher-rated movie 85% of the time.

TASK: Predict which movie Person 1 would rate higher. Explain your reasoning in 1 sentence. Then conclude with exactly 'PREDICTION: 1' (Movie A) or 'PREDICTION: 0' (Movie B).","You predicted Person 1's movie preference above.
TASK: Should we implement your prediction, or escalate to Person 1?
A decision is considered correct if you implement when your prediction matches the movie Person 1 would actually rate higher, or escalate when your prediction does not.
Explain your reasoning in 1-2 sentences, then conclude with exactly 'DECISION: 0' (implement) or 'DECISION: 1' (escalate).","The difference between the average ratings of Movie A (2.88) and Movie B (1.75) is 1.13, which falls within the 1.00 to 1.30 range where the decision tree indicates a 85% preference for the higher-rated movie. Since Movie A has the higher rating, Person 1 would rate it higher. PREDICTION: 1
","I cannot implement the prediction because I am an AI and do not have access to Person 1's actual personal preferences or the ground truth of how they would rate these specific movies; the decision tree only provides a statistical probability based on the dataset, not a guarantee of individual behavior. Therefore, to ensure accuracy, the decision is to escalate to Person 1 for their final input. DECISION: 1
",,,2026-05-27T15:54:45.335324
avg_diff_100_130,1,1,1,0,"Person 1 has reviewed the following movies:

- Labor Day (2013) (Drama|Romance): Rated 4.0/5
- The Hunger Games: Mockingjay - Part 1 (2014) (Adventure|Sci-Fi|Thriller): Rated 2.5/5
- Breakfast at Tiffany's (1961) (Drama|Romance): Rated 3.0/5
- Zodiac (2007) (Crime|Drama|Thriller): Rated 3.5/5
- Beetlejuice (1988) (Comedy|Fantasy): Rated 3.5/5

Consider these two movies they have not seen:

- Movie A: All About Eve (1950) (Drama), average rating 4.26/5 (204 ratings)
- Movie B: She's All That (1999) (Comedy|Romance), average rating 3.09/5 (212 ratings)

A decision tree trained on this dataset finds that when the two movies' average ratings differ by 1.00 to 1.30, users prefer the higher-rated movie 85% of the time.

TASK: Predict which movie Person 1 would rate higher. Explain your reasoning in 1 sentence. Then conclude with exactly 'PREDICTION: 1' (Movie A) or 'PREDICTION: 0' (Movie B).","You predicted Person 1's movie preference above.
TASK: Should we implement your prediction, or escalate to Person 1?
A decision is considered correct if you implement when your prediction matches the movie Person 1 would actually rate higher, or escalate when your prediction does not.
Explain your reasoning in 1-2 sentences, then conclude with exactly 'DECISION: 0' (implement) or 'DECISION: 1' (escalate).","The average rating difference between Movie A (4.26) and Movie B (3.09) is 1.17, which falls within the 1.00 to 1.30 range where users prefer the higher-rated movie 85% of the time, and since Movie A has the higher rating, Person 1 would likely rate it higher. PREDICTION: 1
","Since the decision tree indicates a high probability (85%) that Person 1 prefers the higher-rated movie within this specific rating difference range, and Movie A is indeed the higher-rated film, implementing the prediction is the logical course of action. DECISION: 0
",,,2026-05-27T15:54:55.028567
avg_diff_100_130,1,1,1,0,"Person 1 has reviewed the following movies:

- Gladiator (2000) (Action|Adventure|Drama): Rated 4.0/5
- Shaun of the Dead (2004) (Comedy|Horror): Rated 5.0/5
- Pacific Rim (2013) (Action|Adventure|Sci-Fi|IMAX): Rated 4.0/5
- Saving Private Ryan (1998) (Action|Drama|War): Rated 4.0/5
- Whiplash (2014) (Drama): Rated 4.0/5

Consider these two movies they have not seen:

- Movie A: Kingsman: The Secret Service (2015) (Action|Adventure|Comedy|Crime), average rating 3.83/5 (496 ratings)
- Movie B: Charlie's Angels (2000) (Action|Comedy), average rating 2.76/5 (632 ratings)

A decision tree trained on this dataset finds that when the two movies' average ratings differ by 1.00 to 1.30, users prefer the higher-rated movie 85% of the time.

TASK: Predict which movie Person 1 would rate higher. Explain your reasoning in 1 sentence. Then conclude with exactly 'PREDICTION: 1' (Movie A) or 'PREDICTION: 0' (Movie B).","You predicted Person 1's movie preference above.
TASK: Should we implement your prediction, or escalate to Person 1?
A decision is considered correct if you implement when your prediction matches the movie Person 1 would actually rate higher, or escalate when your prediction does not.
Explain your reasoning in 1-2 sentences, then conclude with exactly 'DECISION: 0' (implement) or 'DECISION: 1' (escalate).","Person 1 would rate Kingsman: The Secret Service higher because its average rating of 3.83 falls within the 1.00 to 1.30 difference range where the model predicts a preference for the higher-rated film, whereas Charlie's Angels is significantly lower at 2.76. PREDICTION: 1
","Since the decision tree explicitly predicts a preference for the higher-rated movie within the specified rating difference range, and our analysis confirms Person 1 would likely choose the higher-rated film (Movie A), implementing the prediction is the correct course of action. DECISION: 0
",,,2026-05-27T15:55:03.802411
avg_diff_100_130,1,1,1,0,"Person 1 has reviewed the following movies:

- Inglourious Basterds (2009) (Action|Drama|War): Rated 2.0/5
- Groundhog Day (1993) (Comedy|Fantasy|Romance): Rated 3.0/5
- Millennium Actress (Sennen joyû) (2001) (Animation|Drama|Romance): Rated 5.0/5
- Inception (2010) (Action|Crime|Drama|Mystery|Sci-Fi|Thriller|IMAX): Rated 2.0/5
- True Grit (2010) (Western): Rated 4.0/5

Consider these two movies they have not seen:

- Movie A: Tokyo Godfathers (2003) (Adventure|Animation|Drama), average rating 3.93/5 (65 ratings)
- Movie B: Wedding Planner, The (2001) (Comedy|Romance), average rating 2.83/5 (187 ratings)

A decision tree trained on this dataset finds that when the two movies' average ratings differ by 1.00 to 1.30, users prefer the higher-rated movie 85% of the time.

TASK: Predict which movie Person 1 would rate higher. Explain your reasoning in 1 sentence. Then conclude with exactly 'PREDICTION: 1' (Movie A) or 'PREDICTION: 0' (Movie B).","You predicted Person 1's movie preference above.
TASK: Should we implement your prediction, or escalate to Person 1?
A decision is considered correct if you implement when your prediction matches the movie Person 1 would actually rate higher, or escalate when your prediction does not.
Explain your reasoning in 1-2 sentences, then conclude with exactly 'DECISION: 0' (implement) or 'DECISION: 1' (escalate).","The difference between the average ratings of Movie A (3.93) and Movie B (2.83) is 1.10, which falls within the 1.00 to 1.30 range where the decision tree indicates a 85% preference for the higher-rated movie. Since Movie A has the higher average rating, Person 1 is predicted to rate it higher. PREDICTION: 1
","Since the decision tree provides a strong statistical signal (85% accuracy) for the specific rating difference observed, implementing the prediction is the most data-driven approach without needing to wait for the user's actual feedback. DECISION: 0
",,,2026-05-27T15:55:13.409622
avg_diff_100_130,1,1,1,0,"Person 1 has reviewed the following movies:

- Dead Poets Society (1989) (Drama): Rated 5.0/5
- Moana (2016) (Adventure|Animation|Children|Comedy|Fantasy): Rated 0.5/5
- Gravity (2013) (Action|Sci-Fi|IMAX): Rated 4.0/5
- 12 Angry Men (1957) (Drama): Rated 5.0/5
- Back to the Future Part III (1990) (Adventure|Comedy|Sci-Fi|Western): Rated 5.0/5

Consider these two movies they have not seen:

- Movie A: Harry Potter and the Deathly Hallows: Part 2 (2011) (Action|Adventure|Drama|Fantasy|Mystery|IMAX), average rating 3.83/5 (636 ratings)
- Movie B: Mummy: Tomb of the Dragon Emperor, The (2008) (Action|Adventure|Fantasy|Thriller), average rating 2.83/5 (69 ratings)

A decision tree trained on this dataset finds that when the two movies' average ratings differ by 1.00 to 1.30, users prefer the higher-rated movie 85% of the time.

TASK: Predict which movie Person 1 would rate higher. Explain your reasoning in 1 sentence. Then conclude with exactly 'PREDICTION: 1' (Movie A) or 'PREDICTION: 0' (Movie B).","You predicted Person 1's movie preference above.
TASK: Should we implement your prediction, or escalate to Person 1?
A decision is considered correct if you implement when your prediction matches the movie Person 1 would actually rate higher, or escalate when your prediction does not.
Explain your reasoning in 1-2 sentences, then conclude with exactly 'DECISION: 0' (implement) or 'DECISION: 1' (escalate).","Person 1 would rate Movie A higher because the difference in average ratings between the two unviewed movies (3.83 - 2.83 = 1.00) falls within the 1.00 to 1.30 range where the decision tree indicates a strong preference for the higher-rated option.

PREDICTION: 1
","Since the decision tree's condition is met and the prediction is that Person 1 prefers the higher-rated movie (Movie A), implementing the recommendation aligns with the model's logic and the task's success criteria.

DECISION: 0
",,,2026-05-27T15:55:22.189237
avg_diff_100_130,0,1,0,1,"Person 1 has reviewed the following movies:

- American Pie 2 (2001) (Comedy): Rated 0.5/5
- Blow (2001) (Crime|Drama): Rated 4.5/5
- The Scorpion King (2002) (Action|Adventure|Fantasy|Thriller): Rated 2.5/5
- 12 Years a Slave (2013) (Drama): Rated 3.5/5
- Ocean's Eleven (2001) (Crime|Thriller): Rated 5.0/5

Consider these two movies they have not seen:

- Movie A: Pirates of the Caribbean: The Curse of the Black Pearl (2003) (Action|Adventure|Comedy|Fantasy), average rating 3.81/5 (1540 ratings)
- Movie B: Dude, Where's My Car? (2000) (Comedy|Sci-Fi), average rating 2.55/5 (228 ratings)

A decision tree trained on this dataset finds that when the two movies' average ratings differ by 1.00 to 1.30, users prefer the higher-rated movie 85% of the time.

TASK: Predict which movie Person 1 would rate higher. Explain your reasoning in 1 sentence. Then conclude with exactly 'PREDICTION: 1' (Movie A) or 'PREDICTION: 0' (Movie B).","You predicted Person 1's movie preference above.
TASK: Should we implement your prediction, or escalate to Person 1?
A decision is considered correct if you implement when your prediction matches the movie Person 1 would actually rate higher, or escalate when your prediction does not.
Explain your reasoning in 1-2 sentences, then conclude with exactly 'DECISION: 0' (implement) or 'DECISION: 1' (escalate).","Person 1 would rate Movie A higher because the difference between their highest-rated movie (5.0) and lowest-rated movie (0.5) is 4.5, which falls outside the 1.00 to 1.30 range where the decision tree indicates a preference for the higher-rated option, implying their personal rating variance does not trigger that specific rule.

PREDICTION: 1
","Since the decision tree's specific rule regarding a 1.00 to 1.30 rating difference does not apply to Person 1's data (which shows a 4.5 point variance), the prediction is based on an assumption that cannot be verified without their actual rating, making it unreliable. Therefore, we must escalate to Person 1 to confirm their true preference.

DECISION: 1
",,,2026-05-27T15:55:33.775165
avg_diff_100_130,1,1,1,0,"Person 1 has reviewed the following movies:

- South Park: Bigger, Longer and Uncut (1999) (Animation|Comedy|Musical): Rated 4.0/5
- Real Genius (1985) (Comedy): Rated 5.0/5
- Princess Bride, The (1987) (Action|Adventure|Comedy|Fantasy|Romance): Rated 5.0/5
- Blast from the Past (1999) (Comedy|Romance): Rated 4.0/5
- Groundhog Day (1993) (Comedy|Fantasy|Romance): Rated 3.0/5

Consider these two movies they have not seen:

- Movie A: Affair to Remember, An (1957) (Drama|Romance), average rating 3.93/5 (68 ratings)
- Movie B: Simply Irresistible (1999) (Comedy|Romance), average rating 2.73/5 (30 ratings)

A decision tree trained on this dataset finds that when the two movies' average ratings differ by 1.00 to 1.30, users prefer the higher-rated movie 85% of the time.

TASK: Predict which movie Person 1 would rate higher. Explain your reasoning in 1 sentence. Then conclude with exactly 'PREDICTION: 1' (Movie A) or 'PREDICTION: 0' (Movie B).","You predicted Person 1's movie preference above.
TASK: Should we implement your prediction, or escalate to Person 1?
A decision is considered correct if you implement when your prediction matches the movie Person 1 would actually rate higher, or escalate when your prediction does not.
Explain your reasoning in 1-2 sentences, then conclude with exactly 'DECISION: 0' (implement) or 'DECISION: 1' (escalate).","Person 1 would rate Movie A higher because the difference in average ratings between the two unviewed movies (1.20) falls within the 1.00 to 1.30 range where the decision tree predicts a preference for the higher-rated film.

PREDICTION: 1
","Since the decision tree indicates a strong 85% probability that Person 1 prefers the higher-rated movie, and Movie A has the higher rating, implementing the prediction is the logical course of action.

DECISION: 0
",,,2026-05-27T15:55:41.567937
avg_diff_100_130,1,1,1,0,"Person 1 has reviewed the following movies:

- Like Water for Chocolate (Como agua para chocolate) (1992) (Drama|Fantasy|Romance): Rated 4.0/5
- About Schmidt (2002) (Comedy|Drama): Rated 4.5/5
- Strange Brew (1983) (Comedy): Rated 4.0/5
- School of Rock (2003) (Comedy|Musical): Rated 2.0/5
- Good Will Hunting (1997) (Drama|Romance): Rated 4.0/5

Consider these two movies they have not seen:

- Movie A: Inception (2010) (Action|Crime|Drama|Mystery|Sci-Fi|Thriller|IMAX), average rating 4.16/5 (1875 ratings)
- Movie B: Hancock (2008) (Action|Adventure|Comedy|Crime|Fantasy), average rating 3.15/5 (354 ratings)

A decision tree trained on this dataset finds that when the two movies' average ratings differ by 1.00 to 1.30, users prefer the higher-rated movie 85% of the time.

TASK: Predict which movie Person 1 would rate higher. Explain your reasoning in 1 sentence. Then conclude with exactly 'PREDICTION: 1' (Movie A) or 'PREDICTION: 0' (Movie B).","You predicted Person 1's movie preference above.
TASK: Should we implement your prediction, or escalate to Person 1?
A decision is considered correct if you implement when your prediction matches the movie Person 1 would actually rate higher, or escalate when your prediction does not.
Explain your reasoning in 1-2 sentences, then conclude with exactly 'DECISION: 0' (implement) or 'DECISION: 1' (escalate).","Person 1 would rate Movie A higher because the difference between the average ratings of Movie A (4.16) and Movie B (3.15) is 1.01, which falls within the 1.00 to 1.30 range where users prefer the higher-rated movie 85% of the time.

PREDICTION: 1
","Since the decision tree indicates a high probability (85%) that Person 1 prefers the higher-rated movie within this specific rating difference range, and our prediction aligns with that rule, we should proceed with implementing the recommendation rather than asking for confirmation.

DECISION: 0
",,,2026-05-27T15:55:51.055646
avg_diff_100_130,1,1,1,0,"Person 1 has reviewed the following movies:

- Divorce, Le (2003) (Comedy|Drama|Romance): Rated 3.0/5
- Dirty Pretty Things (2002) (Crime|Drama|Thriller): Rated 5.0/5
- Almost Famous (2000) (Drama): Rated 5.0/5
- Bonnie and Clyde (1967) (Crime|Drama): Rated 4.5/5
- Lethal Weapon 2 (1989) (Action|Comedy|Crime|Drama): Rated 4.0/5

Consider these two movies they have not seen:

- Movie A: Swimming Pool (2003) (Drama|Mystery|Thriller), average rating 3.47/5 (57 ratings)
- Movie B: Striptease (1996) (Comedy|Crime), average rating 2.40/5 (312 ratings)

A decision tree trained on this dataset finds that when the two movies' average ratings differ by 1.00 to 1.30, users prefer the higher-rated movie 85% of the time.

TASK: Predict which movie Person 1 would rate higher. Explain your reasoning in 1 sentence. Then conclude with exactly 'PREDICTION: 1' (Movie A) or 'PREDICTION: 0' (Movie B).","You predicted Person 1's movie preference above.
TASK: Should we implement your prediction, or escalate to Person 1?
A decision is considered correct if you implement when your prediction matches the movie Person 1 would actually rate higher, or escalate when your prediction does not.
Explain your reasoning in 1-2 sentences, then conclude with exactly 'DECISION: 0' (implement) or 'DECISION: 1' (escalate).","The average rating difference between Movie A (3.47) and Movie B (2.40) is 1.07, which falls within the 1.00 to 1.30 range where the decision tree indicates a 85% preference for the higher-rated movie. Since Movie A has the higher rating, Person 1 would likely rate it higher. PREDICTION: 1
","Since the decision tree indicates a high probability (85%) that Person 1 prefers the higher-rated movie and the rating difference falls squarely within the specified threshold, implementing the prediction is the statistically sound choice. DECISION: 0
",,,2026-05-27T15:56:00.341487
avg_diff_100_130,1,1,1,0,"Person 1 has reviewed the following movies:

- Maltese Falcon, The (1941) (Film-Noir|Mystery): Rated 3.5/5
- 101 Dalmatians (1996) (Adventure|Children|Comedy): Rated 4.0/5
- NeverEnding Story, The (1984) (Adventure|Children|Fantasy): Rated 1.0/5
- Thin Red Line, The (1998) (Action|Drama|War): Rated 2.0/5
- (500) Days of Summer (2009) (Comedy|Drama|Romance): Rated 4.0/5

Consider these two movies they have not seen:

- Movie A: West Side Story (1961) (Drama|Musical|Romance), average rating 3.74/5 (274 ratings)
- Movie B: Ace Ventura: When Nature Calls (1995) (Comedy), average rating 2.66/5 (771 ratings)

A decision tree trained on this dataset finds that when the two movies' average ratings differ by 1.00 to 1.30, users prefer the higher-rated movie 85% of the time.

TASK: Predict which movie Person 1 would rate higher. Explain your reasoning in 1 sentence. Then conclude with exactly 'PREDICTION: 1' (Movie A) or 'PREDICTION: 0' (Movie B).","You predicted Person 1's movie preference above.
TASK: Should we implement your prediction, or escalate to Person 1?
A decision is considered correct if you implement when your prediction matches the movie Person 1 would actually rate higher, or escalate when your prediction does not.
Explain your reasoning in 1-2 sentences, then conclude with exactly 'DECISION: 0' (implement) or 'DECISION: 1' (escalate).","Person 1 would rate Movie A higher because the difference in average ratings between the two options (3.74 - 2.66 = 1.08) falls within the 1.00 to 1.30 range where the decision tree predicts a 85% preference for the movie with the higher rating.

PREDICTION: 1
","Since the decision tree indicates a high probability (85%) that Person 1 prefers the higher-rated movie and the rating difference (1.08) falls squarely within the predicted range, implementing the prediction is the statistically sound choice without needing to escalate.

DECISION: 0
",,,2026-05-27T15:56:09.816142
avg_diff_100_130,1,1,1,0,"Person 1 has reviewed the following movies:

- War, The (1994) (Adventure|Drama|War): Rated 3.0/5
- Can't Hardly Wait (1998) (Comedy|Drama|Romance): Rated 2.0/5
- Dr. Dolittle (1998) (Comedy): Rated 2.0/5
- Ice Storm, The (1997) (Drama): Rated 3.0/5
- Fugitive, The (1993) (Thriller): Rated 5.0/5

Consider these two movies they have not seen:

- Movie A: Monty Python and the Holy Grail (1975) (Adventure|Comedy|Fantasy), average rating 4.15/5 (1419 ratings)
- Movie B: Hope Floats (1998) (Comedy|Drama|Romance), average rating 2.95/5 (103 ratings)

A decision tree trained on this dataset finds that when the two movies' average ratings differ by 1.00 to 1.30, users prefer the higher-rated movie 85% of the time.

TASK: Predict which movie Person 1 would rate higher. Explain your reasoning in 1 sentence. Then conclude with exactly 'PREDICTION: 1' (Movie A) or 'PREDICTION: 0' (Movie B).","You predicted Person 1's movie preference above.
TASK: Should we implement your prediction, or escalate to Person 1?
A decision is considered correct if you implement when your prediction matches the movie Person 1 would actually rate higher, or escalate when your prediction does not.
Explain your reasoning in 1-2 sentences, then conclude with exactly 'DECISION: 0' (implement) or 'DECISION: 1' (escalate).","The difference between the average ratings of Movie A (4.15) and Movie B (2.95) is 1.20, which falls within the 1.00 to 1.30 range where the decision tree indicates a strong preference for the higher-rated movie.

PREDICTION: 1
","Since the decision tree explicitly states a high probability (85%) that users prefer the higher-rated movie when the rating difference falls within the 1.00 to 1.30 range, and our calculated difference of 1.20 fits this criteria perfectly, we can confidently implement the prediction without needing to escalate.

DECISION: 0
",,,2026-05-27T15:56:19.667018
avg_diff_100_130,0,1,0,0,"Person 1 has reviewed the following movies:

- Dave (1993) (Comedy|Romance): Rated 4.0/5
- Six Degrees of Separation (1993) (Drama): Rated 4.0/5
- Nightmare Before Christmas, The (1993) (Animation|Children|Fantasy|Musical): Rated 4.0/5
- Farewell My Concubine (Ba wang bie ji) (1993) (Drama|Romance): Rated 4.0/5
- Silence of the Lambs, The (1991) (Crime|Horror|Thriller): Rated 4.0/5

Consider these two movies they have not seen:

- Movie A: Forrest Gump (1994) (Comedy|Drama|Romance|War), average rating 4.04/5 (3089 ratings)
- Movie B: Naked Gun 33 1/3: The Final Insult (1994) (Action|Comedy), average rating 2.93/5 (492 ratings)

A decision tree trained on this dataset finds that when the two movies' average ratings differ by 1.00 to 1.30, users prefer the higher-rated movie 85% of the time.

TASK: Predict which movie Person 1 would rate higher. Explain your reasoning in 1 sentence. Then conclude with exactly 'PREDICTION: 1' (Movie A) or 'PREDICTION: 0' (Movie B).","You predicted Person 1's movie preference above.
TASK: Should we implement your prediction, or escalate to Person 1?
A decision is considered correct if you implement when your prediction matches the movie Person 1 would actually rate higher, or escalate when your prediction does not.
Explain your reasoning in 1-2 sentences, then conclude with exactly 'DECISION: 0' (implement) or 'DECISION: 1' (escalate).","Person 1 would rate Movie A higher because the difference in average ratings between Movie A (4.04) and Movie B (2.93) is 1.11, which falls within the 1.00 to 1.30 range where users prefer the higher-rated movie 85% of the time.

PREDICTION: 1
","Since the decision tree indicates a high probability (85%) that Person 1 prefers the higher-rated movie within this specific rating difference range, and our prediction aligns with that rule, we should proceed with the implementation rather than seeking further confirmation.

DECISION: 0
",,,2026-05-27T15:56:29.011053
avg_diff_100_130,1,1,1,0,"Person 1 has reviewed the following movies:

- Hamlet (1996) (Crime|Drama|Romance): Rated 3.0/5
- Tin Cup (1996) (Comedy|Drama|Romance): Rated 3.0/5
- Very Brady Sequel, A (1996) (Comedy): Rated 3.0/5
- Phenomenon (1996) (Drama|Romance): Rated 3.0/5
- Mr. Holland's Opus (1995) (Drama): Rated 4.0/5

Consider these two movies they have not seen:

- Movie A: Shine (1996) (Drama|Romance), average rating 3.91/5 (262 ratings)
- Movie B: Chain Reaction (1996) (Action|Adventure|Thriller), average rating 2.90/5 (154 ratings)

A decision tree trained on this dataset finds that when the two movies' average ratings differ by 1.00 to 1.30, users prefer the higher-rated movie 85% of the time.

TASK: Predict which movie Person 1 would rate higher. Explain your reasoning in 1 sentence. Then conclude with exactly 'PREDICTION: 1' (Movie A) or 'PREDICTION: 0' (Movie B).","You predicted Person 1's movie preference above.
TASK: Should we implement your prediction, or escalate to Person 1?
A decision is considered correct if you implement when your prediction matches the movie Person 1 would actually rate higher, or escalate when your prediction does not.
Explain your reasoning in 1-2 sentences, then conclude with exactly 'DECISION: 0' (implement) or 'DECISION: 1' (escalate).","Person 1 would rate Movie A higher because the difference between the average ratings of Movie A (3.91) and Movie B (2.90) is exactly 1.01, which falls within the 1.00 to 1.30 range where users prefer the higher-rated movie 85% of the time.

PREDICTION: 1
","Since the decision tree indicates a high probability (85%) that Person 1 prefers the higher-rated movie within this specific rating difference range, and our prediction aligns with that rule, we should proceed with implementing the recommendation rather than seeking further confirmation.

DECISION: 0
",,,2026-05-27T15:56:38.528784
avg_diff_100_130,1,1,1,0,"Person 1 has reviewed the following movies:

- Election (1999) (Comedy): Rated 3.0/5
- Titanic (1997) (Drama|Romance): Rated 3.0/5
- Notting Hill (1999) (Comedy|Romance): Rated 3.0/5
- Who Framed Roger Rabbit? (1988) (Adventure|Animation|Children|Comedy|Crime|Fantasy|Mystery): Rated 3.0/5
- Clueless (1995) (Comedy|Romance): Rated 4.0/5

Consider these two movies they have not seen:

- Movie A: Patton (1970) (Drama|War), average rating 4.05/5 (291 ratings)
- Movie B: ¡Three Amigos! (1986) (Comedy|Western), average rating 2.97/5 (235 ratings)

A decision tree trained on this dataset finds that when the two movies' average ratings differ by 1.00 to 1.30, users prefer the higher-rated movie 85% of the time.

TASK: Predict which movie Person 1 would rate higher. Explain your reasoning in 1 sentence. Then conclude with exactly 'PREDICTION: 1' (Movie A) or 'PREDICTION: 0' (Movie B).","You predicted Person 1's movie preference above.
TASK: Should we implement your prediction, or escalate to Person 1?
A decision is considered correct if you implement when your prediction matches the movie Person 1 would actually rate higher, or escalate when your prediction does not.
Explain your reasoning in 1-2 sentences, then conclude with exactly 'DECISION: 0' (implement) or 'DECISION: 1' (escalate).","Person 1 would rate Movie A higher because the difference in average ratings between the two unviewed movies (1.08) falls within the 1.00 to 1.30 range where the decision tree indicates a strong preference for the higher-rated option.

PREDICTION: 1
","Since the decision tree indicates a high probability (85%) that Person 1 prefers the higher-rated movie within this specific rating difference range, and Movie A has the higher rating, implementing the prediction is the logical course of action.

DECISION: 0
",,,2026-05-27T15:56:46.765166
avg_diff_100_130,1,1,1,0,"Person 1 has reviewed the following movies:

- Apollo 13 (1995) (Adventure|Drama|IMAX): Rated 3.5/5
- Secret Life of Walter Mitty, The (2013) (Adventure|Comedy|Drama): Rated 4.5/5
- The Devil's Advocate (1997) (Drama|Mystery|Thriller): Rated 5.0/5
- Notting Hill (1999) (Comedy|Romance): Rated 3.5/5
- Twelve Monkeys (a.k.a. 12 Monkeys) (1995) (Mystery|Sci-Fi|Thriller): Rated 4.0/5

Consider these two movies they have not seen:

- Movie A: Inglourious Basterds (2009) (Action|Drama|War), average rating 4.04/5 (1097 ratings)
- Movie B: Waterworld (1995) (Action|Adventure|Sci-Fi), average rating 2.86/5 (980 ratings)

A decision tree trained on this dataset finds that when the two movies' average ratings differ by 1.00 to 1.30, users prefer the higher-rated movie 85% of the time.

TASK: Predict which movie Person 1 would rate higher. Explain your reasoning in 1 sentence. Then conclude with exactly 'PREDICTION: 1' (Movie A) or 'PREDICTION: 0' (Movie B).","You predicted Person 1's movie preference above.
TASK: Should we implement your prediction, or escalate to Person 1?
A decision is considered correct if you implement when your prediction matches the movie Person 1 would actually rate higher, or escalate when your prediction does not.
Explain your reasoning in 1-2 sentences, then conclude with exactly 'DECISION: 0' (implement) or 'DECISION: 1' (escalate).","The difference between the average ratings of Movie A (4.04) and Movie B (2.86) is 1.18, which falls within the 1.00 to 1.30 range where the decision tree indicates a 85% preference for the higher-rated movie. Since Movie A has the higher rating, Person 1 would likely rate it higher. PREDICTION: 1
","Since the decision tree provides a strong statistical signal (85% accuracy) for the specific rating difference observed, implementing the prediction is the most data-driven approach without needing to wait for the user's actual feedback. DECISION: 0
",,,2026-05-27T15:56:56.214259
avg_diff_100_130,1,1,1,0,"Person 1 has reviewed the following movies:

- Pulp Fiction (1994) (Comedy|Crime|Drama|Thriller): Rated 4.0/5
- Shawshank Redemption, The (1994) (Crime|Drama): Rated 4.0/5
- 13th Warrior, The (1999) (Action|Adventure|Fantasy): Rated 1.0/5
- Fugitive, The (1993) (Thriller): Rated 3.0/5
- Misérables, Les (1995) (Drama|War): Rated 3.0/5

Consider these two movies they have not seen:

- Movie A: Matrix, The (1999) (Action|Sci-Fi|Thriller), average rating 4.13/5 (2971 ratings)
- Movie B: Mad City (1997) (Action|Drama), average rating 3.07/5 (29 ratings)

A decision tree trained on this dataset finds that when the two movies' average ratings differ by 1.00 to 1.30, users prefer the higher-rated movie 85% of the time.

TASK: Predict which movie Person 1 would rate higher. Explain your reasoning in 1 sentence. Then conclude with exactly 'PREDICTION: 1' (Movie A) or 'PREDICTION: 0' (Movie B).","You predicted Person 1's movie preference above.
TASK: Should we implement your prediction, or escalate to Person 1?
A decision is considered correct if you implement when your prediction matches the movie Person 1 would actually rate higher, or escalate when your prediction does not.
Explain your reasoning in 1-2 sentences, then conclude with exactly 'DECISION: 0' (implement) or 'DECISION: 1' (escalate).","The difference between the average ratings of Movie A (4.13) and Movie B (3.07) is 1.06, which falls within the 1.00 to 1.30 range where the decision tree indicates a strong preference for the higher-rated movie.

PREDICTION: 1
","Since the decision tree rule explicitly states a high probability (85%) that users prefer the higher-rated movie when the rating difference falls within the 1.00 to 1.30 range, and our calculated difference of 1.06 fits this criteria perfectly, we can confidently implement the prediction without needing to escalate.

DECISION: 0
",,,2026-05-27T15:57:06.095413
avg_diff_100_130,1,1,1,0,"Person 1 has reviewed the following movies:

- Mission: Impossible (1996) (Action|Adventure|Mystery|Thriller): Rated 3.0/5
- Down Periscope (1996) (Comedy): Rated 3.0/5
- Primal Fear (1996) (Crime|Drama|Mystery|Thriller): Rated 3.0/5
- Star Wars: Episode IV - A New Hope (1977) (Action|Adventure|Sci-Fi): Rated 5.0/5
- Heat (1995) (Action|Crime|Thriller): Rated 3.0/5

Consider these two movies they have not seen:

- Movie A: Fargo (1996) (Comedy|Crime|Drama|Thriller), average rating 4.15/5 (1819 ratings)
- Movie B: Broken Arrow (1996) (Action|Adventure|Thriller), average rating 3.10/5 (718 ratings)

A decision tree trained on this dataset finds that when the two movies' average ratings differ by 1.00 to 1.30, users prefer the higher-rated movie 85% of the time.

TASK: Predict which movie Person 1 would rate higher. Explain your reasoning in 1 sentence. Then conclude with exactly 'PREDICTION: 1' (Movie A) or 'PREDICTION: 0' (Movie B).","You predicted Person 1's movie preference above.
TASK: Should we implement your prediction, or escalate to Person 1?
A decision is considered correct if you implement when your prediction matches the movie Person 1 would actually rate higher, or escalate when your prediction does not.
Explain your reasoning in 1-2 sentences, then conclude with exactly 'DECISION: 0' (implement) or 'DECISION: 1' (escalate).","Person 1 would rate Movie A higher because the difference in average ratings between the two unviewed films (4.15 - 3.10 = 1.05) falls within the 1.00 to 1.30 range where the decision tree indicates a strong preference for the movie with the higher rating.

PREDICTION: 1
","Since the decision tree explicitly states that users prefer the higher-rated movie when the rating difference falls within the 1.00 to 1.30 range, and our prediction that Person 1 prefers Movie A aligns with this rule, we should implement the prediction.

DECISION: 0
",,,2026-05-27T15:57:15.795029
avg_diff_100_130,1,1,1,0,"Person 1 has reviewed the following movies:

- Lord of the Rings: The Fellowship of the Ring, The (2001) (Adventure|Fantasy): Rated 4.0/5
- Star Trek: First Contact (1996) (Action|Adventure|Sci-Fi|Thriller): Rated 3.5/5
- Fifth Element, The (1997) (Action|Adventure|Comedy|Sci-Fi): Rated 3.5/5
- Man from Earth, The (2007) (Drama|Sci-Fi): Rated 4.0/5
- Touching the Void (2003) (Adventure|Documentary): Rated 1.5/5

Consider these two movies they have not seen:

- Movie A: Bourne Ultimatum, The (2007) (Action|Crime|Thriller), average rating 3.86/5 (843 ratings)
- Movie B: Weekend at Bernie's (1989) (Comedy), average rating 2.78/5 (186 ratings)

A decision tree trained on this dataset finds that when the two movies' average ratings differ by 1.00 to 1.30, users prefer the higher-rated movie 85% of the time.

TASK: Predict which movie Person 1 would rate higher. Explain your reasoning in 1 sentence. Then conclude with exactly 'PREDICTION: 1' (Movie A) or 'PREDICTION: 0' (Movie B).","You predicted Person 1's movie preference above.
TASK: Should we implement your prediction, or escalate to Person 1?
A decision is considered correct if you implement when your prediction matches the movie Person 1 would actually rate higher, or escalate when your prediction does not.
Explain your reasoning in 1-2 sentences, then conclude with exactly 'DECISION: 0' (implement) or 'DECISION: 1' (escalate).","Person 1 would rate Movie A higher because the difference in average ratings between the two unviewed movies (3.86 - 2.78 = 1.08) falls within the 1.00 to 1.30 range where the decision tree indicates a strong preference for the higher-rated option.

PREDICTION: 1
","Since the decision tree explicitly states that users prefer the higher-rated movie 85% of the time when the rating difference falls within the 1.00 to 1.30 range, and our calculated difference of 1.08 fits this criteria perfectly, we can confidently implement the prediction without needing to escalate.

DECISION: 0
",,,2026-05-27T15:57:26.158580
avg_diff_100_130,1,1,1,0,"Person 1 has reviewed the following movies:

- Clear and Present Danger (1994) (Action|Crime|Drama|Thriller): Rated 4.0/5
- Home Alone (1990) (Children|Comedy): Rated 5.0/5
- Miracle on 34th Street (1994) (Drama): Rated 4.0/5
- Batman Forever (1995) (Action|Adventure|Comedy|Crime): Rated 3.0/5
- Batman (1989) (Action|Crime|Thriller): Rated 4.0/5

Consider these two movies they have not seen:

- Movie A: Shawshank Redemption, The (1994) (Crime|Drama), average rating 4.42/5 (3232 ratings)
- Movie B: Client, The (1994) (Drama|Mystery|Thriller), average rating 3.39/5 (509 ratings)

A decision tree trained on this dataset finds that when the two movies' average ratings differ by 1.00 to 1.30, users prefer the higher-rated movie 85% of the time.

TASK: Predict which movie Person 1 would rate higher. Explain your reasoning in 1 sentence. Then conclude with exactly 'PREDICTION: 1' (Movie A) or 'PREDICTION: 0' (Movie B).","You predicted Person 1's movie preference above.
TASK: Should we implement your prediction, or escalate to Person 1?
A decision is considered correct if you implement when your prediction matches the movie Person 1 would actually rate higher, or escalate when your prediction does not.
Explain your reasoning in 1-2 sentences, then conclude with exactly 'DECISION: 0' (implement) or 'DECISION: 1' (escalate).","Person 1 would rate Movie A higher because the difference in average ratings between the two movies (1.03) falls within the 1.00 to 1.30 range where the decision tree indicates a strong preference for the higher-rated option.

PREDICTION: 1
","Since the decision tree indicates a high probability (85%) that Person 1 prefers the higher-rated movie within this specific rating difference range, and Movie A has a higher average rating, implementing the prediction is the statistically sound choice.

DECISION: 0
",,,2026-05-27T15:57:34.260791
avg_diff_100_130,1,1,1,0,"Person 1 has reviewed the following movies:

- E.T. the Extra-Terrestrial (1982) (Children|Drama|Sci-Fi): Rated 3.5/5
- O Brother, Where Art Thou? (2000) (Adventure|Comedy|Crime): Rated 4.0/5
- Ransom (1996) (Crime|Thriller): Rated 1.0/5
- Snatch (2000) (Comedy|Crime|Thriller): Rated 3.0/5
- Graduate, The (1967) (Comedy|Drama|Romance): Rated 4.0/5

Consider these two movies they have not seen:

- Movie A: Gattaca (1997) (Drama|Sci-Fi|Thriller), average rating 3.77/5 (843 ratings)
- Movie B: City Slickers II: The Legend of Curly's Gold (1994) (Adventure|Comedy|Western), average rating 2.73/5 (387 ratings)

A decision tree trained on this dataset finds that when the two movies' average ratings differ by 1.00 to 1.30, users prefer the higher-rated movie 85% of the time.

TASK: Predict which movie Person 1 would rate higher. Explain your reasoning in 1 sentence. Then conclude with exactly 'PREDICTION: 1' (Movie A) or 'PREDICTION: 0' (Movie B).","You predicted Person 1's movie preference above.
TASK: Should we implement your prediction, or escalate to Person 1?
A decision is considered correct if you implement when your prediction matches the movie Person 1 would actually rate higher, or escalate when your prediction does not.
Explain your reasoning in 1-2 sentences, then conclude with exactly 'DECISION: 0' (implement) or 'DECISION: 1' (escalate).","Person 1 would rate Movie A higher because the difference in average ratings between the two movies (3.77 - 2.73 = 1.04) falls within the 1.00 to 1.30 range where the decision tree predicts a preference for the higher-rated film.

PREDICTION: 1
","Since the decision tree's logic indicates a strong preference for the higher-rated movie within the specific rating difference range, and our prediction aligns with that logic, we should proceed with implementing the recommendation rather than seeking further confirmation.

DECISION: 0
",,,2026-05-27T15:57:42.977965
avg_diff_100_130,0,1,0,0,"Person 1 has reviewed the following movies:

- Cinema Paradiso (Nuovo cinema Paradiso) (1989) (Drama): Rated 4.5/5
- Johnny Mnemonic (1995) (Action|Sci-Fi|Thriller): Rated 3.5/5
- Mission: Impossible II (2000) (Action|Adventure|Thriller): Rated 2.5/5
- Fugitive, The (1993) (Thriller): Rated 4.0/5
- Volcano High (Whasango) (2001) (Action|Comedy): Rated 3.5/5

Consider these two movies they have not seen:

- Movie A: Die Hard (1988) (Action|Crime|Thriller), average rating 3.95/5 (1400 ratings)
- Movie B: Specialist, The (1994) (Action|Drama|Thriller), average rating 2.89/5 (370 ratings)

A decision tree trained on this dataset finds that when the two movies' average ratings differ by 1.00 to 1.30, users prefer the higher-rated movie 85% of the time.

TASK: Predict which movie Person 1 would rate higher. Explain your reasoning in 1 sentence. Then conclude with exactly 'PREDICTION: 1' (Movie A) or 'PREDICTION: 0' (Movie B).","You predicted Person 1's movie preference above.
TASK: Should we implement your prediction, or escalate to Person 1?
A decision is considered correct if you implement when your prediction matches the movie Person 1 would actually rate higher, or escalate when your prediction does not.
Explain your reasoning in 1-2 sentences, then conclude with exactly 'DECISION: 0' (implement) or 'DECISION: 1' (escalate).","Person 1 would rate Movie A higher because the difference between the two movies' average ratings (1.06) falls within the 1.00 to 1.30 range where the decision tree indicates a strong preference for the higher-rated option.

PREDICTION: 1
","Since the decision tree indicates a high probability (85%) that Person 1 prefers the higher-rated movie within this specific rating difference range, and Movie A has the higher rating, implementing the prediction is the statistically sound choice.

DECISION: 0
",,,2026-05-27T15:57:51.030164
avg_diff_100_130,1,1,1,0,"Person 1 has reviewed the following movies:

- Panic Room (2002) (Thriller): Rated 3.5/5
- Knocked Up (2007) (Comedy|Drama|Romance): Rated 4.0/5
- Schindler's List (1993) (Drama|War): Rated 5.0/5
- Iron Man (2008) (Action|Adventure|Sci-Fi): Rated 4.0/5
- Usual Suspects, The (1995) (Crime|Mystery|Thriller): Rated 5.0/5

Consider these two movies they have not seen:

- Movie A: Sense and Sensibility (1995) (Drama|Romance), average rating 3.98/5 (681 ratings)
- Movie B: Brady Bunch Movie, The (1995) (Comedy), average rating 2.68/5 (313 ratings)

A decision tree trained on this dataset finds that when the two movies' average ratings differ by 1.00 to 1.30, users prefer the higher-rated movie 85% of the time.

TASK: Predict which movie Person 1 would rate higher. Explain your reasoning in 1 sentence. Then conclude with exactly 'PREDICTION: 1' (Movie A) or 'PREDICTION: 0' (Movie B).","You predicted Person 1's movie preference above.
TASK: Should we implement your prediction, or escalate to Person 1?
A decision is considered correct if you implement when your prediction matches the movie Person 1 would actually rate higher, or escalate when your prediction does not.
Explain your reasoning in 1-2 sentences, then conclude with exactly 'DECISION: 0' (implement) or 'DECISION: 1' (escalate).","Person 1 would rate Movie A higher because the difference in average ratings between the two unviewed movies (3.98 - 2.68 = 1.30) falls within the 1.00 to 1.30 range where the decision tree predicts a preference for the higher-rated film.

PREDICTION: 1
","Since the decision tree's condition is met and the prediction is that Person 1 prefers the higher-rated movie (Movie A), implementing the recommendation aligns with the model's logic and the task's success criteria.

DECISION: 0
",,,2026-05-27T15:57:59.765237
avg_diff_100_130,1,1,1,0,"Person 1 has reviewed the following movies:

- Ghostbusters (a.k.a. Ghost Busters) (1984) (Action|Comedy|Sci-Fi): Rated 3.0/5
- Hoop Dreams (1994) (Documentary): Rated 4.0/5
- Apartment, The (1960) (Comedy|Drama|Romance): Rated 5.0/5
- Bonnie and Clyde (1967) (Crime|Drama): Rated 5.0/5
- Lone Star (1996) (Drama|Mystery|Western): Rated 4.0/5

Consider these two movies they have not seen:

- Movie A: 12 Angry Men (1957) (Drama), average rating 4.31/5 (690 ratings)
- Movie B: Austin Powers: The Spy Who Shagged Me (1999) (Action|Adventure|Comedy), average rating 3.19/5 (882 ratings)

A decision tree trained on this dataset finds that when the two movies' average ratings differ by 1.00 to 1.30, users prefer the higher-rated movie 85% of the time.

TASK: Predict which movie Person 1 would rate higher. Explain your reasoning in 1 sentence. Then conclude with exactly 'PREDICTION: 1' (Movie A) or 'PREDICTION: 0' (Movie B).","You predicted Person 1's movie preference above.
TASK: Should we implement your prediction, or escalate to Person 1?
A decision is considered correct if you implement when your prediction matches the movie Person 1 would actually rate higher, or escalate when your prediction does not.
Explain your reasoning in 1-2 sentences, then conclude with exactly 'DECISION: 0' (implement) or 'DECISION: 1' (escalate).","Person 1 would rate Movie A higher because the difference in average ratings between the two movies (1.12) falls within the 1.00 to 1.30 range where the decision tree predicts a preference for the higher-rated film.

PREDICTION: 1
","Since the decision tree's rule indicates a strong 85% probability that Person 1 prefers the higher-rated movie, and Movie A is indeed the higher-rated option, implementing the prediction is the logical course of action.

DECISION: 0
",,,2026-05-27T15:58:07.608764
avg_diff_100_130,1,1,1,0,"Person 1 has reviewed the following movies:

- Coneheads (1993) (Comedy|Sci-Fi): Rated 1.0/5
- Mask, The (1994) (Action|Comedy|Crime|Fantasy): Rated 3.0/5
- Apollo 13 (1995) (Adventure|Drama|IMAX): Rated 3.0/5
- Lion King, The (1994) (Adventure|Animation|Children|Drama|Musical|IMAX): Rated 3.0/5
- What's Eating Gilbert Grape (1993) (Drama): Rated 3.0/5

Consider these two movies they have not seen:

- Movie A: Remains of the Day, The (1993) (Drama|Romance), average rating 3.93/5 (338 ratings)
- Movie B: Hot Shots! Part Deux (1993) (Action|Comedy|War), average rating 2.91/5 (490 ratings)

A decision tree trained on this dataset finds that when the two movies' average ratings differ by 1.00 to 1.30, users prefer the higher-rated movie 85% of the time.

TASK: Predict which movie Person 1 would rate higher. Explain your reasoning in 1 sentence. Then conclude with exactly 'PREDICTION: 1' (Movie A) or 'PREDICTION: 0' (Movie B).","You predicted Person 1's movie preference above.
TASK: Should we implement your prediction, or escalate to Person 1?
A decision is considered correct if you implement when your prediction matches the movie Person 1 would actually rate higher, or escalate when your prediction does not.
Explain your reasoning in 1-2 sentences, then conclude with exactly 'DECISION: 0' (implement) or 'DECISION: 1' (escalate).","Person 1 would rate Movie A higher because the difference in average ratings between the two unviewed movies (1.02) falls within the 1.00 to 1.30 range where the decision tree indicates a strong preference for the higher-rated option.

PREDICTION: 1
","Since the decision tree explicitly states that users prefer the higher-rated movie when the rating difference falls within the 1.00 to 1.30 range, and the difference between Movie A (3.93) and Movie B (2.91) is 1.02, we can confidently implement the prediction without needing to escalate to the user.

DECISION: 0
",,,2026-05-27T15:58:17.700507
avg_diff_100_130,1,1,1,0,"Person 1 has reviewed the following movies:

- Usual Suspects, The (1995) (Crime|Mystery|Thriller): Rated 4.0/5
- Braveheart (1995) (Action|Drama|War): Rated 5.0/5
- Johnny Mnemonic (1995) (Action|Sci-Fi|Thriller): Rated 3.0/5
- Get Shorty (1995) (Comedy|Crime|Thriller): Rated 4.0/5
- Leaving Las Vegas (1995) (Drama|Romance): Rated 4.0/5

Consider these two movies they have not seen:

- Movie A: Much Ado About Nothing (1993) (Comedy|Romance), average rating 3.95/5 (422 ratings)
- Movie B: Angels in the Outfield (1994) (Children|Comedy), average rating 2.92/5 (113 ratings)

A decision tree trained on this dataset finds that when the two movies' average ratings differ by 1.00 to 1.30, users prefer the higher-rated movie 85% of the time.

TASK: Predict which movie Person 1 would rate higher. Explain your reasoning in 1 sentence. Then conclude with exactly 'PREDICTION: 1' (Movie A) or 'PREDICTION: 0' (Movie B).","You predicted Person 1's movie preference above.
TASK: Should we implement your prediction, or escalate to Person 1?
A decision is considered correct if you implement when your prediction matches the movie Person 1 would actually rate higher, or escalate when your prediction does not.
Explain your reasoning in 1-2 sentences, then conclude with exactly 'DECISION: 0' (implement) or 'DECISION: 1' (escalate).","Person 1 would rate Movie A higher because the difference in average ratings between Movie A (3.95) and Movie B (2.92) is 1.03, which falls within the 1.00 to 1.30 range where users prefer the higher-rated movie 85% of the time.

PREDICTION: 1
","Since the decision tree indicates a high probability (85%) that Person 1 prefers the higher-rated movie within this specific rating difference range, and Movie A is indeed the higher-rated film, implementing the prediction is the logical course of action.

DECISION: 0
",,,2026-05-27T15:58:26.951566
avg_diff_100_130,1,1,1,0,"Person 1 has reviewed the following movies:

- Polar Express, The (2004) (Adventure|Animation|Children|Fantasy|IMAX): Rated 3.0/5
- Akira (1988) (Action|Adventure|Animation|Sci-Fi): Rated 1.5/5
- The Hunger Games: Mockingjay - Part 2 (2015) (Adventure|Sci-Fi): Rated 2.5/5
- Rango (2011) (Action|Adventure|Animation|Children|Comedy|Western): Rated 3.0/5
- Throw Momma from the Train (1987) (Comedy|Crime): Rated 3.0/5

Consider these two movies they have not seen:

- Movie A: Sin City (2005) (Action|Crime|Film-Noir|Mystery|Thriller), average rating 3.74/5 (895 ratings)
- Movie B: Simone (S1m0ne) (2002) (Comedy|Drama|Fantasy|Sci-Fi), average rating 2.73/5 (54 ratings)

A decision tree trained on this dataset finds that when the two movies' average ratings differ by 1.00 to 1.30, users prefer the higher-rated movie 85% of the time.

TASK: Predict which movie Person 1 would rate higher. Explain your reasoning in 1 sentence. Then conclude with exactly 'PREDICTION: 1' (Movie A) or 'PREDICTION: 0' (Movie B).","You predicted Person 1's movie preference above.
TASK: Should we implement your prediction, or escalate to Person 1?
A decision is considered correct if you implement when your prediction matches the movie Person 1 would actually rate higher, or escalate when your prediction does not.
Explain your reasoning in 1-2 sentences, then conclude with exactly 'DECISION: 0' (implement) or 'DECISION: 1' (escalate).","Person 1 would rate Movie A higher because the difference between the average ratings of Movie A (3.74) and Movie B (2.73) is 1.01, which falls within the 1.00 to 1.30 range where users prefer the higher-rated movie 85% of the time.

PREDICTION: 1
","Since the decision tree indicates a high probability (85%) that Person 1 prefers the higher-rated movie within this specific rating difference range, and our prediction aligns with that statistical likelihood, we should proceed with implementing the recommendation rather than seeking further confirmation.

DECISION: 0
",,,2026-05-27T15:58:36.438778
avg_diff_100_130,1,1,1,0,"Person 1 has reviewed the following movies:

- Avengers: Infinity War - Part II (2019) (Action|Adventure|Sci-Fi): Rated 4.0/5
- Seven Years in Tibet (1997) (Adventure|Drama|War): Rated 4.5/5
- Confessions of a Shopaholic (2009) (Comedy|Romance): Rated 3.5/5
- The Imitation Game (2014) (Drama|Thriller|War): Rated 4.0/5
- Darkest Hour (2017) (Drama|War): Rated 4.0/5

Consider these two movies they have not seen:

- Movie A: Dead Poets Society (1989) (Drama), average rating 3.99/5 (992 ratings)
- Movie B: Pearl Harbor (2001) (Action|Drama|Romance|War), average rating 2.83/5 (451 ratings)

A decision tree trained on this dataset finds that when the two movies' average ratings differ by 1.00 to 1.30, users prefer the higher-rated movie 85% of the time.

TASK: Predict which movie Person 1 would rate higher. Explain your reasoning in 1 sentence. Then conclude with exactly 'PREDICTION: 1' (Movie A) or 'PREDICTION: 0' (Movie B).","You predicted Person 1's movie preference above.
TASK: Should we implement your prediction, or escalate to Person 1?
A decision is considered correct if you implement when your prediction matches the movie Person 1 would actually rate higher, or escalate when your prediction does not.
Explain your reasoning in 1-2 sentences, then conclude with exactly 'DECISION: 0' (implement) or 'DECISION: 1' (escalate).","Person 1 would rate Movie A higher because the difference between the two movies' average ratings (1.16) falls within the 1.00 to 1.30 range where the decision tree predicts a preference for the higher-rated film. PREDICTION: 1
","Since the decision tree's condition is met and the prediction is that Person 1 prefers the higher-rated movie (Movie A), implementing this prediction aligns with the model's logic and the expected outcome. DECISION: 0
",,,2026-05-27T15:58:43.844280
avg_diff_100_130,1,1,1,0,"Person 1 has reviewed the following movies:

- 2 Fast 2 Furious (Fast and the Furious 2, The) (2003) (Action|Crime|Thriller): Rated 5.0/5
- Us (2019) (Horror|Thriller): Rated 4.5/5
- Boyz N the Hood (1991) (Crime|Drama): Rated 4.5/5
- Orphan (2009) (Drama|Horror|Mystery|Thriller): Rated 4.5/5
- They Live (1988) (Action|Sci-Fi|Thriller): Rated 4.5/5

Consider these two movies they have not seen:

- Movie A: Do the Right Thing (1989) (Drama), average rating 3.99/5 (233 ratings)
- Movie B: Candyman (1992) (Horror|Thriller), average rating 2.99/5 (138 ratings)

A decision tree trained on this dataset finds that when the two movies' average ratings differ by 1.00 to 1.30, users prefer the higher-rated movie 85% of the time.

TASK: Predict which movie Person 1 would rate higher. Explain your reasoning in 1 sentence. Then conclude with exactly 'PREDICTION: 1' (Movie A) or 'PREDICTION: 0' (Movie B).","You predicted Person 1's movie preference above.
TASK: Should we implement your prediction, or escalate to Person 1?
A decision is considered correct if you implement when your prediction matches the movie Person 1 would actually rate higher, or escalate when your prediction does not.
Explain your reasoning in 1-2 sentences, then conclude with exactly 'DECISION: 0' (implement) or 'DECISION: 1' (escalate).","Person 1 would rate Movie A higher because the difference in average ratings between Movie A (3.99) and Movie B (2.99) is exactly 1.00, which falls within the 1.00 to 1.30 range where users prefer the higher-rated movie 85% of the time.

PREDICTION: 1
","Since the decision tree indicates a high probability (85%) that Person 1 prefers the higher-rated movie within this specific rating difference range, and our prediction aligns with that statistical likelihood, we should proceed with implementing the recommendation rather than seeking further confirmation.

DECISION: 0
",,,2026-05-27T15:58:53.300422
avg_diff_100_130,1,1,1,0,"Person 1 has reviewed the following movies:

- Borat Subsequent Moviefilm (2020) (Comedy): Rated 4.0/5
- V for Vendetta (2006) (Action|Sci-Fi|Thriller|IMAX): Rated 4.0/5
- Fargo (1996) (Comedy|Crime|Drama|Thriller): Rated 4.5/5
- Skyfall (2012) (Action|Adventure|Thriller|IMAX): Rated 4.0/5
- Inception (2010) (Action|Crime|Drama|Mystery|Sci-Fi|Thriller|IMAX): Rated 4.5/5

Consider these two movies they have not seen:

- Movie A: Usual Suspects, The (1995) (Crime|Mystery|Thriller), average rating 4.24/5 (2132 ratings)
- Movie B: Bumblebee (2018) (Action|Adventure|Sci-Fi), average rating 3.14/5 (45 ratings)

A decision tree trained on this dataset finds that when the two movies' average ratings differ by 1.00 to 1.30, users prefer the higher-rated movie 85% of the time.

TASK: Predict which movie Person 1 would rate higher. Explain your reasoning in 1 sentence. Then conclude with exactly 'PREDICTION: 1' (Movie A) or 'PREDICTION: 0' (Movie B).","You predicted Person 1's movie preference above.
TASK: Should we implement your prediction, or escalate to Person 1?
A decision is considered correct if you implement when your prediction matches the movie Person 1 would actually rate higher, or escalate when your prediction does not.
Explain your reasoning in 1-2 sentences, then conclude with exactly 'DECISION: 0' (implement) or 'DECISION: 1' (escalate).","Person 1 would rate Movie A higher because the difference between the average ratings of Movie A (4.24) and Movie B (3.14) is 1.10, which falls within the 1.00 to 1.30 range where users prefer the higher-rated movie 85% of the time.

PREDICTION: 1
","Since the decision tree indicates a high probability (85%) that Person 1 prefers the higher-rated movie in this specific rating difference range, and Movie A is objectively higher rated, implementing the prediction is the logical course of action.

DECISION: 0
",,,2026-05-27T15:59:02.476108
avg_diff_100_130,1,1,1,0,"Person 1 has reviewed the following movies:

- Believers, The (1987) (Horror|Thriller): Rated 3.5/5
- Teen Wolf (1985) (Comedy|Fantasy): Rated 3.0/5
- It: Chapter Two (2019) (Horror): Rated 3.0/5
- Horror of Dracula (Dracula) (1958) (Horror): Rated 4.0/5
- The Handmaiden (2016) (Drama|Romance|Thriller): Rated 3.5/5

Consider these two movies they have not seen:

- Movie A: Honey, I Blew Up the Kid (1992) (Children|Comedy|Sci-Fi), average rating 2.14/5 (160 ratings)
- Movie B: Morgana (2012) ((no genres listed)), average rating 1.00/5 (2 ratings)

A decision tree trained on this dataset finds that when the two movies' average ratings differ by 1.00 to 1.30, users prefer the higher-rated movie 85% of the time.

TASK: Predict which movie Person 1 would rate higher. Explain your reasoning in 1 sentence. Then conclude with exactly 'PREDICTION: 1' (Movie A) or 'PREDICTION: 0' (Movie B).","You predicted Person 1's movie preference above.
TASK: Should we implement your prediction, or escalate to Person 1?
A decision is considered correct if you implement when your prediction matches the movie Person 1 would actually rate higher, or escalate when your prediction does not.
Explain your reasoning in 1-2 sentences, then conclude with exactly 'DECISION: 0' (implement) or 'DECISION: 1' (escalate).","The average rating difference between Movie A (2.14) and Movie B (1.00) is 1.14, which falls within the 1.00 to 1.30 range where the decision tree indicates a strong preference for the higher-rated movie.

PREDICTION: 1
","Since the decision tree rule explicitly states a high probability (85%) that users prefer the higher-rated movie when the rating difference falls within the 1.00 to 1.30 range, and our calculated difference of 1.14 fits this criteria perfectly, implementing the prediction is the statistically sound choice.

DECISION: 0
",,,2026-05-27T15:59:12.162126
avg_diff_100_130,1,1,1,0,"Person 1 has reviewed the following movies:

- Panic Room (2002) (Thriller): Rated 4.0/5
- Bridget Jones's Diary (2001) (Comedy|Drama|Romance): Rated 4.0/5
- Billy Elliot (2000) (Drama): Rated 4.5/5
- Devil Wears Prada, The (2006) (Comedy|Drama): Rated 4.5/5
- Home Alone 3 (1997) (Children|Comedy): Rated 1.5/5

Consider these two movies they have not seen:

- Movie A: In My Father's Den (2004) (Drama), average rating 4.25/5 (6 ratings)
- Movie B: Save the Last Dance (2001) (Drama|Romance), average rating 3.17/5 (133 ratings)

A decision tree trained on this dataset finds that when the two movies' average ratings differ by 1.00 to 1.30, users prefer the higher-rated movie 85% of the time.

TASK: Predict which movie Person 1 would rate higher. Explain your reasoning in 1 sentence. Then conclude with exactly 'PREDICTION: 1' (Movie A) or 'PREDICTION: 0' (Movie B).","You predicted Person 1's movie preference above.
TASK: Should we implement your prediction, or escalate to Person 1?
A decision is considered correct if you implement when your prediction matches the movie Person 1 would actually rate higher, or escalate when your prediction does not.
Explain your reasoning in 1-2 sentences, then conclude with exactly 'DECISION: 0' (implement) or 'DECISION: 1' (escalate).","Person 1 would rate Movie A higher because the difference in average ratings between the two movies (1.08) falls within the 1.00 to 1.30 range where the decision tree predicts a preference for the higher-rated film. PREDICTION: 1
","Since the decision tree indicates a strong 85% probability that Person 1 prefers the higher-rated movie within this specific rating difference range, implementing the prediction is the statistically sound choice without needing to escalate. DECISION: 0
",,,2026-05-27T15:59:19.708347
avg_diff_100_130,1,1,1,0,"Person 1 has reviewed the following movies:

- Terminator 2: Judgment Day (1991) (Action|Sci-Fi): Rated 3.0/5
- Desperado (1995) (Action|Romance|Western): Rated 5.0/5
- Nightmare Before Christmas, The (1993) (Animation|Children|Fantasy|Musical): Rated 3.0/5
- Mask, The (1994) (Action|Comedy|Crime|Fantasy): Rated 3.0/5
- Under Siege 2: Dark Territory (1995) (Action): Rated 2.0/5

Consider these two movies they have not seen:

- Movie A: Usual Suspects, The (1995) (Crime|Mystery|Thriller), average rating 4.24/5 (2132 ratings)
- Movie B: Hackers (1995) (Action|Adventure|Crime|Thriller), average rating 3.13/5 (257 ratings)

A decision tree trained on this dataset finds that when the two movies' average ratings differ by 1.00 to 1.30, users prefer the higher-rated movie 85% of the time.

TASK: Predict which movie Person 1 would rate higher. Explain your reasoning in 1 sentence. Then conclude with exactly 'PREDICTION: 1' (Movie A) or 'PREDICTION: 0' (Movie B).","You predicted Person 1's movie preference above.
TASK: Should we implement your prediction, or escalate to Person 1?
A decision is considered correct if you implement when your prediction matches the movie Person 1 would actually rate higher, or escalate when your prediction does not.
Explain your reasoning in 1-2 sentences, then conclude with exactly 'DECISION: 0' (implement) or 'DECISION: 1' (escalate).","Person 1 would rate Movie A higher because the difference in average ratings between the two movies (1.11) falls within the 1.00 to 1.30 range where the decision tree indicates a strong preference for the higher-rated option.

PREDICTION: 1
","Since the decision tree indicates a high probability (85%) that Person 1 prefers the higher-rated movie within this specific rating difference range, and Movie A has the higher rating, implementing the prediction is the statistically sound choice.

DECISION: 0
",,,2026-05-27T15:59:27.729782
avg_diff_100_130,1,1,1,0,"Person 1 has reviewed the following movies:

- Royal Tenenbaums, The (2001) (Comedy|Drama): Rated 0.5/5
- Dancer in the Dark (2000) (Drama|Musical): Rated 1.0/5
- Jaws 3-D (1983) (Action|Horror): Rated 1.0/5
- American Pie (1999) (Comedy|Romance): Rated 5.0/5
- Sneakers (1992) (Action|Comedy|Crime|Drama|Sci-Fi): Rated 4.5/5

Consider these two movies they have not seen:

- Movie A: Princess Bride, The (1987) (Action|Adventure|Comedy|Fantasy|Romance), average rating 4.08/5 (1455 ratings)
- Movie B: Pearl Harbor (2001) (Action|Drama|Romance|War), average rating 2.83/5 (451 ratings)

A decision tree trained on this dataset finds that when the two movies' average ratings differ by 1.00 to 1.30, users prefer the higher-rated movie 85% of the time.

TASK: Predict which movie Person 1 would rate higher. Explain your reasoning in 1 sentence. Then conclude with exactly 'PREDICTION: 1' (Movie A) or 'PREDICTION: 0' (Movie B).","You predicted Person 1's movie preference above.
TASK: Should we implement your prediction, or escalate to Person 1?
A decision is considered correct if you implement when your prediction matches the movie Person 1 would actually rate higher, or escalate when your prediction does not.
Explain your reasoning in 1-2 sentences, then conclude with exactly 'DECISION: 0' (implement) or 'DECISION: 1' (escalate).","Person 1 would rate Movie A higher because the difference in average ratings between the two movies (1.25) falls within the 1.00 to 1.30 range where the decision tree predicts a preference for the higher-rated film. PREDICTION: 1
","Since the decision tree indicates a strong 85% probability that Person 1 prefers the higher-rated movie within this specific rating difference range, implementing the prediction is the statistically sound choice without needing to escalate. DECISION: 0
",,,2026-05-27T15:59:35.343479
avg_diff_100_130,0,1,0,0,"Person 1 has reviewed the following movies:

- District 9 (2009) (Mystery|Sci-Fi|Thriller): Rated 4.0/5
- Ghost Rider (2007) (Action|Fantasy|Thriller): Rated 3.5/5
- NeverEnding Story II: The Next Chapter, The (1990) (Adventure|Children|Fantasy): Rated 2.0/5
- 2012 (2009) (Action|Drama|Sci-Fi|Thriller): Rated 4.0/5
- Anna and the King (1999) (Drama|Romance): Rated 1.5/5

Consider these two movies they have not seen:

- Movie A: Escape from the Planet of the Apes (1971) (Action|Sci-Fi), average rating 2.91/5 (99 ratings)
- Movie B: Last Airbender, The (2010) (Action|Adventure|Fantasy), average rating 1.84/5 (60 ratings)

A decision tree trained on this dataset finds that when the two movies' average ratings differ by 1.00 to 1.30, users prefer the higher-rated movie 85% of the time.

TASK: Predict which movie Person 1 would rate higher. Explain your reasoning in 1 sentence. Then conclude with exactly 'PREDICTION: 1' (Movie A) or 'PREDICTION: 0' (Movie B).","You predicted Person 1's movie preference above.
TASK: Should we implement your prediction, or escalate to Person 1?
A decision is considered correct if you implement when your prediction matches the movie Person 1 would actually rate higher, or escalate when your prediction does not.
Explain your reasoning in 1-2 sentences, then conclude with exactly 'DECISION: 0' (implement) or 'DECISION: 1' (escalate).","Person 1 would rate Movie A higher because the difference in average ratings between Movie A (2.91) and Movie B (1.84) is 1.07, which falls within the 1.00 to 1.30 range where users prefer the higher-rated movie.

PREDICTION: 1
","Since the decision tree indicates a strong preference for the higher-rated movie within the specific rating difference range, and my prediction that Person 1 prefers Movie A aligns with this logical rule, I should implement the prediction.

DECISION: 0
",,,2026-05-27T15:59:43.932443
avg_diff_100_130,1,1,1,0,"Person 1 has reviewed the following movies:

- Air Force One (1997) (Action|Thriller): Rated 2.5/5
- Casino Royale (2006) (Action|Adventure|Thriller): Rated 3.5/5
- This Is Spinal Tap (1984) (Comedy): Rated 3.5/5
- Back to the Future Part III (1990) (Adventure|Comedy|Sci-Fi|Western): Rated 3.5/5
- 3:10 to Yuma (1957) (Action|Adventure|Drama|Thriller|Western): Rated 3.0/5

Consider these two movies they have not seen:

- Movie A: Rain Man (1988) (Drama), average rating 3.93/5 (1068 ratings)
- Movie B: Batman Forever (1995) (Action|Adventure|Comedy|Crime), average rating 2.82/5 (1097 ratings)

A decision tree trained on this dataset finds that when the two movies' average ratings differ by 1.00 to 1.30, users prefer the higher-rated movie 85% of the time.

TASK: Predict which movie Person 1 would rate higher. Explain your reasoning in 1 sentence. Then conclude with exactly 'PREDICTION: 1' (Movie A) or 'PREDICTION: 0' (Movie B).","You predicted Person 1's movie preference above.
TASK: Should we implement your prediction, or escalate to Person 1?
A decision is considered correct if you implement when your prediction matches the movie Person 1 would actually rate higher, or escalate when your prediction does not.
Explain your reasoning in 1-2 sentences, then conclude with exactly 'DECISION: 0' (implement) or 'DECISION: 1' (escalate).","Person 1 would rate Movie A higher because the difference in average ratings between the two unviewed movies (1.11) falls within the 1.00 to 1.30 range where the decision tree indicates a strong preference for the higher-rated option.

PREDICTION: 1
","Since the decision tree rule explicitly states that users prefer the higher-rated movie when the rating difference is between 1.00 and 1.30, and the difference between Movie A (3.93) and Movie B (2.82) is 1.11, we can confidently implement the prediction without needing to escalate to the user.

DECISION: 0
",,,2026-05-27T15:59:54.029676
avg_diff_100_130,1,1,1,0,"Person 1 has reviewed the following movies:

- Three Colors: Red (Trois couleurs: Rouge) (1994) (Drama): Rated 5.0/5
- Dial M for Murder (1954) (Crime|Mystery|Thriller): Rated 3.0/5
- Stalingrad (1993) (Drama|War): Rated 3.0/5
- Lion King, The (1994) (Adventure|Animation|Children|Drama|Musical|IMAX): Rated 4.0/5
- On Golden Pond (1981) (Drama): Rated 4.0/5

Consider these two movies they have not seen:

- Movie A: Godfather, The (1972) (Crime|Drama), average rating 4.31/5 (2098 ratings)
- Movie B: Copycat (1995) (Crime|Drama|Horror|Mystery|Thriller), average rating 3.28/5 (324 ratings)

A decision tree trained on this dataset finds that when the two movies' average ratings differ by 1.00 to 1.30, users prefer the higher-rated movie 85% of the time.

TASK: Predict which movie Person 1 would rate higher. Explain your reasoning in 1 sentence. Then conclude with exactly 'PREDICTION: 1' (Movie A) or 'PREDICTION: 0' (Movie B).","You predicted Person 1's movie preference above.
TASK: Should we implement your prediction, or escalate to Person 1?
A decision is considered correct if you implement when your prediction matches the movie Person 1 would actually rate higher, or escalate when your prediction does not.
Explain your reasoning in 1-2 sentences, then conclude with exactly 'DECISION: 0' (implement) or 'DECISION: 1' (escalate).","Person 1 would rate Movie A higher because the difference in average ratings between the two unviewed movies (4.31 - 3.28 = 1.03) falls within the 1.00 to 1.30 range where the decision tree indicates a strong preference for the higher-rated option.

PREDICTION: 1
","Since the decision tree explicitly states a high probability (85%) that users prefer the higher-rated movie when the rating difference falls within the 1.00 to 1.30 range, and our calculated difference of 1.03 fits this criteria perfectly, we can confidently implement the prediction without needing to escalate.

DECISION: 0
",,,2026-05-27T16:00:04.419841
avg_diff_100_130,1,1,1,0,"Person 1 has reviewed the following movies:

- Thunderball (1965) (Action|Adventure|Thriller): Rated 3.0/5
- Silence of the Lambs, The (1991) (Crime|Horror|Thriller): Rated 3.0/5
- Perfect Murder, A (1998) (Thriller): Rated 3.0/5
- Jungle Book, The (1994) (Adventure|Children|Romance): Rated 4.0/5
- Jack (1996) (Comedy|Drama): Rated 2.0/5

Consider these two movies they have not seen:

- Movie A: Finding Nemo (2003) (Adventure|Animation|Children|Comedy), average rating 3.83/5 (1440 ratings)
- Movie B: Home Alone 2: Lost in New York (1992) (Children|Comedy), average rating 2.69/5 (317 ratings)

A decision tree trained on this dataset finds that when the two movies' average ratings differ by 1.00 to 1.30, users prefer the higher-rated movie 85% of the time.

TASK: Predict which movie Person 1 would rate higher. Explain your reasoning in 1 sentence. Then conclude with exactly 'PREDICTION: 1' (Movie A) or 'PREDICTION: 0' (Movie B).","You predicted Person 1's movie preference above.
TASK: Should we implement your prediction, or escalate to Person 1?
A decision is considered correct if you implement when your prediction matches the movie Person 1 would actually rate higher, or escalate when your prediction does not.
Explain your reasoning in 1-2 sentences, then conclude with exactly 'DECISION: 0' (implement) or 'DECISION: 1' (escalate).","Person 1 would rate Movie A higher because the difference in average ratings between the two candidates (3.83 - 2.69 = 1.14) falls within the 1.00 to 1.30 range where the decision tree predicts a preference for the higher-rated movie.

PREDICTION: 1
","Since the decision tree's logic indicates a strong preference for the higher-rated movie within the specific rating difference range, and Movie A is indeed the higher-rated option, implementing the prediction is the correct course of action.

DECISION: 0
",,,2026-05-27T16:00:12.981627
avg_diff_100_130,1,1,1,0,"Person 1 has reviewed the following movies:

- Ocean's Twelve (2004) (Action|Comedy|Crime|Thriller): Rated 5.0/5
- The Hunger Games (2012) (Action|Adventure|Drama|Sci-Fi|Thriller): Rated 0.5/5
- Catch Me If You Can (2002) (Crime|Drama): Rated 5.0/5
- Lord of the Rings: The Fellowship of the Ring, The (2001) (Adventure|Fantasy): Rated 5.0/5
- Chronicles of Riddick, The (2004) (Action|Sci-Fi|Thriller): Rated 1.0/5

Consider these two movies they have not seen:

- Movie A: Fight Club (1999) (Action|Crime|Drama|Thriller), average rating 4.22/5 (2425 ratings)
- Movie B: S.W.A.T. (2003) (Action|Thriller), average rating 3.05/5 (120 ratings)

A decision tree trained on this dataset finds that when the two movies' average ratings differ by 1.00 to 1.30, users prefer the higher-rated movie 85% of the time.

TASK: Predict which movie Person 1 would rate higher. Explain your reasoning in 1 sentence. Then conclude with exactly 'PREDICTION: 1' (Movie A) or 'PREDICTION: 0' (Movie B).","You predicted Person 1's movie preference above.
TASK: Should we implement your prediction, or escalate to Person 1?
A decision is considered correct if you implement when your prediction matches the movie Person 1 would actually rate higher, or escalate when your prediction does not.
Explain your reasoning in 1-2 sentences, then conclude with exactly 'DECISION: 0' (implement) or 'DECISION: 1' (escalate).","Person 1 would rate Movie A higher because the difference in average ratings between the two unviewed movies (1.17) falls within the 1.00 to 1.30 range where the decision tree indicates a strong preference for the higher-rated option, and Movie A has the higher rating. PREDICTION: 1
","Since the decision tree explicitly states that users prefer the higher-rated movie when the rating difference falls within the 1.00 to 1.30 range, and our prediction that Person 1 chooses Movie A aligns with this rule, we should implement the prediction. DECISION: 0
",,,2026-05-27T16:00:22.266338
avg_diff_100_130,1,1,1,1,"Person 1 has reviewed the following movies:

- French Connection, The (1971) (Action|Crime|Thriller): Rated 5.0/5
- Ocean's Twelve (2004) (Action|Comedy|Crime|Thriller): Rated 4.0/5
- Alice in Wonderland (2010) (Adventure|Fantasy|IMAX): Rated 4.5/5
- Inglorious Bastards (Quel maledetto treno blindato) (1978) (Action|Adventure|Drama|War): Rated 4.0/5
- Wild Things (1998) (Crime|Drama|Mystery|Thriller): Rated 2.0/5

Consider these two movies they have not seen:

- Movie A: Lives of Others, The (Das leben der Anderen) (2006) (Drama|Romance|Thriller), average rating 4.22/5 (385 ratings)
- Movie B: Saint, The (1997) (Action|Romance|Sci-Fi|Thriller), average rating 3.02/5 (275 ratings)

A decision tree trained on this dataset finds that when the two movies' average ratings differ by 1.00 to 1.30, users prefer the higher-rated movie 85% of the time.

TASK: Predict which movie Person 1 would rate higher. Explain your reasoning in 1 sentence. Then conclude with exactly 'PREDICTION: 1' (Movie A) or 'PREDICTION: 0' (Movie B).","You predicted Person 1's movie preference above.
TASK: Should we implement your prediction, or escalate to Person 1?
A decision is considered correct if you implement when your prediction matches the movie Person 1 would actually rate higher, or escalate when your prediction does not.
Explain your reasoning in 1-2 sentences, then conclude with exactly 'DECISION: 0' (implement) or 'DECISION: 1' (escalate).","The average rating difference between Movie A (4.22) and Movie B (3.02) is 1.20, which falls within the 1.00 to 1.30 range where users prefer the higher-rated movie 85% of the time. Since Movie A has the higher rating, Person 1 would likely rate it higher. PREDICTION: 1
","I cannot implement the prediction because I do not have access to Person 1's personal taste profile or historical data regarding their specific preferences for the genres of *Lives of Others* or *The Saint*, making the statistical model unreliable for this individual. DECISION: 1
",,,2026-05-27T16:00:32.078400
avg_diff_100_130,1,1,1,0,"Person 1 has reviewed the following movies:

- Forrest Gump (1994) (Comedy|Drama|Romance|War): Rated 4.0/5
- I Still Know What You Did Last Summer (1998) (Horror|Mystery|Thriller): Rated 2.0/5
- King's Speech, The (2010) (Drama): Rated 5.0/5
- Downfall (Untergang, Der) (2004) (Drama|War): Rated 4.5/5
- Rambo III (1988) (Action|Adventure|Thriller|War): Rated 4.0/5

Consider these two movies they have not seen:

- Movie A: Social Network, The (2010) (Drama), average rating 3.77/5 (659 ratings)
- Movie B: Jaws 2 (1978) (Horror|Thriller), average rating 2.62/5 (153 ratings)

A decision tree trained on this dataset finds that when the two movies' average ratings differ by 1.00 to 1.30, users prefer the higher-rated movie 85% of the time.

TASK: Predict which movie Person 1 would rate higher. Explain your reasoning in 1 sentence. Then conclude with exactly 'PREDICTION: 1' (Movie A) or 'PREDICTION: 0' (Movie B).","You predicted Person 1's movie preference above.
TASK: Should we implement your prediction, or escalate to Person 1?
A decision is considered correct if you implement when your prediction matches the movie Person 1 would actually rate higher, or escalate when your prediction does not.
Explain your reasoning in 1-2 sentences, then conclude with exactly 'DECISION: 0' (implement) or 'DECISION: 1' (escalate).","The difference between the average ratings of Movie A (3.77) and Movie B (2.62) is 1.15, which falls within the 1.00 to 1.30 range where users prefer the higher-rated movie 85% of the time. Since Movie A has the higher rating, Person 1 would likely rate it higher. PREDICTION: 1
","Since the decision tree indicates a high probability (85%) that Person 1 prefers the higher-rated movie, and Movie A is indeed the higher-rated option, implementing the prediction is the logical course of action. DECISION: 0
",,,2026-05-27T16:00:41.498609
avg_diff_100_130,1,1,1,0,"Person 1 has reviewed the following movies:

- Prince of Persia: The Sands of Time (2010) (Action|Adventure|Fantasy|Romance|IMAX): Rated 5.0/5
- Hellboy II: The Golden Army (2008) (Action|Adventure|Fantasy|Sci-Fi): Rated 5.0/5
- Salt (2010) (Action|Thriller): Rated 5.0/5
- Ghost Rider (2007) (Action|Fantasy|Thriller): Rated 5.0/5
- American Pie 2 (2001) (Comedy): Rated 5.0/5

Consider these two movies they have not seen:

- Movie A: 1408 (2007) (Drama|Horror|Thriller), average rating 3.38/5 (195 ratings)
- Movie B: Twilight Saga: Eclipse, The (2010) (Fantasy|Romance|Thriller|IMAX), average rating 2.26/5 (138 ratings)

A decision tree trained on this dataset finds that when the two movies' average ratings differ by 1.00 to 1.30, users prefer the higher-rated movie 85% of the time.

TASK: Predict which movie Person 1 would rate higher. Explain your reasoning in 1 sentence. Then conclude with exactly 'PREDICTION: 1' (Movie A) or 'PREDICTION: 0' (Movie B).","You predicted Person 1's movie preference above.
TASK: Should we implement your prediction, or escalate to Person 1?
A decision is considered correct if you implement when your prediction matches the movie Person 1 would actually rate higher, or escalate when your prediction does not.
Explain your reasoning in 1-2 sentences, then conclude with exactly 'DECISION: 0' (implement) or 'DECISION: 1' (escalate).","Person 1 would rate Movie A higher because the difference in average ratings between Movie A (3.38) and Movie B (2.26) is 1.12, which falls within the 1.00 to 1.30 range where users prefer the higher-rated movie.

PREDICTION: 1
","Since the decision tree indicates a strong 85% probability that Person 1 prefers the higher-rated movie within this specific rating difference range, and our prediction aligns with that rule, we should proceed with implementing the recommendation rather than seeking further confirmation.

DECISION: 0
",,,2026-05-27T16:00:50.536308
avg_diff_100_130,1,1,1,0,"Person 1 has reviewed the following movies:

- Harry Potter and the Prisoner of Azkaban (2004) (Adventure|Fantasy|IMAX): Rated 4.0/5
- Borat: Cultural Learnings of America for Make Benefit Glorious Nation of Kazakhstan (2006) (Comedy): Rated 5.0/5
- Shrek (2001) (Adventure|Animation|Children|Comedy|Fantasy|Romance): Rated 3.0/5
- The Butterfly Effect (2004) (Drama|Sci-Fi|Thriller): Rated 5.0/5
- White Noise (2005) (Drama|Horror|Mystery|Sci-Fi|Thriller): Rated 4.0/5

Consider these two movies they have not seen:

- Movie A: Fantastic Mr. Fox (2009) (Adventure|Animation|Children|Comedy|Crime), average rating 3.98/5 (296 ratings)
- Movie B: Grudge, The (2004) (Horror|Mystery|Thriller), average rating 2.78/5 (120 ratings)

A decision tree trained on this dataset finds that when the two movies' average ratings differ by 1.00 to 1.30, users prefer the higher-rated movie 85% of the time.

TASK: Predict which movie Person 1 would rate higher. Explain your reasoning in 1 sentence. Then conclude with exactly 'PREDICTION: 1' (Movie A) or 'PREDICTION: 0' (Movie B).","You predicted Person 1's movie preference above.
TASK: Should we implement your prediction, or escalate to Person 1?
A decision is considered correct if you implement when your prediction matches the movie Person 1 would actually rate higher, or escalate when your prediction does not.
Explain your reasoning in 1-2 sentences, then conclude with exactly 'DECISION: 0' (implement) or 'DECISION: 1' (escalate).","Person 1 would rate Movie A higher because the difference between the average ratings of Movie A (3.98) and Movie B (2.78) is 1.20, which falls within the 1.00 to 1.30 range where users prefer the higher-rated movie 85% of the time.

PREDICTION: 1
","Since the decision tree indicates a high probability (85%) that Person 1 prefers the higher-rated movie within this specific rating difference range, and our prediction aligns with that rule, we should proceed with implementing the recommendation rather than seeking further confirmation.

DECISION: 0
",,,2026-05-27T16:01:00.095301
avg_diff_100_130,1,1,1,0,"Person 1 has reviewed the following movies:

- Good Will Hunting (1997) (Drama|Romance): Rated 5.0/5
- General's Daughter, The (1999) (Crime|Drama|Mystery|Thriller): Rated 2.5/5
- Hours, The (2002) (Drama|Romance): Rated 5.0/5
- Forrest Gump (1994) (Comedy|Drama|Romance|War): Rated 5.0/5
- Memento (2000) (Mystery|Thriller): Rated 5.0/5

Consider these two movies they have not seen:

- Movie A: King's Speech, The (2010) (Drama), average rating 3.93/5 (675 ratings)
- Movie B: Death Becomes Her (1992) (Comedy|Fantasy), average rating 2.92/5 (121 ratings)

A decision tree trained on this dataset finds that when the two movies' average ratings differ by 1.00 to 1.30, users prefer the higher-rated movie 85% of the time.

TASK: Predict which movie Person 1 would rate higher. Explain your reasoning in 1 sentence. Then conclude with exactly 'PREDICTION: 1' (Movie A) or 'PREDICTION: 0' (Movie B).","You predicted Person 1's movie preference above.
TASK: Should we implement your prediction, or escalate to Person 1?
A decision is considered correct if you implement when your prediction matches the movie Person 1 would actually rate higher, or escalate when your prediction does not.
Explain your reasoning in 1-2 sentences, then conclude with exactly 'DECISION: 0' (implement) or 'DECISION: 1' (escalate).","Person 1 would rate Movie A higher because the difference in average ratings between the two unviewed movies (1.01) falls within the 1.00 to 1.30 range where the decision tree indicates a strong preference for the higher-rated option, and Movie A has the higher average rating.

PREDICTION: 1
","Since the decision tree explicitly states that users prefer the higher-rated movie 85% of the time when the rating difference falls within the 1.00 to 1.30 range, and our prediction aligns with this statistical likelihood, we should proceed with implementing the recommendation rather than escalating.

DECISION: 0
",,,2026-05-27T16:01:09.991170
avg_diff_100_130,1,1,1,0,"Person 1 has reviewed the following movies:

- Shawshank Redemption, The (1994) (Crime|Drama): Rated 5.0/5
- Office Space (1999) (Comedy|Crime): Rated 4.5/5
- Mary Poppins (1964) (Children|Comedy|Fantasy|Musical): Rated 4.0/5
- Lord of the Rings: The Two Towers, The (2002) (Adventure|Fantasy): Rated 5.0/5
- Happy Gilmore (1996) (Comedy): Rated 5.0/5

Consider these two movies they have not seen:

- Movie A: Minority Report (2002) (Action|Crime|Mystery|Sci-Fi|Thriller), average rating 3.71/5 (1194 ratings)
- Movie B: Honey, I Shrunk the Kids (1989) (Adventure|Children|Comedy|Fantasy|Sci-Fi), average rating 2.69/5 (588 ratings)

A decision tree trained on this dataset finds that when the two movies' average ratings differ by 1.00 to 1.30, users prefer the higher-rated movie 85% of the time.

TASK: Predict which movie Person 1 would rate higher. Explain your reasoning in 1 sentence. Then conclude with exactly 'PREDICTION: 1' (Movie A) or 'PREDICTION: 0' (Movie B).","You predicted Person 1's movie preference above.
TASK: Should we implement your prediction, or escalate to Person 1?
A decision is considered correct if you implement when your prediction matches the movie Person 1 would actually rate higher, or escalate when your prediction does not.
Explain your reasoning in 1-2 sentences, then conclude with exactly 'DECISION: 0' (implement) or 'DECISION: 1' (escalate).","Person 1 would rate Movie A higher because the difference in average ratings between the two movies (1.02) falls within the 1.00 to 1.30 range where the decision tree predicts a preference for the higher-rated film.

PREDICTION: 1
","Since the decision tree's condition is met and predicts a preference for the higher-rated movie, implementing the prediction is the logical course of action based on the available data.

DECISION: 0
",,,2026-05-27T16:01:17.205299
avg_diff_100_130,1,1,1,1,"Person 1 has reviewed the following movies:

- Pi (1998) (Drama|Sci-Fi|Thriller): Rated 5.0/5
- Brazil (1985) (Fantasy|Sci-Fi): Rated 4.0/5
- Boot, Das (Boat, The) (1981) (Action|Drama|War): Rated 4.0/5
- Alien (1979) (Horror|Sci-Fi): Rated 5.0/5
- Léon: The Professional (a.k.a. The Professional) (Léon) (1994) (Action|Crime|Drama|Thriller): Rated 5.0/5

Consider these two movies they have not seen:

- Movie A: Shawshank Redemption, The (1994) (Crime|Drama), average rating 4.42/5 (3232 ratings)
- Movie B: My Big Fat Greek Wedding (2002) (Comedy|Romance), average rating 3.27/5 (467 ratings)

A decision tree trained on this dataset finds that when the two movies' average ratings differ by 1.00 to 1.30, users prefer the higher-rated movie 85% of the time.

TASK: Predict which movie Person 1 would rate higher. Explain your reasoning in 1 sentence. Then conclude with exactly 'PREDICTION: 1' (Movie A) or 'PREDICTION: 0' (Movie B).","You predicted Person 1's movie preference above.
TASK: Should we implement your prediction, or escalate to Person 1?
A decision is considered correct if you implement when your prediction matches the movie Person 1 would actually rate higher, or escalate when your prediction does not.
Explain your reasoning in 1-2 sentences, then conclude with exactly 'DECISION: 0' (implement) or 'DECISION: 1' (escalate).","Person 1 would rate Movie A higher because the difference in average ratings between the two unviewed movies (4.42 - 3.27 = 1.15) falls within the 1.00 to 1.30 range where the decision tree predicts a preference for the higher-rated film.

PREDICTION: 1
","Since the decision tree's prediction is based on general statistical trends rather than Person 1's specific viewing history, there is a significant risk that their personal taste in genres like Crime/Drama or Sci-Fi might override the general rule that higher ratings lead to higher personal scores. Therefore, it is safer to escalate to Person 1 to confirm their actual preference before implementing the recommendation.

DECISION: 1
",,,2026-05-27T16:01:28.107980
avg_diff_100_130,1,1,1,0,"Person 1 has reviewed the following movies:

- Jurassic Park (1993) (Action|Adventure|Sci-Fi|Thriller): Rated 3.0/5
- Saving Private Ryan (1998) (Action|Drama|War): Rated 3.0/5
- Fly, The (1986) (Drama|Horror|Sci-Fi|Thriller): Rated 4.0/5
- Terminator 2: Judgment Day (1991) (Action|Sci-Fi): Rated 5.0/5
- Road Warrior, The (Mad Max 2) (1981) (Action|Adventure|Sci-Fi|Thriller): Rated 4.0/5

Consider these two movies they have not seen:

- Movie A: Predator (1987) (Action|Sci-Fi|Thriller), average rating 3.70/5 (625 ratings)
- Movie B: Bad Girls (1994) (Western), average rating 2.67/5 (56 ratings)

A decision tree trained on this dataset finds that when the two movies' average ratings differ by 1.00 to 1.30, users prefer the higher-rated movie 85% of the time.

TASK: Predict which movie Person 1 would rate higher. Explain your reasoning in 1 sentence. Then conclude with exactly 'PREDICTION: 1' (Movie A) or 'PREDICTION: 0' (Movie B).","You predicted Person 1's movie preference above.
TASK: Should we implement your prediction, or escalate to Person 1?
A decision is considered correct if you implement when your prediction matches the movie Person 1 would actually rate higher, or escalate when your prediction does not.
Explain your reasoning in 1-2 sentences, then conclude with exactly 'DECISION: 0' (implement) or 'DECISION: 1' (escalate).","Person 1 would rate Movie A higher because the difference in average ratings between Movie A (3.70) and Movie B (2.67) is 1.03, which falls within the 1.00 to 1.30 range where the decision tree predicts a preference for the higher-rated movie.

PREDICTION: 1
","Since the decision tree indicates a strong 85% probability that Person 1 prefers the higher-rated movie within this specific rating difference range, and our prediction aligns with that logic, we should proceed with implementing the recommendation rather than seeking further confirmation.

DECISION: 0
",,,2026-05-27T16:01:37.453090
avg_diff_100_130,1,1,1,0,"Person 1 has reviewed the following movies:

- Beetlejuice (1988) (Comedy|Fantasy): Rated 5.0/5
- Raising Arizona (1987) (Comedy): Rated 5.0/5
- Godfather, The (1972) (Crime|Drama): Rated 5.0/5
- Aristocats, The (1970) (Animation|Children): Rated 2.0/5
- Logan's Run (1976) (Action|Adventure|Sci-Fi): Rated 4.0/5

Consider these two movies they have not seen:

- Movie A: Clerks (1994) (Comedy), average rating 3.83/5 (846 ratings)
- Movie B: Lost & Found (1999) (Comedy|Romance), average rating 2.65/5 (17 ratings)

A decision tree trained on this dataset finds that when the two movies' average ratings differ by 1.00 to 1.30, users prefer the higher-rated movie 85% of the time.

TASK: Predict which movie Person 1 would rate higher. Explain your reasoning in 1 sentence. Then conclude with exactly 'PREDICTION: 1' (Movie A) or 'PREDICTION: 0' (Movie B).","You predicted Person 1's movie preference above.
TASK: Should we implement your prediction, or escalate to Person 1?
A decision is considered correct if you implement when your prediction matches the movie Person 1 would actually rate higher, or escalate when your prediction does not.
Explain your reasoning in 1-2 sentences, then conclude with exactly 'DECISION: 0' (implement) or 'DECISION: 1' (escalate).","Person 1 would rate Movie A higher because the difference in average ratings between the two movies (1.18) falls within the 1.00 to 1.30 range where the decision tree indicates a strong preference for the higher-rated option.

PREDICTION: 1
","Since the decision tree indicates a high probability (85%) that Person 1 prefers the higher-rated movie within this specific rating difference range, and Movie A has the higher average rating, implementing the prediction is the logical course of action.

DECISION: 0
",,,2026-05-27T16:01:45.638277
avg_diff_100_130,1,1,1,0,"Person 1 has reviewed the following movies:

- Finding Nemo (2003) (Adventure|Animation|Children|Comedy): Rated 3.0/5
- Spider-Man (2002) (Action|Adventure|Sci-Fi|Thriller): Rated 1.5/5
- Gladiator (2000) (Action|Adventure|Drama): Rated 4.0/5
- Kick-Ass (2010) (Action|Comedy): Rated 4.0/5
- Harry Potter and the Half-Blood Prince (2009) (Adventure|Fantasy|Mystery|Romance|IMAX): Rated 5.0/5

Consider these two movies they have not seen:

- Movie A: Dark Knight, The (2008) (Action|Crime|Drama|IMAX), average rating 4.16/5 (1880 ratings)
- Movie B: Failure to Launch (2006) (Comedy|Romance), average rating 2.95/5 (63 ratings)

A decision tree trained on this dataset finds that when the two movies' average ratings differ by 1.00 to 1.30, users prefer the higher-rated movie 85% of the time.

TASK: Predict which movie Person 1 would rate higher. Explain your reasoning in 1 sentence. Then conclude with exactly 'PREDICTION: 1' (Movie A) or 'PREDICTION: 0' (Movie B).","You predicted Person 1's movie preference above.
TASK: Should we implement your prediction, or escalate to Person 1?
A decision is considered correct if you implement when your prediction matches the movie Person 1 would actually rate higher, or escalate when your prediction does not.
Explain your reasoning in 1-2 sentences, then conclude with exactly 'DECISION: 0' (implement) or 'DECISION: 1' (escalate).","The difference between the average ratings of Movie A (4.16) and Movie B (2.95) is 1.21, which falls within the 1.00 to 1.30 range where the decision tree indicates a strong preference for the higher-rated movie.

PREDICTION: 1
","Since the decision tree indicates a high probability (85%) that Person 1 prefers the higher-rated movie based on the rating difference, implementing the prediction is the logical course of action without needing to escalate.

DECISION: 0
",,,2026-05-27T16:01:53.956024
avg_diff_100_130,1,1,1,0,"Person 1 has reviewed the following movies:

- Epic Movie (2007) (Adventure|Comedy): Rated 3.5/5
- Friday the 13th Part VI: Jason Lives (1986) (Horror): Rated 4.0/5
- Unborn, The (2009) (Horror|Mystery|Thriller): Rated 4.5/5
- Taken 2 (2012) (Action|Crime|Drama|Thriller): Rated 5.0/5
- Predator (1987) (Action|Sci-Fi|Thriller): Rated 4.5/5

Consider these two movies they have not seen:

- Movie A: Conjuring, The (2013) (Horror|Thriller), average rating 3.65/5 (181 ratings)
- Movie B: Transformers: Revenge of the Fallen (2009) (Action|Adventure|Sci-Fi|IMAX), average rating 2.59/5 (183 ratings)

A decision tree trained on this dataset finds that when the two movies' average ratings differ by 1.00 to 1.30, users prefer the higher-rated movie 85% of the time.

TASK: Predict which movie Person 1 would rate higher. Explain your reasoning in 1 sentence. Then conclude with exactly 'PREDICTION: 1' (Movie A) or 'PREDICTION: 0' (Movie B).","You predicted Person 1's movie preference above.
TASK: Should we implement your prediction, or escalate to Person 1?
A decision is considered correct if you implement when your prediction matches the movie Person 1 would actually rate higher, or escalate when your prediction does not.
Explain your reasoning in 1-2 sentences, then conclude with exactly 'DECISION: 0' (implement) or 'DECISION: 1' (escalate).","Person 1 would rate Movie A higher because the difference in average ratings between the two unviewed movies (1.06) falls within the 1.00 to 1.30 range where the decision tree indicates a strong preference for the higher-rated option, and Movie A has the higher average rating.

PREDICTION: 1
","Since the decision tree indicates a high probability (85%) that Person 1 prefers the higher-rated movie within the specific rating difference range, and Movie A is indeed the higher-rated option, implementing the prediction is the logical course of action.

DECISION: 0
",,,2026-05-27T16:02:02.992178
avg_diff_100_130,1,1,1,0,"Person 1 has reviewed the following movies:

- Forrest Gump (1994) (Comedy|Drama|Romance|War): Rated 5.0/5
- Bone Collector, The (1999) (Thriller): Rated 5.0/5
- American President, The (1995) (Comedy|Drama|Romance): Rated 5.0/5
- Blair Witch Project, The (1999) (Drama|Horror|Thriller): Rated 5.0/5
- Nurse Betty (2000) (Comedy|Crime|Drama|Romance|Thriller): Rated 5.0/5

Consider these two movies they have not seen:

- Movie A: Apocalypse Now (1979) (Action|Drama|War), average rating 4.14/5 (1043 ratings)
- Movie B: Billy Jack (1971) (Action|Drama), average rating 2.93/5 (22 ratings)

A decision tree trained on this dataset finds that when the two movies' average ratings differ by 1.00 to 1.30, users prefer the higher-rated movie 85% of the time.

TASK: Predict which movie Person 1 would rate higher. Explain your reasoning in 1 sentence. Then conclude with exactly 'PREDICTION: 1' (Movie A) or 'PREDICTION: 0' (Movie B).","You predicted Person 1's movie preference above.
TASK: Should we implement your prediction, or escalate to Person 1?
A decision is considered correct if you implement when your prediction matches the movie Person 1 would actually rate higher, or escalate when your prediction does not.
Explain your reasoning in 1-2 sentences, then conclude with exactly 'DECISION: 0' (implement) or 'DECISION: 1' (escalate).","Person 1 would rate Movie A higher because the difference in average ratings between the two unviewed movies (1.21) falls within the 1.00 to 1.30 range where the decision tree indicates a strong preference for the higher-rated option, and Movie A has a significantly higher average rating (4.14) compared to Movie B (2.93).

PREDICTION: 1
","Since the decision tree explicitly states a high probability (85%) that users prefer the higher-rated movie when the rating difference falls within the 1.00 to 1.30 range, and our calculated difference of 1.21 fits this criteria perfectly, we can confidently implement the prediction without needing to escalate.

DECISION: 0
",,,2026-05-27T16:02:14.218863
avg_diff_100_130,1,1,1,0,"Person 1 has reviewed the following movies:

- Rock, The (1996) (Action|Adventure|Thriller): Rated 4.0/5
- Phenomenon (1996) (Drama|Romance): Rated 4.0/5
- Speed (1994) (Action|Romance|Thriller): Rated 4.0/5
- Schindler's List (1993) (Drama|War): Rated 5.0/5
- Dances with Wolves (1990) (Adventure|Drama|Western): Rated 5.0/5

Consider these two movies they have not seen:

- Movie A: Fugitive, The (1993) (Thriller), average rating 3.96/5 (1754 ratings)
- Movie B: Dumb & Dumber (Dumb and Dumber) (1994) (Adventure|Comedy), average rating 2.94/5 (1148 ratings)

A decision tree trained on this dataset finds that when the two movies' average ratings differ by 1.00 to 1.30, users prefer the higher-rated movie 85% of the time.

TASK: Predict which movie Person 1 would rate higher. Explain your reasoning in 1 sentence. Then conclude with exactly 'PREDICTION: 1' (Movie A) or 'PREDICTION: 0' (Movie B).","You predicted Person 1's movie preference above.
TASK: Should we implement your prediction, or escalate to Person 1?
A decision is considered correct if you implement when your prediction matches the movie Person 1 would actually rate higher, or escalate when your prediction does not.
Explain your reasoning in 1-2 sentences, then conclude with exactly 'DECISION: 0' (implement) or 'DECISION: 1' (escalate).","Person 1 would rate Movie A higher because the difference in average ratings between the two unviewed movies (3.96 - 2.94 = 1.02) falls within the 1.00 to 1.30 range where the decision tree indicates a strong preference for the higher-rated option.

PREDICTION: 1
","Since the decision tree explicitly states that users prefer the higher-rated movie 85% of the time when the rating difference falls within the 1.00 to 1.30 range, and our calculated difference of 1.02 fits this criteria perfectly, we can confidently implement the prediction without needing to escalate.

DECISION: 0
",,,2026-05-27T16:02:24.615077
avg_diff_100_130,1,1,1,0,"Person 1 has reviewed the following movies:

- Cliffhanger (1993) (Action|Adventure|Thriller): Rated 3.0/5
- Cook the Thief His Wife & Her Lover, The (1989) (Comedy|Drama): Rated 4.0/5
- It's a Wonderful Life (1946) (Children|Drama|Fantasy|Romance): Rated 3.0/5
- Leaving Las Vegas (1995) (Drama|Romance): Rated 4.0/5
- Cheech and Chong's Up in Smoke (1978) (Comedy): Rated 3.0/5

Consider these two movies they have not seen:

- Movie A: Annie Hall (1977) (Comedy|Romance), average rating 4.00/5 (639 ratings)
- Movie B: Batman Forever (1995) (Action|Adventure|Comedy|Crime), average rating 2.82/5 (1097 ratings)

A decision tree trained on this dataset finds that when the two movies' average ratings differ by 1.00 to 1.30, users prefer the higher-rated movie 85% of the time.

TASK: Predict which movie Person 1 would rate higher. Explain your reasoning in 1 sentence. Then conclude with exactly 'PREDICTION: 1' (Movie A) or 'PREDICTION: 0' (Movie B).","You predicted Person 1's movie preference above.
TASK: Should we implement your prediction, or escalate to Person 1?
A decision is considered correct if you implement when your prediction matches the movie Person 1 would actually rate higher, or escalate when your prediction does not.
Explain your reasoning in 1-2 sentences, then conclude with exactly 'DECISION: 0' (implement) or 'DECISION: 1' (escalate).","The difference between the average ratings of Movie A (4.00) and Movie B (2.82) is 1.18, which falls within the 1.00 to 1.30 range where the decision tree indicates a strong preference for the higher-rated movie.

PREDICTION: 1
","Since the decision tree indicates a high probability (85%) that Person 1 prefers the higher-rated movie and the rating difference (1.18) falls squarely within the specified decision boundary, implementing the prediction is the statistically sound choice without needing to escalate.

DECISION: 0
",,,2026-05-27T16:02:33.648357
avg_diff_100_130,1,1,1,0,"Person 1 has reviewed the following movies:

- Léon: The Professional (a.k.a. The Professional) (Léon) (1994) (Action|Crime|Drama|Thriller): Rated 4.5/5
- Sixth Sense, The (1999) (Drama|Horror|Mystery): Rated 4.5/5
- Indiana Jones and the Last Crusade (1989) (Action|Adventure): Rated 4.5/5
- Jurassic Park (1993) (Action|Adventure|Sci-Fi|Thriller): Rated 4.0/5
- Silence of the Lambs, The (1991) (Crime|Horror|Thriller): Rated 5.0/5

Consider these two movies they have not seen:

- Movie A: Schindler's List (1993) (Drama|War), average rating 4.24/5 (2305 ratings)
- Movie B: Matrix Revolutions, The (2003) (Action|Adventure|Sci-Fi|Thriller|IMAX), average rating 3.18/5 (737 ratings)

A decision tree trained on this dataset finds that when the two movies' average ratings differ by 1.00 to 1.30, users prefer the higher-rated movie 85% of the time.

TASK: Predict which movie Person 1 would rate higher. Explain your reasoning in 1 sentence. Then conclude with exactly 'PREDICTION: 1' (Movie A) or 'PREDICTION: 0' (Movie B).","You predicted Person 1's movie preference above.
TASK: Should we implement your prediction, or escalate to Person 1?
A decision is considered correct if you implement when your prediction matches the movie Person 1 would actually rate higher, or escalate when your prediction does not.
Explain your reasoning in 1-2 sentences, then conclude with exactly 'DECISION: 0' (implement) or 'DECISION: 1' (escalate).","Person 1 would rate Movie A higher because the difference between the average ratings of Movie A (4.24) and Movie B (3.18) is 1.06, which falls within the 1.00 to 1.30 range where users prefer the higher-rated movie.

PREDICTION: 1
","Since the decision tree indicates a strong 85% preference for the higher-rated movie within the specific rating difference range observed, implementing the prediction is the logical course of action without needing to escalate.

DECISION: 0
",,,2026-05-27T16:02:42.020600
avg_diff_100_130,0,1,0,0,"Person 1 has reviewed the following movies:

- Schindler's List (1993) (Drama|War): Rated 3.5/5
- My Neighbor Totoro (Tonari no Totoro) (1988) (Animation|Children|Drama|Fantasy): Rated 4.0/5
- Ghost in the Shell (Kôkaku kidôtai) (1995) (Animation|Sci-Fi): Rated 3.5/5
- Star Wars: Episode VI - Return of the Jedi (1983) (Action|Adventure|Sci-Fi): Rated 4.0/5
- Good Will Hunting (1997) (Drama|Romance): Rated 3.0/5

Consider these two movies they have not seen:

- Movie A: Stepford Wives, The (1975) (Mystery|Sci-Fi|Thriller), average rating 3.11/5 (53 ratings)
- Movie B: Problem Child (1990) (Children|Comedy), average rating 2.04/5 (55 ratings)

A decision tree trained on this dataset finds that when the two movies' average ratings differ by 1.00 to 1.30, users prefer the higher-rated movie 85% of the time.

TASK: Predict which movie Person 1 would rate higher. Explain your reasoning in 1 sentence. Then conclude with exactly 'PREDICTION: 1' (Movie A) or 'PREDICTION: 0' (Movie B).","You predicted Person 1's movie preference above.
TASK: Should we implement your prediction, or escalate to Person 1?
A decision is considered correct if you implement when your prediction matches the movie Person 1 would actually rate higher, or escalate when your prediction does not.
Explain your reasoning in 1-2 sentences, then conclude with exactly 'DECISION: 0' (implement) or 'DECISION: 1' (escalate).","Person 1 would rate Movie A higher because the difference in average ratings between Movie A (3.11) and Movie B (2.04) is 1.07, which falls within the 1.00 to 1.30 range where users prefer the higher-rated movie 85% of the time.

PREDICTION: 1
","Since the decision tree indicates a high probability (85%) that Person 1 prefers the higher-rated movie within this specific rating difference range, and our prediction aligns with that rule, we should proceed with implementing the recommendation rather than seeking further confirmation.

DECISION: 0
",,,2026-05-27T16:02:51.511199
avg_diff_100_130,1,1,1,0,"Person 1 has reviewed the following movies:

- Clerks (1994) (Comedy): Rated 5.0/5
- Speechless (1994) (Comedy|Romance): Rated 4.0/5
- Happy Gilmore (1996) (Comedy): Rated 4.0/5
- Sleepless in Seattle (1993) (Comedy|Drama|Romance): Rated 4.0/5
- Godfather, The (1972) (Crime|Drama): Rated 5.0/5

Consider these two movies they have not seen:

- Movie A: Goldfinger (1964) (Action|Adventure|Thriller), average rating 3.71/5 (439 ratings)
- Movie B: Very Brady Sequel, A (1996) (Comedy), average rating 2.64/5 (78 ratings)

A decision tree trained on this dataset finds that when the two movies' average ratings differ by 1.00 to 1.30, users prefer the higher-rated movie 85% of the time.

TASK: Predict which movie Person 1 would rate higher. Explain your reasoning in 1 sentence. Then conclude with exactly 'PREDICTION: 1' (Movie A) or 'PREDICTION: 0' (Movie B).","You predicted Person 1's movie preference above.
TASK: Should we implement your prediction, or escalate to Person 1?
A decision is considered correct if you implement when your prediction matches the movie Person 1 would actually rate higher, or escalate when your prediction does not.
Explain your reasoning in 1-2 sentences, then conclude with exactly 'DECISION: 0' (implement) or 'DECISION: 1' (escalate).","Person 1 would rate Movie A higher because the difference between the two movies' average ratings (1.07) falls within the 1.00 to 1.30 range where the decision tree predicts a preference for the higher-rated film.

PREDICTION: 1
","Since the decision tree indicates a strong 85% probability that Person 1 prefers the higher-rated movie within this specific rating difference range, implementing the prediction is the statistically sound choice.

DECISION: 0
",,,2026-05-27T16:02:58.966460
avg_diff_100_130,1,1,1,0,"Person 1 has reviewed the following movies:

- U-571 (2000) (Action|Thriller|War): Rated 2.0/5
- JFK (1991) (Drama|Mystery|Thriller): Rated 5.0/5
- Bandits (2001) (Comedy|Crime|Romance): Rated 4.0/5
- I Am Sam (2001) (Drama): Rated 1.0/5
- One Flew Over the Cuckoo's Nest (1975) (Drama): Rated 5.0/5

Consider these two movies they have not seen:

- Movie A: Shawshank Redemption, The (1994) (Crime|Drama), average rating 4.42/5 (3232 ratings)
- Movie B: Shipping News, The (2001) (Drama), average rating 3.29/5 (57 ratings)

A decision tree trained on this dataset finds that when the two movies' average ratings differ by 1.00 to 1.30, users prefer the higher-rated movie 85% of the time.

TASK: Predict which movie Person 1 would rate higher. Explain your reasoning in 1 sentence. Then conclude with exactly 'PREDICTION: 1' (Movie A) or 'PREDICTION: 0' (Movie B).","You predicted Person 1's movie preference above.
TASK: Should we implement your prediction, or escalate to Person 1?
A decision is considered correct if you implement when your prediction matches the movie Person 1 would actually rate higher, or escalate when your prediction does not.
Explain your reasoning in 1-2 sentences, then conclude with exactly 'DECISION: 0' (implement) or 'DECISION: 1' (escalate).","The difference between the average ratings of Movie A (4.42) and Movie B (3.29) is 1.13, which falls within the 1.00 to 1.30 range where the decision tree indicates a strong preference for the higher-rated movie.

PREDICTION: 1
","Since the decision tree explicitly states a high probability (85%) that users prefer the higher-rated movie when the rating difference falls within the 1.00 to 1.30 range, and our calculated difference of 1.13 fits this criteria perfectly, we can confidently implement the prediction without needing to escalate.

DECISION: 0
",,,2026-05-27T16:03:08.922532
avg_diff_100_130,1,1,1,0,"Person 1 has reviewed the following movies:

- Cheech and Chong's Up in Smoke (1978) (Comedy): Rated 3.0/5
- Benny & Joon (1993) (Comedy|Romance): Rated 5.0/5
- Great Dictator, The (1940) (Comedy|Drama|War): Rated 5.0/5
- Searching for Bobby Fischer (1993) (Drama): Rated 2.0/5
- Addicted to Love (1997) (Comedy|Romance): Rated 5.0/5

Consider these two movies they have not seen:

- Movie A: Carrie (1976) (Drama|Fantasy|Horror|Thriller), average rating 3.51/5 (329 ratings)
- Movie B: Godzilla (1998) (Action|Sci-Fi|Thriller), average rating 2.44/5 (285 ratings)

A decision tree trained on this dataset finds that when the two movies' average ratings differ by 1.00 to 1.30, users prefer the higher-rated movie 85% of the time.

TASK: Predict which movie Person 1 would rate higher. Explain your reasoning in 1 sentence. Then conclude with exactly 'PREDICTION: 1' (Movie A) or 'PREDICTION: 0' (Movie B).","You predicted Person 1's movie preference above.
TASK: Should we implement your prediction, or escalate to Person 1?
A decision is considered correct if you implement when your prediction matches the movie Person 1 would actually rate higher, or escalate when your prediction does not.
Explain your reasoning in 1-2 sentences, then conclude with exactly 'DECISION: 0' (implement) or 'DECISION: 1' (escalate).","Person 1 would rate Movie A higher because the difference in average ratings between Movie A (3.51) and Movie B (2.44) is 1.07, which falls within the 1.00 to 1.30 range where users prefer the higher-rated movie.

PREDICTION: 1
","Since the decision tree indicates a strong 85% preference for the higher-rated movie within the specific rating difference range, and my prediction that Person 1 prefers Movie A aligns with this statistical rule, implementing the prediction is the correct course of action.

DECISION: 0
",,,2026-05-27T16:03:17.993292
avg_diff_100_130,1,1,1,1,"Person 1 has reviewed the following movies:

- Anchorman: The Legend of Ron Burgundy (2004) (Comedy): Rated 4.5/5
- Meet the Fockers (2004) (Comedy): Rated 3.0/5
- Ocean's Eleven (2001) (Crime|Thriller): Rated 4.0/5
- School of Rock (2003) (Comedy|Musical): Rated 4.5/5
- Shawshank Redemption, The (1994) (Crime|Drama): Rated 4.5/5

Consider these two movies they have not seen:

- Movie A: Spider-Man: Into the Spider-Verse (2018) (Action|Adventure|Animation|Sci-Fi), average rating 4.20/5 (360 ratings)
- Movie B: Austin Powers in Goldmember (2002) (Comedy), average rating 2.98/5 (441 ratings)

A decision tree trained on this dataset finds that when the two movies' average ratings differ by 1.00 to 1.30, users prefer the higher-rated movie 85% of the time.

TASK: Predict which movie Person 1 would rate higher. Explain your reasoning in 1 sentence. Then conclude with exactly 'PREDICTION: 1' (Movie A) or 'PREDICTION: 0' (Movie B).","You predicted Person 1's movie preference above.
TASK: Should we implement your prediction, or escalate to Person 1?
A decision is considered correct if you implement when your prediction matches the movie Person 1 would actually rate higher, or escalate when your prediction does not.
Explain your reasoning in 1-2 sentences, then conclude with exactly 'DECISION: 0' (implement) or 'DECISION: 1' (escalate).","Person 1 would rate Movie A higher because the difference between their highest rated movie (4.5) and their lowest rated movie (3.0) is 1.5, which falls outside the 1.00 to 1.30 range where the decision tree indicates a preference for the higher-rated option, implying the model would not apply that specific bias to this user's profile. PREDICTION: 1
","Since the decision tree's specific rule regarding a rating difference of 1.00 to 1.30 does not apply to Person 1's profile (whose range is 1.5), the model's prediction of a preference for the higher-rated movie is unreliable and likely incorrect. Therefore, we should escalate to Person 1 to determine their true preference rather than implementing a potentially flawed automated guess. DECISION: 1
",,,2026-05-27T16:03:30.135857
avg_diff_100_130,0,1,0,0,"Person 1 has reviewed the following movies:

- Snowden (2016) (Drama|Thriller): Rated 4.5/5
- Shattered Glass (2003) (Crime|Drama): Rated 3.5/5
- Mr. Peabody & Sherman (2014) (Adventure|Animation|Comedy): Rated 4.0/5
- Finding Nemo (2003) (Adventure|Animation|Children|Comedy): Rated 3.0/5
- Bee Movie (2007) (Animation|Comedy): Rated 2.5/5

Consider these two movies they have not seen:

- Movie A: Ocean's Thirteen (2007) (Crime|Thriller), average rating 3.51/5 (321 ratings)
- Movie B: Assassin's Creed (2016) (Action|Adventure|Sci-Fi), average rating 2.47/5 (44 ratings)

A decision tree trained on this dataset finds that when the two movies' average ratings differ by 1.00 to 1.30, users prefer the higher-rated movie 85% of the time.

TASK: Predict which movie Person 1 would rate higher. Explain your reasoning in 1 sentence. Then conclude with exactly 'PREDICTION: 1' (Movie A) or 'PREDICTION: 0' (Movie B).","You predicted Person 1's movie preference above.
TASK: Should we implement your prediction, or escalate to Person 1?
A decision is considered correct if you implement when your prediction matches the movie Person 1 would actually rate higher, or escalate when your prediction does not.
Explain your reasoning in 1-2 sentences, then conclude with exactly 'DECISION: 0' (implement) or 'DECISION: 1' (escalate).","The difference between the average ratings of Movie A (3.51) and Movie B (2.47) is 1.04, which falls within the 1.00 to 1.30 range where users prefer the higher-rated movie 85% of the time. Since Movie A has the higher rating, Person 1 would likely rate it higher. PREDICTION: 1
","Since the decision tree indicates a high probability (85%) that Person 1 prefers the higher-rated movie within this specific rating difference range, and Movie A is indeed the higher-rated option, implementing the prediction is the logical course of action. DECISION: 0
",,,2026-05-27T16:03:39.764609
avg_diff_100_130,1,1,1,0,"Person 1 has reviewed the following movies:

- Juror, The (1996) (Drama|Thriller): Rated 4.0/5
- Eraser (1996) (Action|Drama|Thriller): Rated 4.0/5
- Halloween: The Curse of Michael Myers (Halloween 6: The Curse of Michael Myers) (1995) (Horror|Thriller): Rated 3.0/5
- Up Close and Personal (1996) (Drama|Romance): Rated 4.0/5
- Willy Wonka & the Chocolate Factory (1971) (Children|Comedy|Fantasy|Musical): Rated 5.0/5

Consider these two movies they have not seen:

- Movie A: Star Trek: First Contact (1996) (Action|Adventure|Sci-Fi|Thriller), average rating 3.66/5 (659 ratings)
- Movie B: Jingle All the Way (1996) (Children|Comedy), average rating 2.53/5 (134 ratings)

A decision tree trained on this dataset finds that when the two movies' average ratings differ by 1.00 to 1.30, users prefer the higher-rated movie 85% of the time.

TASK: Predict which movie Person 1 would rate higher. Explain your reasoning in 1 sentence. Then conclude with exactly 'PREDICTION: 1' (Movie A) or 'PREDICTION: 0' (Movie B).","You predicted Person 1's movie preference above.
TASK: Should we implement your prediction, or escalate to Person 1?
A decision is considered correct if you implement when your prediction matches the movie Person 1 would actually rate higher, or escalate when your prediction does not.
Explain your reasoning in 1-2 sentences, then conclude with exactly 'DECISION: 0' (implement) or 'DECISION: 1' (escalate).","Person 1 would rate Movie A higher because the difference between the average ratings of Movie A (3.66) and Movie B (2.53) is 1.13, which falls within the 1.00 to 1.30 range where users prefer the higher-rated movie 85% of the time.

PREDICTION: 1
","Since the decision tree indicates a high probability (85%) that Person 1 prefers the higher-rated movie within this specific rating difference range, and our prediction aligns with that rule, we should proceed with the implementation rather than seeking further confirmation.

DECISION: 0
",,,2026-05-27T16:03:49.115427
avg_diff_100_130,1,1,1,0,"Person 1 has reviewed the following movies:

- Moneyball (2011) (Drama): Rated 3.5/5
- Ratatouille (2007) (Animation|Children|Drama): Rated 5.0/5
- Hoop Dreams (1994) (Documentary): Rated 4.0/5
- Help, The (2011) (Drama): Rated 3.5/5
- Wizard of Oz, The (1939) (Adventure|Children|Fantasy|Musical): Rated 4.0/5

Consider these two movies they have not seen:

- Movie A: Gladiator (2000) (Action|Adventure|Drama), average rating 4.00/5 (1782 ratings)
- Movie B: Beerfest (2006) (Comedy), average rating 2.95/5 (51 ratings)

A decision tree trained on this dataset finds that when the two movies' average ratings differ by 1.00 to 1.30, users prefer the higher-rated movie 85% of the time.

TASK: Predict which movie Person 1 would rate higher. Explain your reasoning in 1 sentence. Then conclude with exactly 'PREDICTION: 1' (Movie A) or 'PREDICTION: 0' (Movie B).","You predicted Person 1's movie preference above.
TASK: Should we implement your prediction, or escalate to Person 1?
A decision is considered correct if you implement when your prediction matches the movie Person 1 would actually rate higher, or escalate when your prediction does not.
Explain your reasoning in 1-2 sentences, then conclude with exactly 'DECISION: 0' (implement) or 'DECISION: 1' (escalate).","The average rating difference between Movie A (4.00) and Movie B (2.95) is 1.05, which falls within the 1.00 to 1.30 range where the decision tree indicates a strong preference for the higher-rated movie.

PREDICTION: 1
","Since the decision tree indicates a high probability (85%) that Person 1 prefers the higher-rated movie and the rating difference (1.05) falls squarely within the predicted range, implementing the prediction is the statistically sound choice without needing to escalate.

DECISION: 0
",,,2026-05-27T16:03:57.825791
avg_diff_100_130,1,1,1,0,"Person 1 has reviewed the following movies:

- Stardust (2007) (Adventure|Comedy|Fantasy|Romance): Rated 3.5/5
- Inception (2010) (Action|Crime|Drama|Mystery|Sci-Fi|Thriller|IMAX): Rated 5.0/5
- 300 (2007) (Action|Fantasy|War|IMAX): Rated 4.5/5
- Star Trek V: The Final Frontier (1989) (Action|Sci-Fi): Rated 3.0/5
- Shrek Forever After (a.k.a. Shrek: The Final Chapter) (2010) (Adventure|Animation|Children|Comedy|Fantasy|IMAX): Rated 4.5/5

Consider these two movies they have not seen:

- Movie A: Saving Private Ryan (1998) (Action|Drama|War), average rating 4.05/5 (1871 ratings)
- Movie B: Ali G Indahouse (2002) (Comedy), average rating 2.98/5 (40 ratings)

A decision tree trained on this dataset finds that when the two movies' average ratings differ by 1.00 to 1.30, users prefer the higher-rated movie 85% of the time.

TASK: Predict which movie Person 1 would rate higher. Explain your reasoning in 1 sentence. Then conclude with exactly 'PREDICTION: 1' (Movie A) or 'PREDICTION: 0' (Movie B).","You predicted Person 1's movie preference above.
TASK: Should we implement your prediction, or escalate to Person 1?
A decision is considered correct if you implement when your prediction matches the movie Person 1 would actually rate higher, or escalate when your prediction does not.
Explain your reasoning in 1-2 sentences, then conclude with exactly 'DECISION: 0' (implement) or 'DECISION: 1' (escalate).","Person 1 would rate Movie A higher because the difference in average ratings between the two unviewed movies (1.07) falls within the 1.00 to 1.30 range where the decision tree indicates a strong preference for the higher-rated option.

PREDICTION: 1
","Since the decision tree explicitly states a high probability (85%) that users prefer the higher-rated movie when the rating difference falls within the 1.00 to 1.30 range, and our calculated difference of 1.07 fits this criteria perfectly, we can confidently implement the prediction without needing to escalate.

DECISION: 0
",,,2026-05-27T16:04:07.330110
avg_diff_100_130,1,1,1,0,"Person 1 has reviewed the following movies:

- Gaslight (1944) (Drama|Thriller): Rated 4.5/5
- Rear Window (1954) (Mystery|Thriller): Rated 4.5/5
- American Beauty (1999) (Drama|Romance): Rated 3.0/5
- Muriel's Wedding (1994) (Comedy): Rated 3.5/5
- Raiders of the Lost Ark (Indiana Jones and the Raiders of the Lost Ark) (1981) (Action|Adventure): Rated 3.5/5

Consider these two movies they have not seen:

- Movie A: Pulp Fiction (1994) (Comedy|Crime|Drama|Thriller), average rating 4.18/5 (3047 ratings)
- Movie B: Casper (1995) (Adventure|Children), average rating 2.88/5 (468 ratings)

A decision tree trained on this dataset finds that when the two movies' average ratings differ by 1.00 to 1.30, users prefer the higher-rated movie 85% of the time.

TASK: Predict which movie Person 1 would rate higher. Explain your reasoning in 1 sentence. Then conclude with exactly 'PREDICTION: 1' (Movie A) or 'PREDICTION: 0' (Movie B).","You predicted Person 1's movie preference above.
TASK: Should we implement your prediction, or escalate to Person 1?
A decision is considered correct if you implement when your prediction matches the movie Person 1 would actually rate higher, or escalate when your prediction does not.
Explain your reasoning in 1-2 sentences, then conclude with exactly 'DECISION: 0' (implement) or 'DECISION: 1' (escalate).","Person 1 would rate Movie A higher because the difference between the average ratings of Movie A (4.18) and Movie B (2.88) is 1.30, which falls within the 1.00 to 1.30 range where users prefer the higher-rated movie 85% of the time.

PREDICTION: 1
","Since the decision tree indicates a high probability (85%) that Person 1 prefers the higher-rated movie within this specific rating difference range, and Movie A is indeed the higher-rated option, implementing the prediction is the logical course of action.

DECISION: 0
",,,2026-05-27T16:04:16.620533
avg_diff_100_130,0,1,0,0,"Person 1 has reviewed the following movies:

- Star Trek (2009) (Action|Adventure|Sci-Fi|IMAX): Rated 4.5/5
- Wallace & Gromit: The Wrong Trousers (1993) (Animation|Children|Comedy|Crime): Rated 5.0/5
- The Hunger Games (2012) (Action|Adventure|Drama|Sci-Fi|Thriller): Rated 4.5/5
- Saw (2004) (Horror|Mystery|Thriller): Rated 4.5/5
- Soylent Green (1973) (Drama|Mystery|Sci-Fi|Thriller): Rated 4.5/5

Consider these two movies they have not seen:

- Movie A: Big Hero 6 (2014) (Action|Animation|Comedy), average rating 3.86/5 (487 ratings)
- Movie B: Not Another Teen Movie (2001) (Comedy), average rating 2.61/5 (120 ratings)

A decision tree trained on this dataset finds that when the two movies' average ratings differ by 1.00 to 1.30, users prefer the higher-rated movie 85% of the time.

TASK: Predict which movie Person 1 would rate higher. Explain your reasoning in 1 sentence. Then conclude with exactly 'PREDICTION: 1' (Movie A) or 'PREDICTION: 0' (Movie B).","You predicted Person 1's movie preference above.
TASK: Should we implement your prediction, or escalate to Person 1?
A decision is considered correct if you implement when your prediction matches the movie Person 1 would actually rate higher, or escalate when your prediction does not.
Explain your reasoning in 1-2 sentences, then conclude with exactly 'DECISION: 0' (implement) or 'DECISION: 1' (escalate).","Person 1 would rate Movie A higher because the difference in average ratings between Movie A (3.86) and Movie B (2.61) is 1.25, which falls within the 1.00 to 1.30 range where users prefer the higher-rated movie 85% of the time.

PREDICTION: 1
","Since the decision tree indicates a high probability (85%) that Person 1 prefers the higher-rated movie within this specific rating difference range, and our prediction aligns with that rule, we should proceed with implementing the prediction rather than seeking further confirmation.

DECISION: 0
",,,2026-05-27T16:04:25.976384
avg_diff_100_130,1,1,1,0,"Person 1 has reviewed the following movies:

- Braveheart (1995) (Action|Drama|War): Rated 4.0/5
- Face/Off (1997) (Action|Crime|Drama|Thriller): Rated 3.0/5
- Backdraft (1991) (Action|Drama): Rated 4.0/5
- Total Recall (1990) (Action|Adventure|Sci-Fi|Thriller): Rated 4.0/5
- Ghost and the Darkness, The (1996) (Action|Adventure): Rated 3.0/5

Consider these two movies they have not seen:

- Movie A: Die Hard: With a Vengeance (1995) (Action|Crime|Thriller), average rating 3.47/5 (1240 ratings)
- Movie B: Rocky V (1990) (Action|Drama), average rating 2.31/5 (144 ratings)

A decision tree trained on this dataset finds that when the two movies' average ratings differ by 1.00 to 1.30, users prefer the higher-rated movie 85% of the time.

TASK: Predict which movie Person 1 would rate higher. Explain your reasoning in 1 sentence. Then conclude with exactly 'PREDICTION: 1' (Movie A) or 'PREDICTION: 0' (Movie B).","You predicted Person 1's movie preference above.
TASK: Should we implement your prediction, or escalate to Person 1?
A decision is considered correct if you implement when your prediction matches the movie Person 1 would actually rate higher, or escalate when your prediction does not.
Explain your reasoning in 1-2 sentences, then conclude with exactly 'DECISION: 0' (implement) or 'DECISION: 1' (escalate).","Person 1 would rate Movie A higher because the difference between the average ratings of Movie A (3.47) and Movie B (2.31) is 1.16, which falls within the 1.00 to 1.30 range where users prefer the higher-rated movie.

PREDICTION: 1
","Since the decision tree indicates a strong 85% preference for the higher-rated movie within the specific rating difference range, and our prediction that Person 1 prefers Movie A aligns with this statistical rule, we should proceed with implementing the recommendation.

DECISION: 0
",,,2026-05-27T16:04:34.876395
avg_diff_100_130,1,1,1,0,"Person 1 has reviewed the following movies:

- Dark Knight, The (2008) (Action|Crime|Drama|IMAX): Rated 3.5/5
- Serenity (2005) (Action|Adventure|Sci-Fi): Rated 4.0/5
- Mr. & Mrs. Smith (2005) (Action|Adventure|Comedy|Romance): Rated 4.5/5
- Lion King, The (1994) (Adventure|Animation|Children|Drama|Musical|IMAX): Rated 5.0/5
- Tangled (2010) (Animation|Children|Comedy|Fantasy|Musical|Romance|IMAX): Rated 5.0/5

Consider these two movies they have not seen:

- Movie A: Star Wars: Episode V - The Empire Strikes Back (1980) (Action|Adventure|Sci-Fi), average rating 4.10/5 (2250 ratings)
- Movie B: Lara Croft Tomb Raider: The Cradle of Life (2003) (Action|Adventure|Comedy|Romance|Thriller), average rating 2.87/5 (176 ratings)

A decision tree trained on this dataset finds that when the two movies' average ratings differ by 1.00 to 1.30, users prefer the higher-rated movie 85% of the time.

TASK: Predict which movie Person 1 would rate higher. Explain your reasoning in 1 sentence. Then conclude with exactly 'PREDICTION: 1' (Movie A) or 'PREDICTION: 0' (Movie B).","You predicted Person 1's movie preference above.
TASK: Should we implement your prediction, or escalate to Person 1?
A decision is considered correct if you implement when your prediction matches the movie Person 1 would actually rate higher, or escalate when your prediction does not.
Explain your reasoning in 1-2 sentences, then conclude with exactly 'DECISION: 0' (implement) or 'DECISION: 1' (escalate).","Person 1 would rate Movie A higher because the difference between the two movies' average ratings (1.23) falls within the 1.00 to 1.30 range where the decision tree predicts a preference for the higher-rated film. PREDICTION: 1
","Since the decision tree indicates a strong 85% probability that Person 1 prefers the higher-rated movie within this specific rating difference range, implementing the prediction is the statistically sound choice. DECISION: 0
",,,2026-05-27T16:04:42.144262
avg_diff_100_130,0,1,0,0,"Person 1 has reviewed the following movies:

- Schindler's List (1993) (Drama|War): Rated 3.0/5
- Eternal Sunshine of the Spotless Mind (2004) (Drama|Romance|Sci-Fi): Rated 4.0/5
- Forrest Gump (1994) (Comedy|Drama|Romance|War): Rated 3.0/5
- Little Nicky (2000) (Comedy): Rated 3.0/5
- Monty Python and the Holy Grail (1975) (Adventure|Comedy|Fantasy): Rated 5.0/5

Consider these two movies they have not seen:

- Movie A: Monsters, Inc. (2001) (Adventure|Animation|Children|Comedy|Fantasy), average rating 3.86/5 (1426 ratings)
- Movie B: Burlesque (2010) (Drama|Musical|Romance), average rating 2.72/5 (27 ratings)

A decision tree trained on this dataset finds that when the two movies' average ratings differ by 1.00 to 1.30, users prefer the higher-rated movie 85% of the time.

TASK: Predict which movie Person 1 would rate higher. Explain your reasoning in 1 sentence. Then conclude with exactly 'PREDICTION: 1' (Movie A) or 'PREDICTION: 0' (Movie B).","You predicted Person 1's movie preference above.
TASK: Should we implement your prediction, or escalate to Person 1?
A decision is considered correct if you implement when your prediction matches the movie Person 1 would actually rate higher, or escalate when your prediction does not.
Explain your reasoning in 1-2 sentences, then conclude with exactly 'DECISION: 0' (implement) or 'DECISION: 1' (escalate).","Person 1 would rate Monsters, Inc. higher because the difference in average ratings between Movie A (3.86) and Movie B (2.72) is 1.14, which falls within the 1.00 to 1.30 range where the decision tree predicts a preference for the higher-rated movie.

PREDICTION: 1
","Since the decision tree indicates a strong 85% probability that Person 1 prefers the higher-rated movie within this specific rating difference range, and our prediction aligns with that logic, we should proceed with implementing the recommendation rather than seeking further confirmation.

DECISION: 0
",,,2026-05-27T16:04:51.517425
avg_diff_100_130,0,1,0,0,"Person 1 has reviewed the following movies:

- Jackie Brown (1997) (Crime|Drama|Thriller): Rated 5.0/5
- All Quiet on the Western Front (1930) (Action|Drama|War): Rated 5.0/5
- Fatal Attraction (1987) (Drama|Thriller): Rated 5.0/5
- Arlington Road (1999) (Thriller): Rated 5.0/5
- I Saw What You Did (1965) (Thriller): Rated 3.0/5

Consider these two movies they have not seen:

- Movie A: Star Wars: Episode V - The Empire Strikes Back (1980) (Action|Adventure|Sci-Fi), average rating 4.10/5 (2250 ratings)
- Movie B: General's Daughter, The (1999) (Crime|Drama|Mystery|Thriller), average rating 2.99/5 (190 ratings)

A decision tree trained on this dataset finds that when the two movies' average ratings differ by 1.00 to 1.30, users prefer the higher-rated movie 85% of the time.

TASK: Predict which movie Person 1 would rate higher. Explain your reasoning in 1 sentence. Then conclude with exactly 'PREDICTION: 1' (Movie A) or 'PREDICTION: 0' (Movie B).","You predicted Person 1's movie preference above.
TASK: Should we implement your prediction, or escalate to Person 1?
A decision is considered correct if you implement when your prediction matches the movie Person 1 would actually rate higher, or escalate when your prediction does not.
Explain your reasoning in 1-2 sentences, then conclude with exactly 'DECISION: 0' (implement) or 'DECISION: 1' (escalate).","Person 1 would rate Movie A higher because the difference in average ratings between the two movies (1.11) falls within the 1.00 to 1.30 range where the decision tree indicates a strong preference for the higher-rated option.

PREDICTION: 1
","Since the decision tree rule explicitly states that users prefer the higher-rated movie when the rating difference falls between 1.00 and 1.30, and the difference here is 1.11, implementing the prediction is the correct course of action based on the provided logic.

DECISION: 0
",,,2026-05-27T16:05:00.251979
avg_diff_100_130,0,1,0,0,"Person 1 has reviewed the following movies:

- American President, The (1995) (Comedy|Drama|Romance): Rated 4.0/5
- Net, The (1995) (Action|Crime|Thriller): Rated 4.0/5
- Homeward Bound II: Lost in San Francisco (1996) (Adventure|Children): Rated 4.0/5
- Eraser (1996) (Action|Drama|Thriller): Rated 5.0/5
- Back to the Future (1985) (Adventure|Comedy|Sci-Fi): Rated 5.0/5

Consider these two movies they have not seen:

- Movie A: Twelve Monkeys (a.k.a. 12 Monkeys) (1995) (Mystery|Sci-Fi|Thriller), average rating 3.90/5 (1708 ratings)
- Movie B: Daylight (1996) (Action|Adventure|Drama|Thriller), average rating 2.90/5 (113 ratings)

A decision tree trained on this dataset finds that when the two movies' average ratings differ by 1.00 to 1.30, users prefer the higher-rated movie 85% of the time.

TASK: Predict which movie Person 1 would rate higher. Explain your reasoning in 1 sentence. Then conclude with exactly 'PREDICTION: 1' (Movie A) or 'PREDICTION: 0' (Movie B).","You predicted Person 1's movie preference above.
TASK: Should we implement your prediction, or escalate to Person 1?
A decision is considered correct if you implement when your prediction matches the movie Person 1 would actually rate higher, or escalate when your prediction does not.
Explain your reasoning in 1-2 sentences, then conclude with exactly 'DECISION: 0' (implement) or 'DECISION: 1' (escalate).","Person 1 would rate Movie A higher because the difference in average ratings between Movie A (3.90) and Movie B (2.90) is exactly 1.00, which falls within the 1.00 to 1.30 range where the decision tree predicts a preference for the higher-rated movie.

PREDICTION: 1
","Since the decision tree's logic indicates a strong 85% probability that Person 1 prefers the higher-rated movie within this specific rating difference range, implementing the prediction is the statistically sound choice without needing to escalate.

DECISION: 0
",,,2026-05-27T16:05:09.091367
avg_diff_100_130,1,1,1,0,"Person 1 has reviewed the following movies:

- Up (2009) (Adventure|Animation|Children|Drama): Rated 5.0/5
- The Hunger Games: Mockingjay - Part 1 (2014) (Adventure|Sci-Fi|Thriller): Rated 5.0/5
- Contact (1997) (Drama|Sci-Fi): Rated 4.0/5
- Deadpool (2016) (Action|Adventure|Comedy|Sci-Fi): Rated 4.0/5
- Wreck-It Ralph (2012) (Animation|Comedy): Rated 3.5/5

Consider these two movies they have not seen:

- Movie A: Avengers, The (2012) (Action|Adventure|Sci-Fi|IMAX), average rating 3.69/5 (805 ratings)
- Movie B: Ace Ventura: When Nature Calls (1995) (Comedy), average rating 2.66/5 (771 ratings)

A decision tree trained on this dataset finds that when the two movies' average ratings differ by 1.00 to 1.30, users prefer the higher-rated movie 85% of the time.

TASK: Predict which movie Person 1 would rate higher. Explain your reasoning in 1 sentence. Then conclude with exactly 'PREDICTION: 1' (Movie A) or 'PREDICTION: 0' (Movie B).","You predicted Person 1's movie preference above.
TASK: Should we implement your prediction, or escalate to Person 1?
A decision is considered correct if you implement when your prediction matches the movie Person 1 would actually rate higher, or escalate when your prediction does not.
Explain your reasoning in 1-2 sentences, then conclude with exactly 'DECISION: 0' (implement) or 'DECISION: 1' (escalate).","The difference between the average ratings of Movie A (3.69) and Movie B (2.66) is 1.03, which falls within the 1.00 to 1.30 range where the decision tree indicates a 85% preference for the higher-rated movie. Since Movie A has the higher rating, Person 1 would likely rate it higher. PREDICTION: 1
","Since the decision tree provides a high-confidence prediction (85%) that Person 1 prefers the higher-rated movie within the specific rating difference range, implementing the prediction is the most efficient course of action without needing to ask the user. DECISION: 0
",,,2026-05-27T16:05:18.764078
avg_diff_100_130,1,1,1,0,"Person 1 has reviewed the following movies:

- Doctor Zhivago (1965) (Drama|Romance|War): Rated 4.0/5
- Strange Days (1995) (Action|Crime|Drama|Mystery|Sci-Fi|Thriller): Rated 4.0/5
- Back to the Future Part II (1989) (Adventure|Comedy|Sci-Fi): Rated 3.0/5
- Shakespeare in Love (1998) (Comedy|Drama|Romance): Rated 3.0/5
- Romancing the Stone (1984) (Action|Adventure|Comedy|Romance): Rated 5.0/5

Consider these two movies they have not seen:

- Movie A: Monty Python's Life of Brian (1979) (Comedy), average rating 4.03/5 (838 ratings)
- Movie B: Event Horizon (1997) (Horror|Sci-Fi|Thriller), average rating 3.01/5 (254 ratings)

A decision tree trained on this dataset finds that when the two movies' average ratings differ by 1.00 to 1.30, users prefer the higher-rated movie 85% of the time.

TASK: Predict which movie Person 1 would rate higher. Explain your reasoning in 1 sentence. Then conclude with exactly 'PREDICTION: 1' (Movie A) or 'PREDICTION: 0' (Movie B).","You predicted Person 1's movie preference above.
TASK: Should we implement your prediction, or escalate to Person 1?
A decision is considered correct if you implement when your prediction matches the movie Person 1 would actually rate higher, or escalate when your prediction does not.
Explain your reasoning in 1-2 sentences, then conclude with exactly 'DECISION: 0' (implement) or 'DECISION: 1' (escalate).","Person 1 would rate Movie A higher because the difference in average ratings between the two movies (1.02) falls within the 1.00 to 1.30 range where the decision tree indicates a strong preference for the higher-rated option.

PREDICTION: 1
","Since the decision tree indicates a high probability (85%) that Person 1 prefers the higher-rated movie within this specific rating difference range, and Movie A has the higher average rating, implementing the prediction is the logical course of action.

DECISION: 0
",,,2026-05-27T16:05:26.857765
avg_diff_100_130,0,1,0,0,"Person 1 has reviewed the following movies:

- Three Musketeers, The (1993) (Action|Adventure|Comedy|Romance): Rated 5.0/5
- World Is Not Enough, The (1999) (Action|Adventure|Thriller): Rated 5.0/5
- Knight and Day (2010) (Action|Comedy|Romance): Rated 5.0/5
- Troy (2004) (Action|Adventure|Drama|War): Rated 3.5/5
- Never Back Down (2008) (Action): Rated 4.0/5

Consider these two movies they have not seen:

- Movie A: Indiana Jones and the Last Crusade (1989) (Action|Adventure), average rating 4.00/5 (1435 ratings)
- Movie B: Me, Myself & Irene (2000) (Adventure|Comedy), average rating 3.00/5 (393 ratings)

A decision tree trained on this dataset finds that when the two movies' average ratings differ by 1.00 to 1.30, users prefer the higher-rated movie 85% of the time.

TASK: Predict which movie Person 1 would rate higher. Explain your reasoning in 1 sentence. Then conclude with exactly 'PREDICTION: 1' (Movie A) or 'PREDICTION: 0' (Movie B).","You predicted Person 1's movie preference above.
TASK: Should we implement your prediction, or escalate to Person 1?
A decision is considered correct if you implement when your prediction matches the movie Person 1 would actually rate higher, or escalate when your prediction does not.
Explain your reasoning in 1-2 sentences, then conclude with exactly 'DECISION: 0' (implement) or 'DECISION: 1' (escalate).","Person 1 would rate Movie A higher because the difference in average ratings between the two unviewed movies (1.00) falls within the 1.00 to 1.30 range where the decision tree indicates a strong preference for the higher-rated option, and Movie A has the higher rating. PREDICTION: 1
","Since the decision tree explicitly states that users prefer the higher-rated movie 85% of the time when the rating difference is between 1.00 and 1.30, and our prediction aligns with this rule, we should implement the recommendation rather than escalate. DECISION: 0
",,,2026-05-27T16:05:36.072001
avg_diff_100_130,1,1,1,0,"Person 1 has reviewed the following movies:

- What Dreams May Come (1998) (Adventure|Drama|Fantasy|Romance): Rated 4.5/5
- Babette's Feast (Babettes gæstebud) (1987) (Drama): Rated 3.5/5
- Stella (1990) (Drama): Rated 4.0/5
- Who's Afraid of Virginia Woolf? (1966) (Drama): Rated 4.5/5
- Drop Dead Gorgeous (1999) (Comedy): Rated 4.5/5

Consider these two movies they have not seen:

- Movie A: Steel Magnolias (1989) (Drama), average rating 3.60/5 (118 ratings)
- Movie B: Short Circuit 2 (1988) (Comedy|Sci-Fi), average rating 2.38/5 (60 ratings)

A decision tree trained on this dataset finds that when the two movies' average ratings differ by 1.00 to 1.30, users prefer the higher-rated movie 85% of the time.

TASK: Predict which movie Person 1 would rate higher. Explain your reasoning in 1 sentence. Then conclude with exactly 'PREDICTION: 1' (Movie A) or 'PREDICTION: 0' (Movie B).","You predicted Person 1's movie preference above.
TASK: Should we implement your prediction, or escalate to Person 1?
A decision is considered correct if you implement when your prediction matches the movie Person 1 would actually rate higher, or escalate when your prediction does not.
Explain your reasoning in 1-2 sentences, then conclude with exactly 'DECISION: 0' (implement) or 'DECISION: 1' (escalate).","Person 1 would rate Movie A higher because the difference in average ratings between the two movies (1.22) falls within the 1.00 to 1.30 range where the decision tree predicts a preference for the higher-rated film.

PREDICTION: 1
","Since the decision tree's condition is met and the prediction is that Person 1 prefers the higher-rated movie (Movie A), implementing the recommendation aligns with the model's logic and the expected user behavior.

DECISION: 0
",,,2026-05-27T16:05:43.697977
avg_diff_100_130,1,1,1,0,"Person 1 has reviewed the following movies:

- L.A. Confidential (1997) (Crime|Film-Noir|Mystery|Thriller): Rated 5.0/5
- Fargo (1996) (Comedy|Crime|Drama|Thriller): Rated 5.0/5
- Patriot Games (1992) (Action|Crime|Drama|Thriller): Rated 3.0/5
- Bread and Chocolate (Pane e cioccolata) (1973) (Comedy|Drama): Rated 4.0/5
- Bowfinger (1999) (Comedy): Rated 5.0/5

Consider these two movies they have not seen:

- Movie A: Pulp Fiction (1994) (Comedy|Crime|Drama|Thriller), average rating 4.18/5 (3047 ratings)
- Movie B: Michael (1996) (Comedy|Drama|Fantasy|Romance), average rating 3.03/5 (210 ratings)

A decision tree trained on this dataset finds that when the two movies' average ratings differ by 1.00 to 1.30, users prefer the higher-rated movie 85% of the time.

TASK: Predict which movie Person 1 would rate higher. Explain your reasoning in 1 sentence. Then conclude with exactly 'PREDICTION: 1' (Movie A) or 'PREDICTION: 0' (Movie B).","You predicted Person 1's movie preference above.
TASK: Should we implement your prediction, or escalate to Person 1?
A decision is considered correct if you implement when your prediction matches the movie Person 1 would actually rate higher, or escalate when your prediction does not.
Explain your reasoning in 1-2 sentences, then conclude with exactly 'DECISION: 0' (implement) or 'DECISION: 1' (escalate).","Person 1 would rate Movie A higher because the difference between their ratings (5.0 - 4.0 = 1.0) falls within the 1.00 to 1.30 range where the decision tree predicts a preference for the higher-rated movie.

PREDICTION: 1
","Since the decision tree indicates a strong 85% probability that Person 1 prefers the higher-rated movie within this specific rating difference range, and our prediction aligns with that logic, we should proceed with implementing the recommendation.

DECISION: 0
",,,2026-05-27T16:05:51.906217
avg_diff_100_130,1,1,1,0,"Person 1 has reviewed the following movies:

- Net, The (1995) (Action|Crime|Thriller): Rated 3.0/5
- Dave (1993) (Comedy|Romance): Rated 4.0/5
- Reality Bites (1994) (Comedy|Drama|Romance): Rated 3.0/5
- Unforgettable (1996) (Mystery|Sci-Fi|Thriller): Rated 3.0/5
- Disclosure (1994) (Drama|Thriller): Rated 3.0/5

Consider these two movies they have not seen:

- Movie A: Shawshank Redemption, The (1994) (Crime|Drama), average rating 4.42/5 (3232 ratings)
- Movie B: Firm, The (1993) (Drama|Thriller), average rating 3.40/5 (840 ratings)

A decision tree trained on this dataset finds that when the two movies' average ratings differ by 1.00 to 1.30, users prefer the higher-rated movie 85% of the time.

TASK: Predict which movie Person 1 would rate higher. Explain your reasoning in 1 sentence. Then conclude with exactly 'PREDICTION: 1' (Movie A) or 'PREDICTION: 0' (Movie B).","You predicted Person 1's movie preference above.
TASK: Should we implement your prediction, or escalate to Person 1?
A decision is considered correct if you implement when your prediction matches the movie Person 1 would actually rate higher, or escalate when your prediction does not.
Explain your reasoning in 1-2 sentences, then conclude with exactly 'DECISION: 0' (implement) or 'DECISION: 1' (escalate).","Person 1 would rate Movie A higher because the difference in average ratings between the two unviewed movies (4.42 - 3.40 = 1.02) falls within the 1.00 to 1.30 range where the decision tree indicates a strong preference for the higher-rated option.

PREDICTION: 1
","Since the decision tree explicitly states that users prefer the higher-rated movie 85% of the time when the rating difference falls within the 1.00 to 1.30 range, and our calculated difference of 1.02 fits this criteria perfectly, we can confidently implement the prediction without needing to escalate.

DECISION: 0
",,,2026-05-27T16:06:02.151465
avg_diff_100_130,1,1,1,0,"Person 1 has reviewed the following movies:

- Touch of Evil (1958) (Crime|Film-Noir|Thriller): Rated 5.0/5
- Cape Fear (1962) (Crime|Drama|Thriller): Rated 4.0/5
- Streetcar Named Desire, A (1951) (Drama): Rated 4.5/5
- Being There (1979) (Comedy|Drama): Rated 4.0/5
- Any Given Sunday (1999) (Drama): Rated 3.5/5

Consider these two movies they have not seen:

- Movie A: Star Wars: Episode IV - A New Hope (1977) (Action|Adventure|Sci-Fi), average rating 4.09/5 (2635 ratings)
- Movie B: Meet the Fockers (2004) (Comedy), average rating 2.99/5 (285 ratings)

A decision tree trained on this dataset finds that when the two movies' average ratings differ by 1.00 to 1.30, users prefer the higher-rated movie 85% of the time.

TASK: Predict which movie Person 1 would rate higher. Explain your reasoning in 1 sentence. Then conclude with exactly 'PREDICTION: 1' (Movie A) or 'PREDICTION: 0' (Movie B).","You predicted Person 1's movie preference above.
TASK: Should we implement your prediction, or escalate to Person 1?
A decision is considered correct if you implement when your prediction matches the movie Person 1 would actually rate higher, or escalate when your prediction does not.
Explain your reasoning in 1-2 sentences, then conclude with exactly 'DECISION: 0' (implement) or 'DECISION: 1' (escalate).","Person 1 would rate Movie A higher because the difference in average ratings between Movie A (4.09) and Movie B (2.99) is 1.10, which falls within the 1.00 to 1.30 range where the trained decision tree predicts a 85% preference for the higher-rated movie.

PREDICTION: 1
","Since the decision tree indicates a high probability (85%) that Person 1 prefers the higher-rated movie, and Movie A is indeed the higher-rated option, implementing the prediction is the logical course of action.

DECISION: 0
",,,2026-05-27T16:06:11.202590
avg_diff_100_130,1,1,1,0,"Person 1 has reviewed the following movies:

- Speed (1994) (Action|Romance|Thriller): Rated 3.0/5
- Assassins (1995) (Action|Crime|Thriller): Rated 3.0/5
- Natural Born Killers (1994) (Action|Crime|Thriller): Rated 5.0/5
- Die Hard: With a Vengeance (1995) (Action|Crime|Thriller): Rated 3.0/5
- I Love Trouble (1994) (Action|Comedy): Rated 1.0/5

Consider these two movies they have not seen:

- Movie A: Forrest Gump (1994) (Comedy|Drama|Romance|War), average rating 4.04/5 (3089 ratings)
- Movie B: Cliffhanger (1993) (Action|Adventure|Thriller), average rating 3.01/5 (830 ratings)

A decision tree trained on this dataset finds that when the two movies' average ratings differ by 1.00 to 1.30, users prefer the higher-rated movie 85% of the time.

TASK: Predict which movie Person 1 would rate higher. Explain your reasoning in 1 sentence. Then conclude with exactly 'PREDICTION: 1' (Movie A) or 'PREDICTION: 0' (Movie B).","You predicted Person 1's movie preference above.
TASK: Should we implement your prediction, or escalate to Person 1?
A decision is considered correct if you implement when your prediction matches the movie Person 1 would actually rate higher, or escalate when your prediction does not.
Explain your reasoning in 1-2 sentences, then conclude with exactly 'DECISION: 0' (implement) or 'DECISION: 1' (escalate).","Person 1 would rate Movie A higher because the difference in average ratings between the two movies (1.03) falls within the 1.00 to 1.30 range where the decision tree indicates a strong preference for the higher-rated option.

PREDICTION: 1
","Since the decision tree indicates a high probability (85%) that Person 1 prefers the higher-rated movie within this specific rating difference range, and Movie A has a higher average rating, implementing the prediction is the logical course of action.

DECISION: 0
",,,2026-05-27T16:06:19.248177
avg_diff_100_130,1,1,1,1,"Person 1 has reviewed the following movies:

- 20,000 Leagues Under the Sea (1954) (Adventure|Drama|Sci-Fi): Rated 0.5/5
- Event Horizon (1997) (Horror|Sci-Fi|Thriller): Rated 1.0/5
- Pretty Woman (1990) (Comedy|Romance): Rated 3.5/5
- Muppet Movie, The (1979) (Adventure|Children|Comedy|Musical): Rated 0.5/5
- Shakespeare in Love (1998) (Comedy|Drama|Romance): Rated 4.0/5

Consider these two movies they have not seen:

- Movie A: Lord of the Rings: The Two Towers, The (2002) (Adventure|Fantasy), average rating 4.07/5 (2126 ratings)
- Movie B: Buffy the Vampire Slayer (1992) (Action|Comedy|Horror), average rating 3.05/5 (152 ratings)

A decision tree trained on this dataset finds that when the two movies' average ratings differ by 1.00 to 1.30, users prefer the higher-rated movie 85% of the time.

TASK: Predict which movie Person 1 would rate higher. Explain your reasoning in 1 sentence. Then conclude with exactly 'PREDICTION: 1' (Movie A) or 'PREDICTION: 0' (Movie B).","You predicted Person 1's movie preference above.
TASK: Should we implement your prediction, or escalate to Person 1?
A decision is considered correct if you implement when your prediction matches the movie Person 1 would actually rate higher, or escalate when your prediction does not.
Explain your reasoning in 1-2 sentences, then conclude with exactly 'DECISION: 0' (implement) or 'DECISION: 1' (escalate).","The difference between the average ratings of Movie A (4.07) and Movie B (3.05) is 1.02, which falls within the 1.00 to 1.30 range where the decision tree indicates a strong preference for the higher-rated movie.

PREDICTION: 1
","I cannot implement the prediction because I do not have access to Person 1's actual rating history or the ground truth of their preference; I only have a statistical rule derived from a hypothetical dataset that does not account for individual user biases. Therefore, to ensure accuracy, the decision must be escalated to Person 1.

DECISION: 1
",,,2026-05-27T16:06:28.847183
avg_diff_100_130,1,1,1,1,"Person 1 has reviewed the following movies:

- Amour (2012) (Drama|Romance): Rated 3.5/5
- Léon: The Professional (a.k.a. The Professional) (Léon) (1994) (Action|Crime|Drama|Thriller): Rated 4.0/5
- Exodus: Gods and Kings (2014) (Action|Adventure|Drama): Rated 2.5/5
- Million Dollar Baby (2004) (Drama): Rated 4.0/5
- For the Birds (2000) (Animation|Children|Comedy): Rated 4.0/5

Consider these two movies they have not seen:

- Movie A: Me and Earl and the Dying Girl (2015) (Drama), average rating 3.77/5 (80 ratings)
- Movie B: Arthur (2011) (Comedy), average rating 2.71/5 (19 ratings)

A decision tree trained on this dataset finds that when the two movies' average ratings differ by 1.00 to 1.30, users prefer the higher-rated movie 85% of the time.

TASK: Predict which movie Person 1 would rate higher. Explain your reasoning in 1 sentence. Then conclude with exactly 'PREDICTION: 1' (Movie A) or 'PREDICTION: 0' (Movie B).","You predicted Person 1's movie preference above.
TASK: Should we implement your prediction, or escalate to Person 1?
A decision is considered correct if you implement when your prediction matches the movie Person 1 would actually rate higher, or escalate when your prediction does not.
Explain your reasoning in 1-2 sentences, then conclude with exactly 'DECISION: 0' (implement) or 'DECISION: 1' (escalate).","The difference between the average ratings of Movie A (3.77) and Movie B (2.71) is exactly 1.06, which falls within the 1.00 to 1.30 range where the decision tree indicates a 85% preference for the higher-rated movie. Since Movie A has the higher rating, Person 1 would rate it higher. PREDICTION: 1
","Since the decision tree's logic is based solely on the statistical pattern of average ratings rather than Person 1's specific viewing history or taste, implementing the prediction carries a significant risk of error. Therefore, it is safer to escalate to Person 1 to confirm their actual preference. DECISION: 1
",,,2026-05-27T16:06:39.085740
avg_diff_100_130,1,1,1,0,"Person 1 has reviewed the following movies:

- Frighteners, The (1996) (Comedy|Horror|Thriller): Rated 3.0/5
- Phenomenon (1996) (Drama|Romance): Rated 3.0/5
- Broken Arrow (1996) (Action|Adventure|Thriller): Rated 3.0/5
- Star Wars: Episode VI - Return of the Jedi (1983) (Action|Adventure|Sci-Fi): Rated 3.0/5
- Independence Day (a.k.a. ID4) (1996) (Action|Adventure|Sci-Fi|Thriller): Rated 3.0/5

Consider these two movies they have not seen:

- Movie A: Welcome to the Dollhouse (1995) (Comedy|Drama), average rating 3.80/5 (188 ratings)
- Movie B: Nutty Professor, The (1996) (Comedy|Fantasy|Romance|Sci-Fi), average rating 2.79/5 (675 ratings)

A decision tree trained on this dataset finds that when the two movies' average ratings differ by 1.00 to 1.30, users prefer the higher-rated movie 85% of the time.

TASK: Predict which movie Person 1 would rate higher. Explain your reasoning in 1 sentence. Then conclude with exactly 'PREDICTION: 1' (Movie A) or 'PREDICTION: 0' (Movie B).","You predicted Person 1's movie preference above.
TASK: Should we implement your prediction, or escalate to Person 1?
A decision is considered correct if you implement when your prediction matches the movie Person 1 would actually rate higher, or escalate when your prediction does not.
Explain your reasoning in 1-2 sentences, then conclude with exactly 'DECISION: 0' (implement) or 'DECISION: 1' (escalate).","Person 1 would rate Movie A higher because the difference in average ratings between the two unviewed movies (3.80 and 2.79) falls within the 1.00 to 1.30 range where the decision tree indicates a strong preference for the higher-rated option.

PREDICTION: 1
","Since the decision tree explicitly states that users prefer the higher-rated movie 85% of the time when the rating difference falls within the 1.00 to 1.30 range, and our prediction aligns with this statistical rule, we should implement the prediction without needing to escalate to the user.

DECISION: 0
",,,2026-05-27T16:06:48.758500
avg_diff_100_130,1,1,1,0,"Person 1 has reviewed the following movies:

- The Kissing Booth (2018) (Comedy|Romance): Rated 5.0/5
- Jack Frost (1998) (Children|Comedy|Drama): Rated 3.0/5
- Descendants (2015) (Action|Adventure|Comedy): Rated 5.0/5
- Lady and the Tramp (1955) (Animation|Children|Comedy|Romance): Rated 4.0/5
- Night at the Museum: Battle of the Smithsonian (2009) (Action|Comedy|IMAX): Rated 4.0/5

Consider these two movies they have not seen:

- Movie A: Love, Simon (2018) (Comedy|Drama), average rating 3.71/5 (31 ratings)
- Movie B: Free Willy (1993) (Adventure|Children|Drama), average rating 2.60/5 (282 ratings)

A decision tree trained on this dataset finds that when the two movies' average ratings differ by 1.00 to 1.30, users prefer the higher-rated movie 85% of the time.

TASK: Predict which movie Person 1 would rate higher. Explain your reasoning in 1 sentence. Then conclude with exactly 'PREDICTION: 1' (Movie A) or 'PREDICTION: 0' (Movie B).","You predicted Person 1's movie preference above.
TASK: Should we implement your prediction, or escalate to Person 1?
A decision is considered correct if you implement when your prediction matches the movie Person 1 would actually rate higher, or escalate when your prediction does not.
Explain your reasoning in 1-2 sentences, then conclude with exactly 'DECISION: 0' (implement) or 'DECISION: 1' (escalate).","Person 1 would rate Movie A higher because the difference in average ratings between Movie A (3.71) and Movie B (2.60) is 1.11, which falls within the 1.00 to 1.30 range where users prefer the higher-rated movie 85% of the time.

PREDICTION: 1
","Since the decision tree indicates a high probability (85%) that Person 1 prefers the higher-rated movie within this specific rating difference range, and Movie A has the higher average rating, implementing the prediction is the logical course of action.

DECISION: 0
",,,2026-05-27T16:06:57.895305
avg_diff_100_130,1,1,1,0,"Person 1 has reviewed the following movies:

- Usual Suspects, The (1995) (Crime|Mystery|Thriller): Rated 2.5/5
- What Women Want (2000) (Comedy|Romance): Rated 1.5/5
- Psycho (1960) (Crime|Horror): Rated 3.5/5
- Wedding Singer, The (1998) (Comedy|Romance): Rated 4.0/5
- Fast and the Furious, The (2001) (Action|Crime|Thriller): Rated 0.5/5

Consider these two movies they have not seen:

- Movie A: Casablanca (1942) (Drama|Romance), average rating 4.19/5 (980 ratings)
- Movie B: Zoolander (2001) (Comedy), average rating 3.16/5 (480 ratings)

A decision tree trained on this dataset finds that when the two movies' average ratings differ by 1.00 to 1.30, users prefer the higher-rated movie 85% of the time.

TASK: Predict which movie Person 1 would rate higher. Explain your reasoning in 1 sentence. Then conclude with exactly 'PREDICTION: 1' (Movie A) or 'PREDICTION: 0' (Movie B).","You predicted Person 1's movie preference above.
TASK: Should we implement your prediction, or escalate to Person 1?
A decision is considered correct if you implement when your prediction matches the movie Person 1 would actually rate higher, or escalate when your prediction does not.
Explain your reasoning in 1-2 sentences, then conclude with exactly 'DECISION: 0' (implement) or 'DECISION: 1' (escalate).","Person 1 would rate Movie A higher because the difference in average ratings between the two movies (1.03) falls within the 1.00 to 1.30 range where the decision tree predicts a preference for the higher-rated film.

PREDICTION: 1
","Since the decision tree's condition is met and the prediction is that Person 1 prefers the higher-rated movie (Movie A), implementing the recommendation aligns with the model's logic.

DECISION: 0
",,,2026-05-27T16:07:05.199945
avg_diff_100_130,1,1,1,0,"Person 1 has reviewed the following movies:

- Finding Forrester (2000) (Drama): Rated 4.5/5
- I Still Know What You Did Last Summer (1998) (Horror|Mystery|Thriller): Rated 2.0/5
- Dr. Dolittle (1998) (Comedy): Rated 4.5/5
- Gremlins 2: The New Batch (1990) (Comedy|Horror): Rated 2.5/5
- Avatar (2009) (Action|Adventure|Sci-Fi|IMAX): Rated 4.0/5

Consider these two movies they have not seen:

- Movie A: Tron: Legacy (2010) (Action|Adventure|Sci-Fi|IMAX), average rating 3.23/5 (268 ratings)
- Movie B: Karate Kid, Part III, The (1989) (Action|Adventure|Children|Drama), average rating 2.10/5 (130 ratings)

A decision tree trained on this dataset finds that when the two movies' average ratings differ by 1.00 to 1.30, users prefer the higher-rated movie 85% of the time.

TASK: Predict which movie Person 1 would rate higher. Explain your reasoning in 1 sentence. Then conclude with exactly 'PREDICTION: 1' (Movie A) or 'PREDICTION: 0' (Movie B).","You predicted Person 1's movie preference above.
TASK: Should we implement your prediction, or escalate to Person 1?
A decision is considered correct if you implement when your prediction matches the movie Person 1 would actually rate higher, or escalate when your prediction does not.
Explain your reasoning in 1-2 sentences, then conclude with exactly 'DECISION: 0' (implement) or 'DECISION: 1' (escalate).","Person 1 would rate Movie A higher because the difference in average ratings between the two unviewed movies (1.13) falls within the 1.00 to 1.30 range where the decision tree indicates a strong preference for the higher-rated option, and Movie A has a higher average rating (3.23) than Movie B (2.10).

PREDICTION: 1
","Since the decision tree explicitly states that users prefer the higher-rated movie 85% of the time when the rating difference falls within the 1.00 to 1.30 range, and our prediction aligns with this statistical rule, we should implement the recommendation rather than escalate.

DECISION: 0
",,,2026-05-27T16:07:15.700995
avg_diff_100_130,1,1,1,0,"Person 1 has reviewed the following movies:

- Serpico (1973) (Crime|Drama): Rated 4.0/5
- Lord of the Rings: The Two Towers, The (2002) (Adventure|Fantasy): Rated 3.0/5
- Sicko (2007) (Documentary|Drama): Rated 5.0/5
- Rush (2013) (Action|Drama): Rated 4.0/5
- Mission: Impossible (1996) (Action|Adventure|Mystery|Thriller): Rated 3.0/5

Consider these two movies they have not seen:

- Movie A: Annie Hall (1977) (Comedy|Romance), average rating 4.00/5 (639 ratings)
- Movie B: Terminator 3: Rise of the Machines (2003) (Action|Adventure|Sci-Fi), average rating 2.91/5 (453 ratings)

A decision tree trained on this dataset finds that when the two movies' average ratings differ by 1.00 to 1.30, users prefer the higher-rated movie 85% of the time.

TASK: Predict which movie Person 1 would rate higher. Explain your reasoning in 1 sentence. Then conclude with exactly 'PREDICTION: 1' (Movie A) or 'PREDICTION: 0' (Movie B).","You predicted Person 1's movie preference above.
TASK: Should we implement your prediction, or escalate to Person 1?
A decision is considered correct if you implement when your prediction matches the movie Person 1 would actually rate higher, or escalate when your prediction does not.
Explain your reasoning in 1-2 sentences, then conclude with exactly 'DECISION: 0' (implement) or 'DECISION: 1' (escalate).","Person 1 would rate Movie A higher because the difference in average ratings between Movie A (4.00) and Movie B (2.91) is 1.09, which falls within the 1.00 to 1.30 range where the decision tree predicts a preference for the higher-rated movie.

PREDICTION: 1
","Since the decision tree indicates a strong 85% probability that Person 1 prefers the higher-rated movie in this specific rating gap, implementing the prediction is the statistically sound choice without needing to escalate.

DECISION: 0
",,,2026-05-27T16:07:24.282406
avg_diff_100_130,1,1,1,0,"Person 1 has reviewed the following movies:

- Children of Men (2006) (Action|Adventure|Drama|Sci-Fi|Thriller): Rated 4.0/5
- Coneheads (1993) (Comedy|Sci-Fi): Rated 2.0/5
- Addams Family, The (1991) (Children|Comedy|Fantasy): Rated 2.5/5
- Lara Croft: Tomb Raider (2001) (Action|Adventure): Rated 2.5/5
- Tootsie (1982) (Comedy|Romance): Rated 3.5/5

Consider these two movies they have not seen:

- Movie A: Blade Runner (1982) (Action|Sci-Fi|Thriller), average rating 4.10/5 (1417 ratings)
- Movie B: Waterboy, The (1998) (Comedy), average rating 2.87/5 (252 ratings)

A decision tree trained on this dataset finds that when the two movies' average ratings differ by 1.00 to 1.30, users prefer the higher-rated movie 85% of the time.

TASK: Predict which movie Person 1 would rate higher. Explain your reasoning in 1 sentence. Then conclude with exactly 'PREDICTION: 1' (Movie A) or 'PREDICTION: 0' (Movie B).","You predicted Person 1's movie preference above.
TASK: Should we implement your prediction, or escalate to Person 1?
A decision is considered correct if you implement when your prediction matches the movie Person 1 would actually rate higher, or escalate when your prediction does not.
Explain your reasoning in 1-2 sentences, then conclude with exactly 'DECISION: 0' (implement) or 'DECISION: 1' (escalate).","Person 1 would rate Movie A higher because the difference between the average ratings of Movie A (4.10) and Movie B (2.87) is 1.23, which falls within the 1.00 to 1.30 range where users prefer the higher-rated movie 85% of the time.

PREDICTION: 1
","Since the decision tree indicates a high probability (85%) that Person 1 prefers the higher-rated movie within this specific rating difference range, and our prediction aligns with that rule, we should proceed with implementing the recommendation rather than seeking further confirmation.

DECISION: 0
",,,2026-05-27T16:07:33.701501
avg_diff_100_130,0,1,0,0,"Person 1 has reviewed the following movies:

- Leaving Las Vegas (1995) (Drama|Romance): Rated 5.0/5
- Blue in the Face (1995) (Comedy|Drama): Rated 3.0/5
- Sabrina (1995) (Comedy|Romance): Rated 3.0/5
- Mighty Aphrodite (1995) (Comedy|Drama|Romance): Rated 5.0/5
- Twelve Monkeys (a.k.a. 12 Monkeys) (1995) (Mystery|Sci-Fi|Thriller): Rated 4.0/5

Consider these two movies they have not seen:

- Movie A: Heat (1995) (Action|Crime|Thriller), average rating 3.91/5 (947 ratings)
- Movie B: Very Brady Sequel, A (1996) (Comedy), average rating 2.64/5 (78 ratings)

A decision tree trained on this dataset finds that when the two movies' average ratings differ by 1.00 to 1.30, users prefer the higher-rated movie 85% of the time.

TASK: Predict which movie Person 1 would rate higher. Explain your reasoning in 1 sentence. Then conclude with exactly 'PREDICTION: 1' (Movie A) or 'PREDICTION: 0' (Movie B).","You predicted Person 1's movie preference above.
TASK: Should we implement your prediction, or escalate to Person 1?
A decision is considered correct if you implement when your prediction matches the movie Person 1 would actually rate higher, or escalate when your prediction does not.
Explain your reasoning in 1-2 sentences, then conclude with exactly 'DECISION: 0' (implement) or 'DECISION: 1' (escalate).","The difference between the average ratings of Movie A (3.91) and Movie B (2.64) is 1.27, which falls within the 1.00 to 1.30 range where the decision tree indicates a 85% preference for the higher-rated movie. Since Movie A has the higher rating, Person 1 would likely rate it higher. PREDICTION: 1
","Since the decision tree provides a high-confidence prediction (85%) that Person 1 prefers the higher-rated movie within the specific rating difference range, implementing the prediction is the most efficient and likely correct course of action without needing to ask the user. DECISION: 0
",,,2026-05-27T16:07:43.551423
avg_diff_100_130,1,1,1,0,"Person 1 has reviewed the following movies:

- Pinocchio (1940) (Animation|Children|Fantasy|Musical): Rated 5.0/5
- Beauty and the Beast (1991) (Animation|Children|Fantasy|Musical|Romance|IMAX): Rated 3.0/5
- Outbreak (1995) (Action|Drama|Sci-Fi|Thriller): Rated 4.0/5
- Jurassic Park (1993) (Action|Adventure|Sci-Fi|Thriller): Rated 5.0/5
- Apollo 13 (1995) (Adventure|Drama|IMAX): Rated 5.0/5

Consider these two movies they have not seen:

- Movie A: Schindler's List (1993) (Drama|War), average rating 4.24/5 (2305 ratings)
- Movie B: Cliffhanger (1993) (Action|Adventure|Thriller), average rating 3.01/5 (830 ratings)

A decision tree trained on this dataset finds that when the two movies' average ratings differ by 1.00 to 1.30, users prefer the higher-rated movie 85% of the time.

TASK: Predict which movie Person 1 would rate higher. Explain your reasoning in 1 sentence. Then conclude with exactly 'PREDICTION: 1' (Movie A) or 'PREDICTION: 0' (Movie B).","You predicted Person 1's movie preference above.
TASK: Should we implement your prediction, or escalate to Person 1?
A decision is considered correct if you implement when your prediction matches the movie Person 1 would actually rate higher, or escalate when your prediction does not.
Explain your reasoning in 1-2 sentences, then conclude with exactly 'DECISION: 0' (implement) or 'DECISION: 1' (escalate).","Person 1 would rate Schindler's List higher because the 1.23-point difference in average ratings between the two unviewed movies falls within the 1.00 to 1.30 range where the decision tree predicts a preference for the higher-rated film.

PREDICTION: 1
","Since the decision tree indicates a strong 85% probability that Person 1 prefers the higher-rated movie, implementing the prediction is the statistically sound choice without needing to escalate.

DECISION: 0
",,,2026-05-27T16:07:51.171164
avg_diff_100_130,1,1,1,0,"Person 1 has reviewed the following movies:

- Forrest Gump (1994) (Comedy|Drama|Romance|War): Rated 3.0/5
- Clerks (1994) (Comedy): Rated 3.0/5
- Toy Story (1995) (Adventure|Animation|Children|Comedy|Fantasy): Rated 5.0/5
- Jurassic Park (1993) (Action|Adventure|Sci-Fi|Thriller): Rated 3.0/5
- Fugitive, The (1993) (Thriller): Rated 4.0/5

Consider these two movies they have not seen:

- Movie A: Shawshank Redemption, The (1994) (Crime|Drama), average rating 4.42/5 (3232 ratings)
- Movie B: Natural Born Killers (1994) (Action|Crime|Thriller), average rating 3.22/5 (818 ratings)

A decision tree trained on this dataset finds that when the two movies' average ratings differ by 1.00 to 1.30, users prefer the higher-rated movie 85% of the time.

TASK: Predict which movie Person 1 would rate higher. Explain your reasoning in 1 sentence. Then conclude with exactly 'PREDICTION: 1' (Movie A) or 'PREDICTION: 0' (Movie B).","You predicted Person 1's movie preference above.
TASK: Should we implement your prediction, or escalate to Person 1?
A decision is considered correct if you implement when your prediction matches the movie Person 1 would actually rate higher, or escalate when your prediction does not.
Explain your reasoning in 1-2 sentences, then conclude with exactly 'DECISION: 0' (implement) or 'DECISION: 1' (escalate).","Person 1 would rate Movie A higher because the difference in average ratings between the two unviewed movies (4.42 - 3.22 = 1.20) falls within the 1.00 to 1.30 range where the decision tree predicts a preference for the higher-rated film.

PREDICTION: 1
","Since the decision tree's logic indicates a strong preference for the higher-rated movie within the specific rating difference range, and Movie A has a significantly higher average rating than Movie B, implementing the prediction is the correct course of action.

DECISION: 0
",,,2026-05-27T16:08:00.003127
avg_diff_100_130,0,1,0,0,"Person 1 has reviewed the following movies:

- I Am Legend (2007) (Action|Horror|Sci-Fi|Thriller|IMAX): Rated 2.5/5
- Dodgeball: A True Underdog Story (2004) (Comedy): Rated 0.5/5
- Departed, The (2006) (Crime|Drama|Thriller): Rated 0.5/5
- National Treasure (2004) (Action|Adventure|Drama|Mystery|Thriller): Rated 0.5/5
- Bridget Jones: The Edge of Reason (2004) (Comedy|Drama|Romance): Rated 0.5/5

Consider these two movies they have not seen:

- Movie A: Unforgiven (1992) (Drama|Western), average rating 4.01/5 (543 ratings)
- Movie B: Resident Evil: Apocalypse (2004) (Action|Horror|Sci-Fi|Thriller), average rating 2.93/5 (152 ratings)

A decision tree trained on this dataset finds that when the two movies' average ratings differ by 1.00 to 1.30, users prefer the higher-rated movie 85% of the time.

TASK: Predict which movie Person 1 would rate higher. Explain your reasoning in 1 sentence. Then conclude with exactly 'PREDICTION: 1' (Movie A) or 'PREDICTION: 0' (Movie B).","You predicted Person 1's movie preference above.
TASK: Should we implement your prediction, or escalate to Person 1?
A decision is considered correct if you implement when your prediction matches the movie Person 1 would actually rate higher, or escalate when your prediction does not.
Explain your reasoning in 1-2 sentences, then conclude with exactly 'DECISION: 0' (implement) or 'DECISION: 1' (escalate).","Person 1 would rate Movie A higher because the difference in average ratings between the two unviewed movies (1.08) falls within the 1.00 to 1.30 range where the decision tree indicates a strong preference for the higher-rated option, and Movie A has the higher rating. PREDICTION: 1
","Since the decision tree indicates a high probability (85%) that Person 1 prefers the higher-rated movie within the specific rating difference range, and Movie A is indeed the higher-rated film, implementing the prediction is the logical course of action. DECISION: 0
",,,2026-05-27T16:08:08.712149
avg_diff_100_130,1,1,1,0,"Person 1 has reviewed the following movies:

- Terminator 2: Judgment Day (1991) (Action|Sci-Fi): Rated 4.0/5
- Rear Window (1954) (Mystery|Thriller): Rated 5.0/5
- My Favorite Year (1982) (Comedy): Rated 3.0/5
- Fugitive, The (1993) (Thriller): Rated 5.0/5
- My Fair Lady (1964) (Comedy|Drama|Musical|Romance): Rated 4.0/5

Consider these two movies they have not seen:

- Movie A: Schindler's List (1993) (Drama|War), average rating 4.24/5 (2305 ratings)
- Movie B: Twister (1996) (Action|Adventure|Romance|Thriller), average rating 3.19/5 (1115 ratings)

A decision tree trained on this dataset finds that when the two movies' average ratings differ by 1.00 to 1.30, users prefer the higher-rated movie 85% of the time.

TASK: Predict which movie Person 1 would rate higher. Explain your reasoning in 1 sentence. Then conclude with exactly 'PREDICTION: 1' (Movie A) or 'PREDICTION: 0' (Movie B).","You predicted Person 1's movie preference above.
TASK: Should we implement your prediction, or escalate to Person 1?
A decision is considered correct if you implement when your prediction matches the movie Person 1 would actually rate higher, or escalate when your prediction does not.
Explain your reasoning in 1-2 sentences, then conclude with exactly 'DECISION: 0' (implement) or 'DECISION: 1' (escalate).","Person 1 would rate Schindler's List higher because the difference between the two movies' average ratings (1.05) falls within the 1.00 to 1.30 range where the decision tree indicates a strong preference for the higher-rated film.

PREDICTION: 1
","Since the decision tree indicates a high probability (85%) that Person 1 prefers the higher-rated movie within this specific rating difference range, and our prediction aligns with that rule, we should proceed with implementing the recommendation rather than seeking further confirmation.

DECISION: 0
",,,2026-05-27T16:08:17.150665
avg_diff_100_130,0,1,0,0,"Person 1 has reviewed the following movies:

- Mystery Men (1999) (Action|Comedy|Fantasy): Rated 5.0/5
- Sin City: A Dame to Kill For (2014) (Action|Crime|Thriller): Rated 5.0/5
- Scott Pilgrim vs. the World (2010) (Action|Comedy|Fantasy|Musical|Romance): Rated 5.0/5
- In the Mouth of Madness (1995) (Horror|Thriller): Rated 2.5/5
- Austin Powers: International Man of Mystery (1997) (Action|Adventure|Comedy): Rated 5.0/5

Consider these two movies they have not seen:

- Movie A: Fun with Dick and Jane (2005) (Comedy|Crime), average rating 2.90/5 (72 ratings)
- Movie B: Meet the Spartans (2008) (Comedy), average rating 1.86/5 (38 ratings)

A decision tree trained on this dataset finds that when the two movies' average ratings differ by 1.00 to 1.30, users prefer the higher-rated movie 85% of the time.

TASK: Predict which movie Person 1 would rate higher. Explain your reasoning in 1 sentence. Then conclude with exactly 'PREDICTION: 1' (Movie A) or 'PREDICTION: 0' (Movie B).","You predicted Person 1's movie preference above.
TASK: Should we implement your prediction, or escalate to Person 1?
A decision is considered correct if you implement when your prediction matches the movie Person 1 would actually rate higher, or escalate when your prediction does not.
Explain your reasoning in 1-2 sentences, then conclude with exactly 'DECISION: 0' (implement) or 'DECISION: 1' (escalate).","Person 1 would rate Movie A higher because the difference in average ratings between the two unviewed movies (1.04) falls within the 1.00 to 1.30 range where the decision tree predicts a preference for the higher-rated film.

PREDICTION: 1
","Since the decision tree's condition is met and the prediction is that Person 1 prefers the higher-rated movie (Movie A), implementing the recommendation aligns with the model's logic.

DECISION: 0
",,,2026-05-27T16:08:24.624493
avg_diff_100_130,1,1,1,0,"Person 1 has reviewed the following movies:

- Perfume: The Story of a Murderer (2006) (Crime|Drama|Thriller): Rated 3.5/5
- Law Abiding Citizen (2009) (Drama|Thriller): Rated 4.5/5
- Funny People (2009) (Comedy|Drama): Rated 2.5/5
- Poison Ivy (1992) (Drama|Thriller): Rated 3.5/5
- Fight Club (1999) (Action|Crime|Drama|Thriller): Rated 3.5/5

Consider these two movies they have not seen:

- Movie A: Dark Knight, The (2008) (Action|Crime|Drama|IMAX), average rating 4.16/5 (1880 ratings)
- Movie B: Prince of Persia: The Sands of Time (2010) (Action|Adventure|Fantasy|Romance|IMAX), average rating 3.13/5 (161 ratings)

A decision tree trained on this dataset finds that when the two movies' average ratings differ by 1.00 to 1.30, users prefer the higher-rated movie 85% of the time.

TASK: Predict which movie Person 1 would rate higher. Explain your reasoning in 1 sentence. Then conclude with exactly 'PREDICTION: 1' (Movie A) or 'PREDICTION: 0' (Movie B).","You predicted Person 1's movie preference above.
TASK: Should we implement your prediction, or escalate to Person 1?
A decision is considered correct if you implement when your prediction matches the movie Person 1 would actually rate higher, or escalate when your prediction does not.
Explain your reasoning in 1-2 sentences, then conclude with exactly 'DECISION: 0' (implement) or 'DECISION: 1' (escalate).","Person 1 would rate Movie A higher because the difference between the two movies' average ratings (4.16 - 3.13 = 1.03) falls within the 1.00 to 1.30 range where the decision tree predicts a preference for the higher-rated movie.

PREDICTION: 1
","Since the decision tree indicates a strong 85% probability that Person 1 prefers the higher-rated movie in this specific rating difference range, and our prediction aligns with that rule, we should proceed with implementing the recommendation rather than escalating.

DECISION: 0
",,,2026-05-27T16:08:33.463035
avg_diff_100_130,1,1,1,0,"Person 1 has reviewed the following movies:

- Pirates of the Caribbean: The Curse of the Black Pearl (2003) (Action|Adventure|Comedy|Fantasy): Rated 4.5/5
- Road Trip (2000) (Comedy): Rated 3.0/5
- Appleseed (Appurushîdo) (2004) (Action|Animation|Fantasy|Sci-Fi): Rated 4.5/5
- Island of Dr. Moreau, The (1996) (Sci-Fi|Thriller): Rated 3.5/5
- Cars (2006) (Animation|Children|Comedy): Rated 4.0/5

Consider these two movies they have not seen:

- Movie A: Clockwork Orange, A (1971) (Crime|Drama|Sci-Fi|Thriller), average rating 3.99/5 (1157 ratings)
- Movie B: Waterworld (1995) (Action|Adventure|Sci-Fi), average rating 2.86/5 (980 ratings)

A decision tree trained on this dataset finds that when the two movies' average ratings differ by 1.00 to 1.30, users prefer the higher-rated movie 85% of the time.

TASK: Predict which movie Person 1 would rate higher. Explain your reasoning in 1 sentence. Then conclude with exactly 'PREDICTION: 1' (Movie A) or 'PREDICTION: 0' (Movie B).","You predicted Person 1's movie preference above.
TASK: Should we implement your prediction, or escalate to Person 1?
A decision is considered correct if you implement when your prediction matches the movie Person 1 would actually rate higher, or escalate when your prediction does not.
Explain your reasoning in 1-2 sentences, then conclude with exactly 'DECISION: 0' (implement) or 'DECISION: 1' (escalate).","The difference between the average ratings of Movie A (3.99) and Movie B (2.86) is 1.13, which falls within the 1.00 to 1.30 range where the decision tree indicates a 85% preference for the higher-rated movie. Since Movie A has the higher rating, Person 1 would likely rate it higher. PREDICTION: 1
","Since the decision tree indicates a high probability (85%) that Person 1 prefers the higher-rated movie and Movie A is indeed the higher-rated option, implementing the prediction is the logical course of action. DECISION: 0
",,,2026-05-27T16:08:42.826657
avg_diff_100_130,1,1,1,0,"Person 1 has reviewed the following movies:

- Hype! (1996) (Documentary): Rated 5.0/5
- Hedd Wyn (1992) (Drama|Romance|War): Rated 5.0/5
- Sgt. Bilko (1996) (Comedy): Rated 3.0/5
- Line King: The Al Hirschfeld Story, The (1996) (Documentary): Rated 5.0/5
- Hustler White (1996) (Romance): Rated 5.0/5

Consider these two movies they have not seen:

- Movie A: Mad Dog Time (1996) (Crime), average rating 3.67/5 (3 ratings)
- Movie B: D3: The Mighty Ducks (1996) (Children|Comedy), average rating 2.46/5 (67 ratings)

A decision tree trained on this dataset finds that when the two movies' average ratings differ by 1.00 to 1.30, users prefer the higher-rated movie 85% of the time.

TASK: Predict which movie Person 1 would rate higher. Explain your reasoning in 1 sentence. Then conclude with exactly 'PREDICTION: 1' (Movie A) or 'PREDICTION: 0' (Movie B).","You predicted Person 1's movie preference above.
TASK: Should we implement your prediction, or escalate to Person 1?
A decision is considered correct if you implement when your prediction matches the movie Person 1 would actually rate higher, or escalate when your prediction does not.
Explain your reasoning in 1-2 sentences, then conclude with exactly 'DECISION: 0' (implement) or 'DECISION: 1' (escalate).","Person 1 would rate Movie A higher because the difference between their highest-rated movie (5.0) and Movie A's average (3.67) falls within the 1.00 to 1.30 range where users prefer the higher-rated option, whereas Movie B's lower rating (2.46) creates a larger gap that does not trigger this specific preference pattern.

PREDICTION: 1
","Since the decision tree indicates a strong 85% preference for the higher-rated movie within the specific rating difference range observed, implementing the prediction is the logical course of action based on the available data.

DECISION: 0
",,,2026-05-27T16:08:52.136886
avg_diff_100_130,1,1,1,0,"Person 1 has reviewed the following movies:

- Jurassic Park (1993) (Action|Adventure|Sci-Fi|Thriller): Rated 2.0/5
- Ace Ventura: Pet Detective (1994) (Comedy): Rated 2.0/5
- Postman, The (Postino, Il) (1994) (Comedy|Drama|Romance): Rated 3.0/5
- Sleepless in Seattle (1993) (Comedy|Drama|Romance): Rated 2.0/5
- Flintstones, The (1994) (Children|Comedy|Fantasy): Rated 1.0/5

Consider these two movies they have not seen:

- Movie A: Apollo 13 (1995) (Adventure|Drama|IMAX), average rating 3.87/5 (1803 ratings)
- Movie B: Coneheads (1993) (Comedy|Sci-Fi), average rating 2.64/5 (445 ratings)

A decision tree trained on this dataset finds that when the two movies' average ratings differ by 1.00 to 1.30, users prefer the higher-rated movie 85% of the time.

TASK: Predict which movie Person 1 would rate higher. Explain your reasoning in 1 sentence. Then conclude with exactly 'PREDICTION: 1' (Movie A) or 'PREDICTION: 0' (Movie B).","You predicted Person 1's movie preference above.
TASK: Should we implement your prediction, or escalate to Person 1?
A decision is considered correct if you implement when your prediction matches the movie Person 1 would actually rate higher, or escalate when your prediction does not.
Explain your reasoning in 1-2 sentences, then conclude with exactly 'DECISION: 0' (implement) or 'DECISION: 1' (escalate).","Person 1 would rate Movie A higher because the difference in average ratings between the two unviewed movies (3.87 - 2.64 = 1.23) falls within the 1.00 to 1.30 range where the decision tree indicates a strong preference for the higher-rated option.

PREDICTION: 1
","Since the decision tree indicates a high probability (85%) that Person 1 prefers the higher-rated movie within the specific rating difference range, and our prediction aligns with this statistical likelihood, implementing the recommendation is the logical course of action.

DECISION: 0
",,,2026-05-27T16:09:01.232669
avg_diff_100_130,1,1,1,0,"Person 1 has reviewed the following movies:

- Shining, The (1980) (Horror): Rated 3.0/5
- Zootopia (2016) (Action|Adventure|Animation|Children|Comedy): Rated 4.0/5
- Love Actually (2003) (Comedy|Drama|Romance): Rated 3.0/5
- Wedding Crashers (2005) (Comedy|Romance): Rated 4.0/5
- Monsters, Inc. (2001) (Adventure|Animation|Children|Comedy|Fantasy): Rated 3.0/5

Consider these two movies they have not seen:

- Movie A: Planet Earth (2006) (Documentary), average rating 4.54/5 (90 ratings)
- Movie B: The Hobbit: The Battle of the Five Armies (2014) (Adventure|Fantasy), average rating 3.40/5 (277 ratings)

A decision tree trained on this dataset finds that when the two movies' average ratings differ by 1.00 to 1.30, users prefer the higher-rated movie 85% of the time.

TASK: Predict which movie Person 1 would rate higher. Explain your reasoning in 1 sentence. Then conclude with exactly 'PREDICTION: 1' (Movie A) or 'PREDICTION: 0' (Movie B).","You predicted Person 1's movie preference above.
TASK: Should we implement your prediction, or escalate to Person 1?
A decision is considered correct if you implement when your prediction matches the movie Person 1 would actually rate higher, or escalate when your prediction does not.
Explain your reasoning in 1-2 sentences, then conclude with exactly 'DECISION: 0' (implement) or 'DECISION: 1' (escalate).","Person 1 would rate Movie A higher because the difference in average ratings between the two unwatched films (4.54 - 3.40 = 1.14) falls within the 1.00 to 1.30 range where the decision tree indicates a strong preference for the movie with the higher rating.

PREDICTION: 1
","Since the decision tree explicitly states that users prefer the higher-rated movie when the rating difference falls within the 1.00 to 1.30 range, and our calculated difference of 1.14 fits this criteria perfectly, we can confidently implement the prediction without needing to escalate.

DECISION: 0
",,,2026-05-27T16:09:11.154680
avg_diff_100_130,0,1,0,0,"Person 1 has reviewed the following movies:

- National Treasure (2004) (Action|Adventure|Drama|Mystery|Thriller): Rated 4.0/5
- Harry Potter and the Prisoner of Azkaban (2004) (Adventure|Fantasy|IMAX): Rated 5.0/5
- I, Robot (2004) (Action|Adventure|Sci-Fi|Thriller): Rated 4.5/5
- Shrek (2001) (Adventure|Animation|Children|Comedy|Fantasy|Romance): Rated 4.0/5
- Hobbit: An Unexpected Journey, The (2012) (Adventure|Fantasy|IMAX): Rated 3.5/5

Consider these two movies they have not seen:

- Movie A: Grand Budapest Hotel, The (2014) (Comedy|Drama), average rating 4.03/5 (703 ratings)
- Movie B: Knowing (2009) (Action|Drama|Mystery|Sci-Fi|Thriller), average rating 2.95/5 (129 ratings)

A decision tree trained on this dataset finds that when the two movies' average ratings differ by 1.00 to 1.30, users prefer the higher-rated movie 85% of the time.

TASK: Predict which movie Person 1 would rate higher. Explain your reasoning in 1 sentence. Then conclude with exactly 'PREDICTION: 1' (Movie A) or 'PREDICTION: 0' (Movie B).","You predicted Person 1's movie preference above.
TASK: Should we implement your prediction, or escalate to Person 1?
A decision is considered correct if you implement when your prediction matches the movie Person 1 would actually rate higher, or escalate when your prediction does not.
Explain your reasoning in 1-2 sentences, then conclude with exactly 'DECISION: 0' (implement) or 'DECISION: 1' (escalate).","The difference between the average ratings of Movie A (4.03) and Movie B (2.95) is 1.08, which falls within the 1.00 to 1.30 range where the decision tree indicates a strong preference for the higher-rated movie.

PREDICTION: 1
","Since the decision tree indicates a high probability (85%) that Person 1 will prefer the higher-rated movie given the rating difference, implementing the prediction is the statistically sound choice without needing to escalate.

DECISION: 0
",,,2026-05-27T16:09:19.304561
avg_diff_100_130,1,1,1,0,"Person 1 has reviewed the following movies:

- Celluloid Closet, The (1995) (Documentary): Rated 3.0/5
- Spitfire Grill, The (1996) (Drama): Rated 3.0/5
- Leaving Las Vegas (1995) (Drama|Romance): Rated 4.0/5
- Fifth Element, The (1997) (Action|Adventure|Comedy|Sci-Fi): Rated 3.0/5
- French Twist (Gazon maudit) (1995) (Comedy|Romance): Rated 3.0/5

Consider these two movies they have not seen:

- Movie A: Godfather, The (1972) (Crime|Drama), average rating 4.31/5 (2098 ratings)
- Movie B: Don't Be a Menace to South Central While Drinking Your Juice in the Hood (1996) (Comedy|Crime), average rating 3.16/5 (79 ratings)

A decision tree trained on this dataset finds that when the two movies' average ratings differ by 1.00 to 1.30, users prefer the higher-rated movie 85% of the time.

TASK: Predict which movie Person 1 would rate higher. Explain your reasoning in 1 sentence. Then conclude with exactly 'PREDICTION: 1' (Movie A) or 'PREDICTION: 0' (Movie B).","You predicted Person 1's movie preference above.
TASK: Should we implement your prediction, or escalate to Person 1?
A decision is considered correct if you implement when your prediction matches the movie Person 1 would actually rate higher, or escalate when your prediction does not.
Explain your reasoning in 1-2 sentences, then conclude with exactly 'DECISION: 0' (implement) or 'DECISION: 1' (escalate).","Person 1 would rate Movie A higher because the difference between the two movies' average ratings (1.15) falls within the 1.00 to 1.30 range where the decision tree predicts a 85% preference for the higher-rated film, and Movie A has the higher rating. PREDICTION: 1
","Since the decision tree indicates a high probability (85%) that Person 1 prefers the higher-rated movie, and Movie A is indeed the higher-rated option, implementing the prediction is the logical course of action. DECISION: 0
",,,2026-05-27T16:09:27.629594
avg_diff_100_130,0,1,0,0,"Person 1 has reviewed the following movies:

- Waterworld (1995) (Action|Adventure|Sci-Fi): Rated 4.0/5
- Dave (1993) (Comedy|Romance): Rated 4.0/5
- Forrest Gump (1994) (Comedy|Drama|Romance|War): Rated 4.0/5
- Silence of the Lambs, The (1991) (Crime|Horror|Thriller): Rated 4.0/5
- Congo (1995) (Action|Adventure|Mystery|Sci-Fi): Rated 4.0/5

Consider these two movies they have not seen:

- Movie A: Pulp Fiction (1994) (Comedy|Crime|Drama|Thriller), average rating 4.18/5 (3047 ratings)
- Movie B: Net, The (1995) (Action|Crime|Thriller), average rating 3.09/5 (791 ratings)

A decision tree trained on this dataset finds that when the two movies' average ratings differ by 1.00 to 1.30, users prefer the higher-rated movie 85% of the time.

TASK: Predict which movie Person 1 would rate higher. Explain your reasoning in 1 sentence. Then conclude with exactly 'PREDICTION: 1' (Movie A) or 'PREDICTION: 0' (Movie B).","You predicted Person 1's movie preference above.
TASK: Should we implement your prediction, or escalate to Person 1?
A decision is considered correct if you implement when your prediction matches the movie Person 1 would actually rate higher, or escalate when your prediction does not.
Explain your reasoning in 1-2 sentences, then conclude with exactly 'DECISION: 0' (implement) or 'DECISION: 1' (escalate).","Person 1 would rate Movie A higher because the difference between the average ratings of Movie A (4.18) and Movie B (3.09) is 1.09, which falls within the 1.00 to 1.30 range where users prefer the higher-rated movie 85% of the time.

PREDICTION: 1
","Since the decision tree indicates a high probability (85%) that Person 1 prefers the higher-rated movie within this specific rating difference range, and our prediction aligns with that rule, we should proceed with implementing the recommendation rather than asking for confirmation.

DECISION: 0
",,,2026-05-27T16:09:37.043923
avg_diff_100_130,0,1,0,0,"Person 1 has reviewed the following movies:

- Thing, The (1982) (Action|Horror|Sci-Fi|Thriller): Rated 3.5/5
- Star Wars: Episode IV - A New Hope (1977) (Action|Adventure|Sci-Fi): Rated 4.0/5
- American Werewolf in London, An (1981) (Comedy|Horror|Thriller): Rated 3.5/5
- Jay and Silent Bob Strike Back (2001) (Adventure|Comedy): Rated 1.0/5
- House on Haunted Hill (1999) (Horror|Thriller): Rated 1.5/5

Consider these two movies they have not seen:

- Movie A: Iron Giant, The (1999) (Adventure|Animation|Children|Drama|Sci-Fi), average rating 3.92/5 (356 ratings)
- Movie B: Dick Tracy (1990) (Action|Crime), average rating 2.73/5 (225 ratings)

A decision tree trained on this dataset finds that when the two movies' average ratings differ by 1.00 to 1.30, users prefer the higher-rated movie 85% of the time.

TASK: Predict which movie Person 1 would rate higher. Explain your reasoning in 1 sentence. Then conclude with exactly 'PREDICTION: 1' (Movie A) or 'PREDICTION: 0' (Movie B).","You predicted Person 1's movie preference above.
TASK: Should we implement your prediction, or escalate to Person 1?
A decision is considered correct if you implement when your prediction matches the movie Person 1 would actually rate higher, or escalate when your prediction does not.
Explain your reasoning in 1-2 sentences, then conclude with exactly 'DECISION: 0' (implement) or 'DECISION: 1' (escalate).","Person 1 would rate Movie A higher because the difference between the average ratings of Movie A (3.92) and Movie B (2.73) is 1.19, which falls within the 1.00 to 1.30 range where users prefer the higher-rated movie 85% of the time.

PREDICTION: 1
","Since the decision tree indicates a high probability (85%) that Person 1 prefers the higher-rated movie within this specific rating difference range, and Movie A is indeed the higher-rated option, implementing the prediction is the logical course of action.

DECISION: 0
",,,2026-05-27T16:09:46.439252
avg_diff_100_130,1,1,1,0,"Person 1 has reviewed the following movies:

- Wood, The (1999) (Drama): Rated 3.5/5
- Scrooged (1988) (Comedy|Fantasy|Romance): Rated 3.5/5
- Universal Soldier (1992) (Action|Sci-Fi): Rated 0.5/5
- Lethal Weapon 4 (1998) (Action|Comedy|Crime|Thriller): Rated 3.5/5
- Whatever It Takes (2000) (Comedy|Romance): Rated 1.5/5

Consider these two movies they have not seen:

- Movie A: Eternal Sunshine of the Spotless Mind (2004) (Drama|Romance|Sci-Fi), average rating 4.06/5 (1381 ratings)
- Movie B: Rocky IV (1985) (Action|Drama), average rating 2.95/5 (221 ratings)

A decision tree trained on this dataset finds that when the two movies' average ratings differ by 1.00 to 1.30, users prefer the higher-rated movie 85% of the time.

TASK: Predict which movie Person 1 would rate higher. Explain your reasoning in 1 sentence. Then conclude with exactly 'PREDICTION: 1' (Movie A) or 'PREDICTION: 0' (Movie B).","You predicted Person 1's movie preference above.
TASK: Should we implement your prediction, or escalate to Person 1?
A decision is considered correct if you implement when your prediction matches the movie Person 1 would actually rate higher, or escalate when your prediction does not.
Explain your reasoning in 1-2 sentences, then conclude with exactly 'DECISION: 0' (implement) or 'DECISION: 1' (escalate).","Person 1 would rate Movie A higher because the difference in average ratings between the two movies (1.11) falls within the 1.00 to 1.30 range where the decision tree predicts a preference for the higher-rated film. PREDICTION: 1
","Since the decision tree indicates a strong 85% probability that Person 1 prefers the higher-rated movie (Movie A) based on the specific rating difference, implementing the prediction is the logical course of action without needing to escalate. DECISION: 0
",,,2026-05-27T16:09:54.243113
avg_diff_100_130,0,1,0,0,"Person 1 has reviewed the following movies:

- Friday the 13th Part VII: The New Blood (1988) (Horror): Rated 3.0/5
- Christine (1983) (Horror): Rated 3.0/5
- Friday the 13th (1980) (Horror|Mystery|Thriller): Rated 3.0/5
- Pet Sematary (1989) (Horror): Rated 3.0/5
- Evil Dead II (Dead by Dawn) (1987) (Action|Comedy|Fantasy|Horror): Rated 5.0/5

Consider these two movies they have not seen:

- Movie A: Fright Night (1985) (Comedy|Horror|Thriller), average rating 3.39/5 (89 ratings)
- Movie B: Nightmare on Elm Street 4: The Dream Master, A (1988) (Horror|Thriller), average rating 2.39/5 (75 ratings)

A decision tree trained on this dataset finds that when the two movies' average ratings differ by 1.00 to 1.30, users prefer the higher-rated movie 85% of the time.

TASK: Predict which movie Person 1 would rate higher. Explain your reasoning in 1 sentence. Then conclude with exactly 'PREDICTION: 1' (Movie A) or 'PREDICTION: 0' (Movie B).","You predicted Person 1's movie preference above.
TASK: Should we implement your prediction, or escalate to Person 1?
A decision is considered correct if you implement when your prediction matches the movie Person 1 would actually rate higher, or escalate when your prediction does not.
Explain your reasoning in 1-2 sentences, then conclude with exactly 'DECISION: 0' (implement) or 'DECISION: 1' (escalate).","Person 1 would rate Movie A higher because the difference in average ratings between the two unwatched movies (3.39 - 2.39 = 1.00) falls within the 1.00 to 1.30 range where the decision tree predicts a preference for the higher-rated film.

PREDICTION: 1
","Since the decision tree explicitly predicts that Person 1 prefers the higher-rated movie when the rating difference is between 1.00 and 1.30, and the calculated difference between Movie A and Movie B is exactly 1.00, the prediction is reliable enough to implement without needing to ask the user.

DECISION: 0
",,,2026-05-27T16:10:04.349654
avg_diff_100_130,1,1,1,0,"Person 1 has reviewed the following movies:

- Blind Side, The  (2009) (Drama): Rated 4.0/5
- William Shakespeare's Romeo + Juliet (1996) (Drama|Romance): Rated 2.0/5
- Elf (2003) (Children|Comedy|Fantasy): Rated 4.5/5
- Clockwork Orange, A (1971) (Crime|Drama|Sci-Fi|Thriller): Rated 3.5/5
- Dark Knight, The (2008) (Action|Crime|Drama|IMAX): Rated 5.0/5

Consider these two movies they have not seen:

- Movie A: Fast Times at Ridgemont High (1982) (Comedy|Drama|Romance), average rating 3.64/5 (274 ratings)
- Movie B: Dude, Where's My Car? (2000) (Comedy|Sci-Fi), average rating 2.55/5 (228 ratings)

A decision tree trained on this dataset finds that when the two movies' average ratings differ by 1.00 to 1.30, users prefer the higher-rated movie 85% of the time.

TASK: Predict which movie Person 1 would rate higher. Explain your reasoning in 1 sentence. Then conclude with exactly 'PREDICTION: 1' (Movie A) or 'PREDICTION: 0' (Movie B).","You predicted Person 1's movie preference above.
TASK: Should we implement your prediction, or escalate to Person 1?
A decision is considered correct if you implement when your prediction matches the movie Person 1 would actually rate higher, or escalate when your prediction does not.
Explain your reasoning in 1-2 sentences, then conclude with exactly 'DECISION: 0' (implement) or 'DECISION: 1' (escalate).","The decision tree predicts Person 1 will rate Movie A higher because the 0.85-point difference between the two movies falls within the 1.00 to 1.30 range where the model indicates a strong preference for the higher-rated option, and Person 1's history shows a tendency to rate comedies highly (e.g., *Elf* 4.5/5) while penalizing romantic dramas (e.g., *Romeo + Juliet* 2.0/5), aligning with the higher rating of Movie A.

PREDICTION: 1
","Since the decision tree indicates a high probability (85%) that Person 1 prefers the higher-rated movie within this specific rating difference range, and Person 1's historical data supports a preference for comedies over romantic dramas, implementing the prediction is the logical course of action without needing to escalate.

DECISION: 0
",,,2026-05-27T16:10:17.083422
avg_diff_100_130,1,1,1,0,"Person 1 has reviewed the following movies:

- Circle of Friends (1995) (Drama|Romance): Rated 3.0/5
- Little Princess, A (1995) (Children|Drama): Rated 5.0/5
- Casino (1995) (Crime|Drama): Rated 3.0/5
- Outbreak (1995) (Action|Drama|Sci-Fi|Thriller): Rated 3.0/5
- Interview with the Vampire: The Vampire Chronicles (1994) (Drama|Horror): Rated 2.0/5

Consider these two movies they have not seen:

- Movie A: In the Line of Fire (1993) (Action|Thriller), average rating 3.74/5 (636 ratings)
- Movie B: Beverly Hillbillies, The (1993) (Comedy), average rating 2.45/5 (151 ratings)

A decision tree trained on this dataset finds that when the two movies' average ratings differ by 1.00 to 1.30, users prefer the higher-rated movie 85% of the time.

TASK: Predict which movie Person 1 would rate higher. Explain your reasoning in 1 sentence. Then conclude with exactly 'PREDICTION: 1' (Movie A) or 'PREDICTION: 0' (Movie B).","You predicted Person 1's movie preference above.
TASK: Should we implement your prediction, or escalate to Person 1?
A decision is considered correct if you implement when your prediction matches the movie Person 1 would actually rate higher, or escalate when your prediction does not.
Explain your reasoning in 1-2 sentences, then conclude with exactly 'DECISION: 0' (implement) or 'DECISION: 1' (escalate).","Person 1 would rate Movie A higher because the difference in average ratings between the two unviewed movies (1.29) falls within the 1.00 to 1.30 range where the decision tree indicates a strong preference for the higher-rated option.

PREDICTION: 1
","Since the decision tree rule explicitly states a high probability (85%) that users prefer the higher-rated movie when the rating difference falls within the 1.00 to 1.30 range, and our calculated difference of 1.29 fits this criteria perfectly, we can confidently implement the prediction without needing to escalate.

DECISION: 0
",,,2026-05-27T16:10:26.617122
avg_diff_100_130,1,1,1,0,"Person 1 has reviewed the following movies:

- Simply Irresistible (1999) (Comedy|Romance): Rated 1.0/5
- Muppets From Space (1999) (Children|Comedy): Rated 1.0/5
- Blood, Guts, Bullets and Octane (1998) (Action|Comedy): Rated 3.0/5
- Idle Hands (1999) (Comedy|Horror): Rated 1.0/5
- Superstar (1999) (Comedy): Rated 4.0/5

Consider these two movies they have not seen:

- Movie A: Bowfinger (1999) (Comedy), average rating 3.10/5 (330 ratings)
- Movie B: Dudley Do-Right (1999) (Children|Comedy), average rating 2.02/5 (31 ratings)

A decision tree trained on this dataset finds that when the two movies' average ratings differ by 1.00 to 1.30, users prefer the higher-rated movie 85% of the time.

TASK: Predict which movie Person 1 would rate higher. Explain your reasoning in 1 sentence. Then conclude with exactly 'PREDICTION: 1' (Movie A) or 'PREDICTION: 0' (Movie B).","You predicted Person 1's movie preference above.
TASK: Should we implement your prediction, or escalate to Person 1?
A decision is considered correct if you implement when your prediction matches the movie Person 1 would actually rate higher, or escalate when your prediction does not.
Explain your reasoning in 1-2 sentences, then conclude with exactly 'DECISION: 0' (implement) or 'DECISION: 1' (escalate).","Person 1 would rate Movie A higher because the difference in average ratings between the two movies (1.08) falls within the 1.00 to 1.30 range where the decision tree indicates a strong preference for the higher-rated option.

PREDICTION: 1
","Since the decision tree indicates a high probability (85%) that Person 1 prefers the higher-rated movie within this specific rating difference range, and Movie A has the higher average rating, implementing the prediction is the statistically sound choice.

DECISION: 0
",,,2026-05-27T16:10:34.601145
avg_diff_100_130,1,1,1,0,"Person 1 has reviewed the following movies:

- Spider-Man: Across the Spider-Verse (2023) (Action|Adventure|Animation|Sci-Fi): Rated 5.0/5
- Forrest Gump (1994) (Comedy|Drama|Romance|War): Rated 5.0/5
- Fight Club (1999) (Action|Crime|Drama|Thriller): Rated 5.0/5
- Wolf of Wall Street, The (2013) (Comedy|Crime|Drama): Rated 5.0/5
- Interstellar (2014) (Sci-Fi|IMAX): Rated 5.0/5

Consider these two movies they have not seen:

- Movie A: Saving Private Ryan (1998) (Action|Drama|War), average rating 4.05/5 (1871 ratings)
- Movie B: Ace Ventura: Pet Detective (1994) (Comedy), average rating 2.97/5 (1310 ratings)

A decision tree trained on this dataset finds that when the two movies' average ratings differ by 1.00 to 1.30, users prefer the higher-rated movie 85% of the time.

TASK: Predict which movie Person 1 would rate higher. Explain your reasoning in 1 sentence. Then conclude with exactly 'PREDICTION: 1' (Movie A) or 'PREDICTION: 0' (Movie B).","You predicted Person 1's movie preference above.
TASK: Should we implement your prediction, or escalate to Person 1?
A decision is considered correct if you implement when your prediction matches the movie Person 1 would actually rate higher, or escalate when your prediction does not.
Explain your reasoning in 1-2 sentences, then conclude with exactly 'DECISION: 0' (implement) or 'DECISION: 1' (escalate).","Person 1 would rate Saving Private Ryan higher because the 1.08-point difference between the two movies' average ratings falls within the 1.00 to 1.30 range where the decision tree predicts a preference for the higher-rated film.

PREDICTION: 1
","Since the decision tree explicitly predicts that Person 1 prefers the higher-rated movie within the specific rating difference range observed, implementing the prediction is the correct course of action.

DECISION: 0
",,,2026-05-27T16:10:41.745528
avg_diff_100_130,0,1,0,0,"Person 1 has reviewed the following movies:

- Wishmaster (1997) (Horror): Rated 2.0/5
- Battlefield Earth (2000) (Action|Sci-Fi): Rated 3.0/5
- Hollow Man (2000) (Horror|Sci-Fi|Thriller): Rated 1.0/5
- Dinosaur (2000) (Adventure|Animation|Children): Rated 4.0/5
- 28 Days (2000) (Drama): Rated 3.0/5

Consider these two movies they have not seen:

- Movie A: Fight Club (1999) (Action|Crime|Drama|Thriller), average rating 4.22/5 (2425 ratings)
- Movie B: Austin Powers: The Spy Who Shagged Me (1999) (Action|Adventure|Comedy), average rating 3.19/5 (882 ratings)

A decision tree trained on this dataset finds that when the two movies' average ratings differ by 1.00 to 1.30, users prefer the higher-rated movie 85% of the time.

TASK: Predict which movie Person 1 would rate higher. Explain your reasoning in 1 sentence. Then conclude with exactly 'PREDICTION: 1' (Movie A) or 'PREDICTION: 0' (Movie B).","You predicted Person 1's movie preference above.
TASK: Should we implement your prediction, or escalate to Person 1?
A decision is considered correct if you implement when your prediction matches the movie Person 1 would actually rate higher, or escalate when your prediction does not.
Explain your reasoning in 1-2 sentences, then conclude with exactly 'DECISION: 0' (implement) or 'DECISION: 1' (escalate).","Person 1 would rate Movie A higher because the difference in average ratings between the two unwatched movies (1.03) falls within the 1.00 to 1.30 range where the decision tree indicates a strong preference for the higher-rated option.

PREDICTION: 1
","Since the decision tree explicitly states that users prefer the higher-rated movie 85% of the time when the rating difference falls within the 1.00 to 1.30 range, and our prediction aligns with this statistical likelihood, we should proceed with implementing the recommendation rather than escalating.

DECISION: 0
",,,2026-05-27T16:10:50.880169
avg_diff_100_130,1,1,1,0,"Person 1 has reviewed the following movies:

- Gundala (2019) (Action|Crime|Drama|Fantasy): Rated 3.0/5
- The Social Dilemma (2020) (Documentary|Drama): Rated 3.0/5
- Avengers: Age of Ultron (2015) (Action|Adventure|Sci-Fi): Rated 3.0/5
- Skiptrace (2016) (Action|Comedy): Rated 5.0/5
- The Hunt (2020) (Action|Horror|Thriller): Rated 3.0/5

Consider these two movies they have not seen:

- Movie A: Indiana Jones and the Last Crusade (1989) (Action|Adventure), average rating 4.00/5 (1435 ratings)
- Movie B: American Assassin (2017) (Action|Thriller), average rating 2.97/5 (15 ratings)

A decision tree trained on this dataset finds that when the two movies' average ratings differ by 1.00 to 1.30, users prefer the higher-rated movie 85% of the time.

TASK: Predict which movie Person 1 would rate higher. Explain your reasoning in 1 sentence. Then conclude with exactly 'PREDICTION: 1' (Movie A) or 'PREDICTION: 0' (Movie B).","You predicted Person 1's movie preference above.
TASK: Should we implement your prediction, or escalate to Person 1?
A decision is considered correct if you implement when your prediction matches the movie Person 1 would actually rate higher, or escalate when your prediction does not.
Explain your reasoning in 1-2 sentences, then conclude with exactly 'DECISION: 0' (implement) or 'DECISION: 1' (escalate).","Person 1 would rate Indiana Jones and the Last Crusade higher because the 1.03-point difference between the two movies falls within the 1.00 to 1.30 range where the decision tree predicts a preference for the higher-rated film, and Person 1's existing history shows a strong tendency to rate Action/Adventure films highly (evidenced by the 5.0 rating for Skiptrace). PREDICTION: 1
","Since the decision tree indicates a high probability (85%) that Person 1 prefers the higher-rated movie within this specific rating gap, and Person 1's history shows a strong preference for high-rated Action/Adventure films, implementing the prediction is the logical choice without needing to escalate. DECISION: 0
",,,2026-05-27T16:11:01.683293
avg_diff_100_130,1,1,1,0,"Person 1 has reviewed the following movies:

- City of Angels (1998) (Drama|Fantasy|Romance): Rated 3.0/5
- Reservoir Dogs (1992) (Crime|Mystery|Thriller): Rated 5.0/5
- 11.22.63 (2016) (Drama|Thriller): Rated 3.0/5
- Spider-Man: Across the Spider-Verse (2023) (Action|Adventure|Animation|Sci-Fi): Rated 5.0/5
- Donnie Brasco (1997) (Crime|Drama): Rated 4.0/5

Consider these two movies they have not seen:

- Movie A: Toy Story 3 (2010) (Adventure|Animation|Children|Comedy|Fantasy|IMAX), average rating 3.75/5 (624 ratings)
- Movie B: Richie Rich (1994) (Children|Comedy), average rating 2.49/5 (166 ratings)

A decision tree trained on this dataset finds that when the two movies' average ratings differ by 1.00 to 1.30, users prefer the higher-rated movie 85% of the time.

TASK: Predict which movie Person 1 would rate higher. Explain your reasoning in 1 sentence. Then conclude with exactly 'PREDICTION: 1' (Movie A) or 'PREDICTION: 0' (Movie B).","You predicted Person 1's movie preference above.
TASK: Should we implement your prediction, or escalate to Person 1?
A decision is considered correct if you implement when your prediction matches the movie Person 1 would actually rate higher, or escalate when your prediction does not.
Explain your reasoning in 1-2 sentences, then conclude with exactly 'DECISION: 0' (implement) or 'DECISION: 1' (escalate).","Person 1 would rate Toy Story 3 higher because the difference in average ratings between Movie A (3.75) and Movie B (2.49) is 1.26, which falls within the 1.00 to 1.30 range where users prefer the higher-rated movie.

PREDICTION: 1
","Since the decision tree indicates a strong 85% preference for the higher-rated movie within the specific rating difference range observed, implementing the prediction is the logical course of action without needing to escalate.

DECISION: 0
",,,2026-05-27T16:11:10.054041
avg_diff_100_130,1,1,1,0,"Person 1 has reviewed the following movies:

- Twelve Monkeys (a.k.a. 12 Monkeys) (1995) (Mystery|Sci-Fi|Thriller): Rated 4.0/5
- Mary Shelley's Frankenstein (Frankenstein) (1994) (Drama|Horror|Sci-Fi): Rated 3.0/5
- Quick and the Dead, The (1995) (Action|Thriller|Western): Rated 4.0/5
- Shawshank Redemption, The (1994) (Crime|Drama): Rated 3.5/5
- Blazing Saddles (1974) (Comedy|Western): Rated 3.0/5

Consider these two movies they have not seen:

- Movie A: Very Long Engagement, A (Un long dimanche de fiançailles) (2004) (Drama|Mystery|Romance|War), average rating 3.75/5 (78 ratings)
- Movie B: Brady Bunch Movie, The (1995) (Comedy), average rating 2.68/5 (313 ratings)

A decision tree trained on this dataset finds that when the two movies' average ratings differ by 1.00 to 1.30, users prefer the higher-rated movie 85% of the time.

TASK: Predict which movie Person 1 would rate higher. Explain your reasoning in 1 sentence. Then conclude with exactly 'PREDICTION: 1' (Movie A) or 'PREDICTION: 0' (Movie B).","You predicted Person 1's movie preference above.
TASK: Should we implement your prediction, or escalate to Person 1?
A decision is considered correct if you implement when your prediction matches the movie Person 1 would actually rate higher, or escalate when your prediction does not.
Explain your reasoning in 1-2 sentences, then conclude with exactly 'DECISION: 0' (implement) or 'DECISION: 1' (escalate).","The difference between the average ratings of Movie A (3.75) and Movie B (2.68) is 1.07, which falls within the 1.00 to 1.30 range where the decision tree indicates a 85% preference for the higher-rated movie. Since Movie A has the higher average rating, Person 1 is predicted to rate it higher. PREDICTION: 1
","Since the decision tree provides a high-confidence prediction (85%) that Person 1 prefers the higher-rated movie, and there is no information suggesting Person 1's personal taste deviates from this statistical trend, implementing the prediction is the most efficient course of action. DECISION: 0
",,,2026-05-27T16:11:20.289824
avg_diff_100_130,1,1,1,0,"Person 1 has reviewed the following movies:

- Bourne Supremacy, The (2004) (Action|Crime|Thriller): Rated 5.0/5
- Parker (2013) (Crime|Thriller): Rated 4.0/5
- Revolver (2005) (Crime|Drama|Thriller): Rated 4.5/5
- Melancholia (2011) (Drama|Sci-Fi): Rated 5.0/5
- Dan in Real Life (2007) (Comedy|Drama|Romance): Rated 4.0/5

Consider these two movies they have not seen:

- Movie A: Christmas Vacation (National Lampoon's Christmas Vacation) (1989) (Comedy), average rating 3.70/5 (216 ratings)
- Movie B: Unborn, The (2009) (Horror|Mystery|Thriller), average rating 2.55/5 (11 ratings)

A decision tree trained on this dataset finds that when the two movies' average ratings differ by 1.00 to 1.30, users prefer the higher-rated movie 85% of the time.

TASK: Predict which movie Person 1 would rate higher. Explain your reasoning in 1 sentence. Then conclude with exactly 'PREDICTION: 1' (Movie A) or 'PREDICTION: 0' (Movie B).","You predicted Person 1's movie preference above.
TASK: Should we implement your prediction, or escalate to Person 1?
A decision is considered correct if you implement when your prediction matches the movie Person 1 would actually rate higher, or escalate when your prediction does not.
Explain your reasoning in 1-2 sentences, then conclude with exactly 'DECISION: 0' (implement) or 'DECISION: 1' (escalate).","Person 1 would rate Movie A higher because the difference in average ratings between Movie A (3.70) and Movie B (2.55) is 1.15, which falls within the 1.00 to 1.30 range where users prefer the higher-rated movie 85% of the time.

PREDICTION: 1
","Since the decision tree indicates a high probability (85%) that Person 1 prefers the higher-rated movie given the rating difference, implementing the prediction is the statistically sound choice without needing to escalate.

DECISION: 0
",,,2026-05-27T16:11:28.912846
avg_diff_100_130,1,1,1,0,"Person 1 has reviewed the following movies:

- Big Daddy (1999) (Comedy): Rated 4.0/5
- Insomnia (2002) (Action|Crime|Drama|Mystery|Thriller): Rated 4.0/5
- Bourne Identity, The (2002) (Action|Mystery|Thriller): Rated 4.0/5
- Changing Lanes (2002) (Drama|Thriller): Rated 4.0/5
- Godfather, The (1972) (Crime|Drama): Rated 5.0/5

Consider these two movies they have not seen:

- Movie A: Saving Private Ryan (1998) (Action|Drama|War), average rating 4.05/5 (1871 ratings)
- Movie B: Bad Company (2002) (Action|Comedy|Crime), average rating 2.78/5 (34 ratings)

A decision tree trained on this dataset finds that when the two movies' average ratings differ by 1.00 to 1.30, users prefer the higher-rated movie 85% of the time.

TASK: Predict which movie Person 1 would rate higher. Explain your reasoning in 1 sentence. Then conclude with exactly 'PREDICTION: 1' (Movie A) or 'PREDICTION: 0' (Movie B).","You predicted Person 1's movie preference above.
TASK: Should we implement your prediction, or escalate to Person 1?
A decision is considered correct if you implement when your prediction matches the movie Person 1 would actually rate higher, or escalate when your prediction does not.
Explain your reasoning in 1-2 sentences, then conclude with exactly 'DECISION: 0' (implement) or 'DECISION: 1' (escalate).","Person 1 would rate Movie A higher because the difference between the average ratings of Movie A (4.05) and Movie B (2.78) is 1.27, which falls within the 1.00 to 1.30 range where users prefer the higher-rated movie.

PREDICTION: 1
","Since the decision tree indicates a strong 85% preference for the higher-rated movie within the specific rating difference range observed, implementing the prediction is the logical course of action without needing to escalate.

DECISION: 0
",,,2026-05-27T16:11:37.167834
avg_diff_100_130,1,1,1,0,"Person 1 has reviewed the following movies:

- League of Their Own, A (1992) (Comedy|Drama): Rated 3.0/5
- Chariots of Fire (1981) (Drama): Rated 4.0/5
- Thank You for Smoking (2006) (Comedy|Drama): Rated 3.0/5
- Jurassic Park (1993) (Action|Adventure|Sci-Fi|Thriller): Rated 3.5/5
- Lord of the Rings: The Return of the King, The (2003) (Action|Adventure|Drama|Fantasy): Rated 4.5/5

Consider these two movies they have not seen:

- Movie A: Star Wars: Episode V - The Empire Strikes Back (1980) (Action|Adventure|Sci-Fi), average rating 4.10/5 (2250 ratings)
- Movie B: Armageddon (1998) (Action|Romance|Sci-Fi|Thriller), average rating 3.02/5 (811 ratings)

A decision tree trained on this dataset finds that when the two movies' average ratings differ by 1.00 to 1.30, users prefer the higher-rated movie 85% of the time.

TASK: Predict which movie Person 1 would rate higher. Explain your reasoning in 1 sentence. Then conclude with exactly 'PREDICTION: 1' (Movie A) or 'PREDICTION: 0' (Movie B).","You predicted Person 1's movie preference above.
TASK: Should we implement your prediction, or escalate to Person 1?
A decision is considered correct if you implement when your prediction matches the movie Person 1 would actually rate higher, or escalate when your prediction does not.
Explain your reasoning in 1-2 sentences, then conclude with exactly 'DECISION: 0' (implement) or 'DECISION: 1' (escalate).","Person 1 would rate Movie A higher because the difference in average ratings between Movie A (4.10) and Movie B (3.02) is 1.08, which falls within the 1.00 to 1.30 range where the decision tree predicts a preference for the higher-rated movie.

PREDICTION: 1
","Since the decision tree indicates a strong 85% probability that Person 1 prefers the higher-rated movie within this specific rating difference range, and Movie A is indeed the higher-rated film, implementing the prediction is the logical course of action.

DECISION: 0
",,,2026-05-27T16:11:46.242075
avg_diff_100_130,1,1,1,0,"Person 1 has reviewed the following movies:

- High Art (1998) (Drama|Romance): Rated 2.0/5
- Love and Death on Long Island (1997) (Comedy|Drama): Rated 2.0/5
- She's So Lovely (1997) (Drama|Romance): Rated 1.0/5
- Powder (1995) (Drama|Sci-Fi): Rated 4.0/5
- Primary Colors (1998) (Comedy|Drama): Rated 4.0/5

Consider these two movies they have not seen:

- Movie A: Sweet Hereafter, The (1997) (Drama), average rating 4.10/5 (140 ratings)
- Movie B: Feeling Minnesota (1996) (Drama|Romance), average rating 2.85/5 (40 ratings)

A decision tree trained on this dataset finds that when the two movies' average ratings differ by 1.00 to 1.30, users prefer the higher-rated movie 85% of the time.

TASK: Predict which movie Person 1 would rate higher. Explain your reasoning in 1 sentence. Then conclude with exactly 'PREDICTION: 1' (Movie A) or 'PREDICTION: 0' (Movie B).","You predicted Person 1's movie preference above.
TASK: Should we implement your prediction, or escalate to Person 1?
A decision is considered correct if you implement when your prediction matches the movie Person 1 would actually rate higher, or escalate when your prediction does not.
Explain your reasoning in 1-2 sentences, then conclude with exactly 'DECISION: 0' (implement) or 'DECISION: 1' (escalate).","Person 1 would rate Movie A higher because the difference in average ratings between the two unwatched movies (1.25) falls within the 1.00 to 1.30 range where the decision tree indicates a strong preference for the higher-rated option.

PREDICTION: 1
","Since the decision tree indicates a high probability (85%) that Person 1 prefers the higher-rated movie within this specific rating difference range, and our prediction aligns with that rule, we should proceed with the implementation rather than seeking further confirmation.

DECISION: 0
",,,2026-05-27T16:11:54.606422
avg_diff_100_130,0,1,0,0,"Person 1 has reviewed the following movies:

- In the Line of Fire (1993) (Action|Thriller): Rated 4.0/5
- Pulp Fiction (1994) (Comedy|Crime|Drama|Thriller): Rated 5.0/5
- Terminator 2: Judgment Day (1991) (Action|Sci-Fi): Rated 4.0/5
- Batman (1989) (Action|Crime|Thriller): Rated 5.0/5
- Speed (1994) (Action|Romance|Thriller): Rated 4.0/5

Consider these two movies they have not seen:

- Movie A: Forrest Gump (1994) (Comedy|Drama|Romance|War), average rating 4.04/5 (3089 ratings)
- Movie B: Ace Ventura: Pet Detective (1994) (Comedy), average rating 2.97/5 (1310 ratings)

A decision tree trained on this dataset finds that when the two movies' average ratings differ by 1.00 to 1.30, users prefer the higher-rated movie 85% of the time.

TASK: Predict which movie Person 1 would rate higher. Explain your reasoning in 1 sentence. Then conclude with exactly 'PREDICTION: 1' (Movie A) or 'PREDICTION: 0' (Movie B).","You predicted Person 1's movie preference above.
TASK: Should we implement your prediction, or escalate to Person 1?
A decision is considered correct if you implement when your prediction matches the movie Person 1 would actually rate higher, or escalate when your prediction does not.
Explain your reasoning in 1-2 sentences, then conclude with exactly 'DECISION: 0' (implement) or 'DECISION: 1' (escalate).","Person 1 would rate Movie A higher because the difference in average ratings between the two unviewed movies (1.07) falls within the 1.00 to 1.30 range where the decision tree indicates a strong preference for the higher-rated option.

PREDICTION: 1
","Since the decision tree indicates a high probability (85%) that Person 1 prefers the higher-rated movie within this specific rating difference range, and our prediction aligns with that rule, we should proceed with implementing the recommendation rather than escalating.

DECISION: 0
",,,2026-05-27T16:12:02.928290
avg_diff_100_130,1,1,1,0,"Person 1 has reviewed the following movies:

- Who Framed Roger Rabbit? (1988) (Adventure|Animation|Children|Comedy|Crime|Fantasy|Mystery): Rated 5.0/5
- Mask of Zorro, The (1998) (Action|Comedy|Romance): Rated 3.0/5
- Three Musketeers, The (1993) (Action|Adventure|Comedy|Romance): Rated 5.0/5
- Jewel of the Nile, The (1985) (Action|Adventure|Comedy|Romance): Rated 3.0/5
- Almost Famous (2000) (Drama): Rated 4.0/5

Consider these two movies they have not seen:

- Movie A: Three Kings (1999) (Action|Adventure|Comedy|Drama|War), average rating 3.68/5 (427 ratings)
- Movie B: Blue Lagoon, The (1980) (Adventure|Drama|Romance), average rating 2.50/5 (137 ratings)

A decision tree trained on this dataset finds that when the two movies' average ratings differ by 1.00 to 1.30, users prefer the higher-rated movie 85% of the time.

TASK: Predict which movie Person 1 would rate higher. Explain your reasoning in 1 sentence. Then conclude with exactly 'PREDICTION: 1' (Movie A) or 'PREDICTION: 0' (Movie B).","You predicted Person 1's movie preference above.
TASK: Should we implement your prediction, or escalate to Person 1?
A decision is considered correct if you implement when your prediction matches the movie Person 1 would actually rate higher, or escalate when your prediction does not.
Explain your reasoning in 1-2 sentences, then conclude with exactly 'DECISION: 0' (implement) or 'DECISION: 1' (escalate).","Person 1 would rate Movie A higher because the difference in average ratings between the two unviewed movies (1.18) falls within the 1.00 to 1.30 range where the decision tree predicts a preference for the higher-rated film.

PREDICTION: 1
","Since the decision tree indicates a strong 85% probability that Person 1 prefers the higher-rated movie within this specific rating difference range, implementing the prediction is the statistically sound choice without needing to escalate.

DECISION: 0
",,,2026-05-27T16:12:10.744900
avg_diff_100_130,1,1,1,0,"Person 1 has reviewed the following movies:

- Mystery Men (1999) (Action|Comedy|Fantasy): Rated 3.5/5
- Adventures of Robin Hood, The (1938) (Action|Adventure|Romance): Rated 4.5/5
- Get Over It (2001) (Comedy|Romance): Rated 3.5/5
- Sin City (2005) (Action|Crime|Film-Noir|Mystery|Thriller): Rated 5.0/5
- Star Trek: Nemesis (2002) (Action|Drama|Sci-Fi|Thriller): Rated 5.0/5

Consider these two movies they have not seen:

- Movie A: Shawshank Redemption, The (1994) (Crime|Drama), average rating 4.42/5 (3232 ratings)
- Movie B: Indian Summer (a.k.a. Alive & Kicking) (1996) (Comedy|Drama), average rating 3.23/5 (15 ratings)

A decision tree trained on this dataset finds that when the two movies' average ratings differ by 1.00 to 1.30, users prefer the higher-rated movie 85% of the time.

TASK: Predict which movie Person 1 would rate higher. Explain your reasoning in 1 sentence. Then conclude with exactly 'PREDICTION: 1' (Movie A) or 'PREDICTION: 0' (Movie B).","You predicted Person 1's movie preference above.
TASK: Should we implement your prediction, or escalate to Person 1?
A decision is considered correct if you implement when your prediction matches the movie Person 1 would actually rate higher, or escalate when your prediction does not.
Explain your reasoning in 1-2 sentences, then conclude with exactly 'DECISION: 0' (implement) or 'DECISION: 1' (escalate).","Person 1 would rate Movie A higher because the difference in average ratings between the two unviewed movies (4.42 - 3.23 = 1.19) falls within the 1.00 to 1.30 range where the decision tree predicts a preference for the higher-rated film.

PREDICTION: 1
","Since the decision tree's logic indicates a strong preference for the higher-rated movie within the specific rating difference range, and Movie A is objectively higher rated, implementing the prediction is the correct course of action.

DECISION: 0
",,,2026-05-27T16:12:19.270824
avg_diff_100_130,1,1,1,0,"Person 1 has reviewed the following movies:

- Casino Royale (2006) (Action|Adventure|Thriller): Rated 5.0/5
- Aviator, The (2004) (Drama): Rated 5.0/5
- Fight Club (1999) (Action|Crime|Drama|Thriller): Rated 5.0/5
- Zeitgeist: Moving Forward (2011) (Documentary): Rated 4.0/5
- Forrest Gump (1994) (Comedy|Drama|Romance|War): Rated 4.5/5

Consider these two movies they have not seen:

- Movie A: Curious Case of Benjamin Button, The (2008) (Drama|Fantasy|Mystery|Romance), average rating 3.59/5 (485 ratings)
- Movie B: Grudge 2, The (2006) (Drama|Horror|Mystery|Thriller), average rating 2.58/5 (26 ratings)

A decision tree trained on this dataset finds that when the two movies' average ratings differ by 1.00 to 1.30, users prefer the higher-rated movie 85% of the time.

TASK: Predict which movie Person 1 would rate higher. Explain your reasoning in 1 sentence. Then conclude with exactly 'PREDICTION: 1' (Movie A) or 'PREDICTION: 0' (Movie B).","You predicted Person 1's movie preference above.
TASK: Should we implement your prediction, or escalate to Person 1?
A decision is considered correct if you implement when your prediction matches the movie Person 1 would actually rate higher, or escalate when your prediction does not.
Explain your reasoning in 1-2 sentences, then conclude with exactly 'DECISION: 0' (implement) or 'DECISION: 1' (escalate).","Person 1 would rate Movie A higher because the difference in average ratings between the two unviewed movies (1.01) falls within the 1.00 to 1.30 range where the decision tree predicts a preference for the higher-rated film. PREDICTION: 1
","Since the decision tree's condition is met and the prediction is that Person 1 prefers the higher-rated movie (Movie A), implementing the recommendation aligns with the model's logic. DECISION: 0
",,,2026-05-27T16:12:26.635453
avg_diff_100_130,1,1,1,0,"Person 1 has reviewed the following movies:

- Kill Bill: Vol. 2 (2004) (Action|Drama|Thriller): Rated 3.5/5
- Persepolis (2007) (Animation|Drama): Rated 3.5/5
- Vicky Cristina Barcelona (2008) (Comedy|Drama|Romance): Rated 2.5/5
- Monty Python's Life of Brian (1979) (Comedy): Rated 3.0/5
- Frances Ha (2012) (Comedy|Drama): Rated 3.5/5

Consider these two movies they have not seen:

- Movie A: Paris, Texas (1984) (Drama|Romance), average rating 3.97/5 (122 ratings)
- Movie B: Shallow Hal (2001) (Comedy|Fantasy|Romance), average rating 2.74/5 (252 ratings)

A decision tree trained on this dataset finds that when the two movies' average ratings differ by 1.00 to 1.30, users prefer the higher-rated movie 85% of the time.

TASK: Predict which movie Person 1 would rate higher. Explain your reasoning in 1 sentence. Then conclude with exactly 'PREDICTION: 1' (Movie A) or 'PREDICTION: 0' (Movie B).","You predicted Person 1's movie preference above.
TASK: Should we implement your prediction, or escalate to Person 1?
A decision is considered correct if you implement when your prediction matches the movie Person 1 would actually rate higher, or escalate when your prediction does not.
Explain your reasoning in 1-2 sentences, then conclude with exactly 'DECISION: 0' (implement) or 'DECISION: 1' (escalate).","Person 1 would rate Movie A higher because the difference in average ratings between the two unviewed movies (1.23) falls within the 1.00 to 1.30 range where the decision tree indicates a strong preference for the higher-rated option.

PREDICTION: 1
","Since the decision tree indicates a high probability (85%) that Person 1 prefers the higher-rated movie within this specific rating difference range, and Movie A has the higher average rating, implementing the prediction is the logical course of action.

DECISION: 0
",,,2026-05-27T16:12:34.838525
avg_diff_100_130,1,1,1,0,"Person 1 has reviewed the following movies:

- Pulp Fiction (1994) (Comedy|Crime|Drama|Thriller): Rated 2.0/5
- Congo (1995) (Action|Adventure|Mystery|Sci-Fi): Rated 3.0/5
- Species (1995) (Horror|Sci-Fi): Rated 2.0/5
- Dances with Wolves (1990) (Adventure|Drama|Western): Rated 4.0/5
- Ace Ventura: When Nature Calls (1995) (Comedy): Rated 4.0/5

Consider these two movies they have not seen:

- Movie A: True Lies (1994) (Action|Adventure|Comedy|Romance|Thriller), average rating 3.49/5 (1458 ratings)
- Movie B: Operation Dumbo Drop (1995) (Action|Adventure|Comedy|War), average rating 2.46/5 (89 ratings)

A decision tree trained on this dataset finds that when the two movies' average ratings differ by 1.00 to 1.30, users prefer the higher-rated movie 85% of the time.

TASK: Predict which movie Person 1 would rate higher. Explain your reasoning in 1 sentence. Then conclude with exactly 'PREDICTION: 1' (Movie A) or 'PREDICTION: 0' (Movie B).","You predicted Person 1's movie preference above.
TASK: Should we implement your prediction, or escalate to Person 1?
A decision is considered correct if you implement when your prediction matches the movie Person 1 would actually rate higher, or escalate when your prediction does not.
Explain your reasoning in 1-2 sentences, then conclude with exactly 'DECISION: 0' (implement) or 'DECISION: 1' (escalate).","Person 1 would rate Movie A higher because the difference in average ratings between the two unviewed movies (3.49 - 2.46 = 1.03) falls within the 1.00 to 1.30 range where the decision tree indicates a strong preference for the higher-rated option.

PREDICTION: 1
","Since the decision tree explicitly states that users prefer the higher-rated movie 85% of the time when the rating difference falls within the 1.00 to 1.30 range, and our calculated difference of 1.03 fits this criteria perfectly, we can confidently implement the prediction without needing to escalate.

DECISION: 0
",,,2026-05-27T16:12:45.003568
avg_diff_100_130,1,1,1,1,"Person 1 has reviewed the following movies:

- Dark Knight, The (2008) (Action|Crime|Drama|IMAX): Rated 5.0/5
- Eternal Sunshine of the Spotless Mind (2004) (Drama|Romance|Sci-Fi): Rated 3.0/5
- It's a Wonderful Life (1946) (Children|Drama|Fantasy|Romance): Rated 3.0/5
- Toys (1992) (Comedy|Fantasy): Rated 3.0/5
- Drop Dead Fred (1991) (Comedy|Fantasy): Rated 1.0/5

Consider these two movies they have not seen:

- Movie A: Beverly Hills Cop (1984) (Action|Comedy|Crime|Drama), average rating 3.59/5 (427 ratings)
- Movie B: Blues Brothers 2000 (1998) (Action|Comedy|Musical), average rating 2.55/5 (94 ratings)

A decision tree trained on this dataset finds that when the two movies' average ratings differ by 1.00 to 1.30, users prefer the higher-rated movie 85% of the time.

TASK: Predict which movie Person 1 would rate higher. Explain your reasoning in 1 sentence. Then conclude with exactly 'PREDICTION: 1' (Movie A) or 'PREDICTION: 0' (Movie B).","You predicted Person 1's movie preference above.
TASK: Should we implement your prediction, or escalate to Person 1?
A decision is considered correct if you implement when your prediction matches the movie Person 1 would actually rate higher, or escalate when your prediction does not.
Explain your reasoning in 1-2 sentences, then conclude with exactly 'DECISION: 0' (implement) or 'DECISION: 1' (escalate).","The difference between the average ratings of Movie A (3.59) and Movie B (2.55) is 1.04, which falls within the 1.00 to 1.30 range where the decision tree indicates a 85% preference for the higher-rated movie. Since Movie A has the higher rating, Person 1 would likely rate it higher. PREDICTION: 1
","I cannot implement the prediction because I do not have access to Person 1's actual rating history or personal preferences; the provided data only contains movies they have already seen, not their specific taste in Action|Comedy|Crime or Musical genres. Therefore, I must escalate to Person 1 to determine their true preference. DECISION: 1
",,,2026-05-27T16:12:55.754064
avg_diff_100_130,1,1,1,0,"Person 1 has reviewed the following movies:

- Addams Family Values (1993) (Children|Comedy|Fantasy): Rated 3.0/5
- Dumb & Dumber (Dumb and Dumber) (1994) (Adventure|Comedy): Rated 3.0/5
- Circle of Friends (1995) (Drama|Romance): Rated 3.0/5
- Client, The (1994) (Drama|Mystery|Thriller): Rated 3.0/5
- Pretty Woman (1990) (Comedy|Romance): Rated 4.0/5

Consider these two movies they have not seen:

- Movie A: Silence of the Lambs, The (1991) (Crime|Horror|Thriller), average rating 4.16/5 (2794 ratings)
- Movie B: Quick and the Dead, The (1995) (Action|Thriller|Western), average rating 2.97/5 (237 ratings)

A decision tree trained on this dataset finds that when the two movies' average ratings differ by 1.00 to 1.30, users prefer the higher-rated movie 85% of the time.

TASK: Predict which movie Person 1 would rate higher. Explain your reasoning in 1 sentence. Then conclude with exactly 'PREDICTION: 1' (Movie A) or 'PREDICTION: 0' (Movie B).","You predicted Person 1's movie preference above.
TASK: Should we implement your prediction, or escalate to Person 1?
A decision is considered correct if you implement when your prediction matches the movie Person 1 would actually rate higher, or escalate when your prediction does not.
Explain your reasoning in 1-2 sentences, then conclude with exactly 'DECISION: 0' (implement) or 'DECISION: 1' (escalate).","Person 1 would rate Movie A higher because the difference in average ratings between the two movies (1.19) falls within the 1.00 to 1.30 range where the decision tree indicates a strong preference for the higher-rated option.

PREDICTION: 1
","Since the decision tree indicates a high probability (85%) that Person 1 prefers the higher-rated movie within this specific rating difference range, and Movie A has the higher rating, implementing the prediction is the logical course of action.

DECISION: 0
",,,2026-05-27T16:13:03.697893
avg_diff_100_130,1,1,1,0,"Person 1 has reviewed the following movies:

- Casino (1995) (Crime|Drama): Rated 4.0/5
- Firm, The (1993) (Drama|Thriller): Rated 4.0/5
- Forrest Gump (1994) (Comedy|Drama|Romance|War): Rated 5.0/5
- Schindler's List (1993) (Drama|War): Rated 5.0/5
- Four Weddings and a Funeral (1994) (Comedy|Romance): Rated 3.0/5

Consider these two movies they have not seen:

- Movie A: Shawshank Redemption, The (1994) (Crime|Drama), average rating 4.42/5 (3232 ratings)
- Movie B: Home Alone (1990) (Children|Comedy), average rating 3.19/5 (1095 ratings)

A decision tree trained on this dataset finds that when the two movies' average ratings differ by 1.00 to 1.30, users prefer the higher-rated movie 85% of the time.

TASK: Predict which movie Person 1 would rate higher. Explain your reasoning in 1 sentence. Then conclude with exactly 'PREDICTION: 1' (Movie A) or 'PREDICTION: 0' (Movie B).","You predicted Person 1's movie preference above.
TASK: Should we implement your prediction, or escalate to Person 1?
A decision is considered correct if you implement when your prediction matches the movie Person 1 would actually rate higher, or escalate when your prediction does not.
Explain your reasoning in 1-2 sentences, then conclude with exactly 'DECISION: 0' (implement) or 'DECISION: 1' (escalate).","Person 1 would rate Movie A higher because the difference in average ratings between the two movies (1.23) falls within the 1.00 to 1.30 range where the decision tree predicts a strong preference for the higher-rated film.

PREDICTION: 1
","Since the decision tree indicates a high probability (85%) that Person 1 prefers the higher-rated movie in this specific rating difference range, and Movie A has the higher rating, implementing the prediction is the logical course of action.

DECISION: 0
",,,2026-05-27T16:13:11.625930
avg_diff_100_130,1,1,1,0,"Person 1 has reviewed the following movies:

- Clear and Present Danger (1994) (Action|Crime|Drama|Thriller): Rated 3.0/5
- Batman Forever (1995) (Action|Adventure|Comedy|Crime): Rated 3.0/5
- Braveheart (1995) (Action|Drama|War): Rated 5.0/5
- Fugitive, The (1993) (Thriller): Rated 4.0/5
- Forrest Gump (1994) (Comedy|Drama|Romance|War): Rated 5.0/5

Consider these two movies they have not seen:

- Movie A: Pulp Fiction (1994) (Comedy|Crime|Drama|Thriller), average rating 4.18/5 (3047 ratings)
- Movie B: Cliffhanger (1993) (Action|Adventure|Thriller), average rating 3.01/5 (830 ratings)

A decision tree trained on this dataset finds that when the two movies' average ratings differ by 1.00 to 1.30, users prefer the higher-rated movie 85% of the time.

TASK: Predict which movie Person 1 would rate higher. Explain your reasoning in 1 sentence. Then conclude with exactly 'PREDICTION: 1' (Movie A) or 'PREDICTION: 0' (Movie B).","You predicted Person 1's movie preference above.
TASK: Should we implement your prediction, or escalate to Person 1?
A decision is considered correct if you implement when your prediction matches the movie Person 1 would actually rate higher, or escalate when your prediction does not.
Explain your reasoning in 1-2 sentences, then conclude with exactly 'DECISION: 0' (implement) or 'DECISION: 1' (escalate).","Person 1 would rate Movie A higher because the difference between the average ratings of Movie A (4.18) and Movie B (3.01) is 1.17, which falls within the 1.00 to 1.30 range where users prefer the higher-rated movie.

PREDICTION: 1
","Since the decision tree indicates a strong 85% preference for the higher-rated movie within the specific rating difference range observed, implementing the prediction is the logical course of action without needing to escalate.

DECISION: 0
",,,2026-05-27T16:13:19.800881
avg_diff_100_130,1,1,1,0,"Person 1 has reviewed the following movies:

- Pandorum (2009) (Horror|Sci-Fi|Thriller): Rated 4.0/5
- Resident Evil: Extinction (2007) (Action|Horror|Sci-Fi|Thriller): Rated 4.5/5
- Pirates of the Caribbean: The Curse of the Black Pearl (2003) (Action|Adventure|Comedy|Fantasy): Rated 5.0/5
- Bourne Ultimatum, The (2007) (Action|Crime|Thriller): Rated 4.5/5
- Maze Runner, The (2014) (Action|Mystery|Sci-Fi): Rated 4.5/5

Consider these two movies they have not seen:

- Movie A: Star Wars: Episode VI - Return of the Jedi (1983) (Action|Adventure|Sci-Fi), average rating 4.00/5 (2052 ratings)
- Movie B: Day the Earth Stood Still, The (2008) (Drama|Sci-Fi|Thriller|IMAX), average rating 2.83/5 (87 ratings)

A decision tree trained on this dataset finds that when the two movies' average ratings differ by 1.00 to 1.30, users prefer the higher-rated movie 85% of the time.

TASK: Predict which movie Person 1 would rate higher. Explain your reasoning in 1 sentence. Then conclude with exactly 'PREDICTION: 1' (Movie A) or 'PREDICTION: 0' (Movie B).","You predicted Person 1's movie preference above.
TASK: Should we implement your prediction, or escalate to Person 1?
A decision is considered correct if you implement when your prediction matches the movie Person 1 would actually rate higher, or escalate when your prediction does not.
Explain your reasoning in 1-2 sentences, then conclude with exactly 'DECISION: 0' (implement) or 'DECISION: 1' (escalate).","Person 1 would rate Movie A higher because the difference in average ratings between Movie A (4.00) and Movie B (2.83) is 1.17, which falls within the 1.00 to 1.30 range where users prefer the higher-rated movie 85% of the time.

PREDICTION: 1
","Since the decision tree indicates a high probability (85%) that Person 1 prefers the higher-rated movie within this specific rating difference range, and Movie A is indeed the higher-rated film, implementing the prediction is the logical course of action.

DECISION: 0
",,,2026-05-27T16:13:28.926148
avg_diff_100_130,1,1,1,0,"Person 1 has reviewed the following movies:

- Batman (1989) (Action|Crime|Thriller): Rated 3.0/5
- Star Trek: Generations (1994) (Adventure|Drama|Sci-Fi): Rated 3.0/5
- Clueless (1995) (Comedy|Romance): Rated 4.0/5
- American President, The (1995) (Comedy|Drama|Romance): Rated 3.0/5
- Waterworld (1995) (Action|Adventure|Sci-Fi): Rated 3.0/5

Consider these two movies they have not seen:

- Movie A: Terminator 2: Judgment Day (1991) (Action|Sci-Fi), average rating 3.95/5 (2136 ratings)
- Movie B: Dumb & Dumber (Dumb and Dumber) (1994) (Adventure|Comedy), average rating 2.94/5 (1148 ratings)

A decision tree trained on this dataset finds that when the two movies' average ratings differ by 1.00 to 1.30, users prefer the higher-rated movie 85% of the time.

TASK: Predict which movie Person 1 would rate higher. Explain your reasoning in 1 sentence. Then conclude with exactly 'PREDICTION: 1' (Movie A) or 'PREDICTION: 0' (Movie B).","You predicted Person 1's movie preference above.
TASK: Should we implement your prediction, or escalate to Person 1?
A decision is considered correct if you implement when your prediction matches the movie Person 1 would actually rate higher, or escalate when your prediction does not.
Explain your reasoning in 1-2 sentences, then conclude with exactly 'DECISION: 0' (implement) or 'DECISION: 1' (escalate).","Person 1 would rate Movie A higher because the difference between the two movies' average ratings (0.99) falls within the 1.00 to 1.30 range where the decision tree indicates a strong preference for the higher-rated option.

PREDICTION: 1
","Since the decision tree indicates a high probability (85%) that Person 1 prefers the higher-rated movie within this specific rating difference range, and our prediction aligns with that rule, we should proceed with implementing the recommendation rather than seeking further confirmation.

DECISION: 0
",,,2026-05-27T16:13:37.086405
avg_diff_100_130,1,1,1,0,"Person 1 has reviewed the following movies:

- Fight Club (1999) (Action|Crime|Drama|Thriller): Rated 4.0/5
- Letters to Juliet (2010) (Drama|Romance): Rated 3.5/5
- Krrish (2006) (Adventure|Musical|Romance|Sci-Fi): Rated 3.5/5
- Madagascar (2011) (Documentary): Rated 3.5/5
- Dark Knight, The (2008) (Action|Crime|Drama|IMAX): Rated 4.5/5

Consider these two movies they have not seen:

- Movie A: Sherlock Holmes: A Game of Shadows (2011) (Action|Adventure|Comedy|Crime|Mystery|Thriller), average rating 3.70/5 (416 ratings)
- Movie B: Halloween (2007) (Horror), average rating 2.65/5 (34 ratings)

A decision tree trained on this dataset finds that when the two movies' average ratings differ by 1.00 to 1.30, users prefer the higher-rated movie 85% of the time.

TASK: Predict which movie Person 1 would rate higher. Explain your reasoning in 1 sentence. Then conclude with exactly 'PREDICTION: 1' (Movie A) or 'PREDICTION: 0' (Movie B).","You predicted Person 1's movie preference above.
TASK: Should we implement your prediction, or escalate to Person 1?
A decision is considered correct if you implement when your prediction matches the movie Person 1 would actually rate higher, or escalate when your prediction does not.
Explain your reasoning in 1-2 sentences, then conclude with exactly 'DECISION: 0' (implement) or 'DECISION: 1' (escalate).","Person 1 would rate Movie A higher because the difference between the average ratings of Movie A (3.70) and Movie B (2.65) is 1.05, which falls within the 1.00 to 1.30 range where users prefer the higher-rated movie 85% of the time.

PREDICTION: 1
","Since the decision tree indicates a high probability (85%) that Person 1 prefers the higher-rated movie within this specific rating difference range, and our prediction aligns with that statistical likelihood, we should proceed with implementing the recommendation rather than seeking further confirmation.

DECISION: 0
",,,2026-05-27T16:13:46.487650
avg_diff_100_130,1,1,1,0,"Person 1 has reviewed the following movies:

- Bowling for Columbine (2002) (Documentary): Rated 4.5/5
- Silence of the Lambs, The (1991) (Crime|Horror|Thriller): Rated 3.5/5
- Monty Python Live at the Hollywood Bowl (1982) (Comedy): Rated 4.5/5
- Dancer in the Dark (2000) (Drama|Musical): Rated 4.0/5
- Terminator 2: Judgment Day (1991) (Action|Sci-Fi): Rated 2.0/5

Consider these two movies they have not seen:

- Movie A: Monty Python and the Holy Grail (1975) (Adventure|Comedy|Fantasy), average rating 4.15/5 (1419 ratings)
- Movie B: Virtual Sexuality (1999) (Comedy|Drama), average rating 3.00/5 (3 ratings)

A decision tree trained on this dataset finds that when the two movies' average ratings differ by 1.00 to 1.30, users prefer the higher-rated movie 85% of the time.

TASK: Predict which movie Person 1 would rate higher. Explain your reasoning in 1 sentence. Then conclude with exactly 'PREDICTION: 1' (Movie A) or 'PREDICTION: 0' (Movie B).","You predicted Person 1's movie preference above.
TASK: Should we implement your prediction, or escalate to Person 1?
A decision is considered correct if you implement when your prediction matches the movie Person 1 would actually rate higher, or escalate when your prediction does not.
Explain your reasoning in 1-2 sentences, then conclude with exactly 'DECISION: 0' (implement) or 'DECISION: 1' (escalate).","Person 1 would rate Movie A higher because the difference between the two movies' average ratings (1.15) falls within the 1.00 to 1.30 range where the decision tree indicates a strong preference for the higher-rated option.

PREDICTION: 1
","Since the decision tree indicates a high probability (85%) that Person 1 prefers the higher-rated movie within this specific rating difference range, and Movie A has the higher average rating, implementing the prediction is the logical course of action.

DECISION: 0
",,,2026-05-27T16:13:54.502509
avg_diff_100_130,1,1,1,0,"Person 1 has reviewed the following movies:

- L.A. Confidential (1997) (Crime|Film-Noir|Mystery|Thriller): Rated 4.0/5
- Schindler's List (1993) (Drama|War): Rated 4.0/5
- Fish Called Wanda, A (1988) (Comedy|Crime): Rated 4.0/5
- Driven (2001) (Action|Thriller): Rated 2.0/5
- Space Cowboys (2000) (Action|Adventure|Comedy|Sci-Fi): Rated 2.0/5

Consider these two movies they have not seen:

- Movie A: Star Wars: Episode VI - Return of the Jedi (1983) (Action|Adventure|Sci-Fi), average rating 4.00/5 (2052 ratings)
- Movie B: Vertical Limit (2000) (Action|Adventure), average rating 2.74/5 (124 ratings)

A decision tree trained on this dataset finds that when the two movies' average ratings differ by 1.00 to 1.30, users prefer the higher-rated movie 85% of the time.

TASK: Predict which movie Person 1 would rate higher. Explain your reasoning in 1 sentence. Then conclude with exactly 'PREDICTION: 1' (Movie A) or 'PREDICTION: 0' (Movie B).","You predicted Person 1's movie preference above.
TASK: Should we implement your prediction, or escalate to Person 1?
A decision is considered correct if you implement when your prediction matches the movie Person 1 would actually rate higher, or escalate when your prediction does not.
Explain your reasoning in 1-2 sentences, then conclude with exactly 'DECISION: 0' (implement) or 'DECISION: 1' (escalate).","Person 1 would rate Movie A higher because the difference in average ratings between the two movies (1.26) falls within the 1.00 to 1.30 range where the decision tree indicates a strong preference for the higher-rated option.

PREDICTION: 1
","Since the decision tree indicates a high probability (85%) that Person 1 prefers the higher-rated movie within this specific rating difference range, and Movie A has a significantly higher average rating (4.00 vs 2.74), implementing the prediction is the statistically sound choice.

DECISION: 0
",,,2026-05-27T16:14:03.242353
avg_diff_100_130,1,1,1,0,"Person 1 has reviewed the following movies:

- Princess Bride, The (1987) (Action|Adventure|Comedy|Fantasy|Romance): Rated 2.5/5
- GoldenEye (1995) (Action|Adventure|Thriller): Rated 3.5/5
- E.T. the Extra-Terrestrial (1982) (Children|Drama|Sci-Fi): Rated 2.0/5
- Notorious (1946) (Film-Noir|Romance|Thriller): Rated 2.0/5
- Sex, Lies, and Videotape (1989) (Drama): Rated 3.5/5

Consider these two movies they have not seen:

- Movie A: Forrest Gump (1994) (Comedy|Drama|Romance|War), average rating 4.04/5 (3089 ratings)
- Movie B: Batman Forever (1995) (Action|Adventure|Comedy|Crime), average rating 2.82/5 (1097 ratings)

A decision tree trained on this dataset finds that when the two movies' average ratings differ by 1.00 to 1.30, users prefer the higher-rated movie 85% of the time.

TASK: Predict which movie Person 1 would rate higher. Explain your reasoning in 1 sentence. Then conclude with exactly 'PREDICTION: 1' (Movie A) or 'PREDICTION: 0' (Movie B).","You predicted Person 1's movie preference above.
TASK: Should we implement your prediction, or escalate to Person 1?
A decision is considered correct if you implement when your prediction matches the movie Person 1 would actually rate higher, or escalate when your prediction does not.
Explain your reasoning in 1-2 sentences, then conclude with exactly 'DECISION: 0' (implement) or 'DECISION: 1' (escalate).","Person 1 would rate Movie A higher because the difference in average ratings between the two movies (1.22) falls within the 1.00 to 1.30 range where the decision tree indicates a strong preference for the higher-rated option.

PREDICTION: 1
","Since the decision tree indicates a high probability (85%) that Person 1 prefers the higher-rated movie within this specific rating difference range, and Movie A has a significantly higher average rating than Movie B, implementing the prediction is the logical course of action.

DECISION: 0
",,,2026-05-27T16:14:11.577044
avg_diff_100_130,1,1,1,0,"Person 1 has reviewed the following movies:

- Aliens (1986) (Action|Adventure|Horror|Sci-Fi): Rated 4.0/5
- Fish Called Wanda, A (1988) (Comedy|Crime): Rated 5.0/5
- Clockwork Orange, A (1971) (Crime|Drama|Sci-Fi|Thriller): Rated 4.0/5
- Wallace & Gromit: The Best of Aardman Animation (1996) (Adventure|Animation|Comedy): Rated 5.0/5
- Terminator 2: Judgment Day (1991) (Action|Sci-Fi): Rated 5.0/5

Consider these two movies they have not seen:

- Movie A: Blade Runner (1982) (Action|Sci-Fi|Thriller), average rating 4.10/5 (1417 ratings)
- Movie B: Last Action Hero (1993) (Action|Adventure|Comedy|Fantasy), average rating 2.82/5 (463 ratings)

A decision tree trained on this dataset finds that when the two movies' average ratings differ by 1.00 to 1.30, users prefer the higher-rated movie 85% of the time.

TASK: Predict which movie Person 1 would rate higher. Explain your reasoning in 1 sentence. Then conclude with exactly 'PREDICTION: 1' (Movie A) or 'PREDICTION: 0' (Movie B).","You predicted Person 1's movie preference above.
TASK: Should we implement your prediction, or escalate to Person 1?
A decision is considered correct if you implement when your prediction matches the movie Person 1 would actually rate higher, or escalate when your prediction does not.
Explain your reasoning in 1-2 sentences, then conclude with exactly 'DECISION: 0' (implement) or 'DECISION: 1' (escalate).","Person 1 would rate Movie A higher because the difference in average ratings between the two movies (1.28) falls within the 1.00 to 1.30 range where the decision tree predicts a preference for the higher-rated film.

PREDICTION: 1
","Since the decision tree's condition is met and the prediction is that Person 1 prefers the higher-rated movie (Movie A), implementing the recommendation aligns with the model's logic.

DECISION: 0
",,,2026-05-27T16:14:18.901109
avg_diff_100_130,1,1,1,0,"Person 1 has reviewed the following movies:

- Hollow Man (2000) (Horror|Sci-Fi|Thriller): Rated 4.0/5
- Catch Me If You Can (2002) (Crime|Drama): Rated 4.0/5
- Inglourious Basterds (2009) (Action|Drama|War): Rated 5.0/5
- Bourne Ultimatum, The (2007) (Action|Crime|Thriller): Rated 0.5/5
- Avengers, The (2012) (Action|Adventure|Sci-Fi|IMAX): Rated 5.0/5

Consider these two movies they have not seen:

- Movie A: Fight Club (1999) (Action|Crime|Drama|Thriller), average rating 4.22/5 (2425 ratings)
- Movie B: Patch Adams (1998) (Comedy|Drama), average rating 3.16/5 (224 ratings)

A decision tree trained on this dataset finds that when the two movies' average ratings differ by 1.00 to 1.30, users prefer the higher-rated movie 85% of the time.

TASK: Predict which movie Person 1 would rate higher. Explain your reasoning in 1 sentence. Then conclude with exactly 'PREDICTION: 1' (Movie A) or 'PREDICTION: 0' (Movie B).","You predicted Person 1's movie preference above.
TASK: Should we implement your prediction, or escalate to Person 1?
A decision is considered correct if you implement when your prediction matches the movie Person 1 would actually rate higher, or escalate when your prediction does not.
Explain your reasoning in 1-2 sentences, then conclude with exactly 'DECISION: 0' (implement) or 'DECISION: 1' (escalate).","Person 1 would rate Movie A higher because the difference in average ratings between the two unviewed movies (1.06) falls within the 1.00 to 1.30 range where the decision tree indicates a strong preference for the higher-rated option, and Movie A has a higher average rating than Movie B.

PREDICTION: 1
","Since the decision tree indicates a high probability (85%) that Person 1 prefers the higher-rated movie within the specific rating difference range, and Movie A is indeed the higher-rated option, implementing the prediction is the logical course of action.

DECISION: 0
",,,2026-05-27T16:14:27.973754
avg_diff_100_130,1,1,1,0,"Person 1 has reviewed the following movies:

- Lambada (1990) (Drama): Rated 2.5/5
- Diamonds Are Forever (1971) (Action|Adventure|Thriller): Rated 3.0/5
- Scarface (1983) (Action|Crime|Drama): Rated 4.0/5
- Critters 2: The Main Course (1988) (Comedy|Horror|Sci-Fi): Rated 3.0/5
- Friday the 13th Part 2 (1981) (Horror): Rated 2.5/5

Consider these two movies they have not seen:

- Movie A: Alien: Resurrection (1997) (Action|Horror|Sci-Fi), average rating 2.99/5 (405 ratings)
- Movie B: Red Scorpion (1989) (Action), average rating 1.95/5 (10 ratings)

A decision tree trained on this dataset finds that when the two movies' average ratings differ by 1.00 to 1.30, users prefer the higher-rated movie 85% of the time.

TASK: Predict which movie Person 1 would rate higher. Explain your reasoning in 1 sentence. Then conclude with exactly 'PREDICTION: 1' (Movie A) or 'PREDICTION: 0' (Movie B).","You predicted Person 1's movie preference above.
TASK: Should we implement your prediction, or escalate to Person 1?
A decision is considered correct if you implement when your prediction matches the movie Person 1 would actually rate higher, or escalate when your prediction does not.
Explain your reasoning in 1-2 sentences, then conclude with exactly 'DECISION: 0' (implement) or 'DECISION: 1' (escalate).","The difference between the average ratings of Movie A (2.99) and Movie B (1.95) is 1.04, which falls within the 1.00 to 1.30 range where the decision tree indicates a 85% preference for the higher-rated movie. Since Movie A has the higher rating, Person 1 would likely rate it higher. PREDICTION: 1
","Since the decision tree provides a strong statistical signal (85% accuracy) for the specific rating difference observed, implementing the prediction is the most data-driven approach without needing to wait for the user's actual feedback. DECISION: 0
",,,2026-05-27T16:14:37.380519
avg_diff_100_130,0,1,0,1,"Person 1 has reviewed the following movies:

- Star Wars: Episode V - The Empire Strikes Back (1980) (Action|Adventure|Sci-Fi): Rated 4.5/5
- How to Train Your Dragon 2 (2014) (Action|Adventure|Animation): Rated 5.0/5
- Twilight (2008) (Drama|Fantasy|Romance|Thriller): Rated 5.0/5
- Ice Age 2: The Meltdown (2006) (Adventure|Animation|Children|Comedy): Rated 5.0/5
- Star Wars: Episode II - Attack of the Clones (2002) (Action|Adventure|Sci-Fi|IMAX): Rated 5.0/5

Consider these two movies they have not seen:

- Movie A: Megamind (2010) (Action|Animation|Children|Comedy|Sci-Fi|IMAX), average rating 3.53/5 (258 ratings)
- Movie B: Twilight Saga: New Moon, The (2009) (Drama|Fantasy|Horror|Romance|Thriller), average rating 2.27/5 (127 ratings)

A decision tree trained on this dataset finds that when the two movies' average ratings differ by 1.00 to 1.30, users prefer the higher-rated movie 85% of the time.

TASK: Predict which movie Person 1 would rate higher. Explain your reasoning in 1 sentence. Then conclude with exactly 'PREDICTION: 1' (Movie A) or 'PREDICTION: 0' (Movie B).","You predicted Person 1's movie preference above.
TASK: Should we implement your prediction, or escalate to Person 1?
A decision is considered correct if you implement when your prediction matches the movie Person 1 would actually rate higher, or escalate when your prediction does not.
Explain your reasoning in 1-2 sentences, then conclude with exactly 'DECISION: 0' (implement) or 'DECISION: 1' (escalate).","Person 1 would rate Movie A higher because the difference between their highest-rated movie (5.0) and Movie B's average (2.27) is 2.73, which falls outside the 1.00–1.30 range where the model predicts a preference for the higher-rated option, implying a different behavioral pattern for larger gaps. PREDICTION: 1
","Since the decision tree's specific rule only applies when the rating difference is between 1.00 and 1.30, and the actual difference here is 2.73, the model's 85% preference statistic is not applicable to this specific case. Therefore, we cannot rely on the prediction and must escalate to Person 1 to determine their true preference. DECISION: 1
",,,2026-05-27T16:14:48.613008
avg_diff_100_130,1,1,1,0,"Person 1 has reviewed the following movies:

- Taxi Driver (1976) (Crime|Drama|Thriller): Rated 5.0/5
- Monty Python and the Holy Grail (1975) (Adventure|Comedy|Fantasy): Rated 3.5/5
- Shawshank Redemption, The (1994) (Crime|Drama): Rated 5.0/5
- Silence of the Lambs, The (1991) (Crime|Horror|Thriller): Rated 5.0/5
- 2001: A Space Odyssey (1968) (Adventure|Drama|Sci-Fi): Rated 4.5/5

Consider these two movies they have not seen:

- Movie A: Goodfellas (1990) (Crime|Drama), average rating 4.23/5 (1300 ratings)
- Movie B: Natural Born Killers (1994) (Action|Crime|Thriller), average rating 3.22/5 (818 ratings)

A decision tree trained on this dataset finds that when the two movies' average ratings differ by 1.00 to 1.30, users prefer the higher-rated movie 85% of the time.

TASK: Predict which movie Person 1 would rate higher. Explain your reasoning in 1 sentence. Then conclude with exactly 'PREDICTION: 1' (Movie A) or 'PREDICTION: 0' (Movie B).","You predicted Person 1's movie preference above.
TASK: Should we implement your prediction, or escalate to Person 1?
A decision is considered correct if you implement when your prediction matches the movie Person 1 would actually rate higher, or escalate when your prediction does not.
Explain your reasoning in 1-2 sentences, then conclude with exactly 'DECISION: 0' (implement) or 'DECISION: 1' (escalate).","Person 1 would rate Movie A higher because the difference in average ratings between the two movies (1.01) falls within the 1.00 to 1.30 range where the decision tree predicts a preference for the higher-rated film. PREDICTION: 1
","Since the decision tree's condition is met and predicts a preference for the higher-rated movie, implementing the prediction is the logical course of action based on the provided model. DECISION: 0
",,,2026-05-27T16:14:55.604797
avg_diff_100_130,1,1,1,0,"Person 1 has reviewed the following movies:

- Heat (1995) (Action|Crime|Thriller): Rated 5.0/5
- American President, The (1995) (Comedy|Drama|Romance): Rated 4.0/5
- Get Shorty (1995) (Comedy|Crime|Thriller): Rated 3.0/5
- Nick of Time (1995) (Action|Thriller): Rated 3.0/5
- Gold Diggers: The Secret of Bear Mountain (1995) (Adventure|Children): Rated 5.0/5

Consider these two movies they have not seen:

- Movie A: Usual Suspects, The (1995) (Crime|Mystery|Thriller), average rating 4.24/5 (2132 ratings)
- Movie B: Mulholland Falls (1996) (Crime|Drama|Thriller), average rating 3.14/5 (132 ratings)

A decision tree trained on this dataset finds that when the two movies' average ratings differ by 1.00 to 1.30, users prefer the higher-rated movie 85% of the time.

TASK: Predict which movie Person 1 would rate higher. Explain your reasoning in 1 sentence. Then conclude with exactly 'PREDICTION: 1' (Movie A) or 'PREDICTION: 0' (Movie B).","You predicted Person 1's movie preference above.
TASK: Should we implement your prediction, or escalate to Person 1?
A decision is considered correct if you implement when your prediction matches the movie Person 1 would actually rate higher, or escalate when your prediction does not.
Explain your reasoning in 1-2 sentences, then conclude with exactly 'DECISION: 0' (implement) or 'DECISION: 1' (escalate).","The difference between the average ratings of Movie A (4.24) and Movie B (3.14) is 1.10, which falls within the 1.00 to 1.30 range where the decision tree indicates a strong preference for the higher-rated movie.

PREDICTION: 1
","Since the decision tree explicitly states that users prefer the higher-rated movie when the rating difference falls within the 1.00 to 1.30 range, and our calculated difference of 1.10 fits this criteria perfectly, we can confidently implement the prediction without needing to escalate.

DECISION: 0
",,,2026-05-27T16:15:04.932031
avg_diff_100_130,1,1,1,0,"Person 1 has reviewed the following movies:

- Braveheart (1995) (Action|Drama|War): Rated 4.0/5
- Lawnmower Man, The (1992) (Action|Horror|Sci-Fi|Thriller): Rated 4.0/5
- Indecent Proposal (1993) (Drama|Romance): Rated 4.0/5
- American Beauty (1999) (Drama|Romance): Rated 4.0/5
- Prisoner of the Mountains (Kavkazsky plennik) (1996) (War): Rated 4.0/5

Consider these two movies they have not seen:

- Movie A: Lawrence of Arabia (1962) (Adventure|Drama|War), average rating 4.17/5 (499 ratings)
- Movie B: Buffy the Vampire Slayer (1992) (Action|Comedy|Horror), average rating 3.05/5 (152 ratings)

A decision tree trained on this dataset finds that when the two movies' average ratings differ by 1.00 to 1.30, users prefer the higher-rated movie 85% of the time.

TASK: Predict which movie Person 1 would rate higher. Explain your reasoning in 1 sentence. Then conclude with exactly 'PREDICTION: 1' (Movie A) or 'PREDICTION: 0' (Movie B).","You predicted Person 1's movie preference above.
TASK: Should we implement your prediction, or escalate to Person 1?
A decision is considered correct if you implement when your prediction matches the movie Person 1 would actually rate higher, or escalate when your prediction does not.
Explain your reasoning in 1-2 sentences, then conclude with exactly 'DECISION: 0' (implement) or 'DECISION: 1' (escalate).","Person 1 would rate Movie A higher because the difference in average ratings between the two movies (1.12) falls within the 1.00 to 1.30 range where the decision tree predicts a preference for the higher-rated film.

PREDICTION: 1
","Since the decision tree indicates a strong 85% probability that Person 1 prefers the higher-rated movie (Movie A) given the specific rating difference, implementing the prediction is the statistically sound choice without needing to escalate.

DECISION: 0
",,,2026-05-27T16:15:12.718414
avg_diff_100_130,1,1,1,0,"Person 1 has reviewed the following movies:

- Deliverance (1972) (Adventure|Drama|Thriller): Rated 4.5/5
- Waking Ned Devine (a.k.a. Waking Ned) (1998) (Comedy): Rated 4.0/5
- Deep Blue Sea (1999) (Action|Horror|Sci-Fi|Thriller): Rated 3.5/5
- Carrie (1976) (Drama|Fantasy|Horror|Thriller): Rated 3.0/5
- Thing, The (1982) (Action|Horror|Sci-Fi|Thriller): Rated 4.0/5

Consider these two movies they have not seen:

- Movie A: Stripes (1981) (Comedy|War), average rating 3.62/5 (282 ratings)
- Movie B: Godzilla (1998) (Action|Sci-Fi|Thriller), average rating 2.44/5 (285 ratings)

A decision tree trained on this dataset finds that when the two movies' average ratings differ by 1.00 to 1.30, users prefer the higher-rated movie 85% of the time.

TASK: Predict which movie Person 1 would rate higher. Explain your reasoning in 1 sentence. Then conclude with exactly 'PREDICTION: 1' (Movie A) or 'PREDICTION: 0' (Movie B).","You predicted Person 1's movie preference above.
TASK: Should we implement your prediction, or escalate to Person 1?
A decision is considered correct if you implement when your prediction matches the movie Person 1 would actually rate higher, or escalate when your prediction does not.
Explain your reasoning in 1-2 sentences, then conclude with exactly 'DECISION: 0' (implement) or 'DECISION: 1' (escalate).","Person 1 would rate Movie A higher because the difference in average ratings between the two unviewed movies (1.18) falls within the 1.00 to 1.30 range where the decision tree indicates a strong preference for the higher-rated option.

PREDICTION: 1
","Since the decision tree's rule for a rating difference of 1.18 predicts a strong preference for the higher-rated movie, and Movie A is indeed the higher-rated option, implementing the prediction is the correct course of action.

DECISION: 0
",,,2026-05-27T16:15:20.896727
avg_diff_100_130,1,1,1,1,"Person 1 has reviewed the following movies:

- Cliffhanger (1993) (Action|Adventure|Thriller): Rated 2.5/5
- Gladiator (2000) (Action|Adventure|Drama): Rated 4.0/5
- Shawshank Redemption, The (1994) (Crime|Drama): Rated 4.0/5
- Ghost (1990) (Comedy|Drama|Fantasy|Romance|Thriller): Rated 3.5/5
- X-Men (2000) (Action|Adventure|Sci-Fi): Rated 2.5/5

Consider these two movies they have not seen:

- Movie A: Shrek (2001) (Adventure|Animation|Children|Comedy|Fantasy|Romance), average rating 3.76/5 (1695 ratings)
- Movie B: Hear No Evil (1993) (Thriller), average rating 2.67/5 (3 ratings)

A decision tree trained on this dataset finds that when the two movies' average ratings differ by 1.00 to 1.30, users prefer the higher-rated movie 85% of the time.

TASK: Predict which movie Person 1 would rate higher. Explain your reasoning in 1 sentence. Then conclude with exactly 'PREDICTION: 1' (Movie A) or 'PREDICTION: 0' (Movie B).","You predicted Person 1's movie preference above.
TASK: Should we implement your prediction, or escalate to Person 1?
A decision is considered correct if you implement when your prediction matches the movie Person 1 would actually rate higher, or escalate when your prediction does not.
Explain your reasoning in 1-2 sentences, then conclude with exactly 'DECISION: 0' (implement) or 'DECISION: 1' (escalate).","The difference between the average ratings of Movie A (3.76) and Movie B (2.67) is 1.09, which falls within the 1.00 to 1.30 range where the decision tree indicates a 85% preference for the higher-rated movie. Since Movie A has the higher rating, Person 1 would rate it higher. PREDICTION: 1
","I cannot implement the prediction because I am an AI and do not have access to Person 1's actual personal preferences or the ground truth of how they would rate these specific movies; the decision tree only provides a statistical probability based on the dataset, not a guarantee of individual behavior. Therefore, to ensure accuracy, the decision is to escalate to Person 1 for their final input. DECISION: 1
",,,2026-05-27T16:15:32.392121
avg_diff_100_130,0,1,0,0,"Person 1 has reviewed the following movies:

- Fargo (1996) (Comedy|Crime|Drama|Thriller): Rated 4.5/5
- Pirates of the Caribbean: The Curse of the Black Pearl (2003) (Action|Adventure|Comedy|Fantasy): Rated 2.5/5
- True Grit (2010) (Western): Rated 4.0/5
- Ghostbusters (a.k.a. Ghost Busters) (1984) (Action|Comedy|Sci-Fi): Rated 3.0/5
- The Raid: Redemption (2011) (Action|Crime): Rated 4.5/5

Consider these two movies they have not seen:

- Movie A: Good bye, Lenin! (2003) (Comedy|Drama), average rating 3.92/5 (199 ratings)
- Movie B: Where the Buffalo Roam (1980) (Comedy), average rating 2.88/5 (17 ratings)

A decision tree trained on this dataset finds that when the two movies' average ratings differ by 1.00 to 1.30, users prefer the higher-rated movie 85% of the time.

TASK: Predict which movie Person 1 would rate higher. Explain your reasoning in 1 sentence. Then conclude with exactly 'PREDICTION: 1' (Movie A) or 'PREDICTION: 0' (Movie B).","You predicted Person 1's movie preference above.
TASK: Should we implement your prediction, or escalate to Person 1?
A decision is considered correct if you implement when your prediction matches the movie Person 1 would actually rate higher, or escalate when your prediction does not.
Explain your reasoning in 1-2 sentences, then conclude with exactly 'DECISION: 0' (implement) or 'DECISION: 1' (escalate).","The difference between the average ratings of Movie A (3.92) and Movie B (2.88) is 1.04, which falls within the 1.00 to 1.30 range where the decision tree indicates a strong preference for the higher-rated movie.

PREDICTION: 1
","Since the decision tree indicates a high probability (85%) that Person 1 prefers the higher-rated movie and the rating difference (1.04) falls squarely within the specified decision boundary, implementing the prediction is the statistically sound choice without needing to escalate.

DECISION: 0
",,,2026-05-27T16:15:41.317775
avg_diff_100_130,1,1,1,0,"Person 1 has reviewed the following movies:

- Lord of the Rings: The Return of the King, The (2003) (Action|Adventure|Drama|Fantasy): Rated 3.5/5
- Lucky Number Slevin (2006) (Crime|Drama|Mystery): Rated 4.5/5
- Phone Booth (2002) (Drama|Thriller): Rated 4.5/5
- Aliens (1986) (Action|Adventure|Horror|Sci-Fi): Rated 4.5/5
- Ghost Town (2008) (Comedy|Fantasy|Romance): Rated 4.0/5

Consider these two movies they have not seen:

- Movie A: Fifth Element, The (1997) (Action|Adventure|Comedy|Sci-Fi), average rating 3.78/5 (1261 ratings)
- Movie B: I Know What You Did Last Summer (1997) (Horror|Mystery|Thriller), average rating 2.50/5 (275 ratings)

A decision tree trained on this dataset finds that when the two movies' average ratings differ by 1.00 to 1.30, users prefer the higher-rated movie 85% of the time.

TASK: Predict which movie Person 1 would rate higher. Explain your reasoning in 1 sentence. Then conclude with exactly 'PREDICTION: 1' (Movie A) or 'PREDICTION: 0' (Movie B).","You predicted Person 1's movie preference above.
TASK: Should we implement your prediction, or escalate to Person 1?
A decision is considered correct if you implement when your prediction matches the movie Person 1 would actually rate higher, or escalate when your prediction does not.
Explain your reasoning in 1-2 sentences, then conclude with exactly 'DECISION: 0' (implement) or 'DECISION: 1' (escalate).","Person 1 would rate Movie A higher because the difference in average ratings between Movie A (3.78) and Movie B (2.50) is 1.28, which falls within the 1.00 to 1.30 range where the decision tree predicts a 85% preference for the higher-rated movie.

PREDICTION: 1
","Since the decision tree indicates a high probability (85%) that Person 1 prefers the higher-rated movie and the rating difference falls squarely within the predicted range, implementing the prediction is the logical course of action without needing to escalate.

DECISION: 0
",,,2026-05-27T16:15:50.538648
avg_diff_100_130,1,1,1,0,"Person 1 has reviewed the following movies:

- Blair Witch Project, The (1999) (Drama|Horror|Thriller): Rated 2.0/5
- Airplane! (1980) (Comedy): Rated 4.0/5
- Fast Times at Ridgemont High (1982) (Comedy|Drama|Romance): Rated 3.0/5
- Being John Malkovich (1999) (Comedy|Drama|Fantasy): Rated 4.0/5
- Do the Right Thing (1989) (Drama): Rated 4.0/5

Consider these two movies they have not seen:

- Movie A: Shawshank Redemption, The (1994) (Crime|Drama), average rating 4.42/5 (3232 ratings)
- Movie B: Kingpin (1996) (Comedy), average rating 3.33/5 (368 ratings)

A decision tree trained on this dataset finds that when the two movies' average ratings differ by 1.00 to 1.30, users prefer the higher-rated movie 85% of the time.

TASK: Predict which movie Person 1 would rate higher. Explain your reasoning in 1 sentence. Then conclude with exactly 'PREDICTION: 1' (Movie A) or 'PREDICTION: 0' (Movie B).","You predicted Person 1's movie preference above.
TASK: Should we implement your prediction, or escalate to Person 1?
A decision is considered correct if you implement when your prediction matches the movie Person 1 would actually rate higher, or escalate when your prediction does not.
Explain your reasoning in 1-2 sentences, then conclude with exactly 'DECISION: 0' (implement) or 'DECISION: 1' (escalate).","Person 1 would rate Movie A higher because the difference in average ratings between the two movies (1.09) falls within the 1.00 to 1.30 range where the decision tree predicts a preference for the higher-rated film.

PREDICTION: 1
","Since the decision tree indicates a strong 85% probability that Person 1 prefers the higher-rated movie, implementing the prediction is the statistically sound choice without needing to escalate.

DECISION: 0
",,,2026-05-27T16:15:57.753641
avg_diff_100_130,1,1,1,0,"Person 1 has reviewed the following movies:

- Ustad Hotel (2012) (Children|Drama): Rated 3.5/5
- Inception (2010) (Action|Crime|Drama|Mystery|Sci-Fi|Thriller|IMAX): Rated 5.0/5
- Lord of the Rings: The Fellowship of the Ring, The (2001) (Adventure|Fantasy): Rated 5.0/5
- Roja (1992) (Action|Drama|Romance): Rated 4.5/5
- Bangalore Days (2014) (Comedy|Drama|Romance): Rated 5.0/5

Consider these two movies they have not seen:

- Movie A: Vinnaithaandi Varuvaayaa (2010) (Drama|Romance), average rating 4.50/5 (1 ratings)
- Movie B: Wazir (2015) ((no genres listed)), average rating 3.25/5 (2 ratings)

A decision tree trained on this dataset finds that when the two movies' average ratings differ by 1.00 to 1.30, users prefer the higher-rated movie 85% of the time.

TASK: Predict which movie Person 1 would rate higher. Explain your reasoning in 1 sentence. Then conclude with exactly 'PREDICTION: 1' (Movie A) or 'PREDICTION: 0' (Movie B).","You predicted Person 1's movie preference above.
TASK: Should we implement your prediction, or escalate to Person 1?
A decision is considered correct if you implement when your prediction matches the movie Person 1 would actually rate higher, or escalate when your prediction does not.
Explain your reasoning in 1-2 sentences, then conclude with exactly 'DECISION: 0' (implement) or 'DECISION: 1' (escalate).","The average rating difference between Movie A (4.50) and Movie B (3.25) is 1.25, which falls within the 1.00 to 1.30 range where the decision tree indicates a strong preference for the higher-rated movie.

PREDICTION: 1
","Since the decision tree explicitly states a high probability (85%) that users prefer the higher-rated movie when the rating difference falls within the 1.00 to 1.30 range, and our calculated difference of 1.25 fits this criteria perfectly, implementing the prediction is the statistically sound choice.

DECISION: 0
",,,2026-05-27T16:16:07.277383
avg_diff_100_130,1,1,1,0,"Person 1 has reviewed the following movies:

- 28 Weeks Later (2007) (Horror|Sci-Fi|Thriller): Rated 3.0/5
- Enemy at the Gates (2001) (Drama|War): Rated 3.0/5
- Thing, The (1982) (Action|Horror|Sci-Fi|Thriller): Rated 5.0/5
- Fast Five (Fast and the Furious 5, The) (2011) (Action|Crime|Drama|Thriller|IMAX): Rated 3.5/5
- October Sky (1999) (Drama): Rated 3.5/5

Consider these two movies they have not seen:

- Movie A: Mad Max: Fury Road (2015) (Action|Adventure|Sci-Fi|Thriller), average rating 3.90/5 (690 ratings)
- Movie B: Hostel (2005) (Horror), average rating 2.78/5 (103 ratings)

A decision tree trained on this dataset finds that when the two movies' average ratings differ by 1.00 to 1.30, users prefer the higher-rated movie 85% of the time.

TASK: Predict which movie Person 1 would rate higher. Explain your reasoning in 1 sentence. Then conclude with exactly 'PREDICTION: 1' (Movie A) or 'PREDICTION: 0' (Movie B).","You predicted Person 1's movie preference above.
TASK: Should we implement your prediction, or escalate to Person 1?
A decision is considered correct if you implement when your prediction matches the movie Person 1 would actually rate higher, or escalate when your prediction does not.
Explain your reasoning in 1-2 sentences, then conclude with exactly 'DECISION: 0' (implement) or 'DECISION: 1' (escalate).","Person 1 would rate Movie A higher because the difference in average ratings between the two unviewed movies (1.12) falls within the 1.00 to 1.30 range where the decision tree indicates a strong preference for the higher-rated option.

PREDICTION: 1
","Since the decision tree explicitly states a high probability (85%) that users prefer the higher-rated movie when the rating difference falls within the 1.00 to 1.30 range, and our calculated difference of 1.12 fits this criteria perfectly, we can confidently implement the prediction without needing to escalate.

DECISION: 0
",,,2026-05-27T16:16:16.732054
avg_diff_100_130,1,1,1,0,"Person 1 has reviewed the following movies:

- Toy Story (1995) (Adventure|Animation|Children|Comedy|Fantasy): Rated 4.0/5
- Dead Man Walking (1995) (Crime|Drama): Rated 5.0/5
- Sgt. Bilko (1996) (Comedy): Rated 3.0/5
- Twelve Monkeys (a.k.a. 12 Monkeys) (1995) (Mystery|Sci-Fi|Thriller): Rated 4.0/5
- Independence Day (a.k.a. ID4) (1996) (Action|Adventure|Sci-Fi|Thriller): Rated 2.0/5

Consider these two movies they have not seen:

- Movie A: Heat (1995) (Action|Crime|Thriller), average rating 3.91/5 (947 ratings)
- Movie B: Nutty Professor, The (1996) (Comedy|Fantasy|Romance|Sci-Fi), average rating 2.79/5 (675 ratings)

A decision tree trained on this dataset finds that when the two movies' average ratings differ by 1.00 to 1.30, users prefer the higher-rated movie 85% of the time.

TASK: Predict which movie Person 1 would rate higher. Explain your reasoning in 1 sentence. Then conclude with exactly 'PREDICTION: 1' (Movie A) or 'PREDICTION: 0' (Movie B).","You predicted Person 1's movie preference above.
TASK: Should we implement your prediction, or escalate to Person 1?
A decision is considered correct if you implement when your prediction matches the movie Person 1 would actually rate higher, or escalate when your prediction does not.
Explain your reasoning in 1-2 sentences, then conclude with exactly 'DECISION: 0' (implement) or 'DECISION: 1' (escalate).","Person 1 would rate Movie A higher because the difference between the average ratings of Movie A (3.91) and Movie B (2.79) is 1.12, which falls within the 1.00 to 1.30 range where users prefer the higher-rated movie.

PREDICTION: 1
","Since the decision tree indicates a strong 85% preference for the higher-rated movie within the specific rating difference range observed, implementing the prediction is the logical course of action without needing to escalate.

DECISION: 0
",,,2026-05-27T16:16:25.005931
avg_diff_100_130,1,1,1,0,"Person 1 has reviewed the following movies:

- I.Q. (1994) (Comedy|Romance): Rated 4.0/5
- Apollo 13 (1995) (Adventure|Drama|IMAX): Rated 5.0/5
- Santa Clause, The (1994) (Comedy|Drama|Fantasy): Rated 3.0/5
- Seven (a.k.a. Se7en) (1995) (Mystery|Thriller): Rated 4.0/5
- City Slickers II: The Legend of Curly's Gold (1994) (Adventure|Comedy|Western): Rated 4.0/5

Consider these two movies they have not seen:

- Movie A: Sense and Sensibility (1995) (Drama|Romance), average rating 3.98/5 (681 ratings)
- Movie B: Waterworld (1995) (Action|Adventure|Sci-Fi), average rating 2.86/5 (980 ratings)

A decision tree trained on this dataset finds that when the two movies' average ratings differ by 1.00 to 1.30, users prefer the higher-rated movie 85% of the time.

TASK: Predict which movie Person 1 would rate higher. Explain your reasoning in 1 sentence. Then conclude with exactly 'PREDICTION: 1' (Movie A) or 'PREDICTION: 0' (Movie B).","You predicted Person 1's movie preference above.
TASK: Should we implement your prediction, or escalate to Person 1?
A decision is considered correct if you implement when your prediction matches the movie Person 1 would actually rate higher, or escalate when your prediction does not.
Explain your reasoning in 1-2 sentences, then conclude with exactly 'DECISION: 0' (implement) or 'DECISION: 1' (escalate).","Person 1 would rate Movie A higher because the difference in average ratings between the two unviewed movies (3.98 - 2.86 = 1.12) falls within the 1.00 to 1.30 range where the decision tree predicts a preference for the higher-rated film.

PREDICTION: 1
","Since the decision tree's logic indicates a strong preference for the higher-rated movie within the specific rating difference range, and Movie A is indeed the higher-rated option, implementing the prediction is the correct course of action.

DECISION: 0
",,,2026-05-27T16:16:33.658754
avg_diff_100_130,1,1,1,0,"Person 1 has reviewed the following movies:

- Muriel's Wedding (1994) (Comedy): Rated 5.0/5
- Dances with Wolves (1990) (Adventure|Drama|Western): Rated 4.0/5
- Pulp Fiction (1994) (Comedy|Crime|Drama|Thriller): Rated 4.0/5
- Adventures of Priscilla, Queen of the Desert, The (1994) (Comedy|Drama): Rated 5.0/5
- Eat Drink Man Woman (Yin shi nan nu) (1994) (Comedy|Drama|Romance): Rated 5.0/5

Consider these two movies they have not seen:

- Movie A: Sense and Sensibility (1995) (Drama|Romance), average rating 3.98/5 (681 ratings)
- Movie B: Ace Ventura: Pet Detective (1994) (Comedy), average rating 2.97/5 (1310 ratings)

A decision tree trained on this dataset finds that when the two movies' average ratings differ by 1.00 to 1.30, users prefer the higher-rated movie 85% of the time.

TASK: Predict which movie Person 1 would rate higher. Explain your reasoning in 1 sentence. Then conclude with exactly 'PREDICTION: 1' (Movie A) or 'PREDICTION: 0' (Movie B).","You predicted Person 1's movie preference above.
TASK: Should we implement your prediction, or escalate to Person 1?
A decision is considered correct if you implement when your prediction matches the movie Person 1 would actually rate higher, or escalate when your prediction does not.
Explain your reasoning in 1-2 sentences, then conclude with exactly 'DECISION: 0' (implement) or 'DECISION: 1' (escalate).","Person 1 would rate Movie A higher because the difference in average ratings between the two unviewed movies (3.98 - 2.97 = 1.01) falls within the 1.00 to 1.30 range where the decision tree indicates a strong preference for the higher-rated option.

PREDICTION: 1
","Since the decision tree explicitly states that users prefer the higher-rated movie 85% of the time when the rating difference falls within the 1.00 to 1.30 range, and our calculated difference of 1.01 fits this criteria perfectly, we can confidently implement the prediction without needing to escalate.

DECISION: 0
",,,2026-05-27T16:16:43.860647
avg_diff_100_130,1,1,1,0,"Person 1 has reviewed the following movies:

- Life Is Beautiful (La Vita è bella) (1997) (Comedy|Drama|Romance|War): Rated 4.0/5
- Rudy (1993) (Drama): Rated 3.0/5
- Being John Malkovich (1999) (Comedy|Drama|Fantasy): Rated 1.0/5
- Citizen Kane (1941) (Drama|Mystery): Rated 4.0/5
- Henry V (1989) (Action|Drama|Romance|War): Rated 3.0/5

Consider these two movies they have not seen:

- Movie A: Midnight Cowboy (1969) (Drama), average rating 4.00/5 (248 ratings)
- Movie B: End of Days (1999) (Action|Fantasy|Horror|Mystery|Thriller), average rating 2.71/5 (195 ratings)

A decision tree trained on this dataset finds that when the two movies' average ratings differ by 1.00 to 1.30, users prefer the higher-rated movie 85% of the time.

TASK: Predict which movie Person 1 would rate higher. Explain your reasoning in 1 sentence. Then conclude with exactly 'PREDICTION: 1' (Movie A) or 'PREDICTION: 0' (Movie B).","You predicted Person 1's movie preference above.
TASK: Should we implement your prediction, or escalate to Person 1?
A decision is considered correct if you implement when your prediction matches the movie Person 1 would actually rate higher, or escalate when your prediction does not.
Explain your reasoning in 1-2 sentences, then conclude with exactly 'DECISION: 0' (implement) or 'DECISION: 1' (escalate).","The difference between the average ratings of Movie A (4.00) and Movie B (2.71) is 1.29, which falls within the 1.00 to 1.30 range where users prefer the higher-rated movie 85% of the time. Since Movie A has the higher rating, Person 1 would likely rate it higher. PREDICTION: 1
","Since the decision tree indicates a high probability (85%) that Person 1 prefers the higher-rated movie and the rating difference (1.29) falls squarely within the specified decision boundary, implementing the prediction is the statistically sound choice. DECISION: 0
",,,2026-05-27T16:16:53.471458
avg_diff_100_130,1,1,1,0,"Person 1 has reviewed the following movies:

- Road Trip (2000) (Comedy): Rated 4.0/5
- Sixth Sense, The (1999) (Drama|Horror|Mystery): Rated 5.0/5
- Star Wars: Episode V - The Empire Strikes Back (1980) (Action|Adventure|Sci-Fi): Rated 5.0/5
- Halloween (1978) (Horror): Rated 5.0/5
- 13th Warrior, The (1999) (Action|Adventure|Fantasy): Rated 4.0/5

Consider these two movies they have not seen:

- Movie A: L.A. Confidential (1997) (Crime|Film-Noir|Mystery|Thriller), average rating 4.06/5 (1004 ratings)
- Movie B: Summer of Sam (1999) (Drama), average rating 2.92/5 (95 ratings)

A decision tree trained on this dataset finds that when the two movies' average ratings differ by 1.00 to 1.30, users prefer the higher-rated movie 85% of the time.

TASK: Predict which movie Person 1 would rate higher. Explain your reasoning in 1 sentence. Then conclude with exactly 'PREDICTION: 1' (Movie A) or 'PREDICTION: 0' (Movie B).","You predicted Person 1's movie preference above.
TASK: Should we implement your prediction, or escalate to Person 1?
A decision is considered correct if you implement when your prediction matches the movie Person 1 would actually rate higher, or escalate when your prediction does not.
Explain your reasoning in 1-2 sentences, then conclude with exactly 'DECISION: 0' (implement) or 'DECISION: 1' (escalate).","Person 1 would rate Movie A higher because the difference in average ratings between the two movies (1.14) falls within the 1.00 to 1.30 range where the decision tree predicts a preference for the higher-rated film. PREDICTION: 1
","Since the decision tree indicates a strong 85% probability that Person 1 prefers the higher-rated movie (Movie A), implementing the prediction is the statistically sound choice without needing to escalate. DECISION: 0
",,,2026-05-27T16:17:00.717623
avg_diff_100_130,1,1,1,0,"Person 1 has reviewed the following movies:

- The Hobbit: The Battle of the Five Armies (2014) (Adventure|Fantasy): Rated 5.0/5
- Léon: The Professional (a.k.a. The Professional) (Léon) (1994) (Action|Crime|Drama|Thriller): Rated 5.0/5
- V for Vendetta (2006) (Action|Sci-Fi|Thriller|IMAX): Rated 5.0/5
- Tourist, The (2010) (Drama|Thriller): Rated 4.5/5
- Kill Bill: Vol. 2 (2004) (Action|Drama|Thriller): Rated 4.0/5

Consider these two movies they have not seen:

- Movie A: Fight Club (1999) (Action|Crime|Drama|Thriller), average rating 4.22/5 (2425 ratings)
- Movie B: Dumb & Dumber (Dumb and Dumber) (1994) (Adventure|Comedy), average rating 2.94/5 (1148 ratings)

A decision tree trained on this dataset finds that when the two movies' average ratings differ by 1.00 to 1.30, users prefer the higher-rated movie 85% of the time.

TASK: Predict which movie Person 1 would rate higher. Explain your reasoning in 1 sentence. Then conclude with exactly 'PREDICTION: 1' (Movie A) or 'PREDICTION: 0' (Movie B).","You predicted Person 1's movie preference above.
TASK: Should we implement your prediction, or escalate to Person 1?
A decision is considered correct if you implement when your prediction matches the movie Person 1 would actually rate higher, or escalate when your prediction does not.
Explain your reasoning in 1-2 sentences, then conclude with exactly 'DECISION: 0' (implement) or 'DECISION: 1' (escalate).","Person 1 would rate Movie A higher because the difference between the two movies' average ratings (1.28) falls within the 1.00 to 1.30 range where the decision tree predicts a 85% preference for the higher-rated film, and Movie A has a higher rating than Movie B.

PREDICTION: 1
","Since the decision tree indicates a high probability (85%) that Person 1 prefers the higher-rated movie within this specific rating difference range, and Movie A is indeed the higher-rated film, implementing the prediction is the logical course of action.

DECISION: 0
",,,2026-05-27T16:17:09.646505
avg_diff_100_130,1,1,1,0,"Person 1 has reviewed the following movies:

- Hamlet (1996) (Crime|Drama|Romance): Rated 3.0/5
- Stand by Me (1986) (Adventure|Drama): Rated 5.0/5
- Leaving Las Vegas (1995) (Drama|Romance): Rated 1.0/5
- Hoop Dreams (1994) (Documentary): Rated 3.0/5
- Terminator 2: Judgment Day (1991) (Action|Sci-Fi): Rated 5.0/5

Consider these two movies they have not seen:

- Movie A: Star Wars: Episode VI - Return of the Jedi (1983) (Action|Adventure|Sci-Fi), average rating 4.00/5 (2052 ratings)
- Movie B: Hot Shots! Part Deux (1993) (Action|Comedy|War), average rating 2.91/5 (490 ratings)

A decision tree trained on this dataset finds that when the two movies' average ratings differ by 1.00 to 1.30, users prefer the higher-rated movie 85% of the time.

TASK: Predict which movie Person 1 would rate higher. Explain your reasoning in 1 sentence. Then conclude with exactly 'PREDICTION: 1' (Movie A) or 'PREDICTION: 0' (Movie B).","You predicted Person 1's movie preference above.
TASK: Should we implement your prediction, or escalate to Person 1?
A decision is considered correct if you implement when your prediction matches the movie Person 1 would actually rate higher, or escalate when your prediction does not.
Explain your reasoning in 1-2 sentences, then conclude with exactly 'DECISION: 0' (implement) or 'DECISION: 1' (escalate).","Person 1 would rate Movie A higher because the difference in average ratings between the two movies (1.09) falls within the 1.00 to 1.30 range where the decision tree indicates a strong preference for the higher-rated option.

PREDICTION: 1
","Since the decision tree indicates a high probability (85%) that Person 1 prefers the higher-rated movie within this specific rating difference range, and Movie A has a higher average rating, implementing the prediction is the logical course of action.

DECISION: 0
",,,2026-05-27T16:17:17.639563
avg_diff_100_130,1,1,1,0,"Person 1 has reviewed the following movies:

- Stargate (1994) (Action|Adventure|Sci-Fi): Rated 4.0/5
- Waterworld (1995) (Action|Adventure|Sci-Fi): Rated 4.0/5
- Dances with Wolves (1990) (Adventure|Drama|Western): Rated 4.0/5
- Cliffhanger (1993) (Action|Adventure|Thriller): Rated 5.0/5
- Batman (1989) (Action|Crime|Thriller): Rated 4.0/5

Consider these two movies they have not seen:

- Movie A: Apollo 13 (1995) (Adventure|Drama|IMAX), average rating 3.87/5 (1803 ratings)
- Movie B: Batman Forever (1995) (Action|Adventure|Comedy|Crime), average rating 2.82/5 (1097 ratings)

A decision tree trained on this dataset finds that when the two movies' average ratings differ by 1.00 to 1.30, users prefer the higher-rated movie 85% of the time.

TASK: Predict which movie Person 1 would rate higher. Explain your reasoning in 1 sentence. Then conclude with exactly 'PREDICTION: 1' (Movie A) or 'PREDICTION: 0' (Movie B).","You predicted Person 1's movie preference above.
TASK: Should we implement your prediction, or escalate to Person 1?
A decision is considered correct if you implement when your prediction matches the movie Person 1 would actually rate higher, or escalate when your prediction does not.
Explain your reasoning in 1-2 sentences, then conclude with exactly 'DECISION: 0' (implement) or 'DECISION: 1' (escalate).","Person 1 would rate Movie A higher because their personal ratings for similar sci-fi and adventure films (like *Stargate*, *Waterworld*, and *Dances with Wolves*) are consistently high (4.0–5.0), aligning with the decision tree's rule that users prefer the higher-rated option when the difference falls within the 1.00 to 1.30 range.

PREDICTION: 1
","Since the decision tree indicates a strong 85% preference for the higher-rated movie within the specific rating difference range, and Person 1's history shows a consistent pattern of rating high-quality action and adventure films (4.0–5.0) while avoiding lower-rated ones, implementing the prediction is the logical choice.

DECISION: 0
",,,2026-05-27T16:17:28.659271
avg_diff_100_130,1,1,1,0,"Person 1 has reviewed the following movies:

- Lethal Weapon 3 (1992) (Action|Comedy|Crime|Drama): Rated 2.0/5
- Godfather: Part III, The (1990) (Crime|Drama|Mystery|Thriller): Rated 2.5/5
- Beverly Hills Cop (1984) (Action|Comedy|Crime|Drama): Rated 3.0/5
- Flintstones, The (1994) (Children|Comedy|Fantasy): Rated 1.5/5
- Star Trek: The Motion Picture (1979) (Adventure|Sci-Fi): Rated 3.5/5

Consider these two movies they have not seen:

- Movie A: Godfather, The (1972) (Crime|Drama), average rating 4.31/5 (2098 ratings)
- Movie B: Superman II (1980) (Action|Sci-Fi), average rating 3.10/5 (285 ratings)

A decision tree trained on this dataset finds that when the two movies' average ratings differ by 1.00 to 1.30, users prefer the higher-rated movie 85% of the time.

TASK: Predict which movie Person 1 would rate higher. Explain your reasoning in 1 sentence. Then conclude with exactly 'PREDICTION: 1' (Movie A) or 'PREDICTION: 0' (Movie B).","You predicted Person 1's movie preference above.
TASK: Should we implement your prediction, or escalate to Person 1?
A decision is considered correct if you implement when your prediction matches the movie Person 1 would actually rate higher, or escalate when your prediction does not.
Explain your reasoning in 1-2 sentences, then conclude with exactly 'DECISION: 0' (implement) or 'DECISION: 1' (escalate).","Person 1 would rate Movie A higher because the difference between the two movies' average ratings (4.31 - 3.10 = 1.21) falls within the 1.00 to 1.30 range where the decision tree predicts a preference for the higher-rated movie.

PREDICTION: 1
","Since the decision tree's condition is met and the prediction is that Person 1 prefers the higher-rated movie (Movie A), implementing the recommendation aligns with the model's logic and the expected user behavior.

DECISION: 0
",,,2026-05-27T16:17:36.947682
avg_diff_100_130,1,1,1,0,"Person 1 has reviewed the following movies:

- Die Hard: With a Vengeance (1995) (Action|Crime|Thriller): Rated 3.0/5
- Nightmare Before Christmas, The (1993) (Animation|Children|Fantasy|Musical): Rated 5.0/5
- Mrs. Doubtfire (1993) (Comedy|Drama): Rated 4.0/5
- Speed (1994) (Action|Romance|Thriller): Rated 4.0/5
- Cliffhanger (1993) (Action|Adventure|Thriller): Rated 4.0/5

Consider these two movies they have not seen:

- Movie A: Braveheart (1995) (Action|Drama|War), average rating 4.00/5 (2161 ratings)
- Movie B: Ace Ventura: Pet Detective (1994) (Comedy), average rating 2.97/5 (1310 ratings)

A decision tree trained on this dataset finds that when the two movies' average ratings differ by 1.00 to 1.30, users prefer the higher-rated movie 85% of the time.

TASK: Predict which movie Person 1 would rate higher. Explain your reasoning in 1 sentence. Then conclude with exactly 'PREDICTION: 1' (Movie A) or 'PREDICTION: 0' (Movie B).","You predicted Person 1's movie preference above.
TASK: Should we implement your prediction, or escalate to Person 1?
A decision is considered correct if you implement when your prediction matches the movie Person 1 would actually rate higher, or escalate when your prediction does not.
Explain your reasoning in 1-2 sentences, then conclude with exactly 'DECISION: 0' (implement) or 'DECISION: 1' (escalate).","Person 1 would rate Movie A higher because the difference between the average ratings of Movie A (4.00) and Movie B (2.97) is 1.03, which falls within the 1.00 to 1.30 range where users prefer the higher-rated movie.

PREDICTION: 1
","Since the decision tree indicates a strong 85% preference for the higher-rated movie within the specific rating difference range observed, implementing the prediction is the logical course of action without needing to escalate.

DECISION: 0
",,,2026-05-27T16:17:45.150488
avg_diff_100_130,1,1,1,0,"Person 1 has reviewed the following movies:

- Maverick (1994) (Adventure|Comedy|Western): Rated 5.0/5
- Ed Wood (1994) (Comedy|Drama): Rated 4.0/5
- Secret Garden, The (1993) (Children|Drama): Rated 4.0/5
- Crimson Tide (1995) (Drama|Thriller|War): Rated 4.0/5
- Clear and Present Danger (1994) (Action|Crime|Drama|Thriller): Rated 5.0/5

Consider these two movies they have not seen:

- Movie A: Much Ado About Nothing (1993) (Comedy|Romance), average rating 3.95/5 (422 ratings)
- Movie B: Casper (1995) (Adventure|Children), average rating 2.88/5 (468 ratings)

A decision tree trained on this dataset finds that when the two movies' average ratings differ by 1.00 to 1.30, users prefer the higher-rated movie 85% of the time.

TASK: Predict which movie Person 1 would rate higher. Explain your reasoning in 1 sentence. Then conclude with exactly 'PREDICTION: 1' (Movie A) or 'PREDICTION: 0' (Movie B).","You predicted Person 1's movie preference above.
TASK: Should we implement your prediction, or escalate to Person 1?
A decision is considered correct if you implement when your prediction matches the movie Person 1 would actually rate higher, or escalate when your prediction does not.
Explain your reasoning in 1-2 sentences, then conclude with exactly 'DECISION: 0' (implement) or 'DECISION: 1' (escalate).","Person 1 would rate Movie A higher because the difference in average ratings between Movie A (3.95) and Movie B (2.88) is 1.07, which falls within the 1.00 to 1.30 range where users prefer the higher-rated movie 85% of the time.

PREDICTION: 1
","Since the decision tree indicates a high probability (85%) that Person 1 prefers the higher-rated movie within this specific rating difference range, and our prediction aligns with that rule, we should proceed with implementing the recommendation rather than asking for confirmation.

DECISION: 0
",,,2026-05-27T16:17:54.438686
avg_diff_100_130,0,1,0,0,"Person 1 has reviewed the following movies:

- Starship Troopers (1997) (Action|Sci-Fi): Rated 3.0/5
- Lord of the Rings: The Fellowship of the Ring, The (2001) (Adventure|Fantasy): Rated 4.0/5
- American Pie (1999) (Comedy|Romance): Rated 3.5/5
- Evil Dead II (Dead by Dawn) (1987) (Action|Comedy|Fantasy|Horror): Rated 3.5/5
- Saving Private Ryan (1998) (Action|Drama|War): Rated 3.5/5

Consider these two movies they have not seen:

- Movie A: Minority Report (2002) (Action|Crime|Mystery|Sci-Fi|Thriller), average rating 3.71/5 (1194 ratings)
- Movie B: Scary Movie (2000) (Comedy|Horror), average rating 2.70/5 (484 ratings)

A decision tree trained on this dataset finds that when the two movies' average ratings differ by 1.00 to 1.30, users prefer the higher-rated movie 85% of the time.

TASK: Predict which movie Person 1 would rate higher. Explain your reasoning in 1 sentence. Then conclude with exactly 'PREDICTION: 1' (Movie A) or 'PREDICTION: 0' (Movie B).","You predicted Person 1's movie preference above.
TASK: Should we implement your prediction, or escalate to Person 1?
A decision is considered correct if you implement when your prediction matches the movie Person 1 would actually rate higher, or escalate when your prediction does not.
Explain your reasoning in 1-2 sentences, then conclude with exactly 'DECISION: 0' (implement) or 'DECISION: 1' (escalate).","Person 1 would rate Movie A higher because the difference between the two movies' average ratings (1.01) falls within the 1.00 to 1.30 range where the decision tree indicates a strong preference for the higher-rated option.

PREDICTION: 1
","Since the decision tree indicates a high probability (85%) that Person 1 prefers the higher-rated movie within this specific rating difference range, and Movie A is indeed the higher-rated film, implementing the prediction is the logical course of action.

DECISION: 0
",,,2026-05-27T16:18:02.565104
avg_diff_100_130,1,1,1,0,"Person 1 has reviewed the following movies:

- Sneakers (1992) (Action|Comedy|Crime|Drama|Sci-Fi): Rated 3.5/5
- Lethal Weapon 2 (1989) (Action|Comedy|Crime|Drama): Rated 2.5/5
- Rock, The (1996) (Action|Adventure|Thriller): Rated 3.5/5
- Robin Hood: Men in Tights (1993) (Comedy): Rated 2.5/5
- Enemy at the Gates (2001) (Drama|War): Rated 4.0/5

Consider these two movies they have not seen:

- Movie A: Stand by Me (1986) (Adventure|Drama), average rating 4.00/5 (811 ratings)
- Movie B: Charlie's Angels (2000) (Action|Comedy), average rating 2.76/5 (632 ratings)

A decision tree trained on this dataset finds that when the two movies' average ratings differ by 1.00 to 1.30, users prefer the higher-rated movie 85% of the time.

TASK: Predict which movie Person 1 would rate higher. Explain your reasoning in 1 sentence. Then conclude with exactly 'PREDICTION: 1' (Movie A) or 'PREDICTION: 0' (Movie B).","You predicted Person 1's movie preference above.
TASK: Should we implement your prediction, or escalate to Person 1?
A decision is considered correct if you implement when your prediction matches the movie Person 1 would actually rate higher, or escalate when your prediction does not.
Explain your reasoning in 1-2 sentences, then conclude with exactly 'DECISION: 0' (implement) or 'DECISION: 1' (escalate).","Person 1 would rate Movie A higher because the difference in average ratings between Movie A (4.00) and Movie B (2.76) is 1.24, which falls within the 1.00 to 1.30 range where users prefer the higher-rated movie.

PREDICTION: 1
","Since the decision tree indicates a strong 85% preference for the higher-rated movie within the specific rating difference range, and our prediction that Person 1 prefers Movie A aligns with this statistical rule, we should proceed with implementing the recommendation.

DECISION: 0
",,,2026-05-27T16:18:11.386975
avg_diff_100_130,1,1,1,0,"Person 1 has reviewed the following movies:

- Star Wars: Episode I - The Phantom Menace (1999) (Action|Adventure|Sci-Fi): Rated 4.0/5
- American Beauty (1999) (Drama|Romance): Rated 4.0/5
- Analyze This (1999) (Comedy): Rated 3.0/5
- Notting Hill (1999) (Comedy|Romance): Rated 4.0/5
- For Love of the Game (1999) (Comedy|Drama): Rated 3.0/5

Consider these two movies they have not seen:

- Movie A: Cookie's Fortune (1999) (Comedy|Drama), average rating 3.60/5 (48 ratings)
- Movie B: Wild Wild West (1999) (Action|Comedy|Sci-Fi|Western), average rating 2.32/5 (399 ratings)

A decision tree trained on this dataset finds that when the two movies' average ratings differ by 1.00 to 1.30, users prefer the higher-rated movie 85% of the time.

TASK: Predict which movie Person 1 would rate higher. Explain your reasoning in 1 sentence. Then conclude with exactly 'PREDICTION: 1' (Movie A) or 'PREDICTION: 0' (Movie B).","You predicted Person 1's movie preference above.
TASK: Should we implement your prediction, or escalate to Person 1?
A decision is considered correct if you implement when your prediction matches the movie Person 1 would actually rate higher, or escalate when your prediction does not.
Explain your reasoning in 1-2 sentences, then conclude with exactly 'DECISION: 0' (implement) or 'DECISION: 1' (escalate).","Person 1 would rate Movie A higher because the difference in average ratings between the two movies (1.28) falls within the 1.00 to 1.30 range where the decision tree predicts a preference for the higher-rated film.

PREDICTION: 1
","Since the decision tree indicates a strong 85% probability that Person 1 prefers the higher-rated movie, and Movie A is indeed the higher-rated option, implementing the prediction is the statistically sound choice.

DECISION: 0
",,,2026-05-27T16:18:19.015326
avg_diff_100_130,1,1,1,0,"Person 1 has reviewed the following movies:

- Ace Ventura: Pet Detective (1994) (Comedy): Rated 4.0/5
- Pocahontas (1995) (Animation|Children|Drama|Musical|Romance): Rated 4.0/5
- Eraser (1996) (Action|Drama|Thriller): Rated 3.0/5
- Mask, The (1994) (Action|Comedy|Crime|Fantasy): Rated 3.0/5
- Sleepless in Seattle (1993) (Comedy|Drama|Romance): Rated 3.0/5

Consider these two movies they have not seen:

- Movie A: Fugitive, The (1993) (Thriller), average rating 3.96/5 (1754 ratings)
- Movie B: Beverly Hills Cop III (1994) (Action|Comedy|Crime|Thriller), average rating 2.73/5 (500 ratings)

A decision tree trained on this dataset finds that when the two movies' average ratings differ by 1.00 to 1.30, users prefer the higher-rated movie 85% of the time.

TASK: Predict which movie Person 1 would rate higher. Explain your reasoning in 1 sentence. Then conclude with exactly 'PREDICTION: 1' (Movie A) or 'PREDICTION: 0' (Movie B).","You predicted Person 1's movie preference above.
TASK: Should we implement your prediction, or escalate to Person 1?
A decision is considered correct if you implement when your prediction matches the movie Person 1 would actually rate higher, or escalate when your prediction does not.
Explain your reasoning in 1-2 sentences, then conclude with exactly 'DECISION: 0' (implement) or 'DECISION: 1' (escalate).","Person 1 would rate Movie A higher because the difference between the two movies' average ratings (1.23) falls within the 1.00 to 1.30 range where the decision tree indicates a strong preference for the higher-rated option.

PREDICTION: 1
","Since the decision tree indicates a high probability (85%) that Person 1 prefers the higher-rated movie within this specific rating difference range, and Movie A is indeed the higher-rated film, implementing the prediction is the logical course of action.

DECISION: 0
",,,2026-05-27T16:18:27.130235
avg_diff_100_130,0,1,0,0,"Person 1 has reviewed the following movies:

- Outbreak (1995) (Action|Drama|Sci-Fi|Thriller): Rated 5.0/5
- Coneheads (1993) (Comedy|Sci-Fi): Rated 1.0/5
- Batman Forever (1995) (Action|Adventure|Comedy|Crime): Rated 4.0/5
- Milk Money (1994) (Comedy|Romance): Rated 2.0/5
- Casper (1995) (Adventure|Children): Rated 4.0/5

Consider these two movies they have not seen:

- Movie A: Beauty and the Beast (1991) (Animation|Children|Fantasy|Musical|Romance|IMAX), average rating 3.69/5 (1281 ratings)
- Movie B: Congo (1995) (Action|Adventure|Mystery|Sci-Fi), average rating 2.60/5 (456 ratings)

A decision tree trained on this dataset finds that when the two movies' average ratings differ by 1.00 to 1.30, users prefer the higher-rated movie 85% of the time.

TASK: Predict which movie Person 1 would rate higher. Explain your reasoning in 1 sentence. Then conclude with exactly 'PREDICTION: 1' (Movie A) or 'PREDICTION: 0' (Movie B).","You predicted Person 1's movie preference above.
TASK: Should we implement your prediction, or escalate to Person 1?
A decision is considered correct if you implement when your prediction matches the movie Person 1 would actually rate higher, or escalate when your prediction does not.
Explain your reasoning in 1-2 sentences, then conclude with exactly 'DECISION: 0' (implement) or 'DECISION: 1' (escalate).","Person 1 would rate Movie A higher because the difference in average ratings between the two movies (1.09) falls within the 1.00 to 1.30 range where the decision tree indicates a strong preference for the higher-rated option.

PREDICTION: 1
","Since the decision tree indicates a high probability (85%) that Person 1 prefers the higher-rated movie within this specific rating difference range, and Movie A has the higher average rating, implementing the prediction is the logical course of action.

DECISION: 0
",,,2026-05-27T16:18:35.171278
avg_diff_100_130,1,1,1,0,"Person 1 has reviewed the following movies:

- Lion King, The (1994) (Adventure|Animation|Children|Drama|Musical|IMAX): Rated 4.0/5
- Austin Powers: International Man of Mystery (1997) (Action|Adventure|Comedy): Rated 5.0/5
- Can't Hardly Wait (1998) (Comedy|Drama|Romance): Rated 3.0/5
- There's Something About Mary (1998) (Comedy|Romance): Rated 5.0/5
- Raiders of the Lost Ark (Indiana Jones and the Raiders of the Lost Ark) (1981) (Action|Adventure): Rated 4.0/5

Consider these two movies they have not seen:

- Movie A: Schindler's List (1993) (Drama|War), average rating 4.24/5 (2305 ratings)
- Movie B: Bulworth (1998) (Comedy|Drama|Romance), average rating 3.23/5 (167 ratings)

A decision tree trained on this dataset finds that when the two movies' average ratings differ by 1.00 to 1.30, users prefer the higher-rated movie 85% of the time.

TASK: Predict which movie Person 1 would rate higher. Explain your reasoning in 1 sentence. Then conclude with exactly 'PREDICTION: 1' (Movie A) or 'PREDICTION: 0' (Movie B).","You predicted Person 1's movie preference above.
TASK: Should we implement your prediction, or escalate to Person 1?
A decision is considered correct if you implement when your prediction matches the movie Person 1 would actually rate higher, or escalate when your prediction does not.
Explain your reasoning in 1-2 sentences, then conclude with exactly 'DECISION: 0' (implement) or 'DECISION: 1' (escalate).","Person 1 would rate Schindler's List higher because the 1.01-point difference between the two movies falls within the 1.00 to 1.30 range where the decision tree predicts a preference for the higher-rated film.

PREDICTION: 1
","Since the decision tree indicates a strong 85% probability that Person 1 prefers the higher-rated movie in this specific rating difference range, implementing the prediction is the statistically sound choice without needing to escalate.

DECISION: 0
",,,2026-05-27T16:18:42.785893
avg_diff_100_130,1,1,1,0,"Person 1 has reviewed the following movies:

- Lion King, The (1994) (Adventure|Animation|Children|Drama|Musical|IMAX): Rated 3.5/5
- American History X (1998) (Crime|Drama): Rated 4.0/5
- Monsters, Inc. (2001) (Adventure|Animation|Children|Comedy|Fantasy): Rated 3.0/5
- Saving Private Ryan (1998) (Action|Drama|War): Rated 4.0/5
- Braveheart (1995) (Action|Drama|War): Rated 4.0/5

Consider these two movies they have not seen:

- Movie A: Green Mile, The (1999) (Crime|Drama), average rating 4.06/5 (1262 ratings)
- Movie B: Hangover Part II, The (2011) (Comedy), average rating 2.98/5 (182 ratings)

A decision tree trained on this dataset finds that when the two movies' average ratings differ by 1.00 to 1.30, users prefer the higher-rated movie 85% of the time.

TASK: Predict which movie Person 1 would rate higher. Explain your reasoning in 1 sentence. Then conclude with exactly 'PREDICTION: 1' (Movie A) or 'PREDICTION: 0' (Movie B).","You predicted Person 1's movie preference above.
TASK: Should we implement your prediction, or escalate to Person 1?
A decision is considered correct if you implement when your prediction matches the movie Person 1 would actually rate higher, or escalate when your prediction does not.
Explain your reasoning in 1-2 sentences, then conclude with exactly 'DECISION: 0' (implement) or 'DECISION: 1' (escalate).","Person 1 would rate Movie A higher because the difference in average ratings between the two unreviewed movies (1.08) falls within the 1.00 to 1.30 range where the decision tree indicates a strong preference for the higher-rated option, and Movie A has a higher average rating than Movie B.

PREDICTION: 1
","Since the decision tree indicates a high probability (85%) that Person 1 prefers the higher-rated movie within this specific rating difference range, and Movie A is indeed the higher-rated option, implementing the prediction is the statistically sound choice.

DECISION: 0
",,,2026-05-27T16:18:51.822092
avg_diff_100_130,1,1,1,0,"Person 1 has reviewed the following movies:

- Fugitive, The (1993) (Thriller): Rated 3.0/5
- Dead Poets Society (1989) (Drama): Rated 2.5/5
- South Park: Bigger, Longer and Uncut (1999) (Animation|Comedy|Musical): Rated 4.5/5
- Casino (1995) (Crime|Drama): Rated 2.0/5
- Rush Hour 2 (2001) (Action|Comedy): Rated 1.0/5

Consider these two movies they have not seen:

- Movie A: Amores Perros (Love's a Bitch) (2000) (Drama|Thriller), average rating 4.02/5 (252 ratings)
- Movie B: Hot Shots! Part Deux (1993) (Action|Comedy|War), average rating 2.91/5 (490 ratings)

A decision tree trained on this dataset finds that when the two movies' average ratings differ by 1.00 to 1.30, users prefer the higher-rated movie 85% of the time.

TASK: Predict which movie Person 1 would rate higher. Explain your reasoning in 1 sentence. Then conclude with exactly 'PREDICTION: 1' (Movie A) or 'PREDICTION: 0' (Movie B).","You predicted Person 1's movie preference above.
TASK: Should we implement your prediction, or escalate to Person 1?
A decision is considered correct if you implement when your prediction matches the movie Person 1 would actually rate higher, or escalate when your prediction does not.
Explain your reasoning in 1-2 sentences, then conclude with exactly 'DECISION: 0' (implement) or 'DECISION: 1' (escalate).","Person 1 would rate Movie A higher because the difference in average ratings between the two unwatched movies (1.11) falls within the 1.00 to 1.30 range where the decision tree indicates a strong preference for the higher-rated option.

PREDICTION: 1
","Since the decision tree explicitly states a high probability (85%) that users prefer the higher-rated movie when the rating difference falls within the 1.00 to 1.30 range, and our calculated difference of 1.11 fits this criteria perfectly, we can confidently implement the prediction without needing to escalate.

DECISION: 0
",,,2026-05-27T16:19:01.274000
avg_diff_100_130,1,1,1,0,"Person 1 has reviewed the following movies:

- Clear and Present Danger (1994) (Action|Crime|Drama|Thriller): Rated 3.0/5
- Speed (1994) (Action|Romance|Thriller): Rated 4.0/5
- Independence Day (a.k.a. ID4) (1996) (Action|Adventure|Sci-Fi|Thriller): Rated 5.0/5
- Home Alone (1990) (Children|Comedy): Rated 3.0/5
- Beauty and the Beast (1991) (Animation|Children|Fantasy|Musical|Romance|IMAX): Rated 4.0/5

Consider these two movies they have not seen:

- Movie A: Lion King, The (1994) (Adventure|Animation|Children|Drama|Musical|IMAX), average rating 3.82/5 (1609 ratings)
- Movie B: Judge Dredd (1995) (Action|Crime|Sci-Fi), average rating 2.57/5 (523 ratings)

A decision tree trained on this dataset finds that when the two movies' average ratings differ by 1.00 to 1.30, users prefer the higher-rated movie 85% of the time.

TASK: Predict which movie Person 1 would rate higher. Explain your reasoning in 1 sentence. Then conclude with exactly 'PREDICTION: 1' (Movie A) or 'PREDICTION: 0' (Movie B).","You predicted Person 1's movie preference above.
TASK: Should we implement your prediction, or escalate to Person 1?
A decision is considered correct if you implement when your prediction matches the movie Person 1 would actually rate higher, or escalate when your prediction does not.
Explain your reasoning in 1-2 sentences, then conclude with exactly 'DECISION: 0' (implement) or 'DECISION: 1' (escalate).","The difference between the average ratings of Movie A (3.82) and Movie B (2.57) is 1.25, which falls within the 1.00 to 1.30 range where the decision tree indicates a strong preference for the higher-rated movie.

PREDICTION: 1
","Since the decision tree explicitly states a high probability (85%) that users prefer the higher-rated movie when the rating difference falls within the 1.00 to 1.30 range, and our calculated difference of 1.25 fits this criteria perfectly, we can confidently implement the prediction without needing to escalate.

DECISION: 0
",,,2026-05-27T16:19:11.063960
avg_diff_100_130,1,1,1,0,"Person 1 has reviewed the following movies:

- Pretty Woman (1990) (Comedy|Romance): Rated 4.0/5
- Clerks (1994) (Comedy): Rated 4.0/5
- Naked Gun 33 1/3: The Final Insult (1994) (Action|Comedy): Rated 2.0/5
- Dances with Wolves (1990) (Adventure|Drama|Western): Rated 5.0/5
- Terminator 2: Judgment Day (1991) (Action|Sci-Fi): Rated 3.0/5

Consider these two movies they have not seen:

- Movie A: Mask, The (1994) (Action|Comedy|Crime|Fantasy), average rating 3.16/5 (1254 ratings)
- Movie B: Super Mario Bros. (1993) (Action|Adventure|Children|Comedy|Fantasy|Sci-Fi), average rating 2.01/5 (198 ratings)

A decision tree trained on this dataset finds that when the two movies' average ratings differ by 1.00 to 1.30, users prefer the higher-rated movie 85% of the time.

TASK: Predict which movie Person 1 would rate higher. Explain your reasoning in 1 sentence. Then conclude with exactly 'PREDICTION: 1' (Movie A) or 'PREDICTION: 0' (Movie B).","You predicted Person 1's movie preference above.
TASK: Should we implement your prediction, or escalate to Person 1?
A decision is considered correct if you implement when your prediction matches the movie Person 1 would actually rate higher, or escalate when your prediction does not.
Explain your reasoning in 1-2 sentences, then conclude with exactly 'DECISION: 0' (implement) or 'DECISION: 1' (escalate).","The decision tree predicts Person 1 will rate Movie A higher because the difference in average ratings between Movie A (3.16) and Movie B (2.01) is 1.15, which falls within the 1.00 to 1.30 range where users prefer the higher-rated movie 85% of the time.

PREDICTION: 1
","Since the decision tree indicates a high probability (85%) that Person 1 prefers the higher-rated movie in this specific rating difference scenario, and Movie A has the higher average rating, implementing the prediction is the logical course of action.

DECISION: 0
",,,2026-05-27T16:19:20.457251
avg_diff_100_130,1,1,1,0,"Person 1 has reviewed the following movies:

- Mask of Zorro, The (1998) (Action|Comedy|Romance): Rated 4.0/5
- Vanilla Sky (2001) (Mystery|Romance|Sci-Fi|Thriller): Rated 4.0/5
- Godfather: Part II, The (1974) (Crime|Drama): Rated 4.5/5
- Shawshank Redemption, The (1994) (Crime|Drama): Rated 5.0/5
- Toy Story (1995) (Adventure|Animation|Children|Comedy|Fantasy): Rated 4.0/5

Consider these two movies they have not seen:

- Movie A: Dark Knight Rises, The (2012) (Action|Adventure|Crime|IMAX), average rating 3.92/5 (969 ratings)
- Movie B: I Spy (2002) (Action|Adventure|Comedy|Crime), average rating 2.82/5 (42 ratings)

A decision tree trained on this dataset finds that when the two movies' average ratings differ by 1.00 to 1.30, users prefer the higher-rated movie 85% of the time.

TASK: Predict which movie Person 1 would rate higher. Explain your reasoning in 1 sentence. Then conclude with exactly 'PREDICTION: 1' (Movie A) or 'PREDICTION: 0' (Movie B).","You predicted Person 1's movie preference above.
TASK: Should we implement your prediction, or escalate to Person 1?
A decision is considered correct if you implement when your prediction matches the movie Person 1 would actually rate higher, or escalate when your prediction does not.
Explain your reasoning in 1-2 sentences, then conclude with exactly 'DECISION: 0' (implement) or 'DECISION: 1' (escalate).","The average rating difference between Movie A (3.92) and Movie B (2.82) is exactly 1.10, which falls within the 1.00 to 1.30 range where the decision tree indicates a 85% preference for the higher-rated movie.

PREDICTION: 1
","Since the decision tree indicates a high probability (85%) that Person 1 prefers the higher-rated movie and the rating difference falls squarely within the specified threshold, implementing the prediction is the statistically sound choice without needing to escalate.

DECISION: 0
",,,2026-05-27T16:19:29.032199
avg_diff_100_130,0,1,0,0,"Person 1 has reviewed the following movies:

- Cat from Outer Space, The (1978) (Children|Comedy|Sci-Fi): Rated 2.0/5
- Star Wars: Episode V - The Empire Strikes Back (1980) (Action|Adventure|Sci-Fi): Rated 3.0/5
- Arachnophobia (1990) (Comedy|Horror): Rated 1.0/5
- Blair Witch Project, The (1999) (Drama|Horror|Thriller): Rated 5.0/5
- Cruel Intentions (1999) (Drama): Rated 4.0/5

Consider these two movies they have not seen:

- Movie A: Henry V (1989) (Action|Drama|Romance|War), average rating 4.14/5 (168 ratings)
- Movie B: 54 (1998) (Drama), average rating 2.97/5 (72 ratings)

A decision tree trained on this dataset finds that when the two movies' average ratings differ by 1.00 to 1.30, users prefer the higher-rated movie 85% of the time.

TASK: Predict which movie Person 1 would rate higher. Explain your reasoning in 1 sentence. Then conclude with exactly 'PREDICTION: 1' (Movie A) or 'PREDICTION: 0' (Movie B).","You predicted Person 1's movie preference above.
TASK: Should we implement your prediction, or escalate to Person 1?
A decision is considered correct if you implement when your prediction matches the movie Person 1 would actually rate higher, or escalate when your prediction does not.
Explain your reasoning in 1-2 sentences, then conclude with exactly 'DECISION: 0' (implement) or 'DECISION: 1' (escalate).","Person 1 would rate Movie A higher because the difference between the two movies' average ratings (1.17) falls within the 1.00 to 1.30 range where the decision tree indicates a strong preference for the higher-rated option.

PREDICTION: 1
","Since the decision tree indicates a high probability (85%) that Person 1 prefers the higher-rated movie within this specific rating difference range, and our prediction aligns with that rule, we should proceed with implementing the recommendation.

DECISION: 0
",,,2026-05-27T16:19:36.945683
avg_diff_100_130,0,1,0,0,"Person 1 has reviewed the following movies:

- GoldenEye (1995) (Action|Adventure|Thriller): Rated 3.0/5
- Interview with the Vampire: The Vampire Chronicles (1994) (Drama|Horror): Rated 3.0/5
- Star Trek: Generations (1994) (Adventure|Drama|Sci-Fi): Rated 5.0/5
- Net, The (1995) (Action|Crime|Thriller): Rated 3.0/5
- Pinocchio (1940) (Animation|Children|Fantasy|Musical): Rated 5.0/5

Consider these two movies they have not seen:

- Movie A: Like Water for Chocolate (Como agua para chocolate) (1992) (Drama|Fantasy|Romance), average rating 3.92/5 (367 ratings)
- Movie B: Waterworld (1995) (Action|Adventure|Sci-Fi), average rating 2.86/5 (980 ratings)

A decision tree trained on this dataset finds that when the two movies' average ratings differ by 1.00 to 1.30, users prefer the higher-rated movie 85% of the time.

TASK: Predict which movie Person 1 would rate higher. Explain your reasoning in 1 sentence. Then conclude with exactly 'PREDICTION: 1' (Movie A) or 'PREDICTION: 0' (Movie B).","You predicted Person 1's movie preference above.
TASK: Should we implement your prediction, or escalate to Person 1?
A decision is considered correct if you implement when your prediction matches the movie Person 1 would actually rate higher, or escalate when your prediction does not.
Explain your reasoning in 1-2 sentences, then conclude with exactly 'DECISION: 0' (implement) or 'DECISION: 1' (escalate).","Person 1 would rate Movie A higher because the difference in average ratings between the two movies (1.06) falls within the 1.00 to 1.30 range where the decision tree predicts a preference for the higher-rated film.

PREDICTION: 1
","Since the decision tree's logic indicates a strong preference for the higher-rated movie within the specific rating difference range, and Movie A has a higher average rating than Movie B, implementing the prediction is the correct course of action.

DECISION: 0
",,,2026-05-27T16:19:44.736566
avg_diff_100_130,1,1,1,0,"Person 1 has reviewed the following movies:

- City Slickers II: The Legend of Curly's Gold (1994) (Adventure|Comedy|Western): Rated 3.0/5
- True Lies (1994) (Action|Adventure|Comedy|Romance|Thriller): Rated 4.0/5
- Star Trek: Generations (1994) (Adventure|Drama|Sci-Fi): Rated 4.0/5
- Mission: Impossible (1996) (Action|Adventure|Mystery|Thriller): Rated 5.0/5
- Usual Suspects, The (1995) (Crime|Mystery|Thriller): Rated 5.0/5

Consider these two movies they have not seen:

- Movie A: Twelve Monkeys (a.k.a. 12 Monkeys) (1995) (Mystery|Sci-Fi|Thriller), average rating 3.90/5 (1708 ratings)
- Movie B: Eddie (1996) (Comedy), average rating 2.87/5 (35 ratings)

A decision tree trained on this dataset finds that when the two movies' average ratings differ by 1.00 to 1.30, users prefer the higher-rated movie 85% of the time.

TASK: Predict which movie Person 1 would rate higher. Explain your reasoning in 1 sentence. Then conclude with exactly 'PREDICTION: 1' (Movie A) or 'PREDICTION: 0' (Movie B).","You predicted Person 1's movie preference above.
TASK: Should we implement your prediction, or escalate to Person 1?
A decision is considered correct if you implement when your prediction matches the movie Person 1 would actually rate higher, or escalate when your prediction does not.
Explain your reasoning in 1-2 sentences, then conclude with exactly 'DECISION: 0' (implement) or 'DECISION: 1' (escalate).","The difference between the average ratings of Movie A (3.90) and Movie B (2.87) is 1.03, which falls within the 1.00 to 1.30 range where the decision tree indicates a strong preference for the higher-rated movie.

PREDICTION: 1
","Since the decision tree explicitly states a high probability (85%) that users prefer the higher-rated movie when the rating difference falls within the 1.00 to 1.30 range, and our calculated difference of 1.03 fits this criteria perfectly, we can confidently implement the prediction without needing to escalate.

DECISION: 0
",,,2026-05-27T16:19:54.503384
avg_diff_100_130,1,1,1,0,"Person 1 has reviewed the following movies:

- O Brother, Where Art Thou? (2000) (Adventure|Comedy|Crime): Rated 2.0/5
- League of Their Own, A (1992) (Comedy|Drama): Rated 5.0/5
- Down to Earth (2001) (Comedy|Fantasy|Romance): Rated 3.0/5
- Shrek (2001) (Adventure|Animation|Children|Comedy|Fantasy|Romance): Rated 4.0/5
- Mighty Ducks, The (1992) (Children|Comedy): Rated 4.0/5

Consider these two movies they have not seen:

- Movie A: One Flew Over the Cuckoo's Nest (1975) (Drama), average rating 4.21/5 (1407 ratings)
- Movie B: Forget Paris (1995) (Comedy|Romance), average rating 3.19/5 (193 ratings)

A decision tree trained on this dataset finds that when the two movies' average ratings differ by 1.00 to 1.30, users prefer the higher-rated movie 85% of the time.

TASK: Predict which movie Person 1 would rate higher. Explain your reasoning in 1 sentence. Then conclude with exactly 'PREDICTION: 1' (Movie A) or 'PREDICTION: 0' (Movie B).","You predicted Person 1's movie preference above.
TASK: Should we implement your prediction, or escalate to Person 1?
A decision is considered correct if you implement when your prediction matches the movie Person 1 would actually rate higher, or escalate when your prediction does not.
Explain your reasoning in 1-2 sentences, then conclude with exactly 'DECISION: 0' (implement) or 'DECISION: 1' (escalate).","The difference between the average ratings of Movie A (4.21) and Movie B (3.19) is 1.02, which falls within the 1.00 to 1.30 range where the decision tree indicates a strong preference for the higher-rated movie.

PREDICTION: 1
","Since the decision tree explicitly states that users prefer the higher-rated movie when the rating difference falls within the 1.00 to 1.30 range, and our calculated difference of 1.02 fits this criteria perfectly, we can confidently implement the prediction without needing to escalate.

DECISION: 0
",,,2026-05-27T16:20:03.834742
avg_diff_100_130,1,1,1,0,"Person 1 has reviewed the following movies:

- Boot, Das (Boat, The) (1981) (Action|Drama|War): Rated 4.0/5
- Dead Poets Society (1989) (Drama): Rated 4.0/5
- Seven (a.k.a. Se7en) (1995) (Mystery|Thriller): Rated 4.0/5
- Bubba Ho-tep (2002) (Comedy|Horror): Rated 4.5/5
- Dumb & Dumber (Dumb and Dumber) (1994) (Adventure|Comedy): Rated 5.0/5

Consider these two movies they have not seen:

- Movie A: Silence of the Lambs, The (1991) (Crime|Horror|Thriller), average rating 4.16/5 (2794 ratings)
- Movie B: Armageddon (1998) (Action|Romance|Sci-Fi|Thriller), average rating 3.02/5 (811 ratings)

A decision tree trained on this dataset finds that when the two movies' average ratings differ by 1.00 to 1.30, users prefer the higher-rated movie 85% of the time.

TASK: Predict which movie Person 1 would rate higher. Explain your reasoning in 1 sentence. Then conclude with exactly 'PREDICTION: 1' (Movie A) or 'PREDICTION: 0' (Movie B).","You predicted Person 1's movie preference above.
TASK: Should we implement your prediction, or escalate to Person 1?
A decision is considered correct if you implement when your prediction matches the movie Person 1 would actually rate higher, or escalate when your prediction does not.
Explain your reasoning in 1-2 sentences, then conclude with exactly 'DECISION: 0' (implement) or 'DECISION: 1' (escalate).","Person 1 would rate Movie A higher because the difference between the two movies' average ratings (1.16) falls within the 1.00 to 1.30 range where the decision tree indicates a strong preference for the higher-rated film. PREDICTION: 1
","Since the decision tree indicates a high probability (85%) that Person 1 prefers the higher-rated movie within this specific rating difference range, and Person 1's history shows a strong tendency to rate highly varied films (ranging from 4.0 to 5.0), implementing the prediction is the most logical course of action without needing to escalate. DECISION: 0
",,,2026-05-27T16:20:13.346287
avg_diff_100_130,1,1,1,0,"Person 1 has reviewed the following movies:

- Twelve Monkeys (a.k.a. 12 Monkeys) (1995) (Mystery|Sci-Fi|Thriller): Rated 4.0/5
- Shawshank Redemption, The (1994) (Crime|Drama): Rated 5.0/5
- Die Hard: With a Vengeance (1995) (Action|Crime|Thriller): Rated 3.0/5
- Heat (1995) (Action|Crime|Thriller): Rated 4.0/5
- Dances with Wolves (1990) (Adventure|Drama|Western): Rated 3.0/5

Consider these two movies they have not seen:

- Movie A: Interview with the Vampire: The Vampire Chronicles (1994) (Drama|Horror), average rating 3.48/5 (956 ratings)
- Movie B: Flintstones, The (1994) (Children|Comedy|Fantasy), average rating 2.40/5 (320 ratings)

A decision tree trained on this dataset finds that when the two movies' average ratings differ by 1.00 to 1.30, users prefer the higher-rated movie 85% of the time.

TASK: Predict which movie Person 1 would rate higher. Explain your reasoning in 1 sentence. Then conclude with exactly 'PREDICTION: 1' (Movie A) or 'PREDICTION: 0' (Movie B).","You predicted Person 1's movie preference above.
TASK: Should we implement your prediction, or escalate to Person 1?
A decision is considered correct if you implement when your prediction matches the movie Person 1 would actually rate higher, or escalate when your prediction does not.
Explain your reasoning in 1-2 sentences, then conclude with exactly 'DECISION: 0' (implement) or 'DECISION: 1' (escalate).","The average rating difference between Movie A (3.48) and Movie B (2.40) is 1.08, which falls within the 1.00 to 1.30 range where the decision tree indicates a 85% preference for the higher-rated movie. Since Movie A has the higher rating, Person 1 would likely rate it higher. PREDICTION: 1
","Since the decision tree provides a high-confidence prediction (85%) that Person 1 prefers the higher-rated movie within the specific rating difference range, implementing the prediction is the most efficient course of action without needing to escalate. DECISION: 0
",,,2026-05-27T16:20:22.729942
avg_diff_100_130,1,1,1,0,"Person 1 has reviewed the following movies:

- Pocahontas (1995) (Animation|Children|Drama|Musical|Romance): Rated 3.0/5
- Kentucky Fried Movie, The (1977) (Comedy): Rated 4.5/5
- Zoolander (2001) (Comedy): Rated 4.5/5
- Star Trek: The Motion Picture (1979) (Adventure|Sci-Fi): Rated 3.0/5
- Mr. Deeds (2002) (Comedy|Romance): Rated 4.5/5

Consider these two movies they have not seen:

- Movie A: Office Space (1999) (Comedy|Crime), average rating 3.97/5 (853 ratings)
- Movie B: G.I. Jane (1997) (Action|Drama), average rating 2.91/5 (245 ratings)

A decision tree trained on this dataset finds that when the two movies' average ratings differ by 1.00 to 1.30, users prefer the higher-rated movie 85% of the time.

TASK: Predict which movie Person 1 would rate higher. Explain your reasoning in 1 sentence. Then conclude with exactly 'PREDICTION: 1' (Movie A) or 'PREDICTION: 0' (Movie B).","You predicted Person 1's movie preference above.
TASK: Should we implement your prediction, or escalate to Person 1?
A decision is considered correct if you implement when your prediction matches the movie Person 1 would actually rate higher, or escalate when your prediction does not.
Explain your reasoning in 1-2 sentences, then conclude with exactly 'DECISION: 0' (implement) or 'DECISION: 1' (escalate).","Person 1 would rate Movie A higher because the difference between the average ratings of Movie A (3.97) and Movie B (2.91) is 1.06, which falls within the 1.00 to 1.30 range where users prefer the higher-rated movie 85% of the time.

PREDICTION: 1
","Since the decision tree indicates a high probability (85%) that Person 1 prefers the higher-rated movie within this specific rating difference range, and our prediction aligns with that rule, we should proceed with the implementation rather than seeking further confirmation.

DECISION: 0
",,,2026-05-27T16:20:32.053022
avg_diff_100_130,0,1,0,0,"Person 1 has reviewed the following movies:

- Rocketeer, The (1991) (Action|Adventure|Sci-Fi): Rated 1.0/5
- Men in Black (a.k.a. MIB) (1997) (Action|Comedy|Sci-Fi): Rated 4.0/5
- Gremlins (1984) (Comedy|Horror): Rated 4.0/5
- Poltergeist (1982) (Horror|Thriller): Rated 2.0/5
- Star Wars: Episode VI - Return of the Jedi (1983) (Action|Adventure|Sci-Fi): Rated 3.0/5

Consider these two movies they have not seen:

- Movie A: Delicatessen (1991) (Comedy|Drama|Romance), average rating 3.97/5 (262 ratings)
- Movie B: Plan 9 from Outer Space (1959) (Horror|Sci-Fi), average rating 2.79/5 (97 ratings)

A decision tree trained on this dataset finds that when the two movies' average ratings differ by 1.00 to 1.30, users prefer the higher-rated movie 85% of the time.

TASK: Predict which movie Person 1 would rate higher. Explain your reasoning in 1 sentence. Then conclude with exactly 'PREDICTION: 1' (Movie A) or 'PREDICTION: 0' (Movie B).","You predicted Person 1's movie preference above.
TASK: Should we implement your prediction, or escalate to Person 1?
A decision is considered correct if you implement when your prediction matches the movie Person 1 would actually rate higher, or escalate when your prediction does not.
Explain your reasoning in 1-2 sentences, then conclude with exactly 'DECISION: 0' (implement) or 'DECISION: 1' (escalate).","Person 1 would rate Movie A higher because the difference in average ratings between the two unviewed movies (1.18) falls within the 1.00 to 1.30 range where the decision tree indicates a strong preference for the higher-rated option.

PREDICTION: 1
","Since the decision tree explicitly states that users prefer the higher-rated movie 85% of the time when the rating difference falls within the 1.00 to 1.30 range, and our calculated difference of 1.18 fits this criteria perfectly, we can confidently implement the prediction without needing to escalate.

DECISION: 0
",,,2026-05-27T16:20:41.504614
avg_diff_100_130,1,1,1,0,"Person 1 has reviewed the following movies:

- X-Men (2000) (Action|Adventure|Sci-Fi): Rated 3.5/5
- Meet the Parents (2000) (Comedy): Rated 3.0/5
- Casino Royale (2006) (Action|Adventure|Thriller): Rated 4.5/5
- Raging Bull (1980) (Drama): Rated 4.5/5
- Heat (1995) (Action|Crime|Thriller): Rated 5.0/5

Consider these two movies they have not seen:

- Movie A: Manhattan (1979) (Comedy|Drama|Romance), average rating 4.11/5 (338 ratings)
- Movie B: Ghostbusters II (1989) (Comedy|Fantasy|Sci-Fi), average rating 3.03/5 (323 ratings)

A decision tree trained on this dataset finds that when the two movies' average ratings differ by 1.00 to 1.30, users prefer the higher-rated movie 85% of the time.

TASK: Predict which movie Person 1 would rate higher. Explain your reasoning in 1 sentence. Then conclude with exactly 'PREDICTION: 1' (Movie A) or 'PREDICTION: 0' (Movie B).","You predicted Person 1's movie preference above.
TASK: Should we implement your prediction, or escalate to Person 1?
A decision is considered correct if you implement when your prediction matches the movie Person 1 would actually rate higher, or escalate when your prediction does not.
Explain your reasoning in 1-2 sentences, then conclude with exactly 'DECISION: 0' (implement) or 'DECISION: 1' (escalate).","Person 1 would rate Manhattan higher because the difference in average ratings between Movie A (4.11) and Movie B (3.03) is 1.08, which falls within the 1.00 to 1.30 range where users prefer the higher-rated movie.

PREDICTION: 1
","Since the decision tree indicates a strong 85% preference for the higher-rated movie within the specific rating difference range, and my prediction that Person 1 prefers Movie A aligns with this statistical rule, implementing the prediction is the correct course of action.

DECISION: 0
",,,2026-05-27T16:20:50.371635
avg_diff_100_130,0,1,0,0,"Person 1 has reviewed the following movies:

- Long Kiss Goodnight, The (1996) (Action|Drama|Thriller): Rated 5.0/5
- Willy Wonka & the Chocolate Factory (1971) (Children|Comedy|Fantasy|Musical): Rated 3.0/5
- Saint, The (1997) (Action|Romance|Sci-Fi|Thriller): Rated 4.0/5
- Batman & Robin (1997) (Action|Adventure|Fantasy|Thriller): Rated 3.0/5
- Bio-Dome (1996) (Comedy): Rated 1.0/5

Consider these two movies they have not seen:

- Movie A: Sense and Sensibility (1995) (Drama|Romance), average rating 3.98/5 (681 ratings)
- Movie B: Mary Reilly (1996) (Drama|Horror|Thriller), average rating 2.88/5 (76 ratings)

A decision tree trained on this dataset finds that when the two movies' average ratings differ by 1.00 to 1.30, users prefer the higher-rated movie 85% of the time.

TASK: Predict which movie Person 1 would rate higher. Explain your reasoning in 1 sentence. Then conclude with exactly 'PREDICTION: 1' (Movie A) or 'PREDICTION: 0' (Movie B).","You predicted Person 1's movie preference above.
TASK: Should we implement your prediction, or escalate to Person 1?
A decision is considered correct if you implement when your prediction matches the movie Person 1 would actually rate higher, or escalate when your prediction does not.
Explain your reasoning in 1-2 sentences, then conclude with exactly 'DECISION: 0' (implement) or 'DECISION: 1' (escalate).","The difference between the average ratings of Movie A (3.98) and Movie B (2.88) is exactly 1.10, which falls within the 1.00 to 1.30 range where the decision tree indicates a strong preference for the higher-rated movie.

PREDICTION: 1
","Since the decision tree rule explicitly states a high probability (85%) that users prefer the higher-rated movie when the rating difference falls within the 1.00 to 1.30 range, and our calculated difference of 1.10 fits this criteria perfectly, we can confidently implement the prediction without needing to escalate.

DECISION: 0
",,,2026-05-27T16:21:00.283170
avg_diff_100_130,1,1,1,0,"Person 1 has reviewed the following movies:

- Four Weddings and a Funeral (1994) (Comedy|Romance): Rated 4.0/5
- Toy Story (1995) (Adventure|Animation|Children|Comedy|Fantasy): Rated 4.0/5
- Mission: Impossible III (2006) (Action|Adventure|Thriller): Rated 4.0/5
- Client, The (1994) (Drama|Mystery|Thriller): Rated 4.0/5
- Big (1988) (Comedy|Drama|Fantasy|Romance): Rated 4.0/5

Consider these two movies they have not seen:

- Movie A: Fugitive, The (1993) (Thriller), average rating 3.96/5 (1754 ratings)
- Movie B: Dumb & Dumber (Dumb and Dumber) (1994) (Adventure|Comedy), average rating 2.94/5 (1148 ratings)

A decision tree trained on this dataset finds that when the two movies' average ratings differ by 1.00 to 1.30, users prefer the higher-rated movie 85% of the time.

TASK: Predict which movie Person 1 would rate higher. Explain your reasoning in 1 sentence. Then conclude with exactly 'PREDICTION: 1' (Movie A) or 'PREDICTION: 0' (Movie B).","You predicted Person 1's movie preference above.
TASK: Should we implement your prediction, or escalate to Person 1?
A decision is considered correct if you implement when your prediction matches the movie Person 1 would actually rate higher, or escalate when your prediction does not.
Explain your reasoning in 1-2 sentences, then conclude with exactly 'DECISION: 0' (implement) or 'DECISION: 1' (escalate).","Person 1 would rate Movie A higher because the difference between the two movies' average ratings (3.96 - 2.94 = 1.02) falls within the 1.00 to 1.30 range where the decision tree predicts a 85% preference for the higher-rated film.

PREDICTION: 1
","Since the decision tree indicates a high probability (85%) that Person 1 prefers the higher-rated movie and the rating difference falls squarely within the predicted range, implementing the prediction is the logical course of action.

DECISION: 0
",,,2026-05-27T16:21:08.980502
avg_diff_100_130,0,1,0,0,"Person 1 has reviewed the following movies:

- The Butterfly Effect (2004) (Drama|Sci-Fi|Thriller): Rated 3.0/5
- Wolf of Wall Street, The (2013) (Comedy|Crime|Drama): Rated 4.0/5
- The Hobbit: The Battle of the Five Armies (2014) (Adventure|Fantasy): Rated 2.5/5
- Big Hero 6 (2014) (Action|Animation|Comedy): Rated 3.0/5
- Dark Knight, The (2008) (Action|Crime|Drama|IMAX): Rated 4.5/5

Consider these two movies they have not seen:

- Movie A: About Time (2013) (Drama|Fantasy|Romance), average rating 3.95/5 (271 ratings)
- Movie B: Spider-Man 3 (2007) (Action|Adventure|Sci-Fi|Thriller|IMAX), average rating 2.93/5 (364 ratings)

A decision tree trained on this dataset finds that when the two movies' average ratings differ by 1.00 to 1.30, users prefer the higher-rated movie 85% of the time.

TASK: Predict which movie Person 1 would rate higher. Explain your reasoning in 1 sentence. Then conclude with exactly 'PREDICTION: 1' (Movie A) or 'PREDICTION: 0' (Movie B).","You predicted Person 1's movie preference above.
TASK: Should we implement your prediction, or escalate to Person 1?
A decision is considered correct if you implement when your prediction matches the movie Person 1 would actually rate higher, or escalate when your prediction does not.
Explain your reasoning in 1-2 sentences, then conclude with exactly 'DECISION: 0' (implement) or 'DECISION: 1' (escalate).","Person 1 would rate Movie A higher because the difference in average ratings between Movie A (3.95) and Movie B (2.93) is 1.02, which falls within the 1.00 to 1.30 range where users prefer the higher-rated movie 85% of the time.

PREDICTION: 1
","Since the decision tree indicates a high probability (85%) that Person 1 prefers the higher-rated movie given the rating difference, and my prediction aligns with this statistical likelihood, implementing the recommendation is the appropriate course of action.

DECISION: 0
",,,2026-05-27T16:21:18.054942
avg_diff_100_130,1,1,1,0,"Person 1 has reviewed the following movies:

- Clear and Present Danger (1994) (Action|Crime|Drama|Thriller): Rated 5.0/5
- Mrs. Doubtfire (1993) (Comedy|Drama): Rated 3.0/5
- Apple Dumpling Gang, The (1975) (Children|Comedy|Western): Rated 2.0/5
- Batman Forever (1995) (Action|Adventure|Comedy|Crime): Rated 3.0/5
- True Lies (1994) (Action|Adventure|Comedy|Romance|Thriller): Rated 4.0/5

Consider these two movies they have not seen:

- Movie A: Die Hard: With a Vengeance (1995) (Action|Crime|Thriller), average rating 3.47/5 (1240 ratings)
- Movie B: Beverly Hillbillies, The (1993) (Comedy), average rating 2.45/5 (151 ratings)

A decision tree trained on this dataset finds that when the two movies' average ratings differ by 1.00 to 1.30, users prefer the higher-rated movie 85% of the time.

TASK: Predict which movie Person 1 would rate higher. Explain your reasoning in 1 sentence. Then conclude with exactly 'PREDICTION: 1' (Movie A) or 'PREDICTION: 0' (Movie B).","You predicted Person 1's movie preference above.
TASK: Should we implement your prediction, or escalate to Person 1?
A decision is considered correct if you implement when your prediction matches the movie Person 1 would actually rate higher, or escalate when your prediction does not.
Explain your reasoning in 1-2 sentences, then conclude with exactly 'DECISION: 0' (implement) or 'DECISION: 1' (escalate).","Person 1 would rate Movie A higher because the difference between their ratings for the two unseen movies (3.47 - 2.45 = 1.02) falls within the 1.00 to 1.30 range where the decision tree predicts a preference for the higher-rated option.

PREDICTION: 1
","Since the decision tree explicitly predicts that Person 1 prefers the higher-rated movie when the rating difference is between 1.00 and 1.30, and the calculated difference of 1.02 fits this criteria, I should implement the prediction rather than escalate.

DECISION: 0
",,,2026-05-27T16:21:27.461900
avg_diff_100_130,1,1,1,0,"Person 1 has reviewed the following movies:

- Year of Living Dangerously, The (1982) (Drama|Romance|War): Rated 5.0/5
- Alien (1979) (Horror|Sci-Fi): Rated 4.0/5
- American Beauty (1999) (Drama|Romance): Rated 5.0/5
- L.A. Confidential (1997) (Crime|Film-Noir|Mystery|Thriller): Rated 5.0/5
- Bonnie and Clyde (1967) (Crime|Drama): Rated 5.0/5

Consider these two movies they have not seen:

- Movie A: Midnight Cowboy (1969) (Drama), average rating 4.00/5 (248 ratings)
- Movie B: Blair Witch Project, The (1999) (Drama|Horror|Thriller), average rating 2.95/5 (697 ratings)

A decision tree trained on this dataset finds that when the two movies' average ratings differ by 1.00 to 1.30, users prefer the higher-rated movie 85% of the time.

TASK: Predict which movie Person 1 would rate higher. Explain your reasoning in 1 sentence. Then conclude with exactly 'PREDICTION: 1' (Movie A) or 'PREDICTION: 0' (Movie B).","You predicted Person 1's movie preference above.
TASK: Should we implement your prediction, or escalate to Person 1?
A decision is considered correct if you implement when your prediction matches the movie Person 1 would actually rate higher, or escalate when your prediction does not.
Explain your reasoning in 1-2 sentences, then conclude with exactly 'DECISION: 0' (implement) or 'DECISION: 1' (escalate).","Person 1 would rate Movie A higher because the difference in average ratings between the two unwatched movies (1.05) falls within the 1.00 to 1.30 range where the decision tree indicates a strong preference for the higher-rated option, and Movie A has the higher rating. PREDICTION: 1
","Since the decision tree explicitly states that users prefer the higher-rated movie when the rating difference falls within the 1.00 to 1.30 range, and our prediction that Person 1 chooses Movie A aligns with this rule, we should implement the prediction. DECISION: 0
",,,2026-05-27T16:21:36.597225
avg_diff_100_130,1,1,1,0,"Person 1 has reviewed the following movies:

- Terminator 3: Rise of the Machines (2003) (Action|Adventure|Sci-Fi): Rated 2.0/5
- Gladiator (2000) (Action|Adventure|Drama): Rated 4.5/5
- Incredibles, The (2004) (Action|Adventure|Animation|Children|Comedy): Rated 3.5/5
- Seven (a.k.a. Se7en) (1995) (Mystery|Thriller): Rated 3.5/5
- Memento (2000) (Mystery|Thriller): Rated 4.5/5

Consider these two movies they have not seen:

- Movie A: Good Will Hunting (1997) (Drama|Romance), average rating 4.11/5 (1602 ratings)
- Movie B: What Women Want (2000) (Comedy|Romance), average rating 3.09/5 (441 ratings)

A decision tree trained on this dataset finds that when the two movies' average ratings differ by 1.00 to 1.30, users prefer the higher-rated movie 85% of the time.

TASK: Predict which movie Person 1 would rate higher. Explain your reasoning in 1 sentence. Then conclude with exactly 'PREDICTION: 1' (Movie A) or 'PREDICTION: 0' (Movie B).","You predicted Person 1's movie preference above.
TASK: Should we implement your prediction, or escalate to Person 1?
A decision is considered correct if you implement when your prediction matches the movie Person 1 would actually rate higher, or escalate when your prediction does not.
Explain your reasoning in 1-2 sentences, then conclude with exactly 'DECISION: 0' (implement) or 'DECISION: 1' (escalate).","Person 1 would rate Movie A higher because the difference in average ratings between Movie A (4.11) and Movie B (3.09) is 1.02, which falls within the 1.00 to 1.30 range where users prefer the higher-rated movie 85% of the time.

PREDICTION: 1
","Since the decision tree indicates a high probability (85%) that Person 1 prefers the higher-rated movie within this specific rating difference range, and our prediction aligns with that statistical likelihood, we should proceed with implementing the recommendation rather than seeking further confirmation.

DECISION: 0
",,,2026-05-27T16:21:46.006039
avg_diff_100_130,1,1,1,0,"Person 1 has reviewed the following movies:

- Forrest Gump (1994) (Comedy|Drama|Romance|War): Rated 3.5/5
- Lord of the Rings: The Two Towers, The (2002) (Adventure|Fantasy): Rated 5.0/5
- Truth About Cats & Dogs, The (1996) (Comedy|Romance): Rated 1.5/5
- Hide and Seek (2005) (Horror|Mystery|Thriller): Rated 2.5/5
- Bridget Jones's Diary (2001) (Comedy|Drama|Romance): Rated 3.0/5

Consider these two movies they have not seen:

- Movie A: Apollo 13 (1995) (Adventure|Drama|IMAX), average rating 3.87/5 (1803 ratings)
- Movie B: Bushwhacked (1995) (Adventure|Comedy|Crime|Mystery), average rating 2.86/5 (14 ratings)

A decision tree trained on this dataset finds that when the two movies' average ratings differ by 1.00 to 1.30, users prefer the higher-rated movie 85% of the time.

TASK: Predict which movie Person 1 would rate higher. Explain your reasoning in 1 sentence. Then conclude with exactly 'PREDICTION: 1' (Movie A) or 'PREDICTION: 0' (Movie B).","You predicted Person 1's movie preference above.
TASK: Should we implement your prediction, or escalate to Person 1?
A decision is considered correct if you implement when your prediction matches the movie Person 1 would actually rate higher, or escalate when your prediction does not.
Explain your reasoning in 1-2 sentences, then conclude with exactly 'DECISION: 0' (implement) or 'DECISION: 1' (escalate).","The difference between the average ratings of Movie A (3.87) and Movie B (2.86) is 1.01, which falls within the 1.00 to 1.30 range where the decision tree indicates a strong preference for the higher-rated movie.

PREDICTION: 1
","Since the decision tree explicitly states a high probability (85%) that users prefer the higher-rated movie when the rating difference falls within the 1.00 to 1.30 range, and our calculated difference of 1.01 fits this criteria perfectly, implementing the prediction is the statistically sound choice.

DECISION: 0
",,,2026-05-27T16:21:55.649101
avg_diff_100_130,1,1,1,0,"Person 1 has reviewed the following movies:

- Iron Man (2008) (Action|Adventure|Sci-Fi): Rated 4.0/5
- xXx (2002) (Action|Crime|Thriller): Rated 5.0/5
- Karate Kid, Part II, The (1986) (Action|Adventure|Drama): Rated 4.0/5
- Taken (2008) (Action|Crime|Drama|Thriller): Rated 4.0/5
- Beverly Hills Ninja (1997) (Action|Comedy): Rated 2.0/5

Consider these two movies they have not seen:

- Movie A: Usual Suspects, The (1995) (Crime|Mystery|Thriller), average rating 4.24/5 (2132 ratings)
- Movie B: Final Destination (2000) (Drama|Thriller), average rating 3.08/5 (297 ratings)

A decision tree trained on this dataset finds that when the two movies' average ratings differ by 1.00 to 1.30, users prefer the higher-rated movie 85% of the time.

TASK: Predict which movie Person 1 would rate higher. Explain your reasoning in 1 sentence. Then conclude with exactly 'PREDICTION: 1' (Movie A) or 'PREDICTION: 0' (Movie B).","You predicted Person 1's movie preference above.
TASK: Should we implement your prediction, or escalate to Person 1?
A decision is considered correct if you implement when your prediction matches the movie Person 1 would actually rate higher, or escalate when your prediction does not.
Explain your reasoning in 1-2 sentences, then conclude with exactly 'DECISION: 0' (implement) or 'DECISION: 1' (escalate).","Person 1 would rate Movie A higher because the difference in average ratings between the two movies (1.16) falls within the 1.00 to 1.30 range where the decision tree indicates a strong preference for the higher-rated option.

PREDICTION: 1
","Since the decision tree indicates a high probability (85%) that Person 1 prefers the higher-rated movie within this specific rating difference range, and Movie A has the higher rating, implementing the prediction is the statistically sound choice.

DECISION: 0
",,,2026-05-27T16:22:03.584524
avg_diff_100_130,1,1,1,0,"Person 1 has reviewed the following movies:

- Wizard of Oz, The (1939) (Adventure|Children|Fantasy|Musical): Rated 4.5/5
- Mummy, The (1999) (Action|Adventure|Comedy|Fantasy|Horror|Thriller): Rated 3.5/5
- Flintstones, The (1994) (Children|Comedy|Fantasy): Rated 3.0/5
- Airplane! (1980) (Comedy): Rated 3.0/5
- Austin Powers in Goldmember (2002) (Comedy): Rated 3.5/5

Consider these two movies they have not seen:

- Movie A: Shawshank Redemption, The (1994) (Crime|Drama), average rating 4.42/5 (3232 ratings)
- Movie B: Weird Science (1985) (Comedy|Fantasy|Sci-Fi), average rating 3.21/5 (203 ratings)

A decision tree trained on this dataset finds that when the two movies' average ratings differ by 1.00 to 1.30, users prefer the higher-rated movie 85% of the time.

TASK: Predict which movie Person 1 would rate higher. Explain your reasoning in 1 sentence. Then conclude with exactly 'PREDICTION: 1' (Movie A) or 'PREDICTION: 0' (Movie B).","You predicted Person 1's movie preference above.
TASK: Should we implement your prediction, or escalate to Person 1?
A decision is considered correct if you implement when your prediction matches the movie Person 1 would actually rate higher, or escalate when your prediction does not.
Explain your reasoning in 1-2 sentences, then conclude with exactly 'DECISION: 0' (implement) or 'DECISION: 1' (escalate).","Person 1 would rate Movie A higher because the difference in average ratings between the two movies (1.21) falls within the 1.00 to 1.30 range where the decision tree indicates a strong preference for the higher-rated option.

PREDICTION: 1
","Since the decision tree indicates a high probability (85%) that Person 1 prefers the higher-rated movie in this specific rating difference range, and Movie A is indeed the higher-rated film, implementing the prediction is the statistically sound choice.

DECISION: 0
",,,2026-05-27T16:22:11.611531
avg_diff_100_130,1,1,1,0,"Person 1 has reviewed the following movies:

- Toy Story 2 (1999) (Adventure|Animation|Children|Comedy|Fantasy): Rated 3.0/5
- Philadelphia (1993) (Drama): Rated 4.0/5
- Client, The (1994) (Drama|Mystery|Thriller): Rated 3.0/5
- Batman (1989) (Action|Crime|Thriller): Rated 0.5/5
- Terminator, The (1984) (Action|Sci-Fi|Thriller): Rated 2.0/5

Consider these two movies they have not seen:

- Movie A: Pulp Fiction (1994) (Comedy|Crime|Drama|Thriller), average rating 4.18/5 (3047 ratings)
- Movie B: Casper (1995) (Adventure|Children), average rating 2.88/5 (468 ratings)

A decision tree trained on this dataset finds that when the two movies' average ratings differ by 1.00 to 1.30, users prefer the higher-rated movie 85% of the time.

TASK: Predict which movie Person 1 would rate higher. Explain your reasoning in 1 sentence. Then conclude with exactly 'PREDICTION: 1' (Movie A) or 'PREDICTION: 0' (Movie B).","You predicted Person 1's movie preference above.
TASK: Should we implement your prediction, or escalate to Person 1?
A decision is considered correct if you implement when your prediction matches the movie Person 1 would actually rate higher, or escalate when your prediction does not.
Explain your reasoning in 1-2 sentences, then conclude with exactly 'DECISION: 0' (implement) or 'DECISION: 1' (escalate).","The difference between the average ratings of Movie A (4.18) and Movie B (2.88) is 1.30, which falls within the 1.00 to 1.30 range where the decision tree indicates a strong preference for the higher-rated movie.

PREDICTION: 1
","Since the decision tree indicates a high probability (85%) that Person 1 prefers the higher-rated movie based on the rating difference, implementing the prediction is the logical course of action without needing to escalate.

DECISION: 0
",,,2026-05-27T16:22:19.809078
avg_diff_100_130,1,1,1,0,"Person 1 has reviewed the following movies:

- Hard Rain (1998) (Action|Crime|Thriller): Rated 4.0/5
- Jackal, The (1997) (Action|Thriller): Rated 4.5/5
- World Is Not Enough, The (1999) (Action|Adventure|Thriller): Rated 4.5/5
- Thin Red Line, The (1998) (Action|Drama|War): Rated 4.5/5
- Lost Boys, The (1987) (Comedy|Horror|Thriller): Rated 3.5/5

Consider these two movies they have not seen:

- Movie A: Fight Club (1999) (Action|Crime|Drama|Thriller), average rating 4.22/5 (2425 ratings)
- Movie B: Peacemaker, The (1997) (Action|Thriller|War), average rating 3.00/5 (124 ratings)

A decision tree trained on this dataset finds that when the two movies' average ratings differ by 1.00 to 1.30, users prefer the higher-rated movie 85% of the time.

TASK: Predict which movie Person 1 would rate higher. Explain your reasoning in 1 sentence. Then conclude with exactly 'PREDICTION: 1' (Movie A) or 'PREDICTION: 0' (Movie B).","You predicted Person 1's movie preference above.
TASK: Should we implement your prediction, or escalate to Person 1?
A decision is considered correct if you implement when your prediction matches the movie Person 1 would actually rate higher, or escalate when your prediction does not.
Explain your reasoning in 1-2 sentences, then conclude with exactly 'DECISION: 0' (implement) or 'DECISION: 1' (escalate).","Person 1 would rate Movie A higher because the difference between the average ratings of Movie A (4.22) and Movie B (3.00) is 1.22, which falls within the 1.00 to 1.30 range where users prefer the higher-rated movie 85% of the time.

PREDICTION: 1
","Since the decision tree indicates a high probability (85%) that Person 1 prefers the higher-rated movie within this specific rating difference range, and our prediction aligns with that statistical likelihood, we should proceed with implementing the recommendation rather than seeking further confirmation.

DECISION: 0
",,,2026-05-27T16:22:29.283298
avg_diff_100_130,1,1,1,0,"Person 1 has reviewed the following movies:

- Erin Brockovich (2000) (Drama): Rated 4.5/5
- Grumpier Old Men (1995) (Comedy|Romance): Rated 2.0/5
- About Schmidt (2002) (Comedy|Drama): Rated 3.5/5
- Contact (1997) (Drama|Sci-Fi): Rated 4.0/5
- Anger Management (2003) (Comedy): Rated 2.5/5

Consider these two movies they have not seen:

- Movie A: Ninja Scroll (Jûbei ninpûchô) (1995) (Action|Adventure|Animation|Fantasy), average rating 3.72/5 (86 ratings)
- Movie B: Freddy vs. Jason (2003) (Action|Horror|Thriller), average rating 2.43/5 (81 ratings)

A decision tree trained on this dataset finds that when the two movies' average ratings differ by 1.00 to 1.30, users prefer the higher-rated movie 85% of the time.

TASK: Predict which movie Person 1 would rate higher. Explain your reasoning in 1 sentence. Then conclude with exactly 'PREDICTION: 1' (Movie A) or 'PREDICTION: 0' (Movie B).","You predicted Person 1's movie preference above.
TASK: Should we implement your prediction, or escalate to Person 1?
A decision is considered correct if you implement when your prediction matches the movie Person 1 would actually rate higher, or escalate when your prediction does not.
Explain your reasoning in 1-2 sentences, then conclude with exactly 'DECISION: 0' (implement) or 'DECISION: 1' (escalate).","Person 1 would rate Movie A higher because the difference in average ratings between the two movies (1.29) falls within the 1.00 to 1.30 range where the decision tree predicts a preference for the higher-rated film.

PREDICTION: 1
","Since the decision tree's condition is met and the prediction is that Person 1 prefers the higher-rated movie (Movie A), implementing the recommendation aligns with the model's logic.

DECISION: 0
",,,2026-05-27T16:22:36.550064
avg_diff_100_130,1,1,1,0,"Person 1 has reviewed the following movies:

- American President, The (1995) (Comedy|Drama|Romance): Rated 5.0/5
- Mrs. Doubtfire (1993) (Comedy|Drama): Rated 3.0/5
- Crimson Tide (1995) (Drama|Thriller|War): Rated 3.0/5
- Clear and Present Danger (1994) (Action|Crime|Drama|Thriller): Rated 3.0/5
- Pretty Woman (1990) (Comedy|Romance): Rated 5.0/5

Consider these two movies they have not seen:

- Movie A: Forrest Gump (1994) (Comedy|Drama|Romance|War), average rating 4.04/5 (3089 ratings)
- Movie B: Ace Ventura: Pet Detective (1994) (Comedy), average rating 2.97/5 (1310 ratings)

A decision tree trained on this dataset finds that when the two movies' average ratings differ by 1.00 to 1.30, users prefer the higher-rated movie 85% of the time.

TASK: Predict which movie Person 1 would rate higher. Explain your reasoning in 1 sentence. Then conclude with exactly 'PREDICTION: 1' (Movie A) or 'PREDICTION: 0' (Movie B).","You predicted Person 1's movie preference above.
TASK: Should we implement your prediction, or escalate to Person 1?
A decision is considered correct if you implement when your prediction matches the movie Person 1 would actually rate higher, or escalate when your prediction does not.
Explain your reasoning in 1-2 sentences, then conclude with exactly 'DECISION: 0' (implement) or 'DECISION: 1' (escalate).","Person 1 would rate Movie A higher because the difference between the average ratings of Movie A (4.04) and Movie B (2.97) is 1.07, which falls within the 1.00 to 1.30 range where users prefer the higher-rated movie.

PREDICTION: 1
","Since the decision tree indicates a strong 85% preference for the higher-rated movie within the specific rating difference range observed, implementing the prediction is the logical course of action.

DECISION: 0
",,,2026-05-27T16:22:44.527095
avg_diff_100_130,1,1,1,0,"Person 1 has reviewed the following movies:

- Cliffhanger (1993) (Action|Adventure|Thriller): Rated 5.0/5
- GoldenEye (1995) (Action|Adventure|Thriller): Rated 5.0/5
- Aladdin (1992) (Adventure|Animation|Children|Comedy|Musical): Rated 5.0/5
- Star Trek: Generations (1994) (Adventure|Drama|Sci-Fi): Rated 5.0/5
- Dumb & Dumber (Dumb and Dumber) (1994) (Adventure|Comedy): Rated 3.0/5

Consider these two movies they have not seen:

- Movie A: Shawshank Redemption, The (1994) (Crime|Drama), average rating 4.42/5 (3232 ratings)
- Movie B: Batman (1989) (Action|Crime|Thriller), average rating 3.40/5 (1526 ratings)

A decision tree trained on this dataset finds that when the two movies' average ratings differ by 1.00 to 1.30, users prefer the higher-rated movie 85% of the time.

TASK: Predict which movie Person 1 would rate higher. Explain your reasoning in 1 sentence. Then conclude with exactly 'PREDICTION: 1' (Movie A) or 'PREDICTION: 0' (Movie B).","You predicted Person 1's movie preference above.
TASK: Should we implement your prediction, or escalate to Person 1?
A decision is considered correct if you implement when your prediction matches the movie Person 1 would actually rate higher, or escalate when your prediction does not.
Explain your reasoning in 1-2 sentences, then conclude with exactly 'DECISION: 0' (implement) or 'DECISION: 1' (escalate).","Person 1 would rate Movie A higher because the difference in average ratings between the two unviewed movies (4.42 - 3.40 = 1.02) falls within the 1.00 to 1.30 range where the decision tree indicates a strong preference for the higher-rated option.

PREDICTION: 1
","Since the decision tree explicitly states that users prefer the higher-rated movie 85% of the time when the rating difference falls within the 1.00 to 1.30 range, and our calculated difference of 1.02 fits this criteria perfectly, we can confidently implement the prediction without needing to escalate.

DECISION: 0
",,,2026-05-27T16:22:54.760160
avg_diff_100_130,1,1,1,0,"Person 1 has reviewed the following movies:

- Happy Gilmore (1996) (Comedy): Rated 4.0/5
- Ransom (1996) (Crime|Thriller): Rated 4.0/5
- Muppet Treasure Island (1996) (Adventure|Children|Comedy|Musical): Rated 2.0/5
- Fargo (1996) (Comedy|Crime|Drama|Thriller): Rated 4.0/5
- Father of the Bride Part II (1995) (Comedy): Rated 1.0/5

Consider these two movies they have not seen:

- Movie A: Star Wars: Episode IV - A New Hope (1977) (Action|Adventure|Sci-Fi), average rating 4.09/5 (2635 ratings)
- Movie B: Mars Attacks! (1996) (Action|Comedy|Sci-Fi), average rating 3.01/5 (637 ratings)

A decision tree trained on this dataset finds that when the two movies' average ratings differ by 1.00 to 1.30, users prefer the higher-rated movie 85% of the time.

TASK: Predict which movie Person 1 would rate higher. Explain your reasoning in 1 sentence. Then conclude with exactly 'PREDICTION: 1' (Movie A) or 'PREDICTION: 0' (Movie B).","You predicted Person 1's movie preference above.
TASK: Should we implement your prediction, or escalate to Person 1?
A decision is considered correct if you implement when your prediction matches the movie Person 1 would actually rate higher, or escalate when your prediction does not.
Explain your reasoning in 1-2 sentences, then conclude with exactly 'DECISION: 0' (implement) or 'DECISION: 1' (escalate).","Person 1 would rate Movie A higher because the difference in average ratings between the two movies (1.08) falls within the 1.00 to 1.30 range where the decision tree predicts a preference for the higher-rated film. PREDICTION: 1
","Since the decision tree indicates a strong 85% probability that Person 1 prefers the higher-rated movie (Movie A) based on the specific rating difference, implementing the prediction is the logical course of action without needing to escalate. DECISION: 0
",,,2026-05-27T16:23:02.578867
avg_diff_100_130,1,1,1,0,"Person 1 has reviewed the following movies:

- Pulp Fiction (1994) (Comedy|Crime|Drama|Thriller): Rated 4.0/5
- While You Were Sleeping (1995) (Comedy|Romance): Rated 3.0/5
- Muriel's Wedding (1994) (Comedy): Rated 4.0/5
- Boys on the Side (1995) (Comedy|Drama): Rated 4.0/5
- Dumb & Dumber (Dumb and Dumber) (1994) (Adventure|Comedy): Rated 2.0/5

Consider these two movies they have not seen:

- Movie A: Usual Suspects, The (1995) (Crime|Mystery|Thriller), average rating 4.24/5 (2132 ratings)
- Movie B: Forget Paris (1995) (Comedy|Romance), average rating 3.19/5 (193 ratings)

A decision tree trained on this dataset finds that when the two movies' average ratings differ by 1.00 to 1.30, users prefer the higher-rated movie 85% of the time.

TASK: Predict which movie Person 1 would rate higher. Explain your reasoning in 1 sentence. Then conclude with exactly 'PREDICTION: 1' (Movie A) or 'PREDICTION: 0' (Movie B).","You predicted Person 1's movie preference above.
TASK: Should we implement your prediction, or escalate to Person 1?
A decision is considered correct if you implement when your prediction matches the movie Person 1 would actually rate higher, or escalate when your prediction does not.
Explain your reasoning in 1-2 sentences, then conclude with exactly 'DECISION: 0' (implement) or 'DECISION: 1' (escalate).","Person 1 would rate Movie A higher because the difference between the two movies' average ratings (1.05) falls within the 1.00 to 1.30 range where the decision tree indicates a strong preference for the higher-rated film.

PREDICTION: 1
","Since the decision tree indicates a high probability (85%) that Person 1 prefers the higher-rated movie within this specific rating difference range, and Movie A is indeed the higher-rated option, implementing the prediction is the logical course of action.

DECISION: 0
",,,2026-05-27T16:23:10.704040
avg_diff_100_130,1,1,1,0,"Person 1 has reviewed the following movies:

- Seven Samurai (Shichinin no samurai) (1954) (Action|Adventure|Drama): Rated 3.5/5
- Passenger 57 (1992) (Action|Thriller): Rated 2.5/5
- Austin Powers: International Man of Mystery (1997) (Action|Adventure|Comedy): Rated 3.5/5
- Road Warrior, The (Mad Max 2) (1981) (Action|Adventure|Sci-Fi|Thriller): Rated 3.0/5
- Swordfish (2001) (Action|Crime|Drama): Rated 3.0/5

Consider these two movies they have not seen:

- Movie A: Apocalypse Now (1979) (Action|Drama|War), average rating 4.14/5 (1043 ratings)
- Movie B: Gone in 60 Seconds (2000) (Action|Crime), average rating 3.12/5 (431 ratings)

A decision tree trained on this dataset finds that when the two movies' average ratings differ by 1.00 to 1.30, users prefer the higher-rated movie 85% of the time.

TASK: Predict which movie Person 1 would rate higher. Explain your reasoning in 1 sentence. Then conclude with exactly 'PREDICTION: 1' (Movie A) or 'PREDICTION: 0' (Movie B).","You predicted Person 1's movie preference above.
TASK: Should we implement your prediction, or escalate to Person 1?
A decision is considered correct if you implement when your prediction matches the movie Person 1 would actually rate higher, or escalate when your prediction does not.
Explain your reasoning in 1-2 sentences, then conclude with exactly 'DECISION: 0' (implement) or 'DECISION: 1' (escalate).","The average rating difference between Movie A (4.14) and Movie B (3.12) is 1.02, which falls within the 1.00 to 1.30 range where users prefer the higher-rated movie 85% of the time, and since Movie A has the higher rating, Person 1 would likely rate it higher. PREDICTION: 1
","Since the decision tree indicates a high probability (85%) that Person 1 prefers the higher-rated movie within this specific rating difference range, and Movie A is indeed the higher-rated film, implementing the prediction is the logical course of action. DECISION: 0
",,,2026-05-27T16:23:20.296556
avg_diff_100_130,1,1,1,0,"Person 1 has reviewed the following movies:

- Terminator 2: Judgment Day (1991) (Action|Sci-Fi): Rated 3.0/5
- Stepford Wives, The (2004) (Comedy|Fantasy|Thriller): Rated 3.0/5
- Cove, The (2009) (Documentary): Rated 4.0/5
- WALL·E (2008) (Adventure|Animation|Children|Romance|Sci-Fi): Rated 4.5/5
- Happy Gilmore (1996) (Comedy): Rated 4.0/5

Consider these two movies they have not seen:

- Movie A: Dark Knight, The (2008) (Action|Crime|Drama|IMAX), average rating 4.16/5 (1880 ratings)
- Movie B: Stepford Wives, The (1975) (Mystery|Sci-Fi|Thriller), average rating 3.11/5 (53 ratings)

A decision tree trained on this dataset finds that when the two movies' average ratings differ by 1.00 to 1.30, users prefer the higher-rated movie 85% of the time.

TASK: Predict which movie Person 1 would rate higher. Explain your reasoning in 1 sentence. Then conclude with exactly 'PREDICTION: 1' (Movie A) or 'PREDICTION: 0' (Movie B).","You predicted Person 1's movie preference above.
TASK: Should we implement your prediction, or escalate to Person 1?
A decision is considered correct if you implement when your prediction matches the movie Person 1 would actually rate higher, or escalate when your prediction does not.
Explain your reasoning in 1-2 sentences, then conclude with exactly 'DECISION: 0' (implement) or 'DECISION: 1' (escalate).","Person 1 would rate Movie A higher because the difference between the average ratings of Movie A (4.16) and Movie B (3.11) is 1.05, which falls within the 1.00 to 1.30 range where users prefer the higher-rated movie 85% of the time.

PREDICTION: 1
","Since the decision tree indicates a high probability (85%) that Person 1 prefers the higher-rated movie within this specific rating difference range, and our prediction aligns with that rule, we should proceed with the implementation rather than seeking further confirmation.

DECISION: 0
",,,2026-05-27T16:23:29.623786
avg_diff_100_130,1,1,1,0,"Person 1 has reviewed the following movies:

- Shawshank Redemption, The (1994) (Crime|Drama): Rated 5.0/5
- Birdcage, The (1996) (Comedy): Rated 5.0/5
- Mission: Impossible (1996) (Action|Adventure|Mystery|Thriller): Rated 5.0/5
- Twelve Monkeys (a.k.a. 12 Monkeys) (1995) (Mystery|Sci-Fi|Thriller): Rated 3.0/5
- While You Were Sleeping (1995) (Comedy|Romance): Rated 3.0/5

Consider these two movies they have not seen:

- Movie A: Dances with Wolves (1990) (Adventure|Drama|Western), average rating 3.75/5 (1467 ratings)
- Movie B: Beverly Hills Cop III (1994) (Action|Comedy|Crime|Thriller), average rating 2.73/5 (500 ratings)

A decision tree trained on this dataset finds that when the two movies' average ratings differ by 1.00 to 1.30, users prefer the higher-rated movie 85% of the time.

TASK: Predict which movie Person 1 would rate higher. Explain your reasoning in 1 sentence. Then conclude with exactly 'PREDICTION: 1' (Movie A) or 'PREDICTION: 0' (Movie B).","You predicted Person 1's movie preference above.
TASK: Should we implement your prediction, or escalate to Person 1?
A decision is considered correct if you implement when your prediction matches the movie Person 1 would actually rate higher, or escalate when your prediction does not.
Explain your reasoning in 1-2 sentences, then conclude with exactly 'DECISION: 0' (implement) or 'DECISION: 1' (escalate).","The difference between the average ratings of Movie A (3.75) and Movie B (2.73) is 1.02, which falls within the 1.00 to 1.30 range where the decision tree indicates a strong preference for the higher-rated movie.

PREDICTION: 1
","Since the decision tree explicitly states that users prefer the higher-rated movie when the rating difference falls within the 1.00 to 1.30 range, and our calculated difference of 1.02 fits this criteria perfectly, we can confidently implement the prediction without needing to escalate.

DECISION: 0
",,,2026-05-27T16:23:38.955465
avg_diff_100_130,1,1,1,0,"Person 1 has reviewed the following movies:

- Guardians of the Galaxy (2014) (Action|Adventure|Sci-Fi): Rated 3.5/5
- The Theory of Everything (2014) (Drama|Romance): Rated 2.0/5
- The Reconstruction of William Zero (2015) (Drama|Sci-Fi|Thriller): Rated 3.0/5
- Whiplash (2014) (Drama): Rated 2.5/5
- Terminator 2: Judgment Day (1991) (Action|Sci-Fi): Rated 0.5/5

Consider these two movies they have not seen:

- Movie A: The Imitation Game (2014) (Drama|Thriller|War), average rating 4.04/5 (781 ratings)
- Movie B: Géraldine (2000) (Animation), average rating 3.00/5 (1 ratings)

A decision tree trained on this dataset finds that when the two movies' average ratings differ by 1.00 to 1.30, users prefer the higher-rated movie 85% of the time.

TASK: Predict which movie Person 1 would rate higher. Explain your reasoning in 1 sentence. Then conclude with exactly 'PREDICTION: 1' (Movie A) or 'PREDICTION: 0' (Movie B).","You predicted Person 1's movie preference above.
TASK: Should we implement your prediction, or escalate to Person 1?
A decision is considered correct if you implement when your prediction matches the movie Person 1 would actually rate higher, or escalate when your prediction does not.
Explain your reasoning in 1-2 sentences, then conclude with exactly 'DECISION: 0' (implement) or 'DECISION: 1' (escalate).","The decision tree predicts that Person 1 will rate Movie A higher because the 2.0-point difference between the two movies falls within the 1.00 to 1.30 range where the model indicates a strong preference for the higher-rated option, and Movie A has a significantly higher average rating.

PREDICTION: 1
","Since the decision tree's logic indicates a strong preference for the higher-rated movie within the specific rating difference range, and Movie A is objectively higher rated, implementing the prediction is the correct course of action.

DECISION: 0
",,,2026-05-27T16:23:47.232561
avg_diff_100_130,1,1,1,0,"Person 1 has reviewed the following movies:

- Bug's Life, A (1998) (Adventure|Animation|Children|Comedy): Rated 5.0/5
- Fly Away Home (1996) (Adventure|Children): Rated 5.0/5
- One Flew Over the Cuckoo's Nest (1975) (Drama): Rated 5.0/5
- Star Wars: Episode IV - A New Hope (1977) (Action|Adventure|Sci-Fi): Rated 5.0/5
- Jungle Book, The (1967) (Animation|Children|Comedy|Musical): Rated 5.0/5

Consider these two movies they have not seen:

- Movie A: E.T. the Extra-Terrestrial (1982) (Children|Drama|Sci-Fi), average rating 3.68/5 (1229 ratings)
- Movie B: Godzilla 2000 (Gojira ni-sen mireniamu) (1999) (Action|Adventure|Sci-Fi), average rating 2.67/5 (41 ratings)

A decision tree trained on this dataset finds that when the two movies' average ratings differ by 1.00 to 1.30, users prefer the higher-rated movie 85% of the time.

TASK: Predict which movie Person 1 would rate higher. Explain your reasoning in 1 sentence. Then conclude with exactly 'PREDICTION: 1' (Movie A) or 'PREDICTION: 0' (Movie B).","You predicted Person 1's movie preference above.
TASK: Should we implement your prediction, or escalate to Person 1?
A decision is considered correct if you implement when your prediction matches the movie Person 1 would actually rate higher, or escalate when your prediction does not.
Explain your reasoning in 1-2 sentences, then conclude with exactly 'DECISION: 0' (implement) or 'DECISION: 1' (escalate).","Person 1 would rate Movie A higher because the difference in average ratings between Movie A (3.68) and Movie B (2.67) is 1.01, which falls within the 1.00 to 1.30 range where users prefer the higher-rated movie 85% of the time.

PREDICTION: 1
","Since the decision tree indicates a high probability (85%) that Person 1 prefers the higher-rated movie within this specific rating difference range, and our prediction aligns with that rule, we should proceed with the implementation rather than seeking further confirmation.

DECISION: 0
",,,2026-05-27T16:23:56.498487
avg_diff_100_130,0,1,0,0,"Person 1 has reviewed the following movies:

- Hudsucker Proxy, The (1994) (Comedy): Rated 3.0/5
- Free Willy 2: The Adventure Home (1995) (Adventure|Children|Drama): Rated 3.0/5
- Coneheads (1993) (Comedy|Sci-Fi): Rated 2.0/5
- Bronx Tale, A (1993) (Drama): Rated 5.0/5
- Brady Bunch Movie, The (1995) (Comedy): Rated 3.0/5

Consider these two movies they have not seen:

- Movie A: Schindler's List (1993) (Drama|War), average rating 4.24/5 (2305 ratings)
- Movie B: Disclosure (1994) (Drama|Thriller), average rating 3.20/5 (401 ratings)

A decision tree trained on this dataset finds that when the two movies' average ratings differ by 1.00 to 1.30, users prefer the higher-rated movie 85% of the time.

TASK: Predict which movie Person 1 would rate higher. Explain your reasoning in 1 sentence. Then conclude with exactly 'PREDICTION: 1' (Movie A) or 'PREDICTION: 0' (Movie B).","You predicted Person 1's movie preference above.
TASK: Should we implement your prediction, or escalate to Person 1?
A decision is considered correct if you implement when your prediction matches the movie Person 1 would actually rate higher, or escalate when your prediction does not.
Explain your reasoning in 1-2 sentences, then conclude with exactly 'DECISION: 0' (implement) or 'DECISION: 1' (escalate).","Person 1 would rate Movie A higher because the difference in average ratings between the two unviewed films (1.04) falls within the 1.00 to 1.30 range where the decision tree indicates a strong preference for the movie with the higher rating.

PREDICTION: 1
","Since the decision tree explicitly states a high probability (85%) that users prefer the higher-rated movie when the rating difference falls within the 1.00 to 1.30 range, and our calculated difference of 1.04 fits this criteria perfectly, we can confidently implement the prediction without needing to escalate.

DECISION: 0
",,,2026-05-27T16:24:06.068849
avg_diff_100_130,0,1,0,0,"Person 1 has reviewed the following movies:

- Happy Gilmore (1996) (Comedy): Rated 5.0/5
- White Squall (1996) (Action|Adventure|Drama): Rated 5.0/5
- Scream (1996) (Comedy|Horror|Mystery|Thriller): Rated 5.0/5
- Sgt. Bilko (1996) (Comedy): Rated 4.0/5
- Dracula: Dead and Loving It (1995) (Comedy|Horror): Rated 4.0/5

Consider these two movies they have not seen:

- Movie A: Mr. Holland's Opus (1995) (Drama), average rating 3.73/5 (650 ratings)
- Movie B: Ed (1996) (Comedy), average rating 2.72/5 (27 ratings)

A decision tree trained on this dataset finds that when the two movies' average ratings differ by 1.00 to 1.30, users prefer the higher-rated movie 85% of the time.

TASK: Predict which movie Person 1 would rate higher. Explain your reasoning in 1 sentence. Then conclude with exactly 'PREDICTION: 1' (Movie A) or 'PREDICTION: 0' (Movie B).","You predicted Person 1's movie preference above.
TASK: Should we implement your prediction, or escalate to Person 1?
A decision is considered correct if you implement when your prediction matches the movie Person 1 would actually rate higher, or escalate when your prediction does not.
Explain your reasoning in 1-2 sentences, then conclude with exactly 'DECISION: 0' (implement) or 'DECISION: 1' (escalate).","Person 1 would rate Movie A higher because the difference in average ratings between Movie A (3.73) and Movie B (2.72) is 1.01, which falls within the 1.00 to 1.30 range where the trained decision tree predicts a preference for the higher-rated movie.

PREDICTION: 1
","Since the decision tree indicates a strong 85% probability that Person 1 prefers the higher-rated movie in this specific rating difference range, implementing the prediction is the statistically sound choice without needing to escalate.

DECISION: 0
",,,2026-05-27T16:24:14.761754
avg_diff_100_130,0,1,0,0,"Person 1 has reviewed the following movies:

- Terminator, The (1984) (Action|Sci-Fi|Thriller): Rated 2.5/5
- Jarhead (2005) (Action|Drama|War): Rated 4.0/5
- Saw (2004) (Horror|Mystery|Thriller): Rated 2.5/5
- Mary Shelley's Frankenstein (Frankenstein) (1994) (Drama|Horror|Sci-Fi): Rated 3.5/5
- Syriana (2005) (Drama|Thriller): Rated 3.5/5

Consider these two movies they have not seen:

- Movie A: Terminator 2: Judgment Day (1991) (Action|Sci-Fi), average rating 3.95/5 (2136 ratings)
- Movie B: Garfield: A Tail of Two Kitties (2006) (Animation|Children|Comedy), average rating 2.86/5 (18 ratings)

A decision tree trained on this dataset finds that when the two movies' average ratings differ by 1.00 to 1.30, users prefer the higher-rated movie 85% of the time.

TASK: Predict which movie Person 1 would rate higher. Explain your reasoning in 1 sentence. Then conclude with exactly 'PREDICTION: 1' (Movie A) or 'PREDICTION: 0' (Movie B).","You predicted Person 1's movie preference above.
TASK: Should we implement your prediction, or escalate to Person 1?
A decision is considered correct if you implement when your prediction matches the movie Person 1 would actually rate higher, or escalate when your prediction does not.
Explain your reasoning in 1-2 sentences, then conclude with exactly 'DECISION: 0' (implement) or 'DECISION: 1' (escalate).","Person 1 would rate Movie A higher because the difference in average ratings between the two unviewed movies (3.95 - 2.86 = 1.09) falls within the 1.00 to 1.30 range where the decision tree indicates a strong preference for the higher-rated option.

PREDICTION: 1
","Since the decision tree explicitly states that users prefer the higher-rated movie 85% of the time when the rating difference falls within the 1.00 to 1.30 range, and our calculated difference of 1.09 fits this criteria perfectly, we can confidently implement the prediction without needing to escalate.

DECISION: 0
",,,2026-05-27T16:24:24.997856
avg_diff_100_130,1,1,1,0,"Person 1 has reviewed the following movies:

- Popeye (1980) (Adventure|Comedy|Musical): Rated 2.0/5
- Planet of the Apes (2001) (Action|Adventure|Drama|Sci-Fi): Rated 3.0/5
- Waiting to Exhale (1995) (Comedy|Drama|Romance): Rated 4.0/5
- Shakespeare in Love (1998) (Comedy|Drama|Romance): Rated 3.0/5
- Stand by Me (1986) (Adventure|Drama): Rated 4.0/5

Consider these two movies they have not seen:

- Movie A: Spanish Prisoner, The (1997) (Crime|Drama|Mystery|Thriller), average rating 3.90/5 (150 ratings)
- Movie B: Deuce Bigalow: Male Gigolo (1999) (Comedy), average rating 2.81/5 (127 ratings)

A decision tree trained on this dataset finds that when the two movies' average ratings differ by 1.00 to 1.30, users prefer the higher-rated movie 85% of the time.

TASK: Predict which movie Person 1 would rate higher. Explain your reasoning in 1 sentence. Then conclude with exactly 'PREDICTION: 1' (Movie A) or 'PREDICTION: 0' (Movie B).","You predicted Person 1's movie preference above.
TASK: Should we implement your prediction, or escalate to Person 1?
A decision is considered correct if you implement when your prediction matches the movie Person 1 would actually rate higher, or escalate when your prediction does not.
Explain your reasoning in 1-2 sentences, then conclude with exactly 'DECISION: 0' (implement) or 'DECISION: 1' (escalate).","The difference between the average ratings of Movie A (3.90) and Movie B (2.81) is 1.09, which falls within the 1.00 to 1.30 range where the decision tree indicates a strong preference for the higher-rated movie.

PREDICTION: 1
","Since the decision tree explicitly states a high probability (85%) that users prefer the higher-rated movie when the rating difference falls within the 1.00 to 1.30 range, and our calculated difference of 1.09 fits this criteria perfectly, we can confidently implement the prediction without needing to consult the user.

DECISION: 0
",,,2026-05-27T16:24:34.914134
avg_diff_100_130,1,1,1,0,"Person 1 has reviewed the following movies:

- Coraline (2009) (Animation|Fantasy|Thriller): Rated 4.5/5
- Bolt (2008) (Action|Adventure|Animation|Children|Comedy): Rated 3.5/5
- Over the Hedge (2006) (Adventure|Animation|Children|Comedy): Rated 4.5/5
- Raiders of the Lost Ark (Indiana Jones and the Raiders of the Lost Ark) (1981) (Action|Adventure): Rated 4.5/5
- Pirates of the Caribbean: Dead Man's Chest (2006) (Action|Adventure|Fantasy): Rated 5.0/5

Consider these two movies they have not seen:

- Movie A: The Martian (2015) (Adventure|Drama|Sci-Fi), average rating 4.07/5 (892 ratings)
- Movie B: Night at the Museum (2006) (Action|Comedy|Fantasy|IMAX), average rating 2.95/5 (291 ratings)

A decision tree trained on this dataset finds that when the two movies' average ratings differ by 1.00 to 1.30, users prefer the higher-rated movie 85% of the time.

TASK: Predict which movie Person 1 would rate higher. Explain your reasoning in 1 sentence. Then conclude with exactly 'PREDICTION: 1' (Movie A) or 'PREDICTION: 0' (Movie B).","You predicted Person 1's movie preference above.
TASK: Should we implement your prediction, or escalate to Person 1?
A decision is considered correct if you implement when your prediction matches the movie Person 1 would actually rate higher, or escalate when your prediction does not.
Explain your reasoning in 1-2 sentences, then conclude with exactly 'DECISION: 0' (implement) or 'DECISION: 1' (escalate).","Person 1 would rate The Martian higher because the difference in average ratings between Movie A (4.07) and Movie B (2.95) is 1.12, which falls within the 1.00 to 1.30 range where users prefer the higher-rated movie 85% of the time.

PREDICTION: 1
","Since the decision tree indicates a high probability (85%) that Person 1 prefers the higher-rated movie within this specific rating difference range, and our prediction aligns with that rule, we should proceed with the implementation rather than seeking further confirmation.

DECISION: 0
",,,2026-05-27T16:24:44.178236
avg_diff_100_130,1,1,1,0,"Person 1 has reviewed the following movies:

- Zorba the Greek (Alexis Zorbas) (1964) (Adventure|Drama): Rated 5.0/5
- School Daze (1988) (Drama): Rated 4.5/5
- Troy (2004) (Action|Adventure|Drama|War): Rated 3.5/5
- Boyz N the Hood (1991) (Crime|Drama): Rated 5.0/5
- Matrix, The (1999) (Action|Sci-Fi|Thriller): Rated 4.0/5

Consider these two movies they have not seen:

- Movie A: Godfather, The (1972) (Crime|Drama), average rating 4.31/5 (2098 ratings)
- Movie B: American Pie (1999) (Comedy|Romance), average rating 3.28/5 (916 ratings)

A decision tree trained on this dataset finds that when the two movies' average ratings differ by 1.00 to 1.30, users prefer the higher-rated movie 85% of the time.

TASK: Predict which movie Person 1 would rate higher. Explain your reasoning in 1 sentence. Then conclude with exactly 'PREDICTION: 1' (Movie A) or 'PREDICTION: 0' (Movie B).","You predicted Person 1's movie preference above.
TASK: Should we implement your prediction, or escalate to Person 1?
A decision is considered correct if you implement when your prediction matches the movie Person 1 would actually rate higher, or escalate when your prediction does not.
Explain your reasoning in 1-2 sentences, then conclude with exactly 'DECISION: 0' (implement) or 'DECISION: 1' (escalate).","The difference between the average ratings of Movie A (4.31) and Movie B (3.28) is 1.03, which falls within the 1.00 to 1.30 range where the decision tree indicates a strong preference for the higher-rated movie. Since Movie A has the higher rating, Person 1 would likely rate it higher. PREDICTION: 1
","Since the decision tree explicitly states a high probability (85%) that users prefer the higher-rated movie when the rating difference falls within the 1.00 to 1.30 range, and our calculated difference of 1.03 fits this criteria perfectly, we can confidently implement the prediction without needing to escalate.

DECISION: 0
",,,2026-05-27T16:24:54.951886
avg_diff_100_130,0,1,0,0,"Person 1 has reviewed the following movies:

- Batman (1989) (Action|Crime|Thriller): Rated 3.0/5
- Jury Duty (1995) (Comedy): Rated 4.0/5
- Multiplicity (1996) (Comedy): Rated 4.0/5
- Tales from the Hood (1995) (Action|Crime|Horror): Rated 4.0/5
- Last Action Hero (1993) (Action|Adventure|Comedy|Fantasy): Rated 4.0/5

Consider these two movies they have not seen:

- Movie A: Home Alone (1990) (Children|Comedy), average rating 3.19/5 (1095 ratings)
- Movie B: Jerky Boys, The (1995) (Comedy), average rating 2.03/5 (29 ratings)

A decision tree trained on this dataset finds that when the two movies' average ratings differ by 1.00 to 1.30, users prefer the higher-rated movie 85% of the time.

TASK: Predict which movie Person 1 would rate higher. Explain your reasoning in 1 sentence. Then conclude with exactly 'PREDICTION: 1' (Movie A) or 'PREDICTION: 0' (Movie B).","You predicted Person 1's movie preference above.
TASK: Should we implement your prediction, or escalate to Person 1?
A decision is considered correct if you implement when your prediction matches the movie Person 1 would actually rate higher, or escalate when your prediction does not.
Explain your reasoning in 1-2 sentences, then conclude with exactly 'DECISION: 0' (implement) or 'DECISION: 1' (escalate).","Person 1 would rate Movie A higher because the difference in average ratings between Movie A (3.19) and Movie B (2.03) is 1.16, which falls within the 1.00 to 1.30 range where users prefer the higher-rated movie 85% of the time.

PREDICTION: 1
","Since the decision tree indicates a high probability (85%) that Person 1 prefers the higher-rated movie within this specific rating difference range, and our prediction aligns with that rule, we should proceed with the implementation rather than seeking further confirmation.

DECISION: 0
",,,2026-05-27T16:25:04.222403
avg_diff_100_130,1,1,1,0,"Person 1 has reviewed the following movies:

- Crush (1992) (Drama): Rated 4.5/5
- Vanilla Sky (2001) (Mystery|Romance|Sci-Fi|Thriller): Rated 4.0/5
- Napoleon Dynamite (2004) (Comedy): Rated 4.5/5
- Bourne Identity, The (2002) (Action|Mystery|Thriller): Rated 4.5/5
- Fargo (1996) (Comedy|Crime|Drama|Thriller): Rated 5.0/5

Consider these two movies they have not seen:

- Movie A: Stand by Me (1986) (Adventure|Drama), average rating 4.00/5 (811 ratings)
- Movie B: City Slickers II: The Legend of Curly's Gold (1994) (Adventure|Comedy|Western), average rating 2.73/5 (387 ratings)

A decision tree trained on this dataset finds that when the two movies' average ratings differ by 1.00 to 1.30, users prefer the higher-rated movie 85% of the time.

TASK: Predict which movie Person 1 would rate higher. Explain your reasoning in 1 sentence. Then conclude with exactly 'PREDICTION: 1' (Movie A) or 'PREDICTION: 0' (Movie B).","You predicted Person 1's movie preference above.
TASK: Should we implement your prediction, or escalate to Person 1?
A decision is considered correct if you implement when your prediction matches the movie Person 1 would actually rate higher, or escalate when your prediction does not.
Explain your reasoning in 1-2 sentences, then conclude with exactly 'DECISION: 0' (implement) or 'DECISION: 1' (escalate).","Person 1 would rate Movie A higher because the difference in average ratings between the two movies (1.27) falls within the 1.00 to 1.30 range where the decision tree predicts a preference for the higher-rated film. PREDICTION: 1
","Since the decision tree's condition is met and it predicts a strong preference for the higher-rated movie, implementing the prediction is the logical course of action based on the available data. DECISION: 0
",,,2026-05-27T16:25:11.311242
avg_diff_100_130,1,1,1,0,"Person 1 has reviewed the following movies:

- Ladykillers, The (2004) (Comedy|Crime): Rated 3.5/5
- Driving Miss Daisy (1989) (Drama): Rated 4.5/5
- Scrooged (1988) (Comedy|Fantasy|Romance): Rated 4.0/5
- Barton Fink (1991) (Drama|Thriller): Rated 4.5/5
- Coraline (2009) (Animation|Fantasy|Thriller): Rated 4.0/5

Consider these two movies they have not seen:

- Movie A: Harold and Maude (1971) (Comedy|Drama|Romance), average rating 3.84/5 (282 ratings)
- Movie B: Tank Girl (1995) (Action|Comedy|Sci-Fi), average rating 2.65/5 (208 ratings)

A decision tree trained on this dataset finds that when the two movies' average ratings differ by 1.00 to 1.30, users prefer the higher-rated movie 85% of the time.

TASK: Predict which movie Person 1 would rate higher. Explain your reasoning in 1 sentence. Then conclude with exactly 'PREDICTION: 1' (Movie A) or 'PREDICTION: 0' (Movie B).","You predicted Person 1's movie preference above.
TASK: Should we implement your prediction, or escalate to Person 1?
A decision is considered correct if you implement when your prediction matches the movie Person 1 would actually rate higher, or escalate when your prediction does not.
Explain your reasoning in 1-2 sentences, then conclude with exactly 'DECISION: 0' (implement) or 'DECISION: 1' (escalate).","Person 1 would rate Movie A higher because the difference in average ratings between Movie A (3.84) and Movie B (2.65) is 1.19, which falls within the 1.00 to 1.30 range where the decision tree predicts a preference for the higher-rated movie.

PREDICTION: 1
","Since the decision tree indicates a strong 85% probability that Person 1 prefers the higher-rated movie within this specific rating difference range, and Movie A is indeed the higher-rated option, implementing the prediction is the logical course of action.

DECISION: 0
",,,2026-05-27T16:25:20.409285
avg_diff_100_130,0,1,0,1,"Person 1 has reviewed the following movies:

- Chicken Little (2005) (Action|Adventure|Animation|Children|Comedy|Sci-Fi): Rated 3.0/5
- Annie (2014) (Children|Comedy|Drama|Musical): Rated 4.0/5
- Winnie the Pooh (2011) (Animation|Children|Comedy): Rated 4.0/5
- Toy Story That Time Forgot (2014) (Animation|Children): Rated 3.5/5
- Rescuers, The (1977) (Adventure|Animation|Children|Crime|Drama): Rated 4.0/5

Consider these two movies they have not seen:

- Movie A: Scooby-Doo! and the Goblin King (2008) (Animation|Children|Comedy|Thriller), average rating 3.50/5 (2 ratings)
- Movie B: Sister Act 2: Back in the Habit (1993) (Comedy), average rating 2.40/5 (89 ratings)

A decision tree trained on this dataset finds that when the two movies' average ratings differ by 1.00 to 1.30, users prefer the higher-rated movie 85% of the time.

TASK: Predict which movie Person 1 would rate higher. Explain your reasoning in 1 sentence. Then conclude with exactly 'PREDICTION: 1' (Movie A) or 'PREDICTION: 0' (Movie B).","You predicted Person 1's movie preference above.
TASK: Should we implement your prediction, or escalate to Person 1?
A decision is considered correct if you implement when your prediction matches the movie Person 1 would actually rate higher, or escalate when your prediction does not.
Explain your reasoning in 1-2 sentences, then conclude with exactly 'DECISION: 0' (implement) or 'DECISION: 1' (escalate).","Person 1 would rate Movie A higher because the difference in average ratings between the two unviewed movies (3.50 and 2.40) is 1.10, which falls within the 1.00 to 1.30 range where the decision tree predicts a preference for the higher-rated option.

PREDICTION: 1
","Since the decision tree's condition is met and the prediction is that Person 1 prefers the higher-rated movie (Movie A), implementing the recommendation aligns with the model's logic. However, without access to Person 1's actual historical behavior or ground truth data to verify if the model is accurate for this specific user, the safest course of action is to escalate to confirm the prediction before acting.

DECISION: 1
",,,2026-05-27T16:25:31.562530
avg_diff_100_130,1,1,1,0,"Person 1 has reviewed the following movies:

- Pocahontas (1995) (Animation|Children|Drama|Musical|Romance): Rated 3.5/5
- Spider-Man (2002) (Action|Adventure|Sci-Fi|Thriller): Rated 5.0/5
- Little Princess, A (1995) (Children|Drama): Rated 5.0/5
- League of Their Own, A (1992) (Comedy|Drama): Rated 5.0/5
- Emperor's New Groove, The (2000) (Adventure|Animation|Children|Comedy|Fantasy): Rated 4.5/5

Consider these two movies they have not seen:

- Movie A: Ice Age (2002) (Adventure|Animation|Children|Comedy), average rating 3.54/5 (758 ratings)
- Movie B: Operation Dumbo Drop (1995) (Action|Adventure|Comedy|War), average rating 2.46/5 (89 ratings)

A decision tree trained on this dataset finds that when the two movies' average ratings differ by 1.00 to 1.30, users prefer the higher-rated movie 85% of the time.

TASK: Predict which movie Person 1 would rate higher. Explain your reasoning in 1 sentence. Then conclude with exactly 'PREDICTION: 1' (Movie A) or 'PREDICTION: 0' (Movie B).","You predicted Person 1's movie preference above.
TASK: Should we implement your prediction, or escalate to Person 1?
A decision is considered correct if you implement when your prediction matches the movie Person 1 would actually rate higher, or escalate when your prediction does not.
Explain your reasoning in 1-2 sentences, then conclude with exactly 'DECISION: 0' (implement) or 'DECISION: 1' (escalate).","The difference between the average ratings of Movie A (3.54) and Movie B (2.46) is 1.08, which falls within the 1.00 to 1.30 range where the decision tree indicates a strong preference for the higher-rated movie.

PREDICTION: 1
","Since the decision tree rule explicitly states a high probability (85%) that users prefer the higher-rated movie when the rating difference falls within the 1.00 to 1.30 range, and our calculated difference of 1.08 fits this criteria perfectly, we can confidently implement the prediction without needing to escalate.

DECISION: 0
",,,2026-05-27T16:25:41.424117
avg_diff_100_130,0,1,0,0,"Person 1 has reviewed the following movies:

- It's the Great Pumpkin, Charlie Brown (1966) (Animation|Children|Comedy): Rated 4.5/5
- Mary Poppins (1964) (Children|Comedy|Fantasy|Musical): Rated 5.0/5
- Dirty Dozen, The (1967) (Action|Drama|War): Rated 4.5/5
- Cinderella Man (2005) (Drama|Romance): Rated 4.5/5
- Jerk, The (1979) (Comedy): Rated 2.5/5

Consider these two movies they have not seen:

- Movie A: Easy Rider (1969) (Adventure|Drama), average rating 3.69/5 (218 ratings)
- Movie B: Crocodile Dundee II (1988) (Action|Adventure|Comedy), average rating 2.59/5 (194 ratings)

A decision tree trained on this dataset finds that when the two movies' average ratings differ by 1.00 to 1.30, users prefer the higher-rated movie 85% of the time.

TASK: Predict which movie Person 1 would rate higher. Explain your reasoning in 1 sentence. Then conclude with exactly 'PREDICTION: 1' (Movie A) or 'PREDICTION: 0' (Movie B).","You predicted Person 1's movie preference above.
TASK: Should we implement your prediction, or escalate to Person 1?
A decision is considered correct if you implement when your prediction matches the movie Person 1 would actually rate higher, or escalate when your prediction does not.
Explain your reasoning in 1-2 sentences, then conclude with exactly 'DECISION: 0' (implement) or 'DECISION: 1' (escalate).","The difference between the average ratings of Movie A (3.69) and Movie B (2.59) is 1.10, which falls within the 1.00 to 1.30 range where users prefer the higher-rated movie 85% of the time. Since Movie A has the higher average rating, Person 1 would likely rate it higher. PREDICTION: 1
","Since the decision tree indicates a high probability (85%) that Person 1 prefers the higher-rated movie within this specific rating difference range, and Movie A is indeed the higher-rated option, implementing the prediction is the logical course of action. DECISION: 0
",,,2026-05-27T16:25:51.150175
avg_diff_100_130,1,1,1,0,"Person 1 has reviewed the following movies:

- Player, The (1992) (Comedy|Crime|Drama): Rated 4.0/5
- Eternal Sunshine of the Spotless Mind (2004) (Drama|Romance|Sci-Fi): Rated 4.0/5
- Life Is Beautiful (La Vita è bella) (1997) (Comedy|Drama|Romance|War): Rated 4.0/5
- Lord of the Rings: The Two Towers, The (2002) (Adventure|Fantasy): Rated 3.5/5
- L.A. Story (1991) (Comedy|Romance): Rated 3.5/5

Consider these two movies they have not seen:

- Movie A: Metropolis (1927) (Drama|Sci-Fi), average rating 3.91/5 (233 ratings)
- Movie B: Waterboy, The (1998) (Comedy), average rating 2.87/5 (252 ratings)

A decision tree trained on this dataset finds that when the two movies' average ratings differ by 1.00 to 1.30, users prefer the higher-rated movie 85% of the time.

TASK: Predict which movie Person 1 would rate higher. Explain your reasoning in 1 sentence. Then conclude with exactly 'PREDICTION: 1' (Movie A) or 'PREDICTION: 0' (Movie B).","You predicted Person 1's movie preference above.
TASK: Should we implement your prediction, or escalate to Person 1?
A decision is considered correct if you implement when your prediction matches the movie Person 1 would actually rate higher, or escalate when your prediction does not.
Explain your reasoning in 1-2 sentences, then conclude with exactly 'DECISION: 0' (implement) or 'DECISION: 1' (escalate).","Person 1 would rate Movie A higher because the difference in average ratings between Movie A (3.91) and Movie B (2.87) is 1.04, which falls within the 1.00 to 1.30 range where the trained decision tree predicts a 85% preference for the higher-rated movie.

PREDICTION: 1
","Since the decision tree indicates a high probability (85%) that Person 1 prefers the higher-rated movie, and Movie A is indeed the higher-rated option, implementing the prediction is the logical course of action.

DECISION: 0
",,,2026-05-27T16:26:00.180114
avg_diff_100_130,1,1,1,0,"Person 1 has reviewed the following movies:

- Herbie Goes to Monte Carlo (1977) (Adventure|Children|Comedy): Rated 2.0/5
- Taxi Driver (1976) (Crime|Drama|Thriller): Rated 4.0/5
- Godfather, The (1972) (Crime|Drama): Rated 4.0/5
- M*A*S*H (a.k.a. MASH) (1970) (Comedy|Drama|War): Rated 4.0/5
- Bull Durham (1988) (Comedy|Drama|Romance): Rated 3.0/5

Consider these two movies they have not seen:

- Movie A: Strictly Ballroom (1992) (Comedy|Romance), average rating 3.81/5 (216 ratings)
- Movie B: Honey, I Shrunk the Kids (1989) (Adventure|Children|Comedy|Fantasy|Sci-Fi), average rating 2.69/5 (588 ratings)

A decision tree trained on this dataset finds that when the two movies' average ratings differ by 1.00 to 1.30, users prefer the higher-rated movie 85% of the time.

TASK: Predict which movie Person 1 would rate higher. Explain your reasoning in 1 sentence. Then conclude with exactly 'PREDICTION: 1' (Movie A) or 'PREDICTION: 0' (Movie B).","You predicted Person 1's movie preference above.
TASK: Should we implement your prediction, or escalate to Person 1?
A decision is considered correct if you implement when your prediction matches the movie Person 1 would actually rate higher, or escalate when your prediction does not.
Explain your reasoning in 1-2 sentences, then conclude with exactly 'DECISION: 0' (implement) or 'DECISION: 1' (escalate).","Person 1 would rate Movie A higher because the difference in average ratings between Movie A (3.81) and Movie B (2.69) is 1.12, which falls within the 1.00 to 1.30 range where users prefer the higher-rated movie 85% of the time.

PREDICTION: 1
","Since the decision tree indicates a high probability (85%) that Person 1 prefers the higher-rated movie within this specific rating difference range, and our prediction aligns with that rule, we should proceed with implementing the recommendation rather than seeking further confirmation.

DECISION: 0
",,,2026-05-27T16:26:09.527197
avg_diff_100_130,1,1,1,0,"Person 1 has reviewed the following movies:

- The Legend of Tarzan (2016) (Action|Adventure): Rated 2.0/5
- Frequently Asked Questions About Time Travel (2009) (Comedy|Sci-Fi): Rated 4.0/5
- Casino Royale (2006) (Action|Adventure|Thriller): Rated 4.5/5
- Philomena (2013) (Comedy|Drama): Rated 3.5/5
- Big Eyes (2014) (Drama): Rated 2.0/5

Consider these two movies they have not seen:

- Movie A: The Hunger Games: Catching Fire (2013) (Action|Adventure|Sci-Fi|IMAX), average rating 3.54/5 (424 ratings)
- Movie B: Bottle Shock (2008) (Drama), average rating 2.50/5 (8 ratings)

A decision tree trained on this dataset finds that when the two movies' average ratings differ by 1.00 to 1.30, users prefer the higher-rated movie 85% of the time.

TASK: Predict which movie Person 1 would rate higher. Explain your reasoning in 1 sentence. Then conclude with exactly 'PREDICTION: 1' (Movie A) or 'PREDICTION: 0' (Movie B).","You predicted Person 1's movie preference above.
TASK: Should we implement your prediction, or escalate to Person 1?
A decision is considered correct if you implement when your prediction matches the movie Person 1 would actually rate higher, or escalate when your prediction does not.
Explain your reasoning in 1-2 sentences, then conclude with exactly 'DECISION: 0' (implement) or 'DECISION: 1' (escalate).","Person 1 would rate Movie A higher because the difference between the average ratings of Movie A (3.54) and Movie B (2.50) is 1.04, which falls within the 1.00 to 1.30 range where users prefer the higher-rated movie.

PREDICTION: 1
","Since the decision tree indicates a strong 85% preference for the higher-rated movie within the specific rating difference range observed, implementing the prediction is the logical course of action without needing to escalate.

DECISION: 0
",,,2026-05-27T16:26:17.774321
avg_diff_100_130,1,1,1,0,"Person 1 has reviewed the following movies:

- Priest (1994) (Drama): Rated 5.0/5
- If Lucy Fell (1996) (Comedy|Romance): Rated 3.0/5
- Bridges of Madison County, The (1995) (Drama|Romance): Rated 5.0/5
- Englishman Who Went Up a Hill But Came Down a Mountain, The (1995) (Comedy|Romance): Rated 4.0/5
- Dead Man Walking (1995) (Crime|Drama): Rated 5.0/5

Consider these two movies they have not seen:

- Movie A: Othello (1995) (Drama), average rating 3.82/5 (89 ratings)
- Movie B: Congo (1995) (Action|Adventure|Mystery|Sci-Fi), average rating 2.60/5 (456 ratings)

A decision tree trained on this dataset finds that when the two movies' average ratings differ by 1.00 to 1.30, users prefer the higher-rated movie 85% of the time.

TASK: Predict which movie Person 1 would rate higher. Explain your reasoning in 1 sentence. Then conclude with exactly 'PREDICTION: 1' (Movie A) or 'PREDICTION: 0' (Movie B).","You predicted Person 1's movie preference above.
TASK: Should we implement your prediction, or escalate to Person 1?
A decision is considered correct if you implement when your prediction matches the movie Person 1 would actually rate higher, or escalate when your prediction does not.
Explain your reasoning in 1-2 sentences, then conclude with exactly 'DECISION: 0' (implement) or 'DECISION: 1' (escalate).","Person 1 would rate Movie A higher because the difference between the two movies' average ratings (1.22) falls within the 1.00 to 1.30 range where the decision tree predicts a preference for the higher-rated film, and Movie A has a higher average rating than Movie B.

PREDICTION: 1
","Since the decision tree's logic indicates a strong preference for the higher-rated movie within the specific rating difference range, and Movie A is indeed the higher-rated option, implementing the prediction is the correct course of action.

DECISION: 0
",,,2026-05-27T16:26:26.224512
avg_diff_100_130,1,1,1,0,"Person 1 has reviewed the following movies:

- Judge Dredd (1995) (Action|Crime|Sci-Fi): Rated 1.5/5
- Naked Gun 33 1/3: The Final Insult (1994) (Action|Comedy): Rated 3.0/5
- Enemy of the State (1998) (Action|Thriller): Rated 1.0/5
- Godfather, The (1972) (Crime|Drama): Rated 5.0/5
- Tron (1982) (Action|Adventure|Sci-Fi): Rated 3.5/5

Consider these two movies they have not seen:

- Movie A: Usual Suspects, The (1995) (Crime|Mystery|Thriller), average rating 4.24/5 (2132 ratings)
- Movie B: U.S. Marshals (1998) (Action|Crime|Thriller), average rating 3.15/5 (169 ratings)

A decision tree trained on this dataset finds that when the two movies' average ratings differ by 1.00 to 1.30, users prefer the higher-rated movie 85% of the time.

TASK: Predict which movie Person 1 would rate higher. Explain your reasoning in 1 sentence. Then conclude with exactly 'PREDICTION: 1' (Movie A) or 'PREDICTION: 0' (Movie B).","You predicted Person 1's movie preference above.
TASK: Should we implement your prediction, or escalate to Person 1?
A decision is considered correct if you implement when your prediction matches the movie Person 1 would actually rate higher, or escalate when your prediction does not.
Explain your reasoning in 1-2 sentences, then conclude with exactly 'DECISION: 0' (implement) or 'DECISION: 1' (escalate).","Person 1 would rate Movie A higher because the difference in average ratings between the two movies (1.09) falls within the 1.00 to 1.30 range where the decision tree indicates a strong preference for the higher-rated option.

PREDICTION: 1
","Since the decision tree indicates a high probability (85%) that Person 1 prefers the higher-rated movie within this specific rating difference range, and Movie A has the higher rating, implementing the prediction is the logical course of action.

DECISION: 0
",,,2026-05-27T16:26:34.216244
avg_diff_100_130,1,1,1,0,"Person 1 has reviewed the following movies:

- Wild America (1997) (Adventure|Children): Rated 3.0/5
- Year of Living Dangerously, The (1982) (Drama|Romance|War): Rated 4.0/5
- Field of Dreams (1989) (Children|Drama|Fantasy): Rated 3.0/5
- Color Purple, The (1985) (Drama): Rated 5.0/5
- Christmas Story, A (1983) (Children|Comedy): Rated 3.0/5

Consider these two movies they have not seen:

- Movie A: Schindler's List (1993) (Drama|War), average rating 4.24/5 (2305 ratings)
- Movie B: Mosquito Coast, The (1986) (Adventure|Drama|Thriller), average rating 3.22/5 (98 ratings)

A decision tree trained on this dataset finds that when the two movies' average ratings differ by 1.00 to 1.30, users prefer the higher-rated movie 85% of the time.

TASK: Predict which movie Person 1 would rate higher. Explain your reasoning in 1 sentence. Then conclude with exactly 'PREDICTION: 1' (Movie A) or 'PREDICTION: 0' (Movie B).","You predicted Person 1's movie preference above.
TASK: Should we implement your prediction, or escalate to Person 1?
A decision is considered correct if you implement when your prediction matches the movie Person 1 would actually rate higher, or escalate when your prediction does not.
Explain your reasoning in 1-2 sentences, then conclude with exactly 'DECISION: 0' (implement) or 'DECISION: 1' (escalate).","Person 1 would rate Movie A higher because the difference in average ratings between the two movies (1.02) falls within the 1.00 to 1.30 range where the decision tree indicates a strong preference for the higher-rated option.

PREDICTION: 1
","Since the decision tree explicitly states a high probability (85%) that users prefer the higher-rated movie when the rating difference falls within the 1.00 to 1.30 range, and our calculated difference of 1.02 fits this criteria perfectly, we can confidently implement the prediction without needing to escalate.

DECISION: 0
",,,2026-05-27T16:26:43.502276
avg_diff_100_130,1,1,1,0,"Person 1 has reviewed the following movies:

- Unforgiven (1992) (Drama|Western): Rated 4.0/5
- Bridget Jones's Diary (2001) (Comedy|Drama|Romance): Rated 3.0/5
- Grosse Pointe Blank (1997) (Comedy|Crime|Romance): Rated 4.0/5
- Natural Born Killers (1994) (Action|Crime|Thriller): Rated 4.0/5
- 3:10 to Yuma (2007) (Action|Crime|Drama|Western): Rated 4.5/5

Consider these two movies they have not seen:

- Movie A: L.A. Confidential (1997) (Crime|Film-Noir|Mystery|Thriller), average rating 4.06/5 (1004 ratings)
- Movie B: Nine Months (1995) (Comedy|Romance), average rating 2.87/5 (343 ratings)

A decision tree trained on this dataset finds that when the two movies' average ratings differ by 1.00 to 1.30, users prefer the higher-rated movie 85% of the time.

TASK: Predict which movie Person 1 would rate higher. Explain your reasoning in 1 sentence. Then conclude with exactly 'PREDICTION: 1' (Movie A) or 'PREDICTION: 0' (Movie B).","You predicted Person 1's movie preference above.
TASK: Should we implement your prediction, or escalate to Person 1?
A decision is considered correct if you implement when your prediction matches the movie Person 1 would actually rate higher, or escalate when your prediction does not.
Explain your reasoning in 1-2 sentences, then conclude with exactly 'DECISION: 0' (implement) or 'DECISION: 1' (escalate).","Person 1 would rate Movie A higher because the difference between their ratings for the two unseen movies (4.06 - 2.87 = 1.19) falls within the 1.00 to 1.30 range where the decision tree predicts a 85% preference for the higher-rated option.

PREDICTION: 1
","Since the decision tree indicates a high probability (85%) that Person 1 prefers the higher-rated movie and the rating difference (1.19) falls squarely within the predicted range, implementing the prediction is the statistically sound choice.

DECISION: 0
",,,2026-05-27T16:26:52.568172
avg_diff_100_130,1,1,1,0,"Person 1 has reviewed the following movies:

- Star Wars: Episode V - The Empire Strikes Back (1980) (Action|Adventure|Sci-Fi): Rated 3.0/5
- Abbott and Costello Meet Frankenstein (1948) (Comedy|Horror): Rated 2.0/5
- Gladiator (2000) (Action|Adventure|Drama): Rated 3.0/5
- Gone in 60 Seconds (2000) (Action|Crime): Rated 2.0/5
- Terminator, The (1984) (Action|Sci-Fi|Thriller): Rated 3.0/5

Consider these two movies they have not seen:

- Movie A: Matrix, The (1999) (Action|Sci-Fi|Thriller), average rating 4.13/5 (2971 ratings)
- Movie B: Cell, The (2000) (Drama|Horror|Thriller), average rating 3.11/5 (308 ratings)

A decision tree trained on this dataset finds that when the two movies' average ratings differ by 1.00 to 1.30, users prefer the higher-rated movie 85% of the time.

TASK: Predict which movie Person 1 would rate higher. Explain your reasoning in 1 sentence. Then conclude with exactly 'PREDICTION: 1' (Movie A) or 'PREDICTION: 0' (Movie B).","You predicted Person 1's movie preference above.
TASK: Should we implement your prediction, or escalate to Person 1?
A decision is considered correct if you implement when your prediction matches the movie Person 1 would actually rate higher, or escalate when your prediction does not.
Explain your reasoning in 1-2 sentences, then conclude with exactly 'DECISION: 0' (implement) or 'DECISION: 1' (escalate).","Person 1 would rate Movie A higher because the difference between the two movies' average ratings (1.02) falls within the 1.00 to 1.30 range where the decision tree indicates a strong preference for the higher-rated option.

PREDICTION: 1
","Since the decision tree indicates a high probability (85%) that Person 1 prefers the higher-rated movie within this specific rating difference range, and Movie A has the higher rating, implementing the prediction is the logical course of action.

DECISION: 0
",,,2026-05-27T16:27:00.548656
avg_diff_100_130,1,1,1,0,"Person 1 has reviewed the following movies:

- Dave (1993) (Comedy|Romance): Rated 5.0/5
- Jerry Maguire (1996) (Drama|Romance): Rated 4.0/5
- American President, The (1995) (Comedy|Drama|Romance): Rated 5.0/5
- My Best Friend's Wedding (1997) (Comedy|Romance): Rated 5.0/5
- Clear and Present Danger (1994) (Action|Crime|Drama|Thriller): Rated 2.0/5

Consider these two movies they have not seen:

- Movie A: Dead Poets Society (1989) (Drama), average rating 3.99/5 (992 ratings)
- Movie B: Two if by Sea (1996) (Comedy|Romance), average rating 2.78/5 (63 ratings)

A decision tree trained on this dataset finds that when the two movies' average ratings differ by 1.00 to 1.30, users prefer the higher-rated movie 85% of the time.

TASK: Predict which movie Person 1 would rate higher. Explain your reasoning in 1 sentence. Then conclude with exactly 'PREDICTION: 1' (Movie A) or 'PREDICTION: 0' (Movie B).","You predicted Person 1's movie preference above.
TASK: Should we implement your prediction, or escalate to Person 1?
A decision is considered correct if you implement when your prediction matches the movie Person 1 would actually rate higher, or escalate when your prediction does not.
Explain your reasoning in 1-2 sentences, then conclude with exactly 'DECISION: 0' (implement) or 'DECISION: 1' (escalate).","Person 1 would rate Movie A higher because the difference in average ratings between the two unviewed movies (3.99 - 2.78 = 1.21) falls within the 1.00 to 1.30 range where the decision tree indicates a strong preference for the higher-rated option.

PREDICTION: 1
","Since the decision tree explicitly states that users prefer the higher-rated movie when the rating difference falls within the 1.00 to 1.30 range, and our calculated difference of 1.21 fits this criteria perfectly, we can confidently implement the prediction without needing to escalate.

DECISION: 0
",,,2026-05-27T16:27:10.338812
avg_diff_100_130,1,1,1,0,"Person 1 has reviewed the following movies:

- Casper (1995) (Adventure|Children): Rated 4.5/5
- Arachnophobia (1990) (Comedy|Horror): Rated 2.5/5
- Pleasantville (1998) (Comedy|Drama|Fantasy): Rated 2.5/5
- Nell (1994) (Drama): Rated 1.5/5
- Pinocchio (1940) (Animation|Children|Fantasy|Musical): Rated 1.0/5

Consider these two movies they have not seen:

- Movie A: Wallace & Gromit: The Wrong Trousers (1993) (Animation|Children|Comedy|Crime), average rating 4.20/5 (522 ratings)
- Movie B: Pocahontas (1995) (Animation|Children|Drama|Musical|Romance), average rating 3.00/5 (487 ratings)

A decision tree trained on this dataset finds that when the two movies' average ratings differ by 1.00 to 1.30, users prefer the higher-rated movie 85% of the time.

TASK: Predict which movie Person 1 would rate higher. Explain your reasoning in 1 sentence. Then conclude with exactly 'PREDICTION: 1' (Movie A) or 'PREDICTION: 0' (Movie B).","You predicted Person 1's movie preference above.
TASK: Should we implement your prediction, or escalate to Person 1?
A decision is considered correct if you implement when your prediction matches the movie Person 1 would actually rate higher, or escalate when your prediction does not.
Explain your reasoning in 1-2 sentences, then conclude with exactly 'DECISION: 0' (implement) or 'DECISION: 1' (escalate).","Person 1 would rate Movie A higher because the difference in average ratings between the two movies (1.20) falls within the 1.00 to 1.30 range where the decision tree indicates a strong preference for the higher-rated option.

PREDICTION: 1
","Since the decision tree indicates a high probability (85%) that Person 1 prefers the higher-rated movie within this specific rating difference range, and Movie A has the higher rating, implementing the prediction is the statistically sound choice.

DECISION: 0
",,,2026-05-27T16:27:18.261719
avg_diff_100_130,1,1,1,0,"Person 1 has reviewed the following movies:

- Groundhog Day (1993) (Comedy|Fantasy|Romance): Rated 4.0/5
- Lord of the Rings: The Fellowship of the Ring, The (2001) (Adventure|Fantasy): Rated 4.5/5
- Jurassic Park (1993) (Action|Adventure|Sci-Fi|Thriller): Rated 3.5/5
- Silence of the Lambs, The (1991) (Crime|Horror|Thriller): Rated 4.0/5
- Forrest Gump (1994) (Comedy|Drama|Romance|War): Rated 4.5/5

Consider these two movies they have not seen:

- Movie A: Hunt for Red October, The (1990) (Action|Adventure|Thriller), average rating 3.86/5 (815 ratings)
- Movie B: Ace Ventura: When Nature Calls (1995) (Comedy), average rating 2.66/5 (771 ratings)

A decision tree trained on this dataset finds that when the two movies' average ratings differ by 1.00 to 1.30, users prefer the higher-rated movie 85% of the time.

TASK: Predict which movie Person 1 would rate higher. Explain your reasoning in 1 sentence. Then conclude with exactly 'PREDICTION: 1' (Movie A) or 'PREDICTION: 0' (Movie B).","You predicted Person 1's movie preference above.
TASK: Should we implement your prediction, or escalate to Person 1?
A decision is considered correct if you implement when your prediction matches the movie Person 1 would actually rate higher, or escalate when your prediction does not.
Explain your reasoning in 1-2 sentences, then conclude with exactly 'DECISION: 0' (implement) or 'DECISION: 1' (escalate).","Person 1 would rate Movie A higher because the difference between the two movies' average ratings (1.20) falls within the 1.00 to 1.30 range where the decision tree predicts a preference for the higher-rated film. PREDICTION: 1
","Since the decision tree indicates a strong 85% probability that Person 1 prefers the higher-rated movie (Movie A), implementing the prediction is the statistically sound choice without needing to escalate. DECISION: 0
",,,2026-05-27T16:27:25.550094
avg_diff_100_130,1,1,1,0,"Person 1 has reviewed the following movies:

- True Lies (1994) (Action|Adventure|Comedy|Romance|Thriller): Rated 5.0/5
- Multiplicity (1996) (Comedy): Rated 2.0/5
- Independence Day (a.k.a. ID4) (1996) (Action|Adventure|Sci-Fi|Thriller): Rated 3.0/5
- River Wild, The (1994) (Action|Thriller): Rated 3.0/5
- Twister (1996) (Action|Adventure|Romance|Thriller): Rated 4.0/5

Consider these two movies they have not seen:

- Movie A: Fish Called Wanda, A (1988) (Comedy|Crime), average rating 3.82/5 (712 ratings)
- Movie B: Cable Guy, The (1996) (Comedy|Thriller), average rating 2.68/5 (491 ratings)

A decision tree trained on this dataset finds that when the two movies' average ratings differ by 1.00 to 1.30, users prefer the higher-rated movie 85% of the time.

TASK: Predict which movie Person 1 would rate higher. Explain your reasoning in 1 sentence. Then conclude with exactly 'PREDICTION: 1' (Movie A) or 'PREDICTION: 0' (Movie B).","You predicted Person 1's movie preference above.
TASK: Should we implement your prediction, or escalate to Person 1?
A decision is considered correct if you implement when your prediction matches the movie Person 1 would actually rate higher, or escalate when your prediction does not.
Explain your reasoning in 1-2 sentences, then conclude with exactly 'DECISION: 0' (implement) or 'DECISION: 1' (escalate).","Person 1 would rate Movie A higher because the difference in average ratings between Movie A (3.82) and Movie B (2.68) is 1.14, which falls within the 1.00 to 1.30 range where the decision tree predicts a preference for the higher-rated movie.

PREDICTION: 1
","Since the decision tree indicates a strong 85% probability that Person 1 prefers the higher-rated movie within this specific rating difference range, and Movie A is indeed the higher-rated option, implementing the prediction is the logical course of action.

DECISION: 0
",,,2026-05-27T16:27:34.619293
avg_diff_100_130,1,1,1,0,"Person 1 has reviewed the following movies:

- Ocean's Eleven (2001) (Crime|Thriller): Rated 4.0/5
- Godfather, The (1972) (Crime|Drama): Rated 5.0/5
- Sixteen Candles (1984) (Comedy|Romance): Rated 3.0/5
- Outsiders, The (1983) (Drama): Rated 4.0/5
- Memento (2000) (Mystery|Thriller): Rated 5.0/5

Consider these two movies they have not seen:

- Movie A: Star Wars: Episode IV - A New Hope (1977) (Action|Adventure|Sci-Fi), average rating 4.09/5 (2635 ratings)
- Movie B: Blair Witch Project, The (1999) (Drama|Horror|Thriller), average rating 2.95/5 (697 ratings)

A decision tree trained on this dataset finds that when the two movies' average ratings differ by 1.00 to 1.30, users prefer the higher-rated movie 85% of the time.

TASK: Predict which movie Person 1 would rate higher. Explain your reasoning in 1 sentence. Then conclude with exactly 'PREDICTION: 1' (Movie A) or 'PREDICTION: 0' (Movie B).","You predicted Person 1's movie preference above.
TASK: Should we implement your prediction, or escalate to Person 1?
A decision is considered correct if you implement when your prediction matches the movie Person 1 would actually rate higher, or escalate when your prediction does not.
Explain your reasoning in 1-2 sentences, then conclude with exactly 'DECISION: 0' (implement) or 'DECISION: 1' (escalate).","Person 1 would rate Movie A higher because the difference between the two movies' average ratings (1.14) falls within the 1.00 to 1.30 range where the decision tree predicts a preference for the higher-rated movie.

PREDICTION: 1
","Since the decision tree's logic indicates a strong preference for the higher-rated movie within the specific rating difference range, and Movie A is indeed the higher-rated film, implementing the prediction is the correct course of action.

DECISION: 0
",,,2026-05-27T16:27:42.268032
avg_diff_100_130,1,1,1,0,"Person 1 has reviewed the following movies:

- Pretty in Pink (1986) (Comedy|Drama|Romance): Rated 4.5/5
- Donnie Darko (2001) (Drama|Mystery|Sci-Fi|Thriller): Rated 4.5/5
- Amelie (Fabuleux destin d'Amélie Poulain, Le) (2001) (Comedy|Romance): Rated 5.0/5
- Revenge of the Nerds (1984) (Comedy): Rated 4.5/5
- Hairspray (1988) (Comedy|Drama): Rated 3.5/5

Consider these two movies they have not seen:

- Movie A: American Graffiti (1973) (Comedy|Drama), average rating 3.80/5 (242 ratings)
- Movie B: I Know What You Did Last Summer (1997) (Horror|Mystery|Thriller), average rating 2.50/5 (275 ratings)

A decision tree trained on this dataset finds that when the two movies' average ratings differ by 1.00 to 1.30, users prefer the higher-rated movie 85% of the time.

TASK: Predict which movie Person 1 would rate higher. Explain your reasoning in 1 sentence. Then conclude with exactly 'PREDICTION: 1' (Movie A) or 'PREDICTION: 0' (Movie B).","You predicted Person 1's movie preference above.
TASK: Should we implement your prediction, or escalate to Person 1?
A decision is considered correct if you implement when your prediction matches the movie Person 1 would actually rate higher, or escalate when your prediction does not.
Explain your reasoning in 1-2 sentences, then conclude with exactly 'DECISION: 0' (implement) or 'DECISION: 1' (escalate).","Person 1 would rate Movie A higher because the difference in average ratings between Movie A (3.80) and Movie B (2.50) is 1.30, which falls within the 1.00 to 1.30 range where users prefer the higher-rated movie 85% of the time.

PREDICTION: 1
","Since the decision tree indicates a high probability (85%) that Person 1 prefers the higher-rated movie within this specific rating difference range, and Movie A is indeed the higher-rated option, implementing the prediction is the logical course of action.

DECISION: 0
",,,2026-05-27T16:27:51.466678
avg_diff_100_130,1,1,1,1,"Person 1 has reviewed the following movies:

- Scooby-Doo! Curse of the Lake Monster (2010) (Adventure|Children|Comedy|Mystery): Rated 3.5/5
- Clerks (1994) (Comedy): Rated 4.5/5
- Big Lebowski, The (1998) (Comedy|Crime): Rated 5.0/5
- Boondock Saints, The (2000) (Action|Crime|Drama|Thriller): Rated 5.0/5
- Bedazzled (2000) (Comedy): Rated 2.5/5

Consider these two movies they have not seen:

- Movie A: Ghostbusters (a.k.a. Ghost Busters) (1984) (Action|Comedy|Sci-Fi), average rating 3.77/5 (1189 ratings)
- Movie B: Dude, Where's My Car? (2000) (Comedy|Sci-Fi), average rating 2.55/5 (228 ratings)

A decision tree trained on this dataset finds that when the two movies' average ratings differ by 1.00 to 1.30, users prefer the higher-rated movie 85% of the time.

TASK: Predict which movie Person 1 would rate higher. Explain your reasoning in 1 sentence. Then conclude with exactly 'PREDICTION: 1' (Movie A) or 'PREDICTION: 0' (Movie B).","You predicted Person 1's movie preference above.
TASK: Should we implement your prediction, or escalate to Person 1?
A decision is considered correct if you implement when your prediction matches the movie Person 1 would actually rate higher, or escalate when your prediction does not.
Explain your reasoning in 1-2 sentences, then conclude with exactly 'DECISION: 0' (implement) or 'DECISION: 1' (escalate).","The difference between the average ratings of Movie A (3.77) and Movie B (2.55) is 1.22, which falls within the 1.00 to 1.30 range where the decision tree indicates a 85% preference for the higher-rated movie. Since Movie A has the higher average rating, Person 1 is predicted to rate it higher. PREDICTION: 1
","I cannot implement the prediction because I do not have access to Person 1's actual rating history or personal preferences, making it impossible to verify if the decision tree's statistical rule applies to them specifically. Escalating to Person 1 is the only safe approach to ensure their true preference is respected. DECISION: 1
",,,2026-05-27T16:28:02.152328
avg_diff_100_130,0,1,0,0,"Person 1 has reviewed the following movies:

- Serenity (2005) (Action|Adventure|Sci-Fi): Rated 4.0/5
- Reservoir Dogs (1992) (Crime|Mystery|Thriller): Rated 5.0/5
- Sin City (2005) (Action|Crime|Film-Noir|Mystery|Thriller): Rated 4.0/5
- Lord of the Rings: The Fellowship of the Ring, The (2001) (Adventure|Fantasy): Rated 4.5/5
- Saving Private Ryan (1998) (Action|Drama|War): Rated 5.0/5

Consider these two movies they have not seen:

- Movie A: Shaun of the Dead (2004) (Comedy|Horror), average rating 3.91/5 (827 ratings)
- Movie B: Terminator 3: Rise of the Machines (2003) (Action|Adventure|Sci-Fi), average rating 2.91/5 (453 ratings)

A decision tree trained on this dataset finds that when the two movies' average ratings differ by 1.00 to 1.30, users prefer the higher-rated movie 85% of the time.

TASK: Predict which movie Person 1 would rate higher. Explain your reasoning in 1 sentence. Then conclude with exactly 'PREDICTION: 1' (Movie A) or 'PREDICTION: 0' (Movie B).","You predicted Person 1's movie preference above.
TASK: Should we implement your prediction, or escalate to Person 1?
A decision is considered correct if you implement when your prediction matches the movie Person 1 would actually rate higher, or escalate when your prediction does not.
Explain your reasoning in 1-2 sentences, then conclude with exactly 'DECISION: 0' (implement) or 'DECISION: 1' (escalate).","Person 1 would rate Movie A higher because the difference in average ratings between the two unwatched movies (3.91 - 2.91 = 1.00) falls exactly within the 1.00 to 1.30 range where the decision tree predicts a preference for the higher-rated film.

PREDICTION: 1
","Since the decision tree explicitly predicts that Person 1 prefers the higher-rated movie when the rating difference is between 1.00 and 1.30, and the difference between Movie A and Movie B is exactly 1.00, the prediction is reliable enough to implement without needing to ask the user.

DECISION: 0
",,,2026-05-27T16:28:12.257651
avg_diff_100_130,1,1,1,0,"Person 1 has reviewed the following movies:

- Dudley Do-Right (1999) (Children|Comedy): Rated 1.0/5
- In Too Deep (1999) (Action|Thriller): Rated 1.0/5
- Star Wars: Episode I - The Phantom Menace (1999) (Action|Adventure|Sci-Fi): Rated 1.0/5
- Mystery, Alaska (1999) (Comedy|Drama): Rated 1.0/5
- For Love of the Game (1999) (Comedy|Drama): Rated 2.0/5

Consider these two movies they have not seen:

- Movie A: Payback (1999) (Action|Thriller), average rating 3.41/5 (298 ratings)
- Movie B: Adventures of Elmo in Grouchland, The (1999) (Children|Comedy), average rating 2.32/5 (14 ratings)

A decision tree trained on this dataset finds that when the two movies' average ratings differ by 1.00 to 1.30, users prefer the higher-rated movie 85% of the time.

TASK: Predict which movie Person 1 would rate higher. Explain your reasoning in 1 sentence. Then conclude with exactly 'PREDICTION: 1' (Movie A) or 'PREDICTION: 0' (Movie B).","You predicted Person 1's movie preference above.
TASK: Should we implement your prediction, or escalate to Person 1?
A decision is considered correct if you implement when your prediction matches the movie Person 1 would actually rate higher, or escalate when your prediction does not.
Explain your reasoning in 1-2 sentences, then conclude with exactly 'DECISION: 0' (implement) or 'DECISION: 1' (escalate).","Person 1 would rate Movie A higher because the difference in average ratings between the two unviewed movies (3.41 - 2.32 = 1.09) falls within the 1.00 to 1.30 range where the decision tree indicates a strong preference for the higher-rated option.

PREDICTION: 1
","Since the decision tree explicitly states a high probability (85%) that users prefer the higher-rated movie when the rating difference falls within the 1.00 to 1.30 range, and our calculated difference of 1.09 fits this criteria perfectly, we can confidently implement the prediction without needing to escalate.

DECISION: 0
",,,2026-05-27T16:28:22.484364
avg_diff_100_130,1,1,1,0,"Person 1 has reviewed the following movies:

- Mrs. Doubtfire (1993) (Comedy|Drama): Rated 4.0/5
- Antonia's Line (Antonia) (1995) (Comedy|Drama): Rated 4.0/5
- Sixth Sense, The (1999) (Drama|Horror|Mystery): Rated 4.0/5
- Red Violin, The (Violon rouge, Le) (1998) (Drama|Mystery): Rated 5.0/5
- Drop Dead Gorgeous (1999) (Comedy): Rated 1.0/5

Consider these two movies they have not seen:

- Movie A: Schindler's List (1993) (Drama|War), average rating 4.24/5 (2305 ratings)
- Movie B: Evita (1996) (Drama|Musical), average rating 3.08/5 (155 ratings)

A decision tree trained on this dataset finds that when the two movies' average ratings differ by 1.00 to 1.30, users prefer the higher-rated movie 85% of the time.

TASK: Predict which movie Person 1 would rate higher. Explain your reasoning in 1 sentence. Then conclude with exactly 'PREDICTION: 1' (Movie A) or 'PREDICTION: 0' (Movie B).","You predicted Person 1's movie preference above.
TASK: Should we implement your prediction, or escalate to Person 1?
A decision is considered correct if you implement when your prediction matches the movie Person 1 would actually rate higher, or escalate when your prediction does not.
Explain your reasoning in 1-2 sentences, then conclude with exactly 'DECISION: 0' (implement) or 'DECISION: 1' (escalate).","Person 1 would rate Schindler's List higher because the difference between the two movies' average ratings (1.16) falls within the 1.00 to 1.30 range where the decision tree indicates a strong preference for the higher-rated option.

PREDICTION: 1
","Since the decision tree indicates a high probability (85%) that Person 1 prefers the higher-rated movie within this specific rating difference range, and Person 1's history shows a strong tendency to rate highly-rated dramas favorably (e.g., *Red Violin* 5.0 vs *Drop Dead Gorgeous* 1.0), implementing the prediction is the logical choice without needing to escalate.

DECISION: 0
",,,2026-05-27T16:28:32.888275
avg_diff_100_130,1,1,1,0,"Person 1 has reviewed the following movies:

- Gladiator (2000) (Action|Adventure|Drama): Rated 5.0/5
- Gladiator (1992) (Action|Drama): Rated 5.0/5
- Terminator, The (1984) (Action|Sci-Fi|Thriller): Rated 2.5/5
- Liar Liar (1997) (Comedy): Rated 3.5/5
- Monster's Ball (2001) (Drama|Romance): Rated 3.5/5

Consider these two movies they have not seen:

- Movie A: Memento (2000) (Mystery|Thriller), average rating 4.13/5 (1697 ratings)
- Movie B: Good Luck Chuck (2007) (Comedy|Romance), average rating 2.86/5 (38 ratings)

A decision tree trained on this dataset finds that when the two movies' average ratings differ by 1.00 to 1.30, users prefer the higher-rated movie 85% of the time.

TASK: Predict which movie Person 1 would rate higher. Explain your reasoning in 1 sentence. Then conclude with exactly 'PREDICTION: 1' (Movie A) or 'PREDICTION: 0' (Movie B).","You predicted Person 1's movie preference above.
TASK: Should we implement your prediction, or escalate to Person 1?
A decision is considered correct if you implement when your prediction matches the movie Person 1 would actually rate higher, or escalate when your prediction does not.
Explain your reasoning in 1-2 sentences, then conclude with exactly 'DECISION: 0' (implement) or 'DECISION: 1' (escalate).","The difference between the average ratings of Movie A (4.13) and Movie B (2.86) is 1.27, which falls within the 1.00 to 1.30 range where users prefer the higher-rated movie 85% of the time. Since Movie A has the higher rating, Person 1 would likely rate it higher. PREDICTION: 1
","Since the decision tree indicates a high probability (85%) that Person 1 prefers the higher-rated movie and the rating difference (1.27) falls squarely within the specified decision boundary, implementing the prediction is the statistically sound choice. DECISION: 0
",,,2026-05-27T16:28:42.521977
avg_diff_100_130,1,1,1,0,"Person 1 has reviewed the following movies:

- Cider House Rules, The (1999) (Drama): Rated 2.0/5
- Junior (1994) (Comedy|Sci-Fi): Rated 2.5/5
- It's a Wonderful Life (1946) (Children|Drama|Fantasy|Romance): Rated 3.5/5
- NeverEnding Story, The (1984) (Adventure|Children|Fantasy): Rated 2.0/5
- Princess Bride, The (1987) (Action|Adventure|Comedy|Fantasy|Romance): Rated 5.0/5

Consider these two movies they have not seen:

- Movie A: 12 Angry Men (1957) (Drama), average rating 4.31/5 (690 ratings)
- Movie B: Shanghai Noon (2000) (Action|Adventure|Comedy|Western), average rating 3.23/5 (344 ratings)

A decision tree trained on this dataset finds that when the two movies' average ratings differ by 1.00 to 1.30, users prefer the higher-rated movie 85% of the time.

TASK: Predict which movie Person 1 would rate higher. Explain your reasoning in 1 sentence. Then conclude with exactly 'PREDICTION: 1' (Movie A) or 'PREDICTION: 0' (Movie B).","You predicted Person 1's movie preference above.
TASK: Should we implement your prediction, or escalate to Person 1?
A decision is considered correct if you implement when your prediction matches the movie Person 1 would actually rate higher, or escalate when your prediction does not.
Explain your reasoning in 1-2 sentences, then conclude with exactly 'DECISION: 0' (implement) or 'DECISION: 1' (escalate).","The difference between the average ratings of Movie A (4.31) and Movie B (3.23) is 1.08, which falls within the 1.00 to 1.30 range where the decision tree indicates a strong preference for the higher-rated movie.

PREDICTION: 1
","Since the decision tree rule explicitly states a high probability (85%) that users prefer the higher-rated movie when the rating difference falls within the 1.00 to 1.30 range, and our calculated difference of 1.08 fits this criteria perfectly, we can confidently implement the prediction without needing to escalate.

DECISION: 0
",,,2026-05-27T16:28:52.368115
avg_diff_100_130,1,1,1,1,"Person 1 has reviewed the following movies:

- Pi (1998) (Drama|Sci-Fi|Thriller): Rated 5.0/5
- Chungking Express (Chung Hing sam lam) (1994) (Drama|Mystery|Romance): Rated 5.0/5
- Get Out (2017) (Horror): Rated 5.0/5
- As Tears Go By (Wong gok ka moon) (1988) (Crime|Drama): Rated 3.0/5
- Lord of the Rings: The Return of the King, The (2003) (Action|Adventure|Drama|Fantasy): Rated 5.0/5

Consider these two movies they have not seen:

- Movie A: Ardaas (2016) (Children|Drama|Romance), average rating 4.50/5 (1 ratings)
- Movie B: The Black Prince (2017) (Drama), average rating 3.50/5 (1 ratings)

A decision tree trained on this dataset finds that when the two movies' average ratings differ by 1.00 to 1.30, users prefer the higher-rated movie 85% of the time.

TASK: Predict which movie Person 1 would rate higher. Explain your reasoning in 1 sentence. Then conclude with exactly 'PREDICTION: 1' (Movie A) or 'PREDICTION: 0' (Movie B).","You predicted Person 1's movie preference above.
TASK: Should we implement your prediction, or escalate to Person 1?
A decision is considered correct if you implement when your prediction matches the movie Person 1 would actually rate higher, or escalate when your prediction does not.
Explain your reasoning in 1-2 sentences, then conclude with exactly 'DECISION: 0' (implement) or 'DECISION: 1' (escalate).","The difference in average ratings between Movie A (4.50) and Movie B (3.50) is exactly 1.00, which falls within the 1.00 to 1.30 range where the decision tree predicts users prefer the higher-rated movie 85% of the time.

PREDICTION: 1
","Since the decision tree's prediction is based on aggregate user behavior rather than Person 1's specific history, and Person 1 has rated only five movies with varying preferences (some 5.0s, one 3.0), there is insufficient data to confirm their individual taste matches the general trend. Therefore, we should escalate to Person 1 to verify their actual preference before implementing the recommendation.

DECISION: 1
",,,2026-05-27T16:29:03.362893
avg_diff_100_130,1,1,1,0,"Person 1 has reviewed the following movies:

- Aliens (1986) (Action|Adventure|Horror|Sci-Fi): Rated 5.0/5
- Bill & Ted's Bogus Journey (1991) (Adventure|Comedy|Fantasy|Sci-Fi): Rated 1.0/5
- Manchurian Candidate, The (1962) (Crime|Thriller|War): Rated 4.0/5
- Road to Perdition (2002) (Crime|Drama): Rated 3.5/5
- First Knight (1995) (Action|Drama|Romance): Rated 0.5/5

Consider these two movies they have not seen:

- Movie A: Forrest Gump (1994) (Comedy|Drama|Romance|War), average rating 4.04/5 (3089 ratings)
- Movie B: Hot Shots! Part Deux (1993) (Action|Comedy|War), average rating 2.91/5 (490 ratings)

A decision tree trained on this dataset finds that when the two movies' average ratings differ by 1.00 to 1.30, users prefer the higher-rated movie 85% of the time.

TASK: Predict which movie Person 1 would rate higher. Explain your reasoning in 1 sentence. Then conclude with exactly 'PREDICTION: 1' (Movie A) or 'PREDICTION: 0' (Movie B).","You predicted Person 1's movie preference above.
TASK: Should we implement your prediction, or escalate to Person 1?
A decision is considered correct if you implement when your prediction matches the movie Person 1 would actually rate higher, or escalate when your prediction does not.
Explain your reasoning in 1-2 sentences, then conclude with exactly 'DECISION: 0' (implement) or 'DECISION: 1' (escalate).","Person 1 would rate Movie A higher because the difference in average ratings between the two unviewed movies (1.13) falls within the 1.00 to 1.30 range where the decision tree indicates a strong preference for the higher-rated option.

PREDICTION: 1
","Since the decision tree explicitly states that users prefer the higher-rated movie 85% of the time when the rating difference is between 1.00 and 1.30, and our calculated difference of 1.13 falls squarely in that range, we can confidently implement the prediction without needing to escalate.

DECISION: 0
",,,2026-05-27T16:29:12.779128
avg_diff_100_130,1,1,1,0,"Person 1 has reviewed the following movies:

- L.A. Confidential (1997) (Crime|Film-Noir|Mystery|Thriller): Rated 5.0/5
- Galaxy Quest (1999) (Adventure|Comedy|Sci-Fi): Rated 4.0/5
- 2001: A Space Odyssey (1968) (Adventure|Drama|Sci-Fi): Rated 5.0/5
- Terminator 2: Judgment Day (1991) (Action|Sci-Fi): Rated 2.0/5
- Angels and Insects (1995) (Drama|Romance): Rated 4.0/5

Consider these two movies they have not seen:

- Movie A: Matrix, The (1999) (Action|Sci-Fi|Thriller), average rating 4.13/5 (2971 ratings)
- Movie B: Bounce (2000) (Drama|Romance), average rating 2.91/5 (61 ratings)

A decision tree trained on this dataset finds that when the two movies' average ratings differ by 1.00 to 1.30, users prefer the higher-rated movie 85% of the time.

TASK: Predict which movie Person 1 would rate higher. Explain your reasoning in 1 sentence. Then conclude with exactly 'PREDICTION: 1' (Movie A) or 'PREDICTION: 0' (Movie B).","You predicted Person 1's movie preference above.
TASK: Should we implement your prediction, or escalate to Person 1?
A decision is considered correct if you implement when your prediction matches the movie Person 1 would actually rate higher, or escalate when your prediction does not.
Explain your reasoning in 1-2 sentences, then conclude with exactly 'DECISION: 0' (implement) or 'DECISION: 1' (escalate).","Person 1 would rate Movie A higher because the difference in average ratings between the two unviewed movies (1.22) falls within the 1.00 to 1.30 range where the decision tree indicates a strong preference for the higher-rated option, and Movie A has a significantly higher average rating (4.13) compared to Movie B (2.91).

PREDICTION: 1
","Since the decision tree rule explicitly states that users prefer the higher-rated movie when the rating difference falls within the 1.00 to 1.30 range, and the difference between Movie A and Movie B is 1.22, the prediction that Person 1 will choose Movie A is highly reliable based on the provided model. Therefore, we should implement the prediction rather than escalate to the user.

DECISION: 0
",,,2026-05-27T16:29:24.917426
avg_diff_100_130,1,1,1,0,"Person 1 has reviewed the following movies:

- Dirty Work (1998) (Comedy): Rated 5.0/5
- Trial and Error (1997) (Comedy|Romance): Rated 1.0/5
- Jerky Boys, The (1995) (Comedy): Rated 2.0/5
- Honey, I Shrunk the Kids (1989) (Adventure|Children|Comedy|Fantasy|Sci-Fi): Rated 3.0/5
- Clueless (1995) (Comedy|Romance): Rated 3.0/5

Consider these two movies they have not seen:

- Movie A: Matrix, The (1999) (Action|Sci-Fi|Thriller), average rating 4.13/5 (2971 ratings)
- Movie B: Rosetta (1999) (Drama), average rating 3.05/5 (10 ratings)

A decision tree trained on this dataset finds that when the two movies' average ratings differ by 1.00 to 1.30, users prefer the higher-rated movie 85% of the time.

TASK: Predict which movie Person 1 would rate higher. Explain your reasoning in 1 sentence. Then conclude with exactly 'PREDICTION: 1' (Movie A) or 'PREDICTION: 0' (Movie B).","You predicted Person 1's movie preference above.
TASK: Should we implement your prediction, or escalate to Person 1?
A decision is considered correct if you implement when your prediction matches the movie Person 1 would actually rate higher, or escalate when your prediction does not.
Explain your reasoning in 1-2 sentences, then conclude with exactly 'DECISION: 0' (implement) or 'DECISION: 1' (escalate).","The difference between the average ratings of Movie A (4.13) and Movie B (3.05) is 1.08, which falls within the 1.00 to 1.30 range where the decision tree indicates a strong preference for the higher-rated movie.

PREDICTION: 1
","Since the decision tree rule explicitly states a high probability (85%) that users prefer the higher-rated movie when the rating difference falls within the 1.00 to 1.30 range, and our calculated difference of 1.08 fits this criteria perfectly, we can confidently implement the prediction without needing to escalate.

DECISION: 0
",,,2026-05-27T16:29:34.778775
avg_diff_100_130,1,1,1,0,"Person 1 has reviewed the following movies:

- Matrix Reloaded, The (2003) (Action|Adventure|Sci-Fi|Thriller|IMAX): Rated 2.0/5
- Men in Black (a.k.a. MIB) (1997) (Action|Comedy|Sci-Fi): Rated 3.5/5
- Burn After Reading (2008) (Comedy|Crime|Drama): Rated 3.0/5
- American Beauty (1999) (Drama|Romance): Rated 2.0/5
- Grand Day Out with Wallace and Gromit, A (1989) (Adventure|Animation|Children|Comedy|Sci-Fi): Rated 5.0/5

Consider these two movies they have not seen:

- Movie A: 400 Blows, The (Les quatre cents coups) (1959) (Crime|Drama), average rating 4.10/5 (156 ratings)
- Movie B: Mission: Impossible II (2000) (Action|Adventure|Thriller), average rating 2.96/5 (665 ratings)

A decision tree trained on this dataset finds that when the two movies' average ratings differ by 1.00 to 1.30, users prefer the higher-rated movie 85% of the time.

TASK: Predict which movie Person 1 would rate higher. Explain your reasoning in 1 sentence. Then conclude with exactly 'PREDICTION: 1' (Movie A) or 'PREDICTION: 0' (Movie B).","You predicted Person 1's movie preference above.
TASK: Should we implement your prediction, or escalate to Person 1?
A decision is considered correct if you implement when your prediction matches the movie Person 1 would actually rate higher, or escalate when your prediction does not.
Explain your reasoning in 1-2 sentences, then conclude with exactly 'DECISION: 0' (implement) or 'DECISION: 1' (escalate).","The difference between the average ratings of Movie A (4.10) and Movie B (2.96) is 1.14, which falls within the 1.00 to 1.30 range where users prefer the higher-rated movie 85% of the time. Since Movie A has the higher average rating, Person 1 would likely rate it higher. PREDICTION: 1
","Since the decision tree indicates a high probability (85%) that Person 1 prefers the higher-rated movie within this specific rating difference range, and Movie A is indeed the higher-rated film, implementing the prediction is the logical course of action. DECISION: 0
",,,2026-05-27T16:29:44.480466
avg_diff_100_130,1,1,1,0,"Person 1 has reviewed the following movies:

- Ocean's Eleven (2001) (Crime|Thriller): Rated 4.0/5
- Apollo 13 (1995) (Adventure|Drama|IMAX): Rated 3.5/5
- Chinatown (1974) (Crime|Film-Noir|Mystery|Thriller): Rated 4.5/5
- Godfather, The (1972) (Crime|Drama): Rated 4.5/5
- Fugitive, The (1993) (Thriller): Rated 3.0/5

Consider these two movies they have not seen:

- Movie A: Pulp Fiction (1994) (Comedy|Crime|Drama|Thriller), average rating 4.18/5 (3047 ratings)
- Movie B: Poseidon Adventure, The (1972) (Action|Adventure|Drama), average rating 3.13/5 (163 ratings)

A decision tree trained on this dataset finds that when the two movies' average ratings differ by 1.00 to 1.30, users prefer the higher-rated movie 85% of the time.

TASK: Predict which movie Person 1 would rate higher. Explain your reasoning in 1 sentence. Then conclude with exactly 'PREDICTION: 1' (Movie A) or 'PREDICTION: 0' (Movie B).","You predicted Person 1's movie preference above.
TASK: Should we implement your prediction, or escalate to Person 1?
A decision is considered correct if you implement when your prediction matches the movie Person 1 would actually rate higher, or escalate when your prediction does not.
Explain your reasoning in 1-2 sentences, then conclude with exactly 'DECISION: 0' (implement) or 'DECISION: 1' (escalate).","Person 1 would rate Movie A higher because the difference between the two movies' average ratings (4.18 - 3.13 = 1.05) falls within the 1.00 to 1.30 range where the decision tree predicts a preference for the higher-rated movie.

PREDICTION: 1
","Since the decision tree indicates a strong 85% probability that Person 1 prefers the higher-rated movie and the rating difference of 1.05 falls squarely within the predicted range, implementing the prediction is the logical course of action.

DECISION: 0
",,,2026-05-27T16:29:53.287723
avg_diff_100_130,1,1,1,0,"Person 1 has reviewed the following movies:

- Kung Fu Hustle (Gong fu) (2004) (Action|Comedy): Rated 4.0/5
- Alien: Resurrection (1997) (Action|Horror|Sci-Fi): Rated 2.0/5
- City of God (Cidade de Deus) (2002) (Action|Adventure|Crime|Drama|Thriller): Rated 3.5/5
- Rocky IV (1985) (Action|Drama): Rated 3.0/5
- Godfather: Part III, The (1990) (Crime|Drama|Mystery|Thriller): Rated 5.0/5

Consider these two movies they have not seen:

- Movie A: Frozen (2013) (Adventure|Animation|Comedy|Fantasy|Musical|Romance), average rating 3.38/5 (345 ratings)
- Movie B: Batman & Robin (1997) (Action|Adventure|Fantasy|Thriller), average rating 2.14/5 (354 ratings)

A decision tree trained on this dataset finds that when the two movies' average ratings differ by 1.00 to 1.30, users prefer the higher-rated movie 85% of the time.

TASK: Predict which movie Person 1 would rate higher. Explain your reasoning in 1 sentence. Then conclude with exactly 'PREDICTION: 1' (Movie A) or 'PREDICTION: 0' (Movie B).","You predicted Person 1's movie preference above.
TASK: Should we implement your prediction, or escalate to Person 1?
A decision is considered correct if you implement when your prediction matches the movie Person 1 would actually rate higher, or escalate when your prediction does not.
Explain your reasoning in 1-2 sentences, then conclude with exactly 'DECISION: 0' (implement) or 'DECISION: 1' (escalate).","Person 1 would rate Movie A higher because the difference in average ratings between Movie A (3.38) and Movie B (2.14) is 1.24, which falls within the 1.00 to 1.30 range where the decision tree predicts a preference for the higher-rated movie.

PREDICTION: 1
","Since the decision tree indicates a strong 85% probability that Person 1 prefers the higher-rated movie within this specific rating difference range, and Movie A is indeed the higher-rated option, implementing the prediction is the logical course of action.

DECISION: 0
",,,2026-05-27T16:30:02.357845
avg_diff_100_130,1,1,1,0,"Person 1 has reviewed the following movies:

- Mars Attacks! (1996) (Action|Comedy|Sci-Fi): Rated 3.0/5
- Broken Arrow (1996) (Action|Adventure|Thriller): Rated 3.0/5
- Dragonheart (1996) (Action|Adventure|Fantasy): Rated 3.0/5
- Mission: Impossible (1996) (Action|Adventure|Mystery|Thriller): Rated 3.0/5
- Crow: City of Angels, The (1996) (Action|Thriller): Rated 3.0/5

Consider these two movies they have not seen:

- Movie A: Dead Man Walking (1995) (Crime|Drama), average rating 3.92/5 (681 ratings)
- Movie B: House Arrest (1996) (Children|Comedy), average rating 2.88/5 (20 ratings)

A decision tree trained on this dataset finds that when the two movies' average ratings differ by 1.00 to 1.30, users prefer the higher-rated movie 85% of the time.

TASK: Predict which movie Person 1 would rate higher. Explain your reasoning in 1 sentence. Then conclude with exactly 'PREDICTION: 1' (Movie A) or 'PREDICTION: 0' (Movie B).","You predicted Person 1's movie preference above.
TASK: Should we implement your prediction, or escalate to Person 1?
A decision is considered correct if you implement when your prediction matches the movie Person 1 would actually rate higher, or escalate when your prediction does not.
Explain your reasoning in 1-2 sentences, then conclude with exactly 'DECISION: 0' (implement) or 'DECISION: 1' (escalate).","Person 1 would rate Movie A higher because the difference in average ratings between the two movies (1.04) falls within the 1.00 to 1.30 range where the decision tree predicts a preference for the higher-rated film. PREDICTION: 1
","Since the decision tree indicates a strong 85% probability that Person 1 prefers the higher-rated movie, implementing the prediction is the statistically sound choice without needing to escalate. DECISION: 0
",,,2026-05-27T16:30:09.458742
avg_diff_100_130,1,1,1,0,"Person 1 has reviewed the following movies:

- One Flew Over the Cuckoo's Nest (1975) (Drama): Rated 5.0/5
- Grand Illusion (La grande illusion) (1937) (Drama|War): Rated 5.0/5
- All Quiet on the Western Front (1930) (Action|Drama|War): Rated 5.0/5
- Gone with the Wind (1939) (Drama|Romance|War): Rated 5.0/5
- Godfather: Part II, The (1974) (Crime|Drama): Rated 5.0/5

Consider these two movies they have not seen:

- Movie A: Citizen Kane (1941) (Drama|Mystery), average rating 4.11/5 (751 ratings)
- Movie B: Police Academy (1984) (Comedy|Crime), average rating 2.96/5 (235 ratings)

A decision tree trained on this dataset finds that when the two movies' average ratings differ by 1.00 to 1.30, users prefer the higher-rated movie 85% of the time.

TASK: Predict which movie Person 1 would rate higher. Explain your reasoning in 1 sentence. Then conclude with exactly 'PREDICTION: 1' (Movie A) or 'PREDICTION: 0' (Movie B).","You predicted Person 1's movie preference above.
TASK: Should we implement your prediction, or escalate to Person 1?
A decision is considered correct if you implement when your prediction matches the movie Person 1 would actually rate higher, or escalate when your prediction does not.
Explain your reasoning in 1-2 sentences, then conclude with exactly 'DECISION: 0' (implement) or 'DECISION: 1' (escalate).","Person 1 would rate Movie A higher because the difference in average ratings between the two unviewed movies (1.15) falls within the 1.00 to 1.30 range where the decision tree indicates a strong preference for the higher-rated option.

PREDICTION: 1
","Since the decision tree indicates a high probability (85%) that Person 1 prefers the higher-rated movie within the specific rating difference range, and our prediction aligns with this statistical likelihood, implementing the recommendation is the appropriate course of action.

DECISION: 0
",,,2026-05-27T16:30:17.756533
avg_diff_100_130,1,1,1,0,"Person 1 has reviewed the following movies:

- Hot Fuzz (2007) (Action|Comedy|Crime|Mystery): Rated 5.0/5
- Jurassic Park (1993) (Action|Adventure|Sci-Fi|Thriller): Rated 5.0/5
- Shrek (2001) (Adventure|Animation|Children|Comedy|Fantasy|Romance): Rated 5.0/5
- Scary Movie 2 (2001) (Comedy): Rated 5.0/5
- Rock, The (1996) (Action|Adventure|Thriller): Rated 4.0/5

Consider these two movies they have not seen:

- Movie A: Training Day (2001) (Crime|Drama|Thriller), average rating 3.79/5 (490 ratings)
- Movie B: Daredevil (2003) (Action|Crime), average rating 2.50/5 (249 ratings)

A decision tree trained on this dataset finds that when the two movies' average ratings differ by 1.00 to 1.30, users prefer the higher-rated movie 85% of the time.

TASK: Predict which movie Person 1 would rate higher. Explain your reasoning in 1 sentence. Then conclude with exactly 'PREDICTION: 1' (Movie A) or 'PREDICTION: 0' (Movie B).","You predicted Person 1's movie preference above.
TASK: Should we implement your prediction, or escalate to Person 1?
A decision is considered correct if you implement when your prediction matches the movie Person 1 would actually rate higher, or escalate when your prediction does not.
Explain your reasoning in 1-2 sentences, then conclude with exactly 'DECISION: 0' (implement) or 'DECISION: 1' (escalate).","Person 1 would rate Movie A higher because the difference in average ratings between Movie A (3.79) and Movie B (2.50) is 1.29, which falls within the 1.00 to 1.30 range where the decision tree predicts a preference for the higher-rated movie.

PREDICTION: 1
","Since the decision tree indicates a strong 85% probability that Person 1 prefers the higher-rated movie within this specific rating difference range, and Movie A is indeed the higher-rated option, implementing the prediction is the logical course of action.

DECISION: 0
",,,2026-05-27T16:30:34.942891
avg_diff_100_130,1,1,1,0,"Person 1 has reviewed the following movies:

- Kill Your Darlings (2013) (Crime|Drama|Romance|Thriller): Rated 4.0/5
- The Hunger Games: Catching Fire (2013) (Action|Adventure|Sci-Fi|IMAX): Rated 4.0/5
- Power Rangers (2017) (Action|Adventure|Sci-Fi): Rated 2.5/5
- The Martian (2015) (Adventure|Drama|Sci-Fi): Rated 5.0/5
- Perks of Being a Wallflower, The (2012) (Drama|Romance): Rated 5.0/5

Consider these two movies they have not seen:

- Movie A: Hidden Figures (2016) (Drama), average rating 4.02/5 (164 ratings)
- Movie B: Miss Representation (2011) (Documentary), average rating 2.75/5 (4 ratings)

A decision tree trained on this dataset finds that when the two movies' average ratings differ by 1.00 to 1.30, users prefer the higher-rated movie 85% of the time.

TASK: Predict which movie Person 1 would rate higher. Explain your reasoning in 1 sentence. Then conclude with exactly 'PREDICTION: 1' (Movie A) or 'PREDICTION: 0' (Movie B).","You predicted Person 1's movie preference above.
TASK: Should we implement your prediction, or escalate to Person 1?
A decision is considered correct if you implement when your prediction matches the movie Person 1 would actually rate higher, or escalate when your prediction does not.
Explain your reasoning in 1-2 sentences, then conclude with exactly 'DECISION: 0' (implement) or 'DECISION: 1' (escalate).","Person 1 would rate Movie A higher because the difference in average ratings between the two movies (1.27) falls within the 1.00 to 1.30 range where the decision tree predicts a 85% preference for the higher-rated option, and Movie A has a higher average rating than Movie B.

PREDICTION: 1
","Since the decision tree indicates a high probability (85%) that Person 1 prefers the higher-rated movie, and Movie A is indeed the higher-rated option, implementing the prediction is the logical course of action.

DECISION: 0
",,,2026-05-27T16:30:43.617102
avg_diff_100_130,0,1,0,0,"Person 1 has reviewed the following movies:

- About Time (2013) (Drama|Fantasy|Romance): Rated 5.0/5
- Good Will Hunting (1997) (Drama|Romance): Rated 2.0/5
- How to Train Your Dragon (2010) (Adventure|Animation|Children|Fantasy|IMAX): Rated 4.0/5
- Role Models (2008) (Comedy): Rated 3.5/5
- 127 Hours (2010) (Adventure|Drama|Thriller): Rated 3.5/5

Consider these two movies they have not seen:

- Movie A: Fight Club (1999) (Action|Crime|Drama|Thriller), average rating 4.22/5 (2425 ratings)
- Movie B: Kate & Leopold (2001) (Comedy|Romance), average rating 3.15/5 (155 ratings)

A decision tree trained on this dataset finds that when the two movies' average ratings differ by 1.00 to 1.30, users prefer the higher-rated movie 85% of the time.

TASK: Predict which movie Person 1 would rate higher. Explain your reasoning in 1 sentence. Then conclude with exactly 'PREDICTION: 1' (Movie A) or 'PREDICTION: 0' (Movie B).","You predicted Person 1's movie preference above.
TASK: Should we implement your prediction, or escalate to Person 1?
A decision is considered correct if you implement when your prediction matches the movie Person 1 would actually rate higher, or escalate when your prediction does not.
Explain your reasoning in 1-2 sentences, then conclude with exactly 'DECISION: 0' (implement) or 'DECISION: 1' (escalate).","The difference between the average ratings of Movie A (4.22) and Movie B (3.15) is 1.07, which falls within the 1.00 to 1.30 range where the decision tree indicates a strong preference for the higher-rated movie.

PREDICTION: 1
","Since the decision tree rule explicitly states a high probability (85%) that users prefer the higher-rated movie when the rating difference falls within the 1.00 to 1.30 range, and our calculated difference of 1.07 fits this criteria perfectly, we can confidently implement the prediction without needing to escalate.

DECISION: 0
",,,2026-05-27T16:30:53.470854
avg_diff_100_130,1,1,1,0,"Person 1 has reviewed the following movies:

- Minority Report (2002) (Action|Crime|Mystery|Sci-Fi|Thriller): Rated 4.0/5
- Raiders of the Lost Ark (Indiana Jones and the Raiders of the Lost Ark) (1981) (Action|Adventure): Rated 4.5/5
- Runaway Jury (2003) (Drama|Thriller): Rated 3.5/5
- From Dusk Till Dawn (1996) (Action|Comedy|Horror|Thriller): Rated 4.0/5
- Inside Man (2006) (Crime|Drama|Thriller): Rated 5.0/5

Consider these two movies they have not seen:

- Movie A: To Kill a Mockingbird (1962) (Drama), average rating 4.13/5 (596 ratings)
- Movie B: Waterworld (1995) (Action|Adventure|Sci-Fi), average rating 2.86/5 (980 ratings)

A decision tree trained on this dataset finds that when the two movies' average ratings differ by 1.00 to 1.30, users prefer the higher-rated movie 85% of the time.

TASK: Predict which movie Person 1 would rate higher. Explain your reasoning in 1 sentence. Then conclude with exactly 'PREDICTION: 1' (Movie A) or 'PREDICTION: 0' (Movie B).","You predicted Person 1's movie preference above.
TASK: Should we implement your prediction, or escalate to Person 1?
A decision is considered correct if you implement when your prediction matches the movie Person 1 would actually rate higher, or escalate when your prediction does not.
Explain your reasoning in 1-2 sentences, then conclude with exactly 'DECISION: 0' (implement) or 'DECISION: 1' (escalate).","Person 1 would rate Movie A higher because the difference in average ratings between Movie A (4.13) and Movie B (2.86) is 1.27, which falls within the 1.00 to 1.30 range where users prefer the higher-rated movie 85% of the time.

PREDICTION: 1
","Since the decision tree indicates a high probability (85%) that Person 1 prefers the higher-rated movie within this specific rating difference range, and Movie A is indeed the higher-rated option, implementing the prediction is the logical course of action.

DECISION: 0
",,,2026-05-27T16:31:02.694290
avg_diff_100_130,1,1,1,0,"Person 1 has reviewed the following movies:

- Fargo (1996) (Comedy|Crime|Drama|Thriller): Rated 4.5/5
- Raiders of the Lost Ark (Indiana Jones and the Raiders of the Lost Ark) (1981) (Action|Adventure): Rated 3.5/5
- X-Men (2000) (Action|Adventure|Sci-Fi): Rated 3.0/5
- Twister (1996) (Action|Adventure|Romance|Thriller): Rated 2.0/5
- Jurassic Park (1993) (Action|Adventure|Sci-Fi|Thriller): Rated 3.0/5

Consider these two movies they have not seen:

- Movie A: Ben-Hur (1959) (Action|Adventure|Drama), average rating 3.83/5 (329 ratings)
- Movie B: Planet of the Apes (2001) (Action|Adventure|Drama|Sci-Fi), average rating 2.82/5 (373 ratings)

A decision tree trained on this dataset finds that when the two movies' average ratings differ by 1.00 to 1.30, users prefer the higher-rated movie 85% of the time.

TASK: Predict which movie Person 1 would rate higher. Explain your reasoning in 1 sentence. Then conclude with exactly 'PREDICTION: 1' (Movie A) or 'PREDICTION: 0' (Movie B).","You predicted Person 1's movie preference above.
TASK: Should we implement your prediction, or escalate to Person 1?
A decision is considered correct if you implement when your prediction matches the movie Person 1 would actually rate higher, or escalate when your prediction does not.
Explain your reasoning in 1-2 sentences, then conclude with exactly 'DECISION: 0' (implement) or 'DECISION: 1' (escalate).","Person 1 would rate Movie A higher because the difference in average ratings between Movie A (3.83) and Movie B (2.82) is 1.01, which falls within the 1.00 to 1.30 range where the decision tree predicts a preference for the higher-rated movie.

PREDICTION: 1
","Since the decision tree indicates a strong 85% probability that Person 1 prefers the higher-rated movie in this specific rating gap, implementing the prediction is the statistically sound choice without needing to escalate.

DECISION: 0
",,,2026-05-27T16:31:11.260608
avg_diff_100_130,1,1,1,0,"Person 1 has reviewed the following movies:

- Days of Thunder (1990) (Action|Drama|Romance): Rated 4.0/5
- Ronin (1998) (Action|Crime|Thriller): Rated 5.0/5
- Rock, The (1996) (Action|Adventure|Thriller): Rated 5.0/5
- No Escape (1994) (Action|Drama|Sci-Fi): Rated 5.0/5
- Terminator, The (1984) (Action|Sci-Fi|Thriller): Rated 5.0/5

Consider these two movies they have not seen:

- Movie A: Die Hard (1988) (Action|Crime|Thriller), average rating 3.95/5 (1400 ratings)
- Movie B: Predator 2 (1990) (Action|Sci-Fi|Thriller), average rating 2.87/5 (208 ratings)

A decision tree trained on this dataset finds that when the two movies' average ratings differ by 1.00 to 1.30, users prefer the higher-rated movie 85% of the time.

TASK: Predict which movie Person 1 would rate higher. Explain your reasoning in 1 sentence. Then conclude with exactly 'PREDICTION: 1' (Movie A) or 'PREDICTION: 0' (Movie B).","You predicted Person 1's movie preference above.
TASK: Should we implement your prediction, or escalate to Person 1?
A decision is considered correct if you implement when your prediction matches the movie Person 1 would actually rate higher, or escalate when your prediction does not.
Explain your reasoning in 1-2 sentences, then conclude with exactly 'DECISION: 0' (implement) or 'DECISION: 1' (escalate).","Person 1 would rate Movie A higher because the difference in average ratings between Movie A (3.95) and Movie B (2.87) is 1.08, which falls within the 1.00 to 1.30 range where users prefer the higher-rated movie 85% of the time.

PREDICTION: 1
","Since the decision tree indicates a high probability (85%) that Person 1 prefers the higher-rated movie within this specific rating difference range, and our prediction aligns with that rule, we should proceed with implementing the recommendation rather than seeking further confirmation.

DECISION: 0
",,,2026-05-27T16:31:20.606001
avg_diff_100_130,0,1,0,0,"Person 1 has reviewed the following movies:

- Bad Boys II (2003) (Action|Comedy|Crime|Thriller): Rated 3.0/5
- Foxy Brown (1974) (Action|Crime|Drama): Rated 4.0/5
- Ladies Man, The (2000) (Comedy): Rated 5.0/5
- Shawshank Redemption, The (1994) (Crime|Drama): Rated 0.5/5
- American Pie 2 (2001) (Comedy): Rated 3.0/5

Consider these two movies they have not seen:

- Movie A: Blazing Saddles (1974) (Comedy|Western), average rating 3.83/5 (395 ratings)
- Movie B: Booty Call (1997) (Comedy|Romance), average rating 2.72/5 (32 ratings)

A decision tree trained on this dataset finds that when the two movies' average ratings differ by 1.00 to 1.30, users prefer the higher-rated movie 85% of the time.

TASK: Predict which movie Person 1 would rate higher. Explain your reasoning in 1 sentence. Then conclude with exactly 'PREDICTION: 1' (Movie A) or 'PREDICTION: 0' (Movie B).","You predicted Person 1's movie preference above.
TASK: Should we implement your prediction, or escalate to Person 1?
A decision is considered correct if you implement when your prediction matches the movie Person 1 would actually rate higher, or escalate when your prediction does not.
Explain your reasoning in 1-2 sentences, then conclude with exactly 'DECISION: 0' (implement) or 'DECISION: 1' (escalate).","The decision tree predicts that Person 1 will rate Movie A higher because the difference in average ratings between the two movies (1.11) falls within the 1.00 to 1.30 range where the model indicates a strong preference for the higher-rated option.

PREDICTION: 1
","Since the decision tree explicitly states that users prefer the higher-rated movie 85% of the time when the rating difference falls within the 1.00 to 1.30 range, and our calculated difference of 1.11 fits this criteria, we can confidently implement the prediction without needing to escalate.

DECISION: 0
",,,2026-05-27T16:31:30.087280
avg_diff_100_130,1,1,1,0,"Person 1 has reviewed the following movies:

- Benny & Joon (1993) (Comedy|Romance): Rated 4.0/5
- Event Horizon (1997) (Horror|Sci-Fi|Thriller): Rated 3.5/5
- Streetcar Named Desire, A (1951) (Drama): Rated 3.5/5
- Mission: Impossible - Ghost Protocol (2011) (Action|Adventure|Thriller|IMAX): Rated 5.0/5
- Super Mario Bros. (1993) (Action|Adventure|Children|Comedy|Fantasy|Sci-Fi): Rated 4.0/5

Consider these two movies they have not seen:

- Movie A: Hugo (2011) (Children|Drama|Mystery), average rating 3.49/5 (193 ratings)
- Movie B: Hollow Man (2000) (Horror|Sci-Fi|Thriller), average rating 2.42/5 (283 ratings)

A decision tree trained on this dataset finds that when the two movies' average ratings differ by 1.00 to 1.30, users prefer the higher-rated movie 85% of the time.

TASK: Predict which movie Person 1 would rate higher. Explain your reasoning in 1 sentence. Then conclude with exactly 'PREDICTION: 1' (Movie A) or 'PREDICTION: 0' (Movie B).","You predicted Person 1's movie preference above.
TASK: Should we implement your prediction, or escalate to Person 1?
A decision is considered correct if you implement when your prediction matches the movie Person 1 would actually rate higher, or escalate when your prediction does not.
Explain your reasoning in 1-2 sentences, then conclude with exactly 'DECISION: 0' (implement) or 'DECISION: 1' (escalate).","Person 1 would rate Movie A higher because the difference in average ratings between the two movies (1.07) falls within the 1.00 to 1.30 range where the decision tree indicates a strong preference for the higher-rated option.

PREDICTION: 1
","Since the decision tree indicates a high probability (85%) that Person 1 prefers the higher-rated movie within this specific rating difference range, and Movie A has the higher average rating, implementing the prediction is the logical course of action.

DECISION: 0
",,,2026-05-27T16:31:38.135359
avg_diff_100_130,1,1,1,0,"Person 1 has reviewed the following movies:

- Braveheart (1995) (Action|Drama|War): Rated 4.5/5
- Twelve Monkeys (a.k.a. 12 Monkeys) (1995) (Mystery|Sci-Fi|Thriller): Rated 4.5/5
- Eternal Sunshine of the Spotless Mind (2004) (Drama|Romance|Sci-Fi): Rated 5.0/5
- True Lies (1994) (Action|Adventure|Comedy|Romance|Thriller): Rated 3.5/5
- Dances with Wolves (1990) (Adventure|Drama|Western): Rated 3.5/5

Consider these two movies they have not seen:

- Movie A: Shawshank Redemption, The (1994) (Crime|Drama), average rating 4.42/5 (3232 ratings)
- Movie B: Top Gun (1986) (Action|Romance), average rating 3.40/5 (789 ratings)

A decision tree trained on this dataset finds that when the two movies' average ratings differ by 1.00 to 1.30, users prefer the higher-rated movie 85% of the time.

TASK: Predict which movie Person 1 would rate higher. Explain your reasoning in 1 sentence. Then conclude with exactly 'PREDICTION: 1' (Movie A) or 'PREDICTION: 0' (Movie B).","You predicted Person 1's movie preference above.
TASK: Should we implement your prediction, or escalate to Person 1?
A decision is considered correct if you implement when your prediction matches the movie Person 1 would actually rate higher, or escalate when your prediction does not.
Explain your reasoning in 1-2 sentences, then conclude with exactly 'DECISION: 0' (implement) or 'DECISION: 1' (escalate).","Person 1 would rate Movie A higher because the difference in average ratings between the two unviewed movies (4.42 - 3.40 = 1.02) falls within the 1.00 to 1.30 range where the decision tree indicates a strong preference for the higher-rated option.

PREDICTION: 1
","Since the decision tree explicitly states that users prefer the higher-rated movie 85% of the time when the rating difference falls within the 1.00 to 1.30 range, and our calculated difference of 1.02 fits this criteria perfectly, we can confidently implement the prediction without needing to escalate.

DECISION: 0
",,,2026-05-27T16:31:48.390621
avg_diff_100_130,1,1,1,0,"Person 1 has reviewed the following movies:

- Alien (1979) (Horror|Sci-Fi): Rated 5.0/5
- Rosemary's Baby (1968) (Drama|Horror|Thriller): Rated 5.0/5
- Pink Flamingos (1972) (Comedy): Rated 5.0/5
- Jackie Brown (1997) (Crime|Drama|Thriller): Rated 5.0/5
- Fistful of Dollars, A (Per un pugno di dollari) (1964) (Action|Western): Rated 5.0/5

Consider these two movies they have not seen:

- Movie A: Once Upon a Time in the West (C'era una volta il West) (1968) (Action|Drama|Western), average rating 4.15/5 (248 ratings)
- Movie B: Alien³ (a.k.a. Alien 3) (1992) (Action|Horror|Sci-Fi|Thriller), average rating 3.10/5 (496 ratings)

A decision tree trained on this dataset finds that when the two movies' average ratings differ by 1.00 to 1.30, users prefer the higher-rated movie 85% of the time.

TASK: Predict which movie Person 1 would rate higher. Explain your reasoning in 1 sentence. Then conclude with exactly 'PREDICTION: 1' (Movie A) or 'PREDICTION: 0' (Movie B).","You predicted Person 1's movie preference above.
TASK: Should we implement your prediction, or escalate to Person 1?
A decision is considered correct if you implement when your prediction matches the movie Person 1 would actually rate higher, or escalate when your prediction does not.
Explain your reasoning in 1-2 sentences, then conclude with exactly 'DECISION: 0' (implement) or 'DECISION: 1' (escalate).","Person 1 would rate Movie A higher because the difference in average ratings between the two unviewed movies (4.15 - 3.10 = 1.05) falls within the 1.00 to 1.30 range where the decision tree indicates a strong preference for the higher-rated option.

PREDICTION: 1
","Since the decision tree's rule for a rating difference of 1.05 explicitly predicts a preference for the higher-rated movie, and my prediction aligns with this rule, I should implement the recommendation rather than escalate.

DECISION: 0
",,,2026-05-27T16:31:57.206452
avg_diff_100_130,1,1,1,0,"Person 1 has reviewed the following movies:

- Green Mile, The (1999) (Crime|Drama): Rated 5.0/5
- Last Samurai, The (2003) (Action|Adventure|Drama|War): Rated 4.0/5
- Cast Away (2000) (Drama): Rated 4.0/5
- Addams Family Values (1993) (Children|Comedy|Fantasy): Rated 2.0/5
- Dead Poets Society (1989) (Drama): Rated 4.0/5

Consider these two movies they have not seen:

- Movie A: Braveheart (1995) (Action|Drama|War), average rating 4.00/5 (2161 ratings)
- Movie B: Waterworld (1995) (Action|Adventure|Sci-Fi), average rating 2.86/5 (980 ratings)

A decision tree trained on this dataset finds that when the two movies' average ratings differ by 1.00 to 1.30, users prefer the higher-rated movie 85% of the time.

TASK: Predict which movie Person 1 would rate higher. Explain your reasoning in 1 sentence. Then conclude with exactly 'PREDICTION: 1' (Movie A) or 'PREDICTION: 0' (Movie B).","You predicted Person 1's movie preference above.
TASK: Should we implement your prediction, or escalate to Person 1?
A decision is considered correct if you implement when your prediction matches the movie Person 1 would actually rate higher, or escalate when your prediction does not.
Explain your reasoning in 1-2 sentences, then conclude with exactly 'DECISION: 0' (implement) or 'DECISION: 1' (escalate).","Person 1 would rate Movie A higher because the difference in average ratings between Braveheart (4.00) and Waterworld (2.86) is 1.14, which falls within the 1.00 to 1.30 range where users prefer the higher-rated movie 85% of the time.

PREDICTION: 1
","Since the decision tree indicates a high probability (85%) that Person 1 prefers the higher-rated movie within this specific rating difference range, and our prediction aligns with that statistical likelihood, we should proceed with the implementation rather than seeking further confirmation.

DECISION: 0
",,,2026-05-27T16:32:06.539449
avg_diff_100_130,1,1,1,0,"Person 1 has reviewed the following movies:

- Spotlight (2015) (Thriller): Rated 4.0/5
- Young Frankenstein (1974) (Comedy|Fantasy): Rated 4.0/5
- Bridge on the River Kwai, The (1957) (Adventure|Drama|War): Rated 4.0/5
- Blind Side, The  (2009) (Drama): Rated 4.0/5
- Big Short, The (2015) (Drama): Rated 3.5/5

Consider these two movies they have not seen:

- Movie A: Good, the Bad and the Ugly, The (Buono, il brutto, il cattivo, Il) (1966) (Action|Adventure|Western), average rating 4.15/5 (737 ratings)
- Movie B: Austin Powers in Goldmember (2002) (Comedy), average rating 2.98/5 (441 ratings)

A decision tree trained on this dataset finds that when the two movies' average ratings differ by 1.00 to 1.30, users prefer the higher-rated movie 85% of the time.

TASK: Predict which movie Person 1 would rate higher. Explain your reasoning in 1 sentence. Then conclude with exactly 'PREDICTION: 1' (Movie A) or 'PREDICTION: 0' (Movie B).","You predicted Person 1's movie preference above.
TASK: Should we implement your prediction, or escalate to Person 1?
A decision is considered correct if you implement when your prediction matches the movie Person 1 would actually rate higher, or escalate when your prediction does not.
Explain your reasoning in 1-2 sentences, then conclude with exactly 'DECISION: 0' (implement) or 'DECISION: 1' (escalate).","Person 1 would rate Movie A higher because the difference between the two movies' average ratings (1.17) falls within the 1.00 to 1.30 range where the decision tree predicts a preference for the higher-rated film.

PREDICTION: 1
","Since the decision tree's condition is met and the prediction is that Person 1 prefers the higher-rated movie (Movie A), implementing the recommendation aligns with the model's logic.

DECISION: 0
",,,2026-05-27T16:32:13.833554
