condition,base_rate,n,pred_acc,esc_acc,esc_rate,esc_w,esc_r,gap,tp,tn,fp,fn
avg_diff_under_005,0.514,39,0.46153846153846156,0.38461538461538464,0.48717948717948717,0.38095238095238093,0.6111111111111112,0.07692307692307693,8,7,11,13
avg_diff_005_015,0.545,32,0.53125,0.4375,0.46875,0.4,0.5294117647058824,0.09375,6,8,9,9
avg_diff_015_030,0.606,45,0.5555555555555556,0.5777777777777777,0.2,0.25,0.16,-0.022222222222222143,5,21,4,15
avg_diff_030_050,0.667,76,0.7105263157894737,0.7105263157894737,0.02631578947368421,0.045454545454545456,0.018518518518518517,0.0,1,53,1,21
avg_diff_050_070,0.732,65,0.7076923076923077,0.7076923076923077,0.03076923076923077,0.05263157894736842,0.021739130434782608,0.0,1,45,1,18
avg_diff_100_130,0.851,97,0.8556701030927835,0.8556701030927835,0.0,0.0,0.0,0.0,0,83,0,14
avg_diff_160_200,0.907,126,0.8968253968253969,0.8888888888888888,0.007936507936507936,0.0,0.008849557522123894,0.00793650793650802,0,112,1,13
avg_diff_over_200,0.942,180,0.9666666666666667,0.9666666666666667,0.0,0.0,0.0,0.0,0,174,0,6
