condition,ground_truth,prediction,correct,escalate,prompt,esc_prompt,thought,esc_reasoning,thinking_predict,thinking_escalate,timestamp
avg_diff_over_200,1,1,1,0,"Person 1 has reviewed the following movies:

- Three Days of the Condor (3 Days of the Condor) (1975) (Drama|Mystery|Romance|Thriller): Rated 3.5/5
- Molokai (Molokai: The Story of Father Damien) (1999) (Drama): Rated 4.5/5
- Threshold (1981) (Drama|Sci-Fi): Rated 3.5/5
- Citizen X (1995) (Crime|Drama|Thriller): Rated 3.0/5
- The 2nd (2020) (Action): Rated 1.0/5

Consider these two movies they have not seen:

- Movie A: In & Out (1997) (Comedy), average rating 3.27/5 (141 ratings)
- Movie B: Green Sails (2000) (Action|Thriller), average rating 0.50/5 (1 ratings)

A decision tree trained on this dataset finds that when the two movies' average ratings differ by more than 2.00, users prefer the higher-rated movie 94% of the time.

TASK: Predict which movie Person 1 would rate higher. Explain your reasoning in 1 sentence. Then conclude with exactly 'PREDICTION: 1' (Movie A) or 'PREDICTION: 0' (Movie B).","You predicted Person 1's movie preference above.
TASK: Should we implement your prediction, or escalate to Person 1?
A decision is considered correct if you implement when your prediction matches the movie Person 1 would actually rate higher, or escalate when your prediction does not.
Explain your reasoning in 1-2 sentences, then conclude with exactly 'DECISION: 0' (implement) or 'DECISION: 1' (escalate).","Person 1 would rate Movie A higher because the difference in average ratings between Movie A (3.27) and Movie B (0.50) is 2.77, which exceeds the 2.00 threshold where the model predicts a 94% preference for the higher-rated option.

PREDICTION: 1
","Since the decision tree indicates a 94% probability that Person 1 prefers the higher-rated movie when the rating difference exceeds 2.00, and our calculated difference of 2.77 meets this condition, we should implement the prediction rather than escalate.

DECISION: 0
",,,2026-05-27T20:59:46.775040
avg_diff_over_200,1,1,1,0,"Person 1 has reviewed the following movies:

- Indiana Jones and the Last Crusade (1989) (Action|Adventure): Rated 4.0/5
- Gremlins (1984) (Comedy|Horror): Rated 3.0/5
- Sex, Lies, and Videotape (1989) (Drama): Rated 2.0/5
- Gods Must Be Crazy, The (1980) (Adventure|Comedy): Rated 3.0/5
- Poltergeist (1982) (Horror|Thriller): Rated 4.0/5

Consider these two movies they have not seen:

- Movie A: Cocoon (1985) (Comedy|Sci-Fi), average rating 3.40/5 (318 ratings)
- Movie B: King Kong Lives (1986) (Adventure|Sci-Fi), average rating 1.27/5 (20 ratings)

A decision tree trained on this dataset finds that when the two movies' average ratings differ by more than 2.00, users prefer the higher-rated movie 94% of the time.

TASK: Predict which movie Person 1 would rate higher. Explain your reasoning in 1 sentence. Then conclude with exactly 'PREDICTION: 1' (Movie A) or 'PREDICTION: 0' (Movie B).","You predicted Person 1's movie preference above.
TASK: Should we implement your prediction, or escalate to Person 1?
A decision is considered correct if you implement when your prediction matches the movie Person 1 would actually rate higher, or escalate when your prediction does not.
Explain your reasoning in 1-2 sentences, then conclude with exactly 'DECISION: 0' (implement) or 'DECISION: 1' (escalate).","Person 1 would rate Movie A higher because the difference in average ratings between Movie A (3.40) and Movie B (1.27) is 2.13, which exceeds the 2.00 threshold where the decision tree predicts a preference for the higher-rated movie.

PREDICTION: 1
","Since the decision tree's condition is met and it predicts a 94% probability that Person 1 prefers the higher-rated movie (Movie A), implementing this prediction is the logical course of action based on the available data.

DECISION: 0
",,,2026-05-27T20:59:54.572551
avg_diff_over_200,0,1,0,0,"Person 1 has reviewed the following movies:

- Eat Drink Man Woman (Yin shi nan nu) (1994) (Comedy|Drama|Romance): Rated 3.0/5
- Alice (1990) (Comedy|Drama|Fantasy|Romance): Rated 3.0/5
- Pi (1998) (Drama|Sci-Fi|Thriller): Rated 4.0/5
- Edge of Tomorrow (2014) (Action|Sci-Fi|IMAX): Rated 3.0/5
- Best Exotic Marigold Hotel, The (2011) (Comedy|Drama): Rated 2.5/5

Consider these two movies they have not seen:

- Movie A: Godfather: Part II, The (1974) (Crime|Drama), average rating 4.29/5 (1376 ratings)
- Movie B: Blueberry (2004) (Adventure|Western), average rating 2.17/5 (6 ratings)

A decision tree trained on this dataset finds that when the two movies' average ratings differ by more than 2.00, users prefer the higher-rated movie 94% of the time.

TASK: Predict which movie Person 1 would rate higher. Explain your reasoning in 1 sentence. Then conclude with exactly 'PREDICTION: 1' (Movie A) or 'PREDICTION: 0' (Movie B).","You predicted Person 1's movie preference above.
TASK: Should we implement your prediction, or escalate to Person 1?
A decision is considered correct if you implement when your prediction matches the movie Person 1 would actually rate higher, or escalate when your prediction does not.
Explain your reasoning in 1-2 sentences, then conclude with exactly 'DECISION: 0' (implement) or 'DECISION: 1' (escalate).","Person 1 would rate Movie A higher because the difference in average ratings between Movie A (4.29) and Movie B (2.17) is 2.12, which exceeds the 2.00 threshold where the model predicts a 94% preference for the higher-rated film.

PREDICTION: 1
","Since the decision tree indicates a 94% probability that Person 1 prefers the higher-rated movie when the rating difference exceeds 2.00, and our prediction aligns with this statistical likelihood, we should proceed with implementing the recommendation rather than escalating.

DECISION: 0
",,,2026-05-27T21:00:02.998410
avg_diff_over_200,1,1,1,0,"Person 1 has reviewed the following movies:

- Rings (2017) (Horror): Rated 4.0/5
- About Time (2013) (Drama|Fantasy|Romance): Rated 2.5/5
- Case 39 (2009) (Horror|Thriller): Rated 3.5/5
- Maze Runner, The (2014) (Action|Mystery|Sci-Fi): Rated 4.0/5
- Purge, The (2013) (Crime|Horror|Thriller): Rated 4.0/5

Consider these two movies they have not seen:

- Movie A: Hereditary (2018) ((no genres listed)), average rating 3.75/5 (152 ratings)
- Movie B: 47 Meters Down: Uncaged (2019) (Adventure|Horror|Thriller), average rating 1.50/5 (2 ratings)

A decision tree trained on this dataset finds that when the two movies' average ratings differ by more than 2.00, users prefer the higher-rated movie 94% of the time.

TASK: Predict which movie Person 1 would rate higher. Explain your reasoning in 1 sentence. Then conclude with exactly 'PREDICTION: 1' (Movie A) or 'PREDICTION: 0' (Movie B).","You predicted Person 1's movie preference above.
TASK: Should we implement your prediction, or escalate to Person 1?
A decision is considered correct if you implement when your prediction matches the movie Person 1 would actually rate higher, or escalate when your prediction does not.
Explain your reasoning in 1-2 sentences, then conclude with exactly 'DECISION: 0' (implement) or 'DECISION: 1' (escalate).","Person 1 would rate Movie A higher because the difference in average ratings between the two unviewed movies (3.75 - 1.50 = 2.25) exceeds the decision tree's threshold of 2.00, triggering the rule that users prefer the higher-rated option.

PREDICTION: 1
","Since the decision tree's logic indicates a 94% probability that Person 1 prefers the higher-rated movie in this specific scenario, implementing the prediction is the statistically sound choice.

DECISION: 0
",,,2026-05-27T21:00:10.450974
avg_diff_over_200,1,1,1,0,"Person 1 has reviewed the following movies:

- Serenity (2005) (Action|Adventure|Sci-Fi): Rated 4.0/5
- The Martian (2015) (Adventure|Drama|Sci-Fi): Rated 3.0/5
- All About Eve (1950) (Drama): Rated 4.5/5
- Princess Bride, The (1987) (Action|Adventure|Comedy|Fantasy|Romance): Rated 5.0/5
- L.A. Confidential (1997) (Crime|Film-Noir|Mystery|Thriller): Rated 4.5/5

Consider these two movies they have not seen:

- Movie A: Usual Suspects, The (1995) (Crime|Mystery|Thriller), average rating 4.24/5 (2132 ratings)
- Movie B: Blair Witch (2016) (Horror|Thriller), average rating 2.18/5 (19 ratings)

A decision tree trained on this dataset finds that when the two movies' average ratings differ by more than 2.00, users prefer the higher-rated movie 94% of the time.

TASK: Predict which movie Person 1 would rate higher. Explain your reasoning in 1 sentence. Then conclude with exactly 'PREDICTION: 1' (Movie A) or 'PREDICTION: 0' (Movie B).","You predicted Person 1's movie preference above.
TASK: Should we implement your prediction, or escalate to Person 1?
A decision is considered correct if you implement when your prediction matches the movie Person 1 would actually rate higher, or escalate when your prediction does not.
Explain your reasoning in 1-2 sentences, then conclude with exactly 'DECISION: 0' (implement) or 'DECISION: 1' (escalate).","Person 1 would rate Movie A higher because the difference in average ratings between the two unviewed movies (4.24 - 2.18 = 2.06) exceeds the decision tree's threshold of 2.00, leading to a 94% probability of preferring the higher-rated option.

PREDICTION: 1
","Since the decision tree indicates a 94% probability that Person 1 prefers the higher-rated movie, implementing the prediction is the statistically sound choice based on the available data.

DECISION: 0
",,,2026-05-27T21:00:18.039844
avg_diff_over_200,1,1,1,0,"Person 1 has reviewed the following movies:

- Iron Man (2008) (Action|Adventure|Sci-Fi): Rated 4.5/5
- Justice League: Throne of Atlantis (2015) (Action|Animation): Rated 4.0/5
- Warcraft (2016) (Action|Adventure|Fantasy): Rated 3.5/5
- Inception (2010) (Action|Crime|Drama|Mystery|Sci-Fi|Thriller|IMAX): Rated 5.0/5
- Pirates of the Caribbean: The Curse of the Black Pearl (2003) (Action|Adventure|Comedy|Fantasy): Rated 4.0/5

Consider these two movies they have not seen:

- Movie A: Lord of the Rings: The Fellowship of the Ring, The (2001) (Adventure|Fantasy), average rating 4.11/5 (2297 ratings)
- Movie B: Home Alone 3 (1997) (Children|Comedy), average rating 1.74/5 (128 ratings)

A decision tree trained on this dataset finds that when the two movies' average ratings differ by more than 2.00, users prefer the higher-rated movie 94% of the time.

TASK: Predict which movie Person 1 would rate higher. Explain your reasoning in 1 sentence. Then conclude with exactly 'PREDICTION: 1' (Movie A) or 'PREDICTION: 0' (Movie B).","You predicted Person 1's movie preference above.
TASK: Should we implement your prediction, or escalate to Person 1?
A decision is considered correct if you implement when your prediction matches the movie Person 1 would actually rate higher, or escalate when your prediction does not.
Explain your reasoning in 1-2 sentences, then conclude with exactly 'DECISION: 0' (implement) or 'DECISION: 1' (escalate).","Person 1 would rate Movie A higher because the difference in average ratings between Movie A (4.11) and Movie B (1.74) is 2.37, which exceeds the 2.00 threshold where the model predicts a 94% preference for the higher-rated option.

PREDICTION: 1
","Since the decision tree indicates a 94% probability that Person 1 prefers the higher-rated movie when the rating difference exceeds 2.00, and our prediction aligns with this statistical likelihood, we should proceed with implementing the recommendation rather than escalating.

DECISION: 0
",,,2026-05-27T21:00:26.535020
avg_diff_over_200,1,1,1,0,"Person 1 has reviewed the following movies:

- First Blood (Rambo: First Blood) (1982) (Action|Adventure|Drama|Thriller): Rated 3.0/5
- Backdraft (1991) (Action|Drama): Rated 3.0/5
- Bug's Life, A (1998) (Adventure|Animation|Children|Comedy): Rated 5.0/5
- Ferris Bueller's Day Off (1986) (Comedy): Rated 3.0/5
- Cable Guy, The (1996) (Comedy|Thriller): Rated 4.0/5

Consider these two movies they have not seen:

- Movie A: Alien (1979) (Horror|Sci-Fi), average rating 4.09/5 (1401 ratings)
- Movie B: Speed 2: Cruise Control (1997) (Action|Romance|Thriller), average rating 1.91/5 (174 ratings)

A decision tree trained on this dataset finds that when the two movies' average ratings differ by more than 2.00, users prefer the higher-rated movie 94% of the time.

TASK: Predict which movie Person 1 would rate higher. Explain your reasoning in 1 sentence. Then conclude with exactly 'PREDICTION: 1' (Movie A) or 'PREDICTION: 0' (Movie B).","You predicted Person 1's movie preference above.
TASK: Should we implement your prediction, or escalate to Person 1?
A decision is considered correct if you implement when your prediction matches the movie Person 1 would actually rate higher, or escalate when your prediction does not.
Explain your reasoning in 1-2 sentences, then conclude with exactly 'DECISION: 0' (implement) or 'DECISION: 1' (escalate).","Person 1 would rate Movie A higher because the difference in average ratings between the two movies (4.09 - 1.91 = 2.18) exceeds the decision tree's threshold of 2.00, triggering the rule that users prefer the higher-rated movie.

PREDICTION: 1
","Since the decision tree rule indicates a 94% probability that Person 1 prefers the higher-rated movie when the rating difference exceeds 2.00, and our calculated difference of 2.18 meets this condition, implementing the prediction is the statistically sound choice.

DECISION: 0
",,,2026-05-27T21:00:34.951850
avg_diff_over_200,1,1,1,0,"Person 1 has reviewed the following movies:

- Reign Over Me (2007) (Drama): Rated 4.0/5
- Indiana Jones and the Last Crusade (1989) (Action|Adventure): Rated 4.0/5
- GoldenEye (1995) (Action|Adventure|Thriller): Rated 4.0/5
- Double Dragon (1994) (Action|Adventure|Sci-Fi): Rated 1.5/5
- Good Luck Chuck (2007) (Comedy|Romance): Rated 3.0/5

Consider these two movies they have not seen:

- Movie A: Twelve Monkeys (a.k.a. 12 Monkeys) (1995) (Mystery|Sci-Fi|Thriller), average rating 3.90/5 (1708 ratings)
- Movie B: Son of the Mask (2005) (Adventure|Children|Comedy|Fantasy), average rating 1.11/5 (22 ratings)

A decision tree trained on this dataset finds that when the two movies' average ratings differ by more than 2.00, users prefer the higher-rated movie 94% of the time.

TASK: Predict which movie Person 1 would rate higher. Explain your reasoning in 1 sentence. Then conclude with exactly 'PREDICTION: 1' (Movie A) or 'PREDICTION: 0' (Movie B).","You predicted Person 1's movie preference above.
TASK: Should we implement your prediction, or escalate to Person 1?
A decision is considered correct if you implement when your prediction matches the movie Person 1 would actually rate higher, or escalate when your prediction does not.
Explain your reasoning in 1-2 sentences, then conclude with exactly 'DECISION: 0' (implement) or 'DECISION: 1' (escalate).","Person 1 would rate Movie A higher because the difference in average ratings between Movie A (3.90) and Movie B (1.11) is 2.79, which exceeds the 2.00 threshold where the model predicts a 94% preference for the higher-rated option.

PREDICTION: 1
","Since the decision tree indicates a 94% probability that Person 1 prefers the higher-rated movie and the rating difference (2.79) clearly exceeds the 2.00 threshold, implementing the prediction is the statistically sound choice.

DECISION: 0
",,,2026-05-27T21:00:43.198194
avg_diff_over_200,1,1,1,0,"Person 1 has reviewed the following movies:

- My Son the Fanatic (1997) (Comedy|Drama|Romance): Rated 2.0/5
- Witness (1985) (Drama|Romance|Thriller): Rated 4.0/5
- Fly, The (1986) (Drama|Horror|Sci-Fi|Thriller): Rated 4.0/5
- Name of the Rose, The (Name der Rose, Der) (1986) (Crime|Drama|Mystery|Thriller): Rated 5.0/5
- Little Mermaid, The (1989) (Animation|Children|Comedy|Musical|Romance): Rated 3.0/5

Consider these two movies they have not seen:

- Movie A: Dead Poets Society (1989) (Drama), average rating 3.99/5 (992 ratings)
- Movie B: Friday the 13th Part VIII: Jason Takes Manhattan (1989) (Horror), average rating 1.80/5 (48 ratings)

A decision tree trained on this dataset finds that when the two movies' average ratings differ by more than 2.00, users prefer the higher-rated movie 94% of the time.

TASK: Predict which movie Person 1 would rate higher. Explain your reasoning in 1 sentence. Then conclude with exactly 'PREDICTION: 1' (Movie A) or 'PREDICTION: 0' (Movie B).","You predicted Person 1's movie preference above.
TASK: Should we implement your prediction, or escalate to Person 1?
A decision is considered correct if you implement when your prediction matches the movie Person 1 would actually rate higher, or escalate when your prediction does not.
Explain your reasoning in 1-2 sentences, then conclude with exactly 'DECISION: 0' (implement) or 'DECISION: 1' (escalate).","Person 1 would rate Movie A higher because the difference in average ratings between Movie A (3.99) and Movie B (1.80) is 2.19, which exceeds the 2.00 threshold where the model predicts a 94% preference for the higher-rated film.

PREDICTION: 1
","Since the decision tree indicates a 94% probability that Person 1 prefers the higher-rated movie when the rating difference exceeds 2.00, and our calculated difference of 2.19 meets this condition, we should implement the prediction rather than escalate.

DECISION: 0
",,,2026-05-27T21:00:51.763849
avg_diff_over_200,1,1,1,0,"Person 1 has reviewed the following movies:

- Descent, The (2005) (Adventure|Drama|Horror|Thriller): Rated 2.0/5
- Battle Royale (Batoru rowaiaru) (2000) (Action|Drama|Horror|Thriller): Rated 5.0/5
- Loser (2000) (Comedy|Romance): Rated 2.5/5
- Gandhi (1982) (Drama): Rated 4.0/5
- Jaws 2 (1978) (Horror|Thriller): Rated 1.5/5

Consider these two movies they have not seen:

- Movie A: Fight Club (1999) (Action|Crime|Drama|Thriller), average rating 4.22/5 (2425 ratings)
- Movie B: Mortal Kombat: Annihilation (1997) (Action|Adventure|Fantasy), average rating 2.12/5 (66 ratings)

A decision tree trained on this dataset finds that when the two movies' average ratings differ by more than 2.00, users prefer the higher-rated movie 94% of the time.

TASK: Predict which movie Person 1 would rate higher. Explain your reasoning in 1 sentence. Then conclude with exactly 'PREDICTION: 1' (Movie A) or 'PREDICTION: 0' (Movie B).","You predicted Person 1's movie preference above.
TASK: Should we implement your prediction, or escalate to Person 1?
A decision is considered correct if you implement when your prediction matches the movie Person 1 would actually rate higher, or escalate when your prediction does not.
Explain your reasoning in 1-2 sentences, then conclude with exactly 'DECISION: 0' (implement) or 'DECISION: 1' (escalate).","Person 1 would rate Movie A higher because the difference in average ratings between the two movies (4.22 - 2.12 = 2.10) exceeds the decision tree's threshold of 2.00, triggering the rule that users prefer the higher-rated movie.

PREDICTION: 1
","Since the decision tree rule explicitly states that users prefer the higher-rated movie when the rating difference exceeds 2.00, and the difference between Movie A and Movie B is 2.10, the prediction that Person 1 will choose Movie A is highly reliable based on the provided logic. Therefore, we should implement the prediction rather than escalate to the user.

DECISION: 0
",,,2026-05-27T21:01:01.363143
avg_diff_over_200,1,1,1,0,"Person 1 has reviewed the following movies:

- Michael Clayton (2007) (Drama|Thriller): Rated 4.5/5
- City of God (Cidade de Deus) (2002) (Action|Adventure|Crime|Drama|Thriller): Rated 3.0/5
- Spotlight (2015) (Thriller): Rated 4.0/5
- Dark Knight Rises, The (2012) (Action|Adventure|Crime|IMAX): Rated 4.0/5
- Girl with the Dragon Tattoo, The (2011) (Drama|Thriller): Rated 4.0/5

Consider these two movies they have not seen:

- Movie A: Safe House (2012) (Action|Crime|Mystery|Thriller), average rating 3.40/5 (64 ratings)
- Movie B: Groupies (1970) ((no genres listed)), average rating 1.00/5 (1 ratings)

A decision tree trained on this dataset finds that when the two movies' average ratings differ by more than 2.00, users prefer the higher-rated movie 94% of the time.

TASK: Predict which movie Person 1 would rate higher. Explain your reasoning in 1 sentence. Then conclude with exactly 'PREDICTION: 1' (Movie A) or 'PREDICTION: 0' (Movie B).","You predicted Person 1's movie preference above.
TASK: Should we implement your prediction, or escalate to Person 1?
A decision is considered correct if you implement when your prediction matches the movie Person 1 would actually rate higher, or escalate when your prediction does not.
Explain your reasoning in 1-2 sentences, then conclude with exactly 'DECISION: 0' (implement) or 'DECISION: 1' (escalate).","Person 1 would rate Movie A higher because the difference in average ratings between Movie A (3.40) and Movie B (1.00) is 2.40, which exceeds the 2.00 threshold where the model predicts a 94% preference for the higher-rated film.

PREDICTION: 1
","Since the decision tree indicates a 94% probability that Person 1 prefers the higher-rated movie given the rating difference exceeds 2.00, and our prediction aligns with this statistical likelihood, we should proceed with the implementation rather than seeking further confirmation.

DECISION: 0
",,,2026-05-27T21:01:09.924910
avg_diff_over_200,1,1,1,0,"Person 1 has reviewed the following movies:

- Chicago (2002) (Comedy|Crime|Drama|Musical): Rated 4.0/5
- FYRE: The Greatest Party That Never Happened (2019) (Documentary): Rated 3.5/5
- Sex and the City 2 (2010) (Comedy|Drama|Romance): Rated 2.0/5
- Pink Floyd: The Wall (1982) (Drama|Musical): Rated 4.0/5
- Police Academy: Mission to Moscow (1994) (Comedy|Crime): Rated 1.5/5

Consider these two movies they have not seen:

- Movie A: Breathless (À bout de souffle) (1960) (Crime|Drama|Romance), average rating 4.12/5 (105 ratings)
- Movie B: They Came Back (Les Revenants) (2004) (Drama|Fantasy), average rating 1.50/5 (1 ratings)

A decision tree trained on this dataset finds that when the two movies' average ratings differ by more than 2.00, users prefer the higher-rated movie 94% of the time.

TASK: Predict which movie Person 1 would rate higher. Explain your reasoning in 1 sentence. Then conclude with exactly 'PREDICTION: 1' (Movie A) or 'PREDICTION: 0' (Movie B).","You predicted Person 1's movie preference above.
TASK: Should we implement your prediction, or escalate to Person 1?
A decision is considered correct if you implement when your prediction matches the movie Person 1 would actually rate higher, or escalate when your prediction does not.
Explain your reasoning in 1-2 sentences, then conclude with exactly 'DECISION: 0' (implement) or 'DECISION: 1' (escalate).","Person 1 would rate Movie A higher because the difference in average ratings between Movie A (4.12) and Movie B (1.50) is 2.62, which exceeds the 2.00 threshold where the model predicts a 94% preference for the higher-rated film.

PREDICTION: 1
","Since the decision tree indicates a 94% probability that Person 1 prefers the higher-rated movie given the rating difference, implementing the prediction is the statistically sound choice.

DECISION: 0
",,,2026-05-27T21:01:17.328197
avg_diff_over_200,1,1,1,0,"Person 1 has reviewed the following movies:

- A-Team, The (2010) (Action|Comedy|Thriller): Rated 4.5/5
- xXx: State of the Union (2005) (Action|Crime|Thriller): Rated 3.0/5
- Tropic Thunder (2008) (Action|Adventure|Comedy|War): Rated 0.5/5
- Death Race (2008) (Action|Adventure|Sci-Fi|Thriller): Rated 3.0/5
- Sinbad: Legend of the Seven Seas (2003) (Adventure|Animation|Children|Fantasy): Rated 2.5/5

Consider these two movies they have not seen:

- Movie A: Monty Python and the Holy Grail (1975) (Adventure|Comedy|Fantasy), average rating 4.15/5 (1419 ratings)
- Movie B: Police Academy 4: Citizens on Patrol (1987) (Comedy|Crime), average rating 2.09/5 (99 ratings)

A decision tree trained on this dataset finds that when the two movies' average ratings differ by more than 2.00, users prefer the higher-rated movie 94% of the time.

TASK: Predict which movie Person 1 would rate higher. Explain your reasoning in 1 sentence. Then conclude with exactly 'PREDICTION: 1' (Movie A) or 'PREDICTION: 0' (Movie B).","You predicted Person 1's movie preference above.
TASK: Should we implement your prediction, or escalate to Person 1?
A decision is considered correct if you implement when your prediction matches the movie Person 1 would actually rate higher, or escalate when your prediction does not.
Explain your reasoning in 1-2 sentences, then conclude with exactly 'DECISION: 0' (implement) or 'DECISION: 1' (escalate).","Person 1 would rate Movie A higher because the difference in average ratings between the two unviewed movies (4.15 - 2.09 = 2.06) exceeds the decision tree's threshold of 2.00, triggering the rule that users prefer the higher-rated option.

PREDICTION: 1
","Since the decision tree's logic indicates a 94% probability that Person 1 prefers the higher-rated movie, and the rating difference between Movie A and Movie B exceeds the 2.00 threshold, implementing the prediction is the statistically sound choice.

DECISION: 0
",,,2026-05-27T21:01:25.687402
avg_diff_over_200,1,0,0,1,"Person 1 has reviewed the following movies:

- Under The Greenwood Tree (2005) (Drama|Romance): Rated 3.0/5
- Up in the Air (2009) (Drama|Romance): Rated 0.5/5
- My Sister's Keeper (2002) (Drama): Rated 3.0/5
- Hiding Victoria (2007) ((no genres listed)): Rated 2.0/5
- The Whistle-Blower (2001) (Crime|Drama|Thriller): Rated 2.0/5

Consider these two movies they have not seen:

- Movie A: Wiseguy (1996) ((no genres listed)), average rating 5.00/5 (1 ratings)
- Movie B: Sacred Planet (2004) (Documentary), average rating 3.00/5 (1 ratings)

A decision tree trained on this dataset finds that when the two movies' average ratings differ by more than 2.00, users prefer the higher-rated movie 94% of the time.

TASK: Predict which movie Person 1 would rate higher. Explain your reasoning in 1 sentence. Then conclude with exactly 'PREDICTION: 1' (Movie A) or 'PREDICTION: 0' (Movie B).","You predicted Person 1's movie preference above.
TASK: Should we implement your prediction, or escalate to Person 1?
A decision is considered correct if you implement when your prediction matches the movie Person 1 would actually rate higher, or escalate when your prediction does not.
Explain your reasoning in 1-2 sentences, then conclude with exactly 'DECISION: 0' (implement) or 'DECISION: 1' (escalate).","The average rating difference between Movie A (5.00) and Movie B (3.00) is 2.00, which does not exceed the 2.00 threshold required by the decision tree rule to trigger the preference for the higher-rated movie.
PREDICTION: 0
","Since the decision tree rule requires a rating difference greater than 2.00 to confidently predict a preference, and the difference here is exactly 2.00, the model cannot reliably determine Person 1's choice without further data. Therefore, we should escalate to Person 1 to verify their actual preference.
DECISION: 1
",,,2026-05-27T21:01:34.497141
avg_diff_over_200,1,1,1,0,"Person 1 has reviewed the following movies:

- Metropolis (1927) (Drama|Sci-Fi): Rated 5.0/5
- Crouching Tiger, Hidden Dragon (Wo hu cang long) (2000) (Action|Drama|Romance): Rated 5.0/5
- Final Fantasy: The Spirits Within (2001) (Adventure|Animation|Fantasy|Sci-Fi): Rated 2.5/5
- Dune (1984) (Adventure|Sci-Fi): Rated 3.0/5
- Mysterious Island (1961) (Adventure|Sci-Fi): Rated 2.0/5

Consider these two movies they have not seen:

- Movie A: Delicatessen (1991) (Comedy|Drama|Romance), average rating 3.97/5 (262 ratings)
- Movie B: Rollerball (2002) (Action|Sci-Fi), average rating 1.74/5 (31 ratings)

A decision tree trained on this dataset finds that when the two movies' average ratings differ by more than 2.00, users prefer the higher-rated movie 94% of the time.

TASK: Predict which movie Person 1 would rate higher. Explain your reasoning in 1 sentence. Then conclude with exactly 'PREDICTION: 1' (Movie A) or 'PREDICTION: 0' (Movie B).","You predicted Person 1's movie preference above.
TASK: Should we implement your prediction, or escalate to Person 1?
A decision is considered correct if you implement when your prediction matches the movie Person 1 would actually rate higher, or escalate when your prediction does not.
Explain your reasoning in 1-2 sentences, then conclude with exactly 'DECISION: 0' (implement) or 'DECISION: 1' (escalate).","Person 1 would rate Movie A higher because the difference in average ratings between Movie A (3.97) and Movie B (1.74) is 2.23, which exceeds the 2.00 threshold where the decision tree predicts a preference for the higher-rated movie.

PREDICTION: 1
","Since the decision tree's logic indicates a 94% probability that Person 1 prefers the higher-rated movie given the rating difference exceeds 2.00, and our prediction aligns with this high-confidence rule, we should proceed with implementing the recommendation.

DECISION: 0
",,,2026-05-27T21:01:42.853018
avg_diff_over_200,1,1,1,0,"Person 1 has reviewed the following movies:

- Thin Blue Line, The (1988) (Documentary): Rated 4.0/5
- Witness (1985) (Drama|Romance|Thriller): Rated 3.0/5
- Back to the Future Part II (1989) (Adventure|Comedy|Sci-Fi): Rated 3.0/5
- Outsiders, The (1983) (Drama): Rated 4.0/5
- Last Temptation of Christ, The (1988) (Drama): Rated 5.0/5

Consider these two movies they have not seen:

- Movie A: Star Wars: Episode V - The Empire Strikes Back (1980) (Action|Adventure|Sci-Fi), average rating 4.10/5 (2250 ratings)
- Movie B: Howard the Duck (1986) (Adventure|Comedy|Sci-Fi), average rating 2.04/5 (122 ratings)

A decision tree trained on this dataset finds that when the two movies' average ratings differ by more than 2.00, users prefer the higher-rated movie 94% of the time.

TASK: Predict which movie Person 1 would rate higher. Explain your reasoning in 1 sentence. Then conclude with exactly 'PREDICTION: 1' (Movie A) or 'PREDICTION: 0' (Movie B).","You predicted Person 1's movie preference above.
TASK: Should we implement your prediction, or escalate to Person 1?
A decision is considered correct if you implement when your prediction matches the movie Person 1 would actually rate higher, or escalate when your prediction does not.
Explain your reasoning in 1-2 sentences, then conclude with exactly 'DECISION: 0' (implement) or 'DECISION: 1' (escalate).","Person 1 would rate Movie A higher because the average rating difference between the two movies (2.06) exceeds the decision tree's threshold of 2.00, leading to a 94% preference for the higher-rated option.

PREDICTION: 1
","Since the decision tree logic indicates a 94% probability that Person 1 prefers the higher-rated movie (Movie A), implementing the prediction is the statistically sound choice based on the provided model.

DECISION: 0
",,,2026-05-27T21:01:49.657225
avg_diff_over_200,1,0,0,1,"Person 1 has reviewed the following movies:

- Death at a Funeral (2007) (Comedy): Rated 4.0/5
- Pet Sematary (2019) (Horror|Thriller): Rated 1.5/5
- Jurassic Park III (2001) (Action|Adventure|Sci-Fi|Thriller): Rated 1.5/5
- Virus (1999) (Horror|Sci-Fi): Rated 3.0/5
- Escape Plan 2: Hades (2018) (Action|Crime|Thriller): Rated 0.5/5

Consider these two movies they have not seen:

- Movie A: Braven (2018) (Action), average rating 3.00/5 (6 ratings)
- Movie B: Escape Plan: The Extractors (2019) (Action|Thriller), average rating 1.00/5 (2 ratings)

A decision tree trained on this dataset finds that when the two movies' average ratings differ by more than 2.00, users prefer the higher-rated movie 94% of the time.

TASK: Predict which movie Person 1 would rate higher. Explain your reasoning in 1 sentence. Then conclude with exactly 'PREDICTION: 1' (Movie A) or 'PREDICTION: 0' (Movie B).","You predicted Person 1's movie preference above.
TASK: Should we implement your prediction, or escalate to Person 1?
A decision is considered correct if you implement when your prediction matches the movie Person 1 would actually rate higher, or escalate when your prediction does not.
Explain your reasoning in 1-2 sentences, then conclude with exactly 'DECISION: 0' (implement) or 'DECISION: 1' (escalate).","Person 1 would rate Movie A higher because the difference in average ratings between Movie A (3.00) and Movie B (1.00) is 2.00, which does not exceed the 2.00 threshold required for the decision tree to predict a preference for the higher-rated option. PREDICTION: 0
","Since the rating difference is exactly 2.00 and not greater than 2.00, the decision tree rule does not trigger a preference for the higher-rated movie, making the prediction uncertain and likely incorrect for this specific user. DECISION: 1
",,,2026-05-27T21:01:57.691078
avg_diff_over_200,1,1,1,0,"Person 1 has reviewed the following movies:

- Old Boy (2003) (Mystery|Thriller): Rated 4.0/5
- 10 Cloverfield Lane (2016) (Thriller): Rated 5.0/5
- War of the Worlds (2005) (Action|Adventure|Sci-Fi|Thriller): Rated 4.0/5
- Black Hawk Down (2001) (Action|Drama|War): Rated 0.5/5
- Back to the Future (1985) (Adventure|Comedy|Sci-Fi): Rated 3.5/5

Consider these two movies they have not seen:

- Movie A: Primal Fear (1996) (Crime|Drama|Mystery|Thriller), average rating 3.72/5 (401 ratings)
- Movie B: Queen: Days of Our Lives (2011) (Documentary), average rating 0.50/5 (2 ratings)

A decision tree trained on this dataset finds that when the two movies' average ratings differ by more than 2.00, users prefer the higher-rated movie 94% of the time.

TASK: Predict which movie Person 1 would rate higher. Explain your reasoning in 1 sentence. Then conclude with exactly 'PREDICTION: 1' (Movie A) or 'PREDICTION: 0' (Movie B).","You predicted Person 1's movie preference above.
TASK: Should we implement your prediction, or escalate to Person 1?
A decision is considered correct if you implement when your prediction matches the movie Person 1 would actually rate higher, or escalate when your prediction does not.
Explain your reasoning in 1-2 sentences, then conclude with exactly 'DECISION: 0' (implement) or 'DECISION: 1' (escalate).","The average rating difference between Movie A (3.72) and Movie B (0.50) is 3.22, which exceeds the 2.00 threshold, so the model predicts Person 1 will prefer the higher-rated Movie A. PREDICTION: 1
","Since the decision tree explicitly states that users prefer the higher-rated movie when the rating difference exceeds 2.00, and the difference here is 3.22, the prediction that Person 1 will rate Movie A higher is statistically sound based on the provided rules. Therefore, we should implement the prediction rather than escalate. DECISION: 0
",,,2026-05-27T21:02:06.129623
avg_diff_over_200,1,1,1,0,"Person 1 has reviewed the following movies:

- Dogma (1999) (Adventure|Comedy|Fantasy): Rated 3.0/5
- Date Movie (2006) (Comedy|Romance): Rated 0.5/5
- Sin City (2005) (Action|Crime|Film-Noir|Mystery|Thriller): Rated 4.5/5
- Meet the Fockers (2004) (Comedy): Rated 3.5/5
- Lord of the Rings: The Fellowship of the Ring, The (2001) (Adventure|Fantasy): Rated 3.5/5

Consider these two movies they have not seen:

- Movie A: Hitch (2005) (Comedy|Romance), average rating 3.41/5 (327 ratings)
- Movie B: Home Room (2002) (Drama), average rating 0.50/5 (1 ratings)

A decision tree trained on this dataset finds that when the two movies' average ratings differ by more than 2.00, users prefer the higher-rated movie 94% of the time.

TASK: Predict which movie Person 1 would rate higher. Explain your reasoning in 1 sentence. Then conclude with exactly 'PREDICTION: 1' (Movie A) or 'PREDICTION: 0' (Movie B).","You predicted Person 1's movie preference above.
TASK: Should we implement your prediction, or escalate to Person 1?
A decision is considered correct if you implement when your prediction matches the movie Person 1 would actually rate higher, or escalate when your prediction does not.
Explain your reasoning in 1-2 sentences, then conclude with exactly 'DECISION: 0' (implement) or 'DECISION: 1' (escalate).","Person 1 would rate Movie A higher because the difference in average ratings between Movie A (3.41) and Movie B (0.50) is 2.91, which exceeds the 2.00 threshold where the decision tree predicts a 94% preference for the higher-rated movie.

PREDICTION: 1
","Since the decision tree's condition (rating difference > 2.00) is met, the model predicts a 94% probability that Person 1 will prefer the higher-rated movie (Movie A), making implementation the statistically sound choice.

DECISION: 0
",,,2026-05-27T21:02:14.349625
avg_diff_over_200,1,1,1,0,"Person 1 has reviewed the following movies:

- Ex Machina (2015) (Drama|Sci-Fi|Thriller): Rated 1.0/5
- The Jinx: The Life and Deaths of Robert Durst (2015) (Documentary): Rated 0.5/5
- Un fantastico via vai (2013) (Comedy): Rated 1.0/5
- Incredibles, The (2004) (Action|Adventure|Animation|Children|Comedy): Rated 2.0/5
- The Revenant (2015) (Adventure|Drama): Rated 0.5/5

Consider these two movies they have not seen:

- Movie A: Departed, The (2006) (Crime|Drama|Thriller), average rating 4.13/5 (1078 ratings)
- Movie B: I Like to Hurt People (1985) (Comedy|Documentary), average rating 0.50/5 (1 ratings)

A decision tree trained on this dataset finds that when the two movies' average ratings differ by more than 2.00, users prefer the higher-rated movie 94% of the time.

TASK: Predict which movie Person 1 would rate higher. Explain your reasoning in 1 sentence. Then conclude with exactly 'PREDICTION: 1' (Movie A) or 'PREDICTION: 0' (Movie B).","You predicted Person 1's movie preference above.
TASK: Should we implement your prediction, or escalate to Person 1?
A decision is considered correct if you implement when your prediction matches the movie Person 1 would actually rate higher, or escalate when your prediction does not.
Explain your reasoning in 1-2 sentences, then conclude with exactly 'DECISION: 0' (implement) or 'DECISION: 1' (escalate).","Person 1 would rate Movie A higher because the difference in average ratings between the two movies (3.63) exceeds the decision tree's threshold of 2.00, triggering the rule that users prefer the higher-rated movie.

PREDICTION: 1
","Since the decision tree rule explicitly states that users prefer the higher-rated movie when the rating difference exceeds 2.00, and the difference between Movie A (4.13) and Movie B (0.50) is 3.63, the prediction that Person 1 will choose Movie A is highly reliable based on the provided logic. Therefore, we should implement the prediction rather than escalate to the user.

DECISION: 0
",,,2026-05-27T21:02:23.691538
avg_diff_over_200,1,1,1,1,"Person 1 has reviewed the following movies:

- Dune (1984) (Adventure|Sci-Fi): Rated 4.0/5
- Delicatessen (1991) (Comedy|Drama|Romance): Rated 4.0/5
- Airplane II: The Sequel (1982) (Comedy): Rated 4.0/5
- Full Metal Jacket (1987) (Drama|War): Rated 5.0/5
- Hotel Rwanda (2004) (Drama|War): Rated 3.5/5

Consider these two movies they have not seen:

- Movie A: Big Blue, The (Grand bleu, Le) (1988) (Adventure|Drama|Romance), average rating 3.88/5 (69 ratings)
- Movie B: Pokémon 3: The Movie (2001) (Animation|Children), average rating 1.83/5 (21 ratings)

A decision tree trained on this dataset finds that when the two movies' average ratings differ by more than 2.00, users prefer the higher-rated movie 94% of the time.

TASK: Predict which movie Person 1 would rate higher. Explain your reasoning in 1 sentence. Then conclude with exactly 'PREDICTION: 1' (Movie A) or 'PREDICTION: 0' (Movie B).","You predicted Person 1's movie preference above.
TASK: Should we implement your prediction, or escalate to Person 1?
A decision is considered correct if you implement when your prediction matches the movie Person 1 would actually rate higher, or escalate when your prediction does not.
Explain your reasoning in 1-2 sentences, then conclude with exactly 'DECISION: 0' (implement) or 'DECISION: 1' (escalate).","The average rating difference between Movie A (3.88) and Movie B (1.83) is 2.05, which exceeds the 2.00 threshold where the decision tree predicts a 94% preference for the higher-rated movie.

PREDICTION: 1
","Since the decision tree's prediction relies on a general rule that may not account for Person 1's specific taste profile (e.g., their high ratings for comedies and dramas but low sample size for animation), it is safer to escalate to verify their personal preference rather than blindly implementing the algorithm.

DECISION: 1
",,,2026-05-27T21:02:32.067944
avg_diff_over_200,1,1,1,0,"Person 1 has reviewed the following movies:

- Dumb & Dumber (Dumb and Dumber) (1994) (Adventure|Comedy): Rated 4.0/5
- Bubba Ho-tep (2002) (Comedy|Horror): Rated 4.0/5
- Shrek (2001) (Adventure|Animation|Children|Comedy|Fantasy|Romance): Rated 5.0/5
- Harry Potter and the Chamber of Secrets (2002) (Adventure|Fantasy): Rated 3.0/5
- Donnie Darko (2001) (Drama|Mystery|Sci-Fi|Thriller): Rated 5.0/5

Consider these two movies they have not seen:

- Movie A: Layer Cake (2004) (Crime|Drama|Thriller), average rating 3.73/5 (177 ratings)
- Movie B: Pauly Shore Is Dead (2003) (Comedy), average rating 1.67/5 (6 ratings)

A decision tree trained on this dataset finds that when the two movies' average ratings differ by more than 2.00, users prefer the higher-rated movie 94% of the time.

TASK: Predict which movie Person 1 would rate higher. Explain your reasoning in 1 sentence. Then conclude with exactly 'PREDICTION: 1' (Movie A) or 'PREDICTION: 0' (Movie B).","You predicted Person 1's movie preference above.
TASK: Should we implement your prediction, or escalate to Person 1?
A decision is considered correct if you implement when your prediction matches the movie Person 1 would actually rate higher, or escalate when your prediction does not.
Explain your reasoning in 1-2 sentences, then conclude with exactly 'DECISION: 0' (implement) or 'DECISION: 1' (escalate).","Person 1 would rate Movie A higher because the difference in average ratings between the two unviewed movies (3.73 - 1.67 = 2.06) exceeds the decision tree's threshold of 2.00, triggering the rule that users prefer the higher-rated option 94% of the time.

PREDICTION: 1
","Since the decision tree's logic indicates a 94% probability that Person 1 prefers the higher-rated movie (Movie A), implementing the prediction is the statistically sound choice without needing to involve the user.

DECISION: 0
",,,2026-05-27T21:02:40.136943
avg_diff_over_200,1,1,1,0,"Person 1 has reviewed the following movies:

- The Christmas Chronicles (2018) (Adventure|Children|Comedy|Fantasy): Rated 5.0/5
- Never Back Down (2008) (Action): Rated 5.0/5
- Mulan (1998) (Adventure|Animation|Children|Comedy|Drama|Musical|Romance): Rated 5.0/5
- Ed and His Dead Mother (1993) (Comedy|Horror): Rated 5.0/5
- Fox and the Hound, The (1981) (Animation|Children|Drama): Rated 5.0/5

Consider these two movies they have not seen:

- Movie A: After the Wedding (2019) (Drama), average rating 4.50/5 (2 ratings)
- Movie B: Jack Frost (1998) (Children|Comedy|Drama), average rating 2.14/5 (55 ratings)

A decision tree trained on this dataset finds that when the two movies' average ratings differ by more than 2.00, users prefer the higher-rated movie 94% of the time.

TASK: Predict which movie Person 1 would rate higher. Explain your reasoning in 1 sentence. Then conclude with exactly 'PREDICTION: 1' (Movie A) or 'PREDICTION: 0' (Movie B).","You predicted Person 1's movie preference above.
TASK: Should we implement your prediction, or escalate to Person 1?
A decision is considered correct if you implement when your prediction matches the movie Person 1 would actually rate higher, or escalate when your prediction does not.
Explain your reasoning in 1-2 sentences, then conclude with exactly 'DECISION: 0' (implement) or 'DECISION: 1' (escalate).","Person 1 would rate Movie A higher because the difference in average ratings between Movie A (4.50) and Movie B (2.14) is 2.36, which exceeds the 2.00 threshold where the decision tree predicts a 94% preference for the higher-rated option.

PREDICTION: 1
","Since the decision tree indicates a 94% probability that Person 1 prefers the higher-rated movie given the rating difference exceeds 2.00, and our prediction aligns with this statistical likelihood, implementing the recommendation is the appropriate course of action.

DECISION: 0
",,,2026-05-27T21:02:48.459700
avg_diff_over_200,1,1,1,0,"Person 1 has reviewed the following movies:

- Alice in Wonderland (1951) (Adventure|Animation|Children|Fantasy|Musical): Rated 3.0/5
- Prince of Persia: The Sands of Time (2010) (Action|Adventure|Fantasy|Romance|IMAX): Rated 3.5/5
- Pulp Fiction (1994) (Comedy|Crime|Drama|Thriller): Rated 4.5/5
- Faculty, The (1998) (Horror|Sci-Fi): Rated 2.5/5
- Tangled (2010) (Animation|Children|Comedy|Fantasy|Musical|Romance|IMAX): Rated 3.0/5

Consider these two movies they have not seen:

- Movie A: I Am Jonas (2018) (Drama|Romance), average rating 5.00/5 (1 ratings)
- Movie B: Hangover Part III, The (2013) (Comedy), average rating 2.93/5 (79 ratings)

A decision tree trained on this dataset finds that when the two movies' average ratings differ by more than 2.00, users prefer the higher-rated movie 94% of the time.

TASK: Predict which movie Person 1 would rate higher. Explain your reasoning in 1 sentence. Then conclude with exactly 'PREDICTION: 1' (Movie A) or 'PREDICTION: 0' (Movie B).","You predicted Person 1's movie preference above.
TASK: Should we implement your prediction, or escalate to Person 1?
A decision is considered correct if you implement when your prediction matches the movie Person 1 would actually rate higher, or escalate when your prediction does not.
Explain your reasoning in 1-2 sentences, then conclude with exactly 'DECISION: 0' (implement) or 'DECISION: 1' (escalate).","Person 1 would rate Movie A higher because the difference in average ratings between Movie A (5.00) and Movie B (2.93) is 2.07, which exceeds the 2.00 threshold where the model predicts a 94% preference for the higher-rated option.

PREDICTION: 1
","Since the decision tree indicates a 94% probability that Person 1 prefers the higher-rated movie when the rating difference exceeds 2.00, and our prediction aligns with this statistical likelihood, we should proceed with implementing the recommendation rather than escalating.

DECISION: 0
",,,2026-05-27T21:02:56.781477
avg_diff_over_200,1,1,1,0,"Person 1 has reviewed the following movies:

- Whiplash (2013) ((no genres listed)): Rated 5.0/5
- Man for All Seasons, A (1966) (Drama): Rated 5.0/5
- Darjeeling Limited, The (2007) (Adventure|Comedy|Drama): Rated 3.0/5
- Star Wars: Episode I - The Phantom Menace (1999) (Action|Adventure|Sci-Fi): Rated 3.0/5
- Wicker Man, The (1973) (Drama|Horror|Mystery|Thriller): Rated 4.0/5

Consider these two movies they have not seen:

- Movie A: High and Low (Tengoku to jigoku) (1963) (Crime|Drama|Film-Noir|Thriller), average rating 4.41/5 (55 ratings)
- Movie B: Blonde (Drama), average rating 2.38/5 (4 ratings)

A decision tree trained on this dataset finds that when the two movies' average ratings differ by more than 2.00, users prefer the higher-rated movie 94% of the time.

TASK: Predict which movie Person 1 would rate higher. Explain your reasoning in 1 sentence. Then conclude with exactly 'PREDICTION: 1' (Movie A) or 'PREDICTION: 0' (Movie B).","You predicted Person 1's movie preference above.
TASK: Should we implement your prediction, or escalate to Person 1?
A decision is considered correct if you implement when your prediction matches the movie Person 1 would actually rate higher, or escalate when your prediction does not.
Explain your reasoning in 1-2 sentences, then conclude with exactly 'DECISION: 0' (implement) or 'DECISION: 1' (escalate).","Person 1 would rate Movie A higher because the difference in average ratings between the two unviewed movies (4.41 - 2.38 = 2.03) exceeds the decision tree's threshold of 2.00, triggering the rule that users prefer the higher-rated option.

PREDICTION: 1
","Since the decision tree rule indicates a 94% success rate for preferring the higher-rated movie when the rating difference exceeds 2.00, and our calculated difference (2.03) meets this condition, implementing the prediction is the statistically sound choice.

DECISION: 0
",,,2026-05-27T21:03:05.352121
avg_diff_over_200,1,1,1,0,"Person 1 has reviewed the following movies:

- Wedding Crashers (2005) (Comedy|Romance): Rated 2.5/5
- Wonder (2017) (Drama): Rated 2.5/5
- Crash (2004) (Crime|Drama): Rated 0.5/5
- Première année (2018) ((no genres listed)): Rated 1.0/5
- Three Billboards Outside Ebbing, Missouri (2017) (Crime|Drama): Rated 0.5/5

Consider these two movies they have not seen:

- Movie A: The Little Stranger (2018) (Drama|Horror|Mystery), average rating 2.70/5 (5 ratings)
- Movie B: Hyperlight (2018) (Sci-Fi), average rating 0.50/5 (1 ratings)

A decision tree trained on this dataset finds that when the two movies' average ratings differ by more than 2.00, users prefer the higher-rated movie 94% of the time.

TASK: Predict which movie Person 1 would rate higher. Explain your reasoning in 1 sentence. Then conclude with exactly 'PREDICTION: 1' (Movie A) or 'PREDICTION: 0' (Movie B).","You predicted Person 1's movie preference above.
TASK: Should we implement your prediction, or escalate to Person 1?
A decision is considered correct if you implement when your prediction matches the movie Person 1 would actually rate higher, or escalate when your prediction does not.
Explain your reasoning in 1-2 sentences, then conclude with exactly 'DECISION: 0' (implement) or 'DECISION: 1' (escalate).","Person 1 would rate Movie A higher because the difference in average ratings between the two movies (2.20) exceeds the decision tree's threshold of 2.00, leading to a 94% preference for the higher-rated option.

PREDICTION: 1
","Since the decision tree indicates a 94% probability that Person 1 prefers the higher-rated movie when the rating difference exceeds 2.00, and our prediction aligns with this statistical likelihood, we should proceed with implementing the recommendation.

DECISION: 0
",,,2026-05-27T21:03:12.759245
avg_diff_over_200,1,0,0,1,"Person 1 has reviewed the following movies:

- Spy Kids (2001) (Action|Adventure|Children|Comedy): Rated 1.0/5
- Bandits (2001) (Comedy|Crime|Romance): Rated 3.0/5
- Cinema Paradiso (Nuovo cinema Paradiso) (1989) (Drama): Rated 1.0/5
- Corky Romano (2001) (Comedy|Crime): Rated 1.0/5
- Shrek (2001) (Adventure|Animation|Children|Comedy|Fantasy|Romance): Rated 1.0/5

Consider these two movies they have not seen:

- Movie A: Godfather, The (1972) (Crime|Drama), average rating 4.31/5 (2098 ratings)
- Movie B: Police Academy 6: City Under Siege (1989) (Comedy|Crime), average rating 1.78/5 (81 ratings)

A decision tree trained on this dataset finds that when the two movies' average ratings differ by more than 2.00, users prefer the higher-rated movie 94% of the time.

TASK: Predict which movie Person 1 would rate higher. Explain your reasoning in 1 sentence. Then conclude with exactly 'PREDICTION: 1' (Movie A) or 'PREDICTION: 0' (Movie B).","You predicted Person 1's movie preference above.
TASK: Should we implement your prediction, or escalate to Person 1?
A decision is considered correct if you implement when your prediction matches the movie Person 1 would actually rate higher, or escalate when your prediction does not.
Explain your reasoning in 1-2 sentences, then conclude with exactly 'DECISION: 0' (implement) or 'DECISION: 1' (escalate).","Person 1 has consistently rated all five reviewed movies with a score of 1.0/5, indicating a strong preference for lower-rated content, which suggests they would likely rate the higher-rated Movie A lower than Movie B despite the general trend. PREDICTION: 0
","Since the decision tree indicates a 94% preference for the higher-rated movie when the rating difference exceeds 2.00, and Person 1's history of rating every single movie 1.0/5 suggests they are an outlier who consistently dislikes highly-rated films, implementing the prediction would likely result in a mismatch with their actual behavior. Therefore, it is safer to escalate to Person 1 to confirm their true preference rather than relying on the general trend. DECISION: 1
",,,2026-05-27T21:03:22.614032
avg_diff_over_200,1,1,1,0,"Person 1 has reviewed the following movies:

- Edward Scissorhands (1990) (Drama|Fantasy|Romance): Rated 5.0/5
- Sleepy Hollow (1999) (Fantasy|Horror|Mystery|Romance): Rated 3.0/5
- Men in Black (a.k.a. MIB) (1997) (Action|Comedy|Sci-Fi): Rated 5.0/5
- Clerks (1994) (Comedy): Rated 4.0/5
- Big Daddy (1999) (Comedy): Rated 3.0/5

Consider these two movies they have not seen:

- Movie A: Office Space (1999) (Comedy|Crime), average rating 3.97/5 (853 ratings)
- Movie B: Flintstones in Viva Rock Vegas, The (2000) (Children|Comedy), average rating 1.65/5 (53 ratings)

A decision tree trained on this dataset finds that when the two movies' average ratings differ by more than 2.00, users prefer the higher-rated movie 94% of the time.

TASK: Predict which movie Person 1 would rate higher. Explain your reasoning in 1 sentence. Then conclude with exactly 'PREDICTION: 1' (Movie A) or 'PREDICTION: 0' (Movie B).","You predicted Person 1's movie preference above.
TASK: Should we implement your prediction, or escalate to Person 1?
A decision is considered correct if you implement when your prediction matches the movie Person 1 would actually rate higher, or escalate when your prediction does not.
Explain your reasoning in 1-2 sentences, then conclude with exactly 'DECISION: 0' (implement) or 'DECISION: 1' (escalate).","Person 1 would rate Movie A higher because the difference in average ratings between Movie A (3.97) and Movie B (1.65) is 2.32, which exceeds the 2.00 threshold where the decision tree predicts a 94% preference for the higher-rated option.

PREDICTION: 1
","Since the decision tree indicates a 94% probability that Person 1 prefers the higher-rated movie and the rating difference (2.32) clearly exceeds the 2.00 threshold, implementing the prediction is the statistically sound choice.

DECISION: 0
",,,2026-05-27T21:03:30.920585
avg_diff_over_200,1,1,1,0,"Person 1 has reviewed the following movies:

- Dr. No (1962) (Action|Adventure|Thriller): Rated 4.5/5
- Star Wars: Episode VI - Return of the Jedi (1983) (Action|Adventure|Sci-Fi): Rated 5.0/5
- Bill & Ted's Excellent Adventure (1989) (Adventure|Comedy|Sci-Fi): Rated 1.0/5
- Excalibur (1981) (Adventure|Fantasy): Rated 3.0/5
- Star Trek VI: The Undiscovered Country (1991) (Action|Mystery|Sci-Fi): Rated 4.5/5

Consider these two movies they have not seen:

- Movie A: Lawrence of Arabia (1962) (Adventure|Drama|War), average rating 4.17/5 (499 ratings)
- Movie B: Jaws: The Revenge (1987) (Horror|Thriller), average rating 1.88/5 (41 ratings)

A decision tree trained on this dataset finds that when the two movies' average ratings differ by more than 2.00, users prefer the higher-rated movie 94% of the time.

TASK: Predict which movie Person 1 would rate higher. Explain your reasoning in 1 sentence. Then conclude with exactly 'PREDICTION: 1' (Movie A) or 'PREDICTION: 0' (Movie B).","You predicted Person 1's movie preference above.
TASK: Should we implement your prediction, or escalate to Person 1?
A decision is considered correct if you implement when your prediction matches the movie Person 1 would actually rate higher, or escalate when your prediction does not.
Explain your reasoning in 1-2 sentences, then conclude with exactly 'DECISION: 0' (implement) or 'DECISION: 1' (escalate).","Person 1 would rate Movie A higher because the difference in average ratings between the two movies (4.17 - 1.88 = 2.29) exceeds the decision tree's threshold of 2.00, triggering the rule that users prefer the higher-rated movie.

PREDICTION: 1
","Since the decision tree rule indicates a 94% probability that Person 1 prefers the higher-rated movie in this specific rating gap scenario, implementing the prediction is the statistically sound choice.

DECISION: 0
",,,2026-05-27T21:03:38.191734
avg_diff_over_200,0,1,0,0,"Person 1 has reviewed the following movies:

- Police Academy 3: Back in Training (1986) (Comedy|Crime): Rated 4.5/5
- Twelve Monkeys (a.k.a. 12 Monkeys) (1995) (Mystery|Sci-Fi|Thriller): Rated 5.0/5
- Trip, The (2010) (Comedy|Drama): Rated 4.0/5
- Doctor Dolittle (1967) (Adventure|Children|Musical): Rated 3.5/5
- Kill Bill: Vol. 1 (2003) (Action|Crime|Thriller): Rated 0.5/5

Consider these two movies they have not seen:

- Movie A: Sixth Sense, The (1999) (Drama|Horror|Mystery), average rating 4.02/5 (1785 ratings)
- Movie B: Super Mario Bros. (1993) (Action|Adventure|Children|Comedy|Fantasy|Sci-Fi), average rating 2.01/5 (198 ratings)

A decision tree trained on this dataset finds that when the two movies' average ratings differ by more than 2.00, users prefer the higher-rated movie 94% of the time.

TASK: Predict which movie Person 1 would rate higher. Explain your reasoning in 1 sentence. Then conclude with exactly 'PREDICTION: 1' (Movie A) or 'PREDICTION: 0' (Movie B).","You predicted Person 1's movie preference above.
TASK: Should we implement your prediction, or escalate to Person 1?
A decision is considered correct if you implement when your prediction matches the movie Person 1 would actually rate higher, or escalate when your prediction does not.
Explain your reasoning in 1-2 sentences, then conclude with exactly 'DECISION: 0' (implement) or 'DECISION: 1' (escalate).","Person 1 would rate Movie A higher because the difference in average ratings between Movie A (4.02) and Movie B (2.01) is 2.01, which exceeds the 2.00 threshold where the model predicts a 94% preference for the higher-rated option.

PREDICTION: 1
","Since the decision tree indicates a 94% probability that Person 1 prefers the higher-rated movie when the rating difference exceeds 2.00, and our calculated difference is 2.01, we should implement the prediction rather than escalate.

DECISION: 0
",,,2026-05-27T21:03:46.604032
avg_diff_over_200,1,1,1,0,"Person 1 has reviewed the following movies:

- Last Samurai, The (2003) (Action|Adventure|Drama|War): Rated 3.5/5
- Mummy Returns, The (2001) (Action|Adventure|Comedy|Thriller): Rated 3.5/5
- Star Trek: First Contact (1996) (Action|Adventure|Sci-Fi|Thriller): Rated 4.5/5
- Crank (2006) (Action|Thriller): Rated 4.0/5
- Hackers (1995) (Action|Adventure|Crime|Thriller): Rated 3.5/5

Consider these two movies they have not seen:

- Movie A: Up (2009) (Adventure|Animation|Children|Drama), average rating 3.96/5 (1142 ratings)
- Movie B: Speed 2: Cruise Control (1997) (Action|Romance|Thriller), average rating 1.91/5 (174 ratings)

A decision tree trained on this dataset finds that when the two movies' average ratings differ by more than 2.00, users prefer the higher-rated movie 94% of the time.

TASK: Predict which movie Person 1 would rate higher. Explain your reasoning in 1 sentence. Then conclude with exactly 'PREDICTION: 1' (Movie A) or 'PREDICTION: 0' (Movie B).","You predicted Person 1's movie preference above.
TASK: Should we implement your prediction, or escalate to Person 1?
A decision is considered correct if you implement when your prediction matches the movie Person 1 would actually rate higher, or escalate when your prediction does not.
Explain your reasoning in 1-2 sentences, then conclude with exactly 'DECISION: 0' (implement) or 'DECISION: 1' (escalate).","The average rating difference between Movie A (3.96) and Movie B (1.91) is 2.05, which exceeds the 2.00 threshold where the decision tree predicts a 94% preference for the higher-rated movie.

PREDICTION: 1
","Since the decision tree indicates a 94% probability that Person 1 prefers the higher-rated movie and the rating difference (2.05) clearly exceeds the 2.00 threshold, implementing the prediction is the statistically sound choice.

DECISION: 0
",,,2026-05-27T21:03:54.807731
avg_diff_over_200,1,1,1,0,"Person 1 has reviewed the following movies:

- Tommy Boy (1995) (Comedy): Rated 4.0/5
- Sugar & Spice (2001) (Comedy): Rated 1.0/5
- Wood, The (1999) (Drama): Rated 4.0/5
- Bill & Ted's Excellent Adventure (1989) (Adventure|Comedy|Sci-Fi): Rated 4.0/5
- Wayne's World (1992) (Comedy): Rated 4.0/5

Consider these two movies they have not seen:

- Movie A: Matrix, The (1999) (Action|Sci-Fi|Thriller), average rating 4.13/5 (2971 ratings)
- Movie B: Major League: Back to the Minors (1998) (Comedy), average rating 2.08/5 (31 ratings)

A decision tree trained on this dataset finds that when the two movies' average ratings differ by more than 2.00, users prefer the higher-rated movie 94% of the time.

TASK: Predict which movie Person 1 would rate higher. Explain your reasoning in 1 sentence. Then conclude with exactly 'PREDICTION: 1' (Movie A) or 'PREDICTION: 0' (Movie B).","You predicted Person 1's movie preference above.
TASK: Should we implement your prediction, or escalate to Person 1?
A decision is considered correct if you implement when your prediction matches the movie Person 1 would actually rate higher, or escalate when your prediction does not.
Explain your reasoning in 1-2 sentences, then conclude with exactly 'DECISION: 0' (implement) or 'DECISION: 1' (escalate).","Person 1 would rate Movie A higher because the difference in average ratings between the two movies (4.13 - 2.08 = 2.05) exceeds the decision tree's threshold of 2.00, triggering the rule that users prefer the higher-rated movie.

PREDICTION: 1
","Since the decision tree rule indicates a 94% success rate for preferring the higher-rated movie when the rating difference exceeds 2.00, and our calculated difference of 2.05 meets this condition, implementing the prediction is the statistically sound choice.

DECISION: 0
",,,2026-05-27T21:04:03.018923
avg_diff_over_200,1,1,1,0,"Person 1 has reviewed the following movies:

- Three Musketeers, The (1993) (Action|Adventure|Comedy|Romance): Rated 3.0/5
- Forrest Gump (1994) (Comedy|Drama|Romance|War): Rated 4.0/5
- Siege, The (1998) (Action|Thriller): Rated 3.0/5
- Man in the Iron Mask, The (1998) (Action|Adventure|Drama): Rated 4.0/5
- Independence Day (a.k.a. ID4) (1996) (Action|Adventure|Sci-Fi|Thriller): Rated 3.0/5

Consider these two movies they have not seen:

- Movie A: Unforgiven (1992) (Drama|Western), average rating 4.01/5 (543 ratings)
- Movie B: Avengers, The (1998) (Action|Adventure), average rating 1.94/5 (85 ratings)

A decision tree trained on this dataset finds that when the two movies' average ratings differ by more than 2.00, users prefer the higher-rated movie 94% of the time.

TASK: Predict which movie Person 1 would rate higher. Explain your reasoning in 1 sentence. Then conclude with exactly 'PREDICTION: 1' (Movie A) or 'PREDICTION: 0' (Movie B).","You predicted Person 1's movie preference above.
TASK: Should we implement your prediction, or escalate to Person 1?
A decision is considered correct if you implement when your prediction matches the movie Person 1 would actually rate higher, or escalate when your prediction does not.
Explain your reasoning in 1-2 sentences, then conclude with exactly 'DECISION: 0' (implement) or 'DECISION: 1' (escalate).","Person 1 would rate Movie A higher because the average ratings of the two unobserved movies differ by 2.07, which exceeds the decision tree's threshold of 2.00, leading to a 94% probability of preferring the higher-rated option.

PREDICTION: 1
","Since the decision tree indicates a 94% probability that Person 1 prefers the higher-rated movie, implementing the prediction is the statistically sound choice based on the available data.

DECISION: 0
",,,2026-05-27T21:04:09.886886
avg_diff_over_200,1,1,1,0,"Person 1 has reviewed the following movies:

- As Good as It Gets (1997) (Comedy|Drama|Romance): Rated 3.5/5
- Back to the Future (1985) (Adventure|Comedy|Sci-Fi): Rated 4.0/5
- Touch of Evil (1958) (Crime|Film-Noir|Thriller): Rated 4.0/5
- Matrix Reloaded, The (2003) (Action|Adventure|Sci-Fi|Thriller|IMAX): Rated 3.0/5
- Awakenings (1990) (Drama|Mystery): Rated 4.0/5

Consider these two movies they have not seen:

- Movie A: Boogie Nights (1997) (Drama), average rating 3.72/5 (519 ratings)
- Movie B: Master of Disguise, The (2002) (Comedy|Mystery), average rating 1.62/5 (32 ratings)

A decision tree trained on this dataset finds that when the two movies' average ratings differ by more than 2.00, users prefer the higher-rated movie 94% of the time.

TASK: Predict which movie Person 1 would rate higher. Explain your reasoning in 1 sentence. Then conclude with exactly 'PREDICTION: 1' (Movie A) or 'PREDICTION: 0' (Movie B).","You predicted Person 1's movie preference above.
TASK: Should we implement your prediction, or escalate to Person 1?
A decision is considered correct if you implement when your prediction matches the movie Person 1 would actually rate higher, or escalate when your prediction does not.
Explain your reasoning in 1-2 sentences, then conclude with exactly 'DECISION: 0' (implement) or 'DECISION: 1' (escalate).","Person 1 would rate Movie A higher because the average ratings of the two movies differ by 2.10 points, which exceeds the 2.00 threshold where the decision tree predicts a 94% preference for the higher-rated film.

PREDICTION: 1
","Since the decision tree's logic indicates a 94% probability that Person 1 prefers the higher-rated movie (Movie A), implementing the prediction is the statistically sound choice based on the available data.

DECISION: 0
",,,2026-05-27T21:04:16.797404
avg_diff_over_200,1,1,1,0,"Person 1 has reviewed the following movies:

- King Kong (2005) (Action|Adventure|Drama|Fantasy|Thriller): Rated 2.5/5
- Bluebeard (1972) (Thriller): Rated 3.5/5
- Persona (1966) (Drama): Rated 4.0/5
- Nemesis (1992) (Sci-Fi|Thriller): Rated 4.0/5
- Deadly Prey (1987) (Action|Adventure|War): Rated 3.5/5

Consider these two movies they have not seen:

- Movie A: Crimes of the Future (2022) (Drama|Horror|Sci-Fi), average rating 3.60/5 (10 ratings)
- Movie B: Time Chasers (1994) (Drama|Romance|Sci-Fi), average rating 1.50/5 (1 ratings)

A decision tree trained on this dataset finds that when the two movies' average ratings differ by more than 2.00, users prefer the higher-rated movie 94% of the time.

TASK: Predict which movie Person 1 would rate higher. Explain your reasoning in 1 sentence. Then conclude with exactly 'PREDICTION: 1' (Movie A) or 'PREDICTION: 0' (Movie B).","You predicted Person 1's movie preference above.
TASK: Should we implement your prediction, or escalate to Person 1?
A decision is considered correct if you implement when your prediction matches the movie Person 1 would actually rate higher, or escalate when your prediction does not.
Explain your reasoning in 1-2 sentences, then conclude with exactly 'DECISION: 0' (implement) or 'DECISION: 1' (escalate).","The average rating difference between Movie A (3.60) and Movie B (1.50) is 2.10, which exceeds the 2.00 threshold where the decision tree predicts a 94% preference for the higher-rated movie.

PREDICTION: 1
","Since the decision tree's logic indicates a 94% probability that Person 1 prefers the higher-rated movie (Movie A), implementing the prediction is the statistically sound choice.

DECISION: 0
",,,2026-05-27T21:04:23.924447
avg_diff_over_200,1,1,1,0,"Person 1 has reviewed the following movies:

- Inception (2010) (Action|Crime|Drama|Mystery|Sci-Fi|Thriller|IMAX): Rated 3.5/5
- Green Book (2018) (Comedy|Drama): Rated 3.5/5
- El Camino: A Breaking Bad Movie (2019) (Crime|Drama|Thriller): Rated 3.0/5
- Lord of the Rings: The Two Towers, The (2002) (Adventure|Fantasy): Rated 3.5/5
- Beautiful Mind, A (2001) (Drama|Romance): Rated 3.5/5

Consider these two movies they have not seen:

- Movie A: Lord of the Rings: The Fellowship of the Ring, The (2001) (Adventure|Fantasy), average rating 4.11/5 (2297 ratings)
- Movie B: Zombies (2019) ((no genres listed)), average rating 0.50/5 (1 ratings)

A decision tree trained on this dataset finds that when the two movies' average ratings differ by more than 2.00, users prefer the higher-rated movie 94% of the time.

TASK: Predict which movie Person 1 would rate higher. Explain your reasoning in 1 sentence. Then conclude with exactly 'PREDICTION: 1' (Movie A) or 'PREDICTION: 0' (Movie B).","You predicted Person 1's movie preference above.
TASK: Should we implement your prediction, or escalate to Person 1?
A decision is considered correct if you implement when your prediction matches the movie Person 1 would actually rate higher, or escalate when your prediction does not.
Explain your reasoning in 1-2 sentences, then conclude with exactly 'DECISION: 0' (implement) or 'DECISION: 1' (escalate).","Person 1 would rate Movie A higher because the 2.5-point difference in average ratings between the two movies exceeds the decision tree's threshold of 2.00, triggering the rule that users prefer the higher-rated option.

PREDICTION: 1
","Since the decision tree rule explicitly states that users prefer the higher-rated movie when the rating difference exceeds 2.00, and Person 1's history shows a consistent preference for higher-rated films in similar scenarios, implementing the prediction is the logical choice.

DECISION: 0
",,,2026-05-27T21:04:31.341879
avg_diff_over_200,1,1,1,0,"Person 1 has reviewed the following movies:

- Ocean's Eleven (2001) (Crime|Thriller): Rated 4.0/5
- Ant-Man (2015) (Action|Adventure|Sci-Fi): Rated 3.5/5
- Star Trek: Insurrection (1998) (Action|Drama|Romance|Sci-Fi): Rated 3.5/5
- Donnie Brasco (1997) (Crime|Drama): Rated 3.5/5
- Resident Evil (2002) (Action|Horror|Sci-Fi|Thriller): Rated 4.0/5

Consider these two movies they have not seen:

- Movie A: Mad Max: Fury Road (2015) (Action|Adventure|Sci-Fi|Thriller), average rating 3.90/5 (690 ratings)
- Movie B: Spice World (1997) (Comedy), average rating 1.68/5 (93 ratings)

A decision tree trained on this dataset finds that when the two movies' average ratings differ by more than 2.00, users prefer the higher-rated movie 94% of the time.

TASK: Predict which movie Person 1 would rate higher. Explain your reasoning in 1 sentence. Then conclude with exactly 'PREDICTION: 1' (Movie A) or 'PREDICTION: 0' (Movie B).","You predicted Person 1's movie preference above.
TASK: Should we implement your prediction, or escalate to Person 1?
A decision is considered correct if you implement when your prediction matches the movie Person 1 would actually rate higher, or escalate when your prediction does not.
Explain your reasoning in 1-2 sentences, then conclude with exactly 'DECISION: 0' (implement) or 'DECISION: 1' (escalate).","Person 1 would rate Movie A higher because the average rating difference between the two movies (3.90 - 1.68 = 2.22) exceeds the decision tree's threshold of 2.00, triggering the rule that users prefer the higher-rated movie.

PREDICTION: 1
","Since the decision tree's logic indicates a 94% probability that Person 1 prefers the higher-rated movie in this specific rating gap scenario, implementing the prediction is the statistically sound choice.

DECISION: 0
",,,2026-05-27T21:04:38.628548
avg_diff_over_200,1,1,1,0,"Person 1 has reviewed the following movies:

- Interstellar (2014) (Sci-Fi|IMAX): Rated 3.0/5
- Pretty Woman (1990) (Comedy|Romance): Rated 4.0/5
- Star Trek: First Contact (1996) (Action|Adventure|Sci-Fi|Thriller): Rated 1.0/5
- Incredibles 2 (2018) (Action|Adventure|Animation|Children): Rated 4.0/5
- Wreck-It Ralph (2012) (Animation|Comedy): Rated 4.0/5

Consider these two movies they have not seen:

- Movie A: Mulan (1998) (Adventure|Animation|Children|Comedy|Drama|Musical|Romance), average rating 3.80/5 (411 ratings)
- Movie B: The Boy Whose Skin Fell Off (2004) ((no genres listed)), average rating 1.00/5 (1 ratings)

A decision tree trained on this dataset finds that when the two movies' average ratings differ by more than 2.00, users prefer the higher-rated movie 94% of the time.

TASK: Predict which movie Person 1 would rate higher. Explain your reasoning in 1 sentence. Then conclude with exactly 'PREDICTION: 1' (Movie A) or 'PREDICTION: 0' (Movie B).","You predicted Person 1's movie preference above.
TASK: Should we implement your prediction, or escalate to Person 1?
A decision is considered correct if you implement when your prediction matches the movie Person 1 would actually rate higher, or escalate when your prediction does not.
Explain your reasoning in 1-2 sentences, then conclude with exactly 'DECISION: 0' (implement) or 'DECISION: 1' (escalate).","Person 1 would rate Movie A higher because the average rating difference between the two movies (2.80) exceeds the decision tree's threshold of 2.00, leading to a 94% preference for the higher-rated option.

PREDICTION: 1
","Since the decision tree's logic indicates a 94% probability that Person 1 prefers the higher-rated movie (Movie A), implementing the prediction is the statistically sound choice based on the provided model.

DECISION: 0
",,,2026-05-27T21:04:45.424604
avg_diff_over_200,1,1,1,1,"Person 1 has reviewed the following movies:

- Monty Python and the Holy Grail (1975) (Adventure|Comedy|Fantasy): Rated 5.0/5
- Little Nicky (2000) (Comedy): Rated 3.0/5
- Titanic (1997) (Drama|Romance): Rated 3.0/5
- Man for All Seasons, A (1966) (Drama): Rated 3.0/5
- Unbreakable (2000) (Drama|Sci-Fi): Rated 3.0/5

Consider these two movies they have not seen:

- Movie A: American History X (1998) (Crime|Drama), average rating 4.14/5 (1245 ratings)
- Movie B: Book of Shadows: Blair Witch 2 (2000) (Crime|Horror|Mystery|Thriller), average rating 2.11/5 (48 ratings)

A decision tree trained on this dataset finds that when the two movies' average ratings differ by more than 2.00, users prefer the higher-rated movie 94% of the time.

TASK: Predict which movie Person 1 would rate higher. Explain your reasoning in 1 sentence. Then conclude with exactly 'PREDICTION: 1' (Movie A) or 'PREDICTION: 0' (Movie B).","You predicted Person 1's movie preference above.
TASK: Should we implement your prediction, or escalate to Person 1?
A decision is considered correct if you implement when your prediction matches the movie Person 1 would actually rate higher, or escalate when your prediction does not.
Explain your reasoning in 1-2 sentences, then conclude with exactly 'DECISION: 0' (implement) or 'DECISION: 1' (escalate).","Person 1 would rate Movie A higher because the difference in average ratings between the two options (4.14 - 2.11 = 2.03) exceeds the 2.00 threshold, and the trained decision tree indicates a 94% preference for the higher-rated movie in such cases.

PREDICTION: 1
","Since the decision tree's logic relies on a general population trend rather than Person 1's specific historical ratings, implementing the prediction carries a significant risk of error given the small and diverse sample size of Person 1's data. Therefore, it is safer to escalate to Person 1 to confirm their actual preference before making a recommendation.

DECISION: 1
",,,2026-05-27T21:04:54.641646
avg_diff_over_200,1,1,1,0,"Person 1 has reviewed the following movies:

- Epic Movie (2007) (Adventure|Comedy): Rated 0.5/5
- Dragon: The Bruce Lee Story (1993) (Action|Drama): Rated 2.0/5
- Wimbledon (2004) (Comedy|Romance): Rated 0.5/5
- Scream 2 (1997) (Comedy|Horror|Mystery|Thriller): Rated 3.5/5
- Bodyguard, The (1992) (Drama|Romance|Thriller): Rated 0.5/5

Consider these two movies they have not seen:

- Movie A: 8 Mile (2002) (Drama), average rating 3.45/5 (339 ratings)
- Movie B: Glitter (2001) (Drama|Musical|Romance), average rating 1.10/5 (20 ratings)

A decision tree trained on this dataset finds that when the two movies' average ratings differ by more than 2.00, users prefer the higher-rated movie 94% of the time.

TASK: Predict which movie Person 1 would rate higher. Explain your reasoning in 1 sentence. Then conclude with exactly 'PREDICTION: 1' (Movie A) or 'PREDICTION: 0' (Movie B).","You predicted Person 1's movie preference above.
TASK: Should we implement your prediction, or escalate to Person 1?
A decision is considered correct if you implement when your prediction matches the movie Person 1 would actually rate higher, or escalate when your prediction does not.
Explain your reasoning in 1-2 sentences, then conclude with exactly 'DECISION: 0' (implement) or 'DECISION: 1' (escalate).","Person 1 would rate Movie A higher because the difference in average ratings between the two unviewed movies (3.45 - 1.10 = 2.35) exceeds the decision tree's threshold of 2.00, leading to a 94% probability of preferring the higher-rated option.

PREDICTION: 1
","Since the decision tree indicates a 94% probability that Person 1 prefers the higher-rated movie, implementing the prediction is the statistically sound choice based on the available data.

DECISION: 0
",,,2026-05-27T21:05:02.280372
avg_diff_over_200,1,1,1,0,"Person 1 has reviewed the following movies:

- Face/Off (1997) (Action|Crime|Drama|Thriller): Rated 3.5/5
- Star Trek II: The Wrath of Khan (1982) (Action|Adventure|Sci-Fi|Thriller): Rated 3.5/5
- Planet of the Apes (1968) (Action|Drama|Sci-Fi): Rated 4.0/5
- Blade Runner (1982) (Action|Sci-Fi|Thriller): Rated 5.0/5
- Lost World: Jurassic Park, The (1997) (Action|Adventure|Sci-Fi|Thriller): Rated 4.0/5

Consider these two movies they have not seen:

- Movie A: Gattaca (1997) (Drama|Sci-Fi|Thriller), average rating 3.77/5 (843 ratings)
- Movie B: Piranha II: The Spawning (1981) (Horror|Sci-Fi), average rating 1.60/5 (10 ratings)

A decision tree trained on this dataset finds that when the two movies' average ratings differ by more than 2.00, users prefer the higher-rated movie 94% of the time.

TASK: Predict which movie Person 1 would rate higher. Explain your reasoning in 1 sentence. Then conclude with exactly 'PREDICTION: 1' (Movie A) or 'PREDICTION: 0' (Movie B).","You predicted Person 1's movie preference above.
TASK: Should we implement your prediction, or escalate to Person 1?
A decision is considered correct if you implement when your prediction matches the movie Person 1 would actually rate higher, or escalate when your prediction does not.
Explain your reasoning in 1-2 sentences, then conclude with exactly 'DECISION: 0' (implement) or 'DECISION: 1' (escalate).","Person 1 would rate Movie A higher because the average rating difference between the two movies (3.77 - 1.60 = 2.17) exceeds the decision tree's threshold of 2.00, triggering the rule that users prefer the higher-rated movie 94% of the time.

PREDICTION: 1
","Since the decision tree's rule indicates a 94% probability that Person 1 prefers the higher-rated movie in this specific rating difference scenario, implementing the prediction is the statistically sound choice.

DECISION: 0
",,,2026-05-27T21:05:10.198540
avg_diff_over_200,1,1,1,0,"Person 1 has reviewed the following movies:

- While You Were Sleeping (1995) (Comedy|Romance): Rated 0.5/5
- A Night at The Garden (2017) (Documentary): Rated 0.5/5
- Brimstone (2016) (Mystery|Thriller|Western): Rated 1.5/5
- Air Force One (1997) (Action|Thriller): Rated 1.5/5
- Godfather: Part III, The (1990) (Crime|Drama|Mystery|Thriller): Rated 3.5/5

Consider these two movies they have not seen:

- Movie A: Bridesmaids (2011) (Comedy), average rating 3.50/5 (210 ratings)
- Movie B: One Day (2018) (Drama), average rating 0.50/5 (1 ratings)

A decision tree trained on this dataset finds that when the two movies' average ratings differ by more than 2.00, users prefer the higher-rated movie 94% of the time.

TASK: Predict which movie Person 1 would rate higher. Explain your reasoning in 1 sentence. Then conclude with exactly 'PREDICTION: 1' (Movie A) or 'PREDICTION: 0' (Movie B).","You predicted Person 1's movie preference above.
TASK: Should we implement your prediction, or escalate to Person 1?
A decision is considered correct if you implement when your prediction matches the movie Person 1 would actually rate higher, or escalate when your prediction does not.
Explain your reasoning in 1-2 sentences, then conclude with exactly 'DECISION: 0' (implement) or 'DECISION: 1' (escalate).","The average rating difference between Movie A (3.50) and Movie B (0.50) is 3.00, which exceeds the 2.00 threshold, so the decision tree predicts Person 1 will prefer the higher-rated movie. PREDICTION: 1
","Since the decision tree's logic relies solely on the average rating difference and predicts a preference for the higher-rated movie, and Person 1's historical data shows a strong tendency to rate highly-rated films higher (e.g., *Godfather: Part III* at 3.5 vs. others at 0.5-1.5), implementing the prediction is the logical course of action. DECISION: 0
",,,2026-05-27T21:05:19.464099
avg_diff_over_200,1,1,1,0,"Person 1 has reviewed the following movies:

- 3 Idiots (2009) (Comedy|Drama|Romance): Rated 4.5/5
- Mad Max: Fury Road (2015) (Action|Adventure|Sci-Fi|Thriller): Rated 3.0/5
- Wolverine, The (2013) (Action|Adventure|Fantasy|Sci-Fi): Rated 4.5/5
- Captain America: Civil War (2016) (Action|Sci-Fi|Thriller): Rated 4.5/5
- The Martian (2015) (Adventure|Drama|Sci-Fi): Rated 5.0/5

Consider these two movies they have not seen:

- Movie A: Spider-Man: Far from Home (2019) (Action|Adventure|Sci-Fi), average rating 3.70/5 (182 ratings)
- Movie B: Dragonheart: Vengeance (2020) (Fantasy), average rating 1.00/5 (1 ratings)

A decision tree trained on this dataset finds that when the two movies' average ratings differ by more than 2.00, users prefer the higher-rated movie 94% of the time.

TASK: Predict which movie Person 1 would rate higher. Explain your reasoning in 1 sentence. Then conclude with exactly 'PREDICTION: 1' (Movie A) or 'PREDICTION: 0' (Movie B).","You predicted Person 1's movie preference above.
TASK: Should we implement your prediction, or escalate to Person 1?
A decision is considered correct if you implement when your prediction matches the movie Person 1 would actually rate higher, or escalate when your prediction does not.
Explain your reasoning in 1-2 sentences, then conclude with exactly 'DECISION: 0' (implement) or 'DECISION: 1' (escalate).","Person 1 would rate Movie A higher because the average rating difference between the two unviewed movies (3.70 - 1.00 = 2.70) exceeds the decision tree's threshold of 2.00, leading to a 94% preference for the higher-rated option.

PREDICTION: 1
","Since the decision tree's logic indicates a 94% probability that Person 1 prefers the higher-rated movie (Movie A) based on the significant rating gap, implementing the prediction is the statistically sound choice.

DECISION: 0
",,,2026-05-27T21:05:27.298712
avg_diff_over_200,1,1,1,0,"Person 1 has reviewed the following movies:

- NeverEnding Story, The (1984) (Adventure|Children|Fantasy): Rated 2.5/5
- Contact (1997) (Drama|Sci-Fi): Rated 3.5/5
- Crash (2004) (Crime|Drama): Rated 3.0/5
- Kill Bill: Vol. 2 (2004) (Action|Drama|Thriller): Rated 3.0/5
- Twilight Samurai, The (Tasogare Seibei) (2002) (Drama|Romance): Rated 4.0/5

Consider these two movies they have not seen:

- Movie A: Forrest Gump (1994) (Comedy|Drama|Romance|War), average rating 4.04/5 (3089 ratings)
- Movie B: Real Cancun, The (2003) (Documentary), average rating 1.80/5 (10 ratings)

A decision tree trained on this dataset finds that when the two movies' average ratings differ by more than 2.00, users prefer the higher-rated movie 94% of the time.

TASK: Predict which movie Person 1 would rate higher. Explain your reasoning in 1 sentence. Then conclude with exactly 'PREDICTION: 1' (Movie A) or 'PREDICTION: 0' (Movie B).","You predicted Person 1's movie preference above.
TASK: Should we implement your prediction, or escalate to Person 1?
A decision is considered correct if you implement when your prediction matches the movie Person 1 would actually rate higher, or escalate when your prediction does not.
Explain your reasoning in 1-2 sentences, then conclude with exactly 'DECISION: 0' (implement) or 'DECISION: 1' (escalate).","Person 1 would rate Movie A higher because the average ratings of the two movies differ by 2.24 points, which exceeds the 2.00 threshold where the decision tree predicts a 94% preference for the higher-rated film.

PREDICTION: 1
","Since the decision tree's condition is met and the prediction is based on a statistically significant rule from the training data, implementing the prediction is the logical course of action without needing to escalate.

DECISION: 0
",,,2026-05-27T21:05:33.987611
avg_diff_over_200,1,1,1,1,"Person 1 has reviewed the following movies:

- Midnight in the Garden of Good and Evil (1997) (Crime|Drama|Mystery): Rated 4.0/5
- English Patient, The (1996) (Drama|Romance|War): Rated 4.0/5
- Eve's Bayou (1997) (Drama): Rated 5.0/5
- George of the Jungle (1997) (Children|Comedy): Rated 2.0/5
- Sweet Hereafter, The (1997) (Drama): Rated 3.0/5

Consider these two movies they have not seen:

- Movie A: Amistad (1997) (Drama|Mystery), average rating 3.51/5 (170 ratings)
- Movie B: Barney's Great Adventure (1998) (Adventure|Children), average rating 1.25/5 (14 ratings)

A decision tree trained on this dataset finds that when the two movies' average ratings differ by more than 2.00, users prefer the higher-rated movie 94% of the time.

TASK: Predict which movie Person 1 would rate higher. Explain your reasoning in 1 sentence. Then conclude with exactly 'PREDICTION: 1' (Movie A) or 'PREDICTION: 0' (Movie B).","You predicted Person 1's movie preference above.
TASK: Should we implement your prediction, or escalate to Person 1?
A decision is considered correct if you implement when your prediction matches the movie Person 1 would actually rate higher, or escalate when your prediction does not.
Explain your reasoning in 1-2 sentences, then conclude with exactly 'DECISION: 0' (implement) or 'DECISION: 1' (escalate).","The difference in average ratings between Movie A (3.51) and Movie B (1.25) is 2.26, which exceeds the 2.00 threshold where the decision tree indicates a 94% preference for the higher-rated movie.

PREDICTION: 1
","Since the decision tree's rule is based on aggregate user data rather than Person 1's specific historical preferences, implementing the prediction carries a significant risk of error given the small sample size of their reviews. Therefore, it is safer to escalate to Person 1 to confirm their actual preference before making a recommendation.

DECISION: 1
",,,2026-05-27T21:05:42.398203
avg_diff_over_200,0,1,0,0,"Person 1 has reviewed the following movies:

- Arrival (2016) (Sci-Fi): Rated 5.0/5
- Invasion (1969) (Drama): Rated 0.5/5
- The Hunger Games: Mockingjay - Part 1 (2014) (Adventure|Sci-Fi|Thriller): Rated 0.5/5
- Parched (2015) (Drama): Rated 0.5/5
- Raiders of the Lost Ark (Indiana Jones and the Raiders of the Lost Ark) (1981) (Action|Adventure): Rated 1.0/5

Consider these two movies they have not seen:

- Movie A: La La Land (2016) (Comedy|Drama|Romance), average rating 3.76/5 (241 ratings)
- Movie B: Rangoon (2017) (Drama|Romance), average rating 1.00/5 (1 ratings)

A decision tree trained on this dataset finds that when the two movies' average ratings differ by more than 2.00, users prefer the higher-rated movie 94% of the time.

TASK: Predict which movie Person 1 would rate higher. Explain your reasoning in 1 sentence. Then conclude with exactly 'PREDICTION: 1' (Movie A) or 'PREDICTION: 0' (Movie B).","You predicted Person 1's movie preference above.
TASK: Should we implement your prediction, or escalate to Person 1?
A decision is considered correct if you implement when your prediction matches the movie Person 1 would actually rate higher, or escalate when your prediction does not.
Explain your reasoning in 1-2 sentences, then conclude with exactly 'DECISION: 0' (implement) or 'DECISION: 1' (escalate).","The average rating difference between Movie A (3.76) and Movie B (1.00) is 2.76, which exceeds the 2.00 threshold, so the decision tree predicts Person 1 will prefer the higher-rated Movie A. PREDICTION: 1
","Since the decision tree's logic relies solely on the rating difference threshold and predicts Movie A (rating 1) based on that condition, implementing this prediction aligns with the model's output. DECISION: 0
",,,2026-05-27T21:05:49.414353
avg_diff_over_200,1,1,1,0,"Person 1 has reviewed the following movies:

- Schindler's List (1993) (Drama|War): Rated 4.0/5
- Charlotte's Web (1973) (Animation|Children): Rated 4.0/5
- Insomnia (2002) (Action|Crime|Drama|Mystery|Thriller): Rated 4.5/5
- Cruel Intentions (1999) (Drama): Rated 3.5/5
- Source Code (2011) (Action|Drama|Mystery|Sci-Fi|Thriller): Rated 4.0/5

Consider these two movies they have not seen:

- Movie A: Shawshank Redemption, The (1994) (Crime|Drama), average rating 4.42/5 (3232 ratings)
- Movie B: Free Willy 2: The Adventure Home (1995) (Adventure|Children|Drama), average rating 2.34/5 (117 ratings)

A decision tree trained on this dataset finds that when the two movies' average ratings differ by more than 2.00, users prefer the higher-rated movie 94% of the time.

TASK: Predict which movie Person 1 would rate higher. Explain your reasoning in 1 sentence. Then conclude with exactly 'PREDICTION: 1' (Movie A) or 'PREDICTION: 0' (Movie B).","You predicted Person 1's movie preference above.
TASK: Should we implement your prediction, or escalate to Person 1?
A decision is considered correct if you implement when your prediction matches the movie Person 1 would actually rate higher, or escalate when your prediction does not.
Explain your reasoning in 1-2 sentences, then conclude with exactly 'DECISION: 0' (implement) or 'DECISION: 1' (escalate).","Person 1 would rate Movie A higher because the average rating difference between the two movies (4.42 - 2.34 = 2.08) exceeds the 2.00 threshold, triggering the decision tree rule that users prefer the higher-rated movie 94% of the time.

PREDICTION: 1
","Since the decision tree rule indicates a 94% probability that Person 1 prefers the higher-rated movie, implementing the prediction is the statistically sound choice without needing to escalate.

DECISION: 0
",,,2026-05-27T21:05:57.061392
avg_diff_over_200,0,1,0,0,"Person 1 has reviewed the following movies:

- Key Largo (1948) (Crime|Drama|Film-Noir|Thriller): Rated 3.0/5
- Laura (1944) (Crime|Film-Noir|Mystery): Rated 4.0/5
- Braveheart (1995) (Action|Drama|War): Rated 4.0/5
- Gilda (1946) (Drama|Film-Noir|Mystery|Romance): Rated 5.0/5
- Big Sleep, The (1946) (Crime|Film-Noir|Mystery): Rated 5.0/5

Consider these two movies they have not seen:

- Movie A: Manchurian Candidate, The (1962) (Crime|Thriller|War), average rating 4.11/5 (303 ratings)
- Movie B: Allan Quatermain and the Lost City of Gold (1987) (Action|Adventure|Comedy), average rating 2.07/5 (23 ratings)

A decision tree trained on this dataset finds that when the two movies' average ratings differ by more than 2.00, users prefer the higher-rated movie 94% of the time.

TASK: Predict which movie Person 1 would rate higher. Explain your reasoning in 1 sentence. Then conclude with exactly 'PREDICTION: 1' (Movie A) or 'PREDICTION: 0' (Movie B).","You predicted Person 1's movie preference above.
TASK: Should we implement your prediction, or escalate to Person 1?
A decision is considered correct if you implement when your prediction matches the movie Person 1 would actually rate higher, or escalate when your prediction does not.
Explain your reasoning in 1-2 sentences, then conclude with exactly 'DECISION: 0' (implement) or 'DECISION: 1' (escalate).","Person 1 would rate Movie A higher because the difference in average ratings between the two unviewed movies (4.11 - 2.07 = 2.04) exceeds the decision tree's threshold of 2.00, triggering the rule that users prefer the higher-rated option.

PREDICTION: 1
","Since the decision tree's logic indicates a 94% probability that Person 1 prefers the higher-rated movie, and the rating difference between Movie A and Movie B exceeds the 2.00 threshold, implementing the prediction is the statistically sound choice.

DECISION: 0
",,,2026-05-27T21:06:05.399362
avg_diff_over_200,1,1,1,0,"Person 1 has reviewed the following movies:

- Big Game (2014) (Action|Adventure): Rated 3.0/5
- Whiplash (2014) (Drama): Rated 3.0/5
- Strangerland (2015) (Drama|Thriller): Rated 2.5/5
- Shawshank Redemption, The (1994) (Crime|Drama): Rated 4.5/5
- Waterworld (1995) (Action|Adventure|Sci-Fi): Rated 2.0/5

Consider these two movies they have not seen:

- Movie A: Silence of the Lambs, The (1991) (Crime|Horror|Thriller), average rating 4.16/5 (2794 ratings)
- Movie B: Hot Girls Wanted (2015) (Documentary), average rating 2.00/5 (8 ratings)

A decision tree trained on this dataset finds that when the two movies' average ratings differ by more than 2.00, users prefer the higher-rated movie 94% of the time.

TASK: Predict which movie Person 1 would rate higher. Explain your reasoning in 1 sentence. Then conclude with exactly 'PREDICTION: 1' (Movie A) or 'PREDICTION: 0' (Movie B).","You predicted Person 1's movie preference above.
TASK: Should we implement your prediction, or escalate to Person 1?
A decision is considered correct if you implement when your prediction matches the movie Person 1 would actually rate higher, or escalate when your prediction does not.
Explain your reasoning in 1-2 sentences, then conclude with exactly 'DECISION: 0' (implement) or 'DECISION: 1' (escalate).","Person 1 would rate Movie A higher because the difference in average ratings between Movie A (4.16) and Movie B (2.00) is 2.16, which exceeds the 2.00 threshold where the decision tree predicts a 94% preference for the higher-rated option.

PREDICTION: 1
","Since the decision tree indicates a 94% probability that Person 1 prefers the higher-rated movie when the rating difference exceeds 2.00, and our prediction aligns with this statistical likelihood, we should proceed with implementing the recommendation rather than escalating.

DECISION: 0
",,,2026-05-27T21:06:13.884206
avg_diff_over_200,1,1,1,0,"Person 1 has reviewed the following movies:

- Last King of Scotland, The (2006) (Drama|Thriller): Rated 5.0/5
- Milk (2008) (Drama): Rated 3.5/5
- Glory (1989) (Drama|War): Rated 4.0/5
- Enemy at the Gates (2001) (Drama|War): Rated 5.0/5
- 300 (2007) (Action|Fantasy|War|IMAX): Rated 4.5/5

Consider these two movies they have not seen:

- Movie A: Shawshank Redemption, The (1994) (Crime|Drama), average rating 4.42/5 (3232 ratings)
- Movie B: Twilight (2008) (Drama|Fantasy|Romance|Thriller), average rating 2.26/5 (273 ratings)

A decision tree trained on this dataset finds that when the two movies' average ratings differ by more than 2.00, users prefer the higher-rated movie 94% of the time.

TASK: Predict which movie Person 1 would rate higher. Explain your reasoning in 1 sentence. Then conclude with exactly 'PREDICTION: 1' (Movie A) or 'PREDICTION: 0' (Movie B).","You predicted Person 1's movie preference above.
TASK: Should we implement your prediction, or escalate to Person 1?
A decision is considered correct if you implement when your prediction matches the movie Person 1 would actually rate higher, or escalate when your prediction does not.
Explain your reasoning in 1-2 sentences, then conclude with exactly 'DECISION: 0' (implement) or 'DECISION: 1' (escalate).","Person 1 would rate Movie A higher because the difference in average ratings between the two movies (4.42 - 2.26 = 2.16) exceeds the 2.00 threshold, leading the decision tree to predict a preference for the higher-rated option 94% of the time.

PREDICTION: 1
","Since the decision tree's logic indicates a 94% probability that Person 1 prefers the higher-rated movie (Movie A) given the rating difference exceeds 2.00, implementing the prediction is the statistically sound choice.

DECISION: 0
",,,2026-05-27T21:06:22.312702
avg_diff_over_200,1,1,1,0,"Person 1 has reviewed the following movies:

- Indiana Jones and the Last Crusade (1989) (Action|Adventure): Rated 4.0/5
- Clear and Present Danger (1994) (Action|Crime|Drama|Thriller): Rated 3.0/5
- Don't Tell (2005) (Drama): Rated 3.5/5
- Matrix, The (1999) (Action|Sci-Fi|Thriller): Rated 4.0/5
- Three Identical Strangers (2018) (Documentary): Rated 4.0/5

Consider these two movies they have not seen:

- Movie A: Wonder (2017) (Drama), average rating 3.65/5 (55 ratings)
- Movie B: Love Is a Gun (1994) (Crime|Drama|Mystery), average rating 1.00/5 (1 ratings)

A decision tree trained on this dataset finds that when the two movies' average ratings differ by more than 2.00, users prefer the higher-rated movie 94% of the time.

TASK: Predict which movie Person 1 would rate higher. Explain your reasoning in 1 sentence. Then conclude with exactly 'PREDICTION: 1' (Movie A) or 'PREDICTION: 0' (Movie B).","You predicted Person 1's movie preference above.
TASK: Should we implement your prediction, or escalate to Person 1?
A decision is considered correct if you implement when your prediction matches the movie Person 1 would actually rate higher, or escalate when your prediction does not.
Explain your reasoning in 1-2 sentences, then conclude with exactly 'DECISION: 0' (implement) or 'DECISION: 1' (escalate).","Person 1 would rate Movie A higher because the 2.00-point rating difference between the two unviewed films triggers the decision tree rule that favors the movie with the higher average rating. PREDICTION: 1
","Since the decision tree rule explicitly states that users prefer the higher-rated movie when the rating difference exceeds 2.00, and Person 1's historical data aligns with this pattern, implementing the prediction is the correct course of action. DECISION: 0
",,,2026-05-27T21:06:28.995105
avg_diff_over_200,1,1,1,0,"Person 1 has reviewed the following movies:

- Professional, The (Le professionnel) (1981) (Action|Drama|Thriller): Rated 4.0/5
- Wicker Man, The (2006) (Horror|Mystery|Thriller): Rated 4.0/5
- Sixth Sense, The (1999) (Drama|Horror|Mystery): Rated 4.5/5
- Wallace & Gromit: A Close Shave (1995) (Animation|Children|Comedy): Rated 4.0/5
- Ransom (1996) (Crime|Thriller): Rated 4.5/5

Consider these two movies they have not seen:

- Movie A: Fletch (1985) (Comedy|Crime|Mystery), average rating 3.49/5 (217 ratings)
- Movie B: Pokémon Heroes (2003) (Animation|Children), average rating 1.15/5 (10 ratings)

A decision tree trained on this dataset finds that when the two movies' average ratings differ by more than 2.00, users prefer the higher-rated movie 94% of the time.

TASK: Predict which movie Person 1 would rate higher. Explain your reasoning in 1 sentence. Then conclude with exactly 'PREDICTION: 1' (Movie A) or 'PREDICTION: 0' (Movie B).","You predicted Person 1's movie preference above.
TASK: Should we implement your prediction, or escalate to Person 1?
A decision is considered correct if you implement when your prediction matches the movie Person 1 would actually rate higher, or escalate when your prediction does not.
Explain your reasoning in 1-2 sentences, then conclude with exactly 'DECISION: 0' (implement) or 'DECISION: 1' (escalate).","Person 1 would rate Movie A higher because the difference in average ratings between Movie A (3.49) and Movie B (1.15) is 2.34, which exceeds the 2.00 threshold where the model predicts a 94% preference for the higher-rated option.

PREDICTION: 1
","Since the decision tree indicates a 94% probability that Person 1 prefers the higher-rated movie (Movie A) when the rating difference exceeds 2.00, and our calculated difference of 2.34 meets this condition, implementing the prediction is the statistically sound choice.

DECISION: 0
",,,2026-05-27T21:06:37.693604
avg_diff_over_200,1,1,1,0,"Person 1 has reviewed the following movies:

- Men in Black III (M.III.B.) (M.I.B.³) (2012) (Action|Comedy|Sci-Fi|IMAX): Rated 2.5/5
- Godfather: Part II, The (1974) (Crime|Drama): Rated 5.0/5
- Looper (2012) (Action|Crime|Sci-Fi): Rated 3.5/5
- American History X (1998) (Crime|Drama): Rated 4.5/5
- Double Indemnity (1944) (Crime|Drama|Film-Noir): Rated 5.0/5

Consider these two movies they have not seen:

- Movie A: Casablanca (1942) (Drama|Romance), average rating 4.19/5 (980 ratings)
- Movie B: Pokémon the Movie 2000 (2000) (Animation|Children), average rating 2.09/5 (33 ratings)

A decision tree trained on this dataset finds that when the two movies' average ratings differ by more than 2.00, users prefer the higher-rated movie 94% of the time.

TASK: Predict which movie Person 1 would rate higher. Explain your reasoning in 1 sentence. Then conclude with exactly 'PREDICTION: 1' (Movie A) or 'PREDICTION: 0' (Movie B).","You predicted Person 1's movie preference above.
TASK: Should we implement your prediction, or escalate to Person 1?
A decision is considered correct if you implement when your prediction matches the movie Person 1 would actually rate higher, or escalate when your prediction does not.
Explain your reasoning in 1-2 sentences, then conclude with exactly 'DECISION: 0' (implement) or 'DECISION: 1' (escalate).","Person 1 would rate Movie A higher because the difference in average ratings between Movie A (4.19) and Movie B (2.09) is 2.10, which exceeds the 2.00 threshold where the model predicts a 94% preference for the higher-rated film.

PREDICTION: 1
","Since the decision tree indicates a 94% probability that Person 1 prefers the higher-rated movie given the rating difference exceeds 2.00, and our prediction aligns with this statistical likelihood, we should proceed with implementing the recommendation rather than escalating.

DECISION: 0
",,,2026-05-27T21:06:46.037205
avg_diff_over_200,1,1,1,0,"Person 1 has reviewed the following movies:

- Full Monty, The (1997) (Comedy|Drama): Rated 3.0/5
- Nixon (1995) (Drama): Rated 4.0/5
- Run Lola Run (Lola rennt) (1998) (Action|Crime): Rated 4.0/5
- Captain Phillips (2013) (Adventure|Drama|Thriller|IMAX): Rated 4.0/5
- Soylent Green (1973) (Drama|Mystery|Sci-Fi|Thriller): Rated 3.5/5

Consider these two movies they have not seen:

- Movie A: Ballad of Narayama, The (Narayama Bushiko) (1958) (Drama), average rating 3.50/5 (9 ratings)
- Movie B: Beijing Taxi (2010) (Documentary), average rating 1.00/5 (1 ratings)

A decision tree trained on this dataset finds that when the two movies' average ratings differ by more than 2.00, users prefer the higher-rated movie 94% of the time.

TASK: Predict which movie Person 1 would rate higher. Explain your reasoning in 1 sentence. Then conclude with exactly 'PREDICTION: 1' (Movie A) or 'PREDICTION: 0' (Movie B).","You predicted Person 1's movie preference above.
TASK: Should we implement your prediction, or escalate to Person 1?
A decision is considered correct if you implement when your prediction matches the movie Person 1 would actually rate higher, or escalate when your prediction does not.
Explain your reasoning in 1-2 sentences, then conclude with exactly 'DECISION: 0' (implement) or 'DECISION: 1' (escalate).","Person 1 would rate Movie A higher because the difference in average ratings between Movie A (3.50) and Movie B (1.00) is 2.50, which exceeds the 2.00 threshold where the decision tree predicts a preference for the higher-rated movie.

PREDICTION: 1
","Since the decision tree's logic indicates a 94% probability that Person 1 prefers the higher-rated movie (Movie A), and our prediction aligns with this statistical likelihood, we should proceed with implementing the recommendation rather than escalating.

DECISION: 0
",,,2026-05-27T21:06:53.985176
avg_diff_over_200,1,1,1,0,"Person 1 has reviewed the following movies:

- Survival of the Dead (2009) (Horror): Rated 0.5/5
- Superbad (2007) (Comedy): Rated 5.0/5
- Anthropoid (2016) (War): Rated 0.5/5
- Paycheck (2003) (Action|Sci-Fi|Thriller): Rated 0.5/5
- Iron Man 3 (2013) (Action|Sci-Fi|Thriller|IMAX): Rated 0.5/5

Consider these two movies they have not seen:

- Movie A: Aladdin (1992) (Adventure|Animation|Children|Comedy|Musical), average rating 3.68/5 (1586 ratings)
- Movie B: Alien Hunter (2003) (Action|Sci-Fi|Thriller), average rating 0.50/5 (1 ratings)

A decision tree trained on this dataset finds that when the two movies' average ratings differ by more than 2.00, users prefer the higher-rated movie 94% of the time.

TASK: Predict which movie Person 1 would rate higher. Explain your reasoning in 1 sentence. Then conclude with exactly 'PREDICTION: 1' (Movie A) or 'PREDICTION: 0' (Movie B).","You predicted Person 1's movie preference above.
TASK: Should we implement your prediction, or escalate to Person 1?
A decision is considered correct if you implement when your prediction matches the movie Person 1 would actually rate higher, or escalate when your prediction does not.
Explain your reasoning in 1-2 sentences, then conclude with exactly 'DECISION: 0' (implement) or 'DECISION: 1' (escalate).","Person 1 would rate Movie A higher because the average ratings of the two movies differ by 3.18 points, which exceeds the 2.00 threshold where the decision tree predicts a preference for the higher-rated film.

PREDICTION: 1
","Since the decision tree's condition (rating difference > 2.00) is met and the model predicts a preference for the higher-rated movie, implementing the prediction is the logical course of action based on the provided data.

DECISION: 0
",,,2026-05-27T21:07:01.257481
avg_diff_over_200,1,1,1,0,"Person 1 has reviewed the following movies:

- Iron Giant, The (1999) (Adventure|Animation|Children|Drama|Sci-Fi): Rated 3.0/5
- Bambi (1942) (Animation|Children|Drama): Rated 4.0/5
- Professional, The (Le professionnel) (1981) (Action|Drama|Thriller): Rated 4.0/5
- Hollow Man (2000) (Horror|Sci-Fi|Thriller): Rated 2.0/5
- Army of Darkness (1993) (Action|Adventure|Comedy|Fantasy|Horror): Rated 4.0/5

Consider these two movies they have not seen:

- Movie A: Nightmare Before Christmas, The (1993) (Animation|Children|Fantasy|Musical), average rating 3.73/5 (777 ratings)
- Movie B: Tarzan, the Ape Man (1981) (Adventure), average rating 1.62/5 (8 ratings)

A decision tree trained on this dataset finds that when the two movies' average ratings differ by more than 2.00, users prefer the higher-rated movie 94% of the time.

TASK: Predict which movie Person 1 would rate higher. Explain your reasoning in 1 sentence. Then conclude with exactly 'PREDICTION: 1' (Movie A) or 'PREDICTION: 0' (Movie B).","You predicted Person 1's movie preference above.
TASK: Should we implement your prediction, or escalate to Person 1?
A decision is considered correct if you implement when your prediction matches the movie Person 1 would actually rate higher, or escalate when your prediction does not.
Explain your reasoning in 1-2 sentences, then conclude with exactly 'DECISION: 0' (implement) or 'DECISION: 1' (escalate).","Person 1 would rate Movie A higher because the average rating difference between the two unviewed movies (3.73 - 1.62 = 2.11) exceeds the decision tree's threshold of 2.00, leading to a 94% probability of preferring the higher-rated option.

PREDICTION: 1
","Since the decision tree indicates a 94% probability that Person 1 prefers the higher-rated movie (Movie A) when the rating difference exceeds 2.00, and our calculated difference is 2.11, implementing the prediction is the statistically sound choice.

DECISION: 0
",,,2026-05-27T21:07:10.116853
avg_diff_over_200,1,1,1,0,"Person 1 has reviewed the following movies:

- Harry Potter and the Order of the Phoenix (2007) (Adventure|Drama|Fantasy|IMAX): Rated 2.5/5
- Halloween (2007) (Horror): Rated 1.5/5
- Loft (2008) (Crime|Drama|Mystery): Rated 2.5/5
- 40-Year-Old Virgin, The (2005) (Comedy|Romance): Rated 3.5/5
- Perfect Getaway, A (2009) (Horror|Thriller): Rated 3.5/5

Consider these two movies they have not seen:

- Movie A: Scott Pilgrim vs. the World (2010) (Action|Comedy|Fantasy|Musical|Romance), average rating 3.79/5 (463 ratings)
- Movie B: Epic Movie (2007) (Adventure|Comedy), average rating 1.72/5 (48 ratings)

A decision tree trained on this dataset finds that when the two movies' average ratings differ by more than 2.00, users prefer the higher-rated movie 94% of the time.

TASK: Predict which movie Person 1 would rate higher. Explain your reasoning in 1 sentence. Then conclude with exactly 'PREDICTION: 1' (Movie A) or 'PREDICTION: 0' (Movie B).","You predicted Person 1's movie preference above.
TASK: Should we implement your prediction, or escalate to Person 1?
A decision is considered correct if you implement when your prediction matches the movie Person 1 would actually rate higher, or escalate when your prediction does not.
Explain your reasoning in 1-2 sentences, then conclude with exactly 'DECISION: 0' (implement) or 'DECISION: 1' (escalate).","Person 1 would rate Movie A higher because the difference in average ratings between Movie A (3.79) and Movie B (1.72) is 2.07, which exceeds the 2.00 threshold where the decision tree predicts a 94% preference for the higher-rated option.

PREDICTION: 1
","Since the decision tree indicates a 94% probability that Person 1 prefers the higher-rated movie and the rating difference (2.07) clearly exceeds the 2.00 threshold, implementing the prediction is the statistically sound choice.

DECISION: 0
",,,2026-05-27T21:07:18.646851
avg_diff_over_200,1,1,1,0,"Person 1 has reviewed the following movies:

- Citizen Kane (1941) (Drama|Mystery): Rated 4.0/5
- ¡Three Amigos! (1986) (Comedy|Western): Rated 3.5/5
- Unbreakable (2000) (Drama|Sci-Fi): Rated 4.5/5
- Cradle 2 the Grave (2003) (Action|Crime|Drama|Thriller): Rated 3.0/5
- What About Bob? (1991) (Comedy): Rated 3.0/5

Consider these two movies they have not seen:

- Movie A: Ghost Dog: The Way of the Samurai (1999) (Crime|Drama), average rating 3.86/5 (178 ratings)
- Movie B: Weekend at Bernie's II (1993) (Adventure|Comedy), average rating 1.85/5 (39 ratings)

A decision tree trained on this dataset finds that when the two movies' average ratings differ by more than 2.00, users prefer the higher-rated movie 94% of the time.

TASK: Predict which movie Person 1 would rate higher. Explain your reasoning in 1 sentence. Then conclude with exactly 'PREDICTION: 1' (Movie A) or 'PREDICTION: 0' (Movie B).","You predicted Person 1's movie preference above.
TASK: Should we implement your prediction, or escalate to Person 1?
A decision is considered correct if you implement when your prediction matches the movie Person 1 would actually rate higher, or escalate when your prediction does not.
Explain your reasoning in 1-2 sentences, then conclude with exactly 'DECISION: 0' (implement) or 'DECISION: 1' (escalate).","The average rating difference between Movie A (3.86) and Movie B (1.85) is 2.01, which exceeds the 2.00 threshold where the decision tree predicts a 94% preference for the higher-rated movie.

PREDICTION: 1
","Since the decision tree's condition (rating difference > 2.00) is met, the model predicts a 94% probability that Person 1 will prefer the higher-rated movie (Movie A), making implementation the statistically sound choice.

DECISION: 0
",,,2026-05-27T21:07:26.523180
avg_diff_over_200,1,1,1,0,"Person 1 has reviewed the following movies:

- Kit Kittredge: An American Girl (2008) (Children|Comedy|Drama|Mystery): Rated 3.0/5
- Memoirs of a Geisha (2005) (Drama|Romance): Rated 4.5/5
- Elizabethtown (2005) (Comedy|Drama|Romance): Rated 4.5/5
- Elizabeth (1998) (Drama): Rated 3.5/5
- West Side Story (1961) (Drama|Musical|Romance): Rated 3.0/5

Consider these two movies they have not seen:

- Movie A: Good bye, Lenin! (2003) (Comedy|Drama), average rating 3.92/5 (199 ratings)
- Movie B: Spice World (1997) (Comedy), average rating 1.68/5 (93 ratings)

A decision tree trained on this dataset finds that when the two movies' average ratings differ by more than 2.00, users prefer the higher-rated movie 94% of the time.

TASK: Predict which movie Person 1 would rate higher. Explain your reasoning in 1 sentence. Then conclude with exactly 'PREDICTION: 1' (Movie A) or 'PREDICTION: 0' (Movie B).","You predicted Person 1's movie preference above.
TASK: Should we implement your prediction, or escalate to Person 1?
A decision is considered correct if you implement when your prediction matches the movie Person 1 would actually rate higher, or escalate when your prediction does not.
Explain your reasoning in 1-2 sentences, then conclude with exactly 'DECISION: 0' (implement) or 'DECISION: 1' (escalate).","Person 1 would rate Movie A higher because the difference in average ratings between Movie A (3.92) and Movie B (1.68) is 2.24, which exceeds the 2.00 threshold where the model predicts a 94% preference for the higher-rated option.

PREDICTION: 1
","Since the decision tree indicates a 94% probability that Person 1 prefers the higher-rated movie when the rating difference exceeds 2.00, and our prediction aligns with this statistical likelihood, we should proceed with implementing the recommendation rather than escalating.

DECISION: 0
",,,2026-05-27T21:07:35.231553
avg_diff_over_200,1,1,1,0,"Person 1 has reviewed the following movies:

- Return to Me (2000) (Drama|Romance): Rated 4.0/5
- Drive Me Crazy (1999) (Comedy|Romance): Rated 3.0/5
- Dr. No (1962) (Action|Adventure|Thriller): Rated 5.0/5
- Limey, The (1999) (Crime|Drama|Thriller): Rated 3.0/5
- 28 Days (2000) (Drama): Rated 4.0/5

Consider these two movies they have not seen:

- Movie A: Blue Velvet (1986) (Drama|Mystery|Thriller), average rating 3.84/5 (408 ratings)
- Movie B: Battlefield Earth (2000) (Action|Sci-Fi), average rating 1.52/5 (152 ratings)

A decision tree trained on this dataset finds that when the two movies' average ratings differ by more than 2.00, users prefer the higher-rated movie 94% of the time.

TASK: Predict which movie Person 1 would rate higher. Explain your reasoning in 1 sentence. Then conclude with exactly 'PREDICTION: 1' (Movie A) or 'PREDICTION: 0' (Movie B).","You predicted Person 1's movie preference above.
TASK: Should we implement your prediction, or escalate to Person 1?
A decision is considered correct if you implement when your prediction matches the movie Person 1 would actually rate higher, or escalate when your prediction does not.
Explain your reasoning in 1-2 sentences, then conclude with exactly 'DECISION: 0' (implement) or 'DECISION: 1' (escalate).","Person 1 would rate Movie A higher because the difference in average ratings between Movie A (3.84) and Movie B (1.52) is 2.32, which exceeds the 2.00 threshold where the model predicts a 94% preference for the higher-rated option.

PREDICTION: 1
","Since the decision tree indicates a 94% probability that Person 1 prefers the higher-rated movie when the rating difference exceeds 2.00, and our calculated difference of 2.32 meets this condition, we should implement the prediction rather than escalate.

DECISION: 0
",,,2026-05-27T21:07:43.770674
avg_diff_over_200,1,1,1,1,"Person 1 has reviewed the following movies:

- Sixth Sense, The (1999) (Drama|Horror|Mystery): Rated 5.0/5
- Monsters, Inc. (2001) (Adventure|Animation|Children|Comedy|Fantasy): Rated 5.0/5
- Taxi (2004) (Action|Comedy): Rated 0.5/5
- Me, Myself & Irene (2000) (Adventure|Comedy): Rated 4.0/5
- Tremors (1990) (Comedy|Horror|Sci-Fi): Rated 4.0/5

Consider these two movies they have not seen:

- Movie A: Raiders of the Lost Ark (Indiana Jones and the Raiders of the Lost Ark) (1981) (Action|Adventure), average rating 4.10/5 (2100 ratings)
- Movie B: Meet the Spartans (2008) (Comedy), average rating 1.86/5 (38 ratings)

A decision tree trained on this dataset finds that when the two movies' average ratings differ by more than 2.00, users prefer the higher-rated movie 94% of the time.

TASK: Predict which movie Person 1 would rate higher. Explain your reasoning in 1 sentence. Then conclude with exactly 'PREDICTION: 1' (Movie A) or 'PREDICTION: 0' (Movie B).","You predicted Person 1's movie preference above.
TASK: Should we implement your prediction, or escalate to Person 1?
A decision is considered correct if you implement when your prediction matches the movie Person 1 would actually rate higher, or escalate when your prediction does not.
Explain your reasoning in 1-2 sentences, then conclude with exactly 'DECISION: 0' (implement) or 'DECISION: 1' (escalate).","The average rating difference between Movie A (4.10) and Movie B (1.86) is 2.24, which exceeds the 2.00 threshold where the decision tree predicts a 94% preference for the higher-rated movie.

PREDICTION: 1
","Since the prediction relies on a general decision tree rule rather than specific features from Person 1's history (such as their strong preference for comedies or horror), there is a significant risk that Person 1's individual taste will override the general trend, making escalation the safer approach.

DECISION: 1
",,,2026-05-27T21:07:51.796626
avg_diff_over_200,1,1,1,0,"Person 1 has reviewed the following movies:

- Dark Knight Rises, The (2012) (Action|Adventure|Crime|IMAX): Rated 4.0/5
- Hush (2016) (Thriller): Rated 5.0/5
- Prestige, The (2006) (Drama|Mystery|Sci-Fi|Thriller): Rated 1.0/5
- Spirited Away (Sen to Chihiro no kamikakushi) (2001) (Adventure|Animation|Fantasy): Rated 1.5/5
- Charlie and the Chocolate Factory (2005) (Adventure|Children|Comedy|Fantasy|IMAX): Rated 3.0/5

Consider these two movies they have not seen:

- Movie A: Eternal Sunshine of the Spotless Mind (2004) (Drama|Romance|Sci-Fi), average rating 4.06/5 (1381 ratings)
- Movie B: Invasion (1965) (Sci-Fi), average rating 1.00/5 (1 ratings)

A decision tree trained on this dataset finds that when the two movies' average ratings differ by more than 2.00, users prefer the higher-rated movie 94% of the time.

TASK: Predict which movie Person 1 would rate higher. Explain your reasoning in 1 sentence. Then conclude with exactly 'PREDICTION: 1' (Movie A) or 'PREDICTION: 0' (Movie B).","You predicted Person 1's movie preference above.
TASK: Should we implement your prediction, or escalate to Person 1?
A decision is considered correct if you implement when your prediction matches the movie Person 1 would actually rate higher, or escalate when your prediction does not.
Explain your reasoning in 1-2 sentences, then conclude with exactly 'DECISION: 0' (implement) or 'DECISION: 1' (escalate).","Person 1 would rate Movie A higher because the difference in average ratings between Movie A (4.06) and Movie B (1.00) is 3.06, which exceeds the 2.00 threshold where the decision tree predicts a 94% preference for the higher-rated option.

PREDICTION: 1
","Since the decision tree's logic indicates a 94% probability that Person 1 prefers the higher-rated movie given the large rating difference, implementing the prediction is the statistically sound choice.

DECISION: 0
",,,2026-05-27T21:07:59.339768
avg_diff_over_200,1,1,1,0,"Person 1 has reviewed the following movies:

- Police Academy 4: Citizens on Patrol (1987) (Comedy|Crime): Rated 1.0/5
- Fanny and Alexander (Fanny och Alexander) (1982) (Drama|Fantasy|Mystery): Rated 3.0/5
- Monsters, Inc. (2001) (Adventure|Animation|Children|Comedy|Fantasy): Rated 4.0/5
- Hunchback of Notre Dame, The (1996) (Animation|Children|Drama|Musical|Romance): Rated 4.0/5
- Seven (a.k.a. Se7en) (1995) (Mystery|Thriller): Rated 4.0/5

Consider these two movies they have not seen:

- Movie A: Forrest Gump (1994) (Comedy|Drama|Romance|War), average rating 4.04/5 (3089 ratings)
- Movie B: Home Alone 3 (1997) (Children|Comedy), average rating 1.74/5 (128 ratings)

A decision tree trained on this dataset finds that when the two movies' average ratings differ by more than 2.00, users prefer the higher-rated movie 94% of the time.

TASK: Predict which movie Person 1 would rate higher. Explain your reasoning in 1 sentence. Then conclude with exactly 'PREDICTION: 1' (Movie A) or 'PREDICTION: 0' (Movie B).","You predicted Person 1's movie preference above.
TASK: Should we implement your prediction, or escalate to Person 1?
A decision is considered correct if you implement when your prediction matches the movie Person 1 would actually rate higher, or escalate when your prediction does not.
Explain your reasoning in 1-2 sentences, then conclude with exactly 'DECISION: 0' (implement) or 'DECISION: 1' (escalate).","Person 1 would rate Movie A higher because the difference in average ratings between Movie A (4.04) and Movie B (1.74) is 2.30, which exceeds the 2.00 threshold where the model predicts a 94% preference for the higher-rated film.

PREDICTION: 1
","Since the decision tree indicates a 94% probability that Person 1 prefers the higher-rated movie when the rating difference exceeds 2.00, and our calculated difference of 2.30 meets this condition, we should implement the prediction rather than escalate.

DECISION: 0
",,,2026-05-27T21:08:08.114550
avg_diff_over_200,1,1,1,0,"Person 1 has reviewed the following movies:

- Harry Potter and the Half-Blood Prince (2009) (Adventure|Fantasy|Mystery|Romance|IMAX): Rated 4.5/5
- Zoolander (2001) (Comedy): Rated 4.0/5
- Hostel (2005) (Horror): Rated 1.0/5
- Shaun of the Dead (2004) (Comedy|Horror): Rated 4.0/5
- Little Miss Sunshine (2006) (Adventure|Comedy|Drama): Rated 5.0/5

Consider these two movies they have not seen:

- Movie A: Amreeka (2009) (Drama), average rating 4.25/5 (2 ratings)
- Movie B: Soul Plane (2004) (Comedy), average rating 2.24/5 (17 ratings)

A decision tree trained on this dataset finds that when the two movies' average ratings differ by more than 2.00, users prefer the higher-rated movie 94% of the time.

TASK: Predict which movie Person 1 would rate higher. Explain your reasoning in 1 sentence. Then conclude with exactly 'PREDICTION: 1' (Movie A) or 'PREDICTION: 0' (Movie B).","You predicted Person 1's movie preference above.
TASK: Should we implement your prediction, or escalate to Person 1?
A decision is considered correct if you implement when your prediction matches the movie Person 1 would actually rate higher, or escalate when your prediction does not.
Explain your reasoning in 1-2 sentences, then conclude with exactly 'DECISION: 0' (implement) or 'DECISION: 1' (escalate).","Person 1 would rate Movie A higher because the average ratings of the two unviewed movies differ by 2.01 points, which exceeds the decision tree's threshold of 2.00, leading to a 94% preference for the movie with the higher rating.

PREDICTION: 1
","Since the decision tree indicates a 94% probability that Person 1 prefers the higher-rated movie when the rating difference exceeds 2.00, and our prediction aligns with this statistical likelihood, we should proceed with implementing the recommendation rather than escalating.

DECISION: 0
",,,2026-05-27T21:08:16.469427
avg_diff_over_200,1,1,1,0,"Person 1 has reviewed the following movies:

- Kicking & Screaming (2005) (Comedy): Rated 3.0/5
- Seven (a.k.a. Se7en) (1995) (Mystery|Thriller): Rated 4.5/5
- Superstar (1999) (Comedy): Rated 1.0/5
- West Side Story (1961) (Drama|Musical|Romance): Rated 3.5/5
- Prestige, The (2006) (Drama|Mystery|Sci-Fi|Thriller): Rated 4.5/5

Consider these two movies they have not seen:

- Movie A: Memento (2000) (Mystery|Thriller), average rating 4.13/5 (1697 ratings)
- Movie B: Adventures of Sharkboy and Lavagirl 3-D, The (2005) (Action|Adventure|Children|Fantasy), average rating 2.09/5 (28 ratings)

A decision tree trained on this dataset finds that when the two movies' average ratings differ by more than 2.00, users prefer the higher-rated movie 94% of the time.

TASK: Predict which movie Person 1 would rate higher. Explain your reasoning in 1 sentence. Then conclude with exactly 'PREDICTION: 1' (Movie A) or 'PREDICTION: 0' (Movie B).","You predicted Person 1's movie preference above.
TASK: Should we implement your prediction, or escalate to Person 1?
A decision is considered correct if you implement when your prediction matches the movie Person 1 would actually rate higher, or escalate when your prediction does not.
Explain your reasoning in 1-2 sentences, then conclude with exactly 'DECISION: 0' (implement) or 'DECISION: 1' (escalate).","Person 1 would rate Movie A higher because the difference in average ratings between Movie A (4.13) and Movie B (2.09) is 2.04, which exceeds the 2.00 threshold where the decision tree predicts a preference for the higher-rated movie.

PREDICTION: 1
","Since the decision tree's condition (rating difference > 2.00) is met and the prediction is to choose the higher-rated movie, implementing the prediction is the correct course of action based on the provided logic.

DECISION: 0
",,,2026-05-27T21:08:24.250591
avg_diff_over_200,1,0,0,1,"Person 1 has reviewed the following movies:

- Star Wars: Episode IV - A New Hope (1977) (Action|Adventure|Sci-Fi): Rated 0.5/5
- Big Lebowski, The (1998) (Comedy|Crime): Rated 0.5/5
- Fright Night (1985) (Comedy|Horror|Thriller): Rated 0.5/5
- Illusionist, The (2006) (Drama|Fantasy|Mystery|Romance): Rated 0.5/5
- Lord of the Rings: The Return of the King, The (2003) (Action|Adventure|Drama|Fantasy): Rated 0.5/5

Consider these two movies they have not seen:

- Movie A: Old 37 (2015) ((no genres listed)), average rating 5.00/5 (1 ratings)
- Movie B: Noah (2014) (Adventure|Drama|IMAX), average rating 2.49/5 (73 ratings)

A decision tree trained on this dataset finds that when the two movies' average ratings differ by more than 2.00, users prefer the higher-rated movie 94% of the time.

TASK: Predict which movie Person 1 would rate higher. Explain your reasoning in 1 sentence. Then conclude with exactly 'PREDICTION: 1' (Movie A) or 'PREDICTION: 0' (Movie B).","You predicted Person 1's movie preference above.
TASK: Should we implement your prediction, or escalate to Person 1?
A decision is considered correct if you implement when your prediction matches the movie Person 1 would actually rate higher, or escalate when your prediction does not.
Explain your reasoning in 1-2 sentences, then conclude with exactly 'DECISION: 0' (implement) or 'DECISION: 1' (escalate).","Person 1 has consistently rated all five previously seen movies with a score of 0.5/5, indicating a strong preference for lower-rated content, which suggests they would likely rate Movie A (5.00/5) lower than Movie B (2.49/5) despite the general rule favoring higher ratings. PREDICTION: 0
","Since my prediction was that Person 1 would rate Movie B higher (DECISION: 0), and the correct action is to escalate when the prediction does not match the actual outcome, I must escalate to verify their true preference. DECISION: 1
",,,2026-05-27T21:08:32.440761
avg_diff_over_200,1,1,1,0,"Person 1 has reviewed the following movies:

- Good Night, and Good Luck. (2005) (Crime|Drama): Rated 4.5/5
- Do the Right Thing (1989) (Drama): Rated 4.5/5
- Apollo 13 (1995) (Adventure|Drama|IMAX): Rated 4.5/5
- Fugitive, The (1993) (Thriller): Rated 4.5/5
- Jurassic Park (1993) (Action|Adventure|Sci-Fi|Thriller): Rated 5.0/5

Consider these two movies they have not seen:

- Movie A: Rashomon (Rashômon) (1950) (Crime|Drama|Mystery), average rating 4.17/5 (187 ratings)
- Movie B: Adventures of Sharkboy and Lavagirl 3-D, The (2005) (Action|Adventure|Children|Fantasy), average rating 2.09/5 (28 ratings)

A decision tree trained on this dataset finds that when the two movies' average ratings differ by more than 2.00, users prefer the higher-rated movie 94% of the time.

TASK: Predict which movie Person 1 would rate higher. Explain your reasoning in 1 sentence. Then conclude with exactly 'PREDICTION: 1' (Movie A) or 'PREDICTION: 0' (Movie B).","You predicted Person 1's movie preference above.
TASK: Should we implement your prediction, or escalate to Person 1?
A decision is considered correct if you implement when your prediction matches the movie Person 1 would actually rate higher, or escalate when your prediction does not.
Explain your reasoning in 1-2 sentences, then conclude with exactly 'DECISION: 0' (implement) or 'DECISION: 1' (escalate).","Person 1 would rate Movie A higher because the difference in average ratings between Movie A (4.17) and Movie B (2.09) is 2.08, which exceeds the 2.00 threshold where the decision tree predicts a 94% preference for the higher-rated movie.

PREDICTION: 1
","Since the decision tree indicates a 94% probability that Person 1 prefers the higher-rated movie when the rating difference exceeds 2.00, and our calculated difference of 2.08 meets this condition, we should implement the prediction rather than escalate.

DECISION: 0
",,,2026-05-27T21:08:41.360726
avg_diff_over_200,1,1,1,0,"Person 1 has reviewed the following movies:

- Mystery Men (1999) (Action|Comedy|Fantasy): Rated 2.0/5
- (500) Days of Summer (2009) (Comedy|Drama|Romance): Rated 2.0/5
- Wyatt Earp (1994) (Western): Rated 3.5/5
- Willow (1988) (Action|Adventure|Fantasy): Rated 3.0/5
- Score, The (2001) (Action|Drama): Rated 2.5/5

Consider these two movies they have not seen:

- Movie A: American History X (1998) (Crime|Drama), average rating 4.14/5 (1245 ratings)
- Movie B: Super Mario Bros. (1993) (Action|Adventure|Children|Comedy|Fantasy|Sci-Fi), average rating 2.01/5 (198 ratings)

A decision tree trained on this dataset finds that when the two movies' average ratings differ by more than 2.00, users prefer the higher-rated movie 94% of the time.

TASK: Predict which movie Person 1 would rate higher. Explain your reasoning in 1 sentence. Then conclude with exactly 'PREDICTION: 1' (Movie A) or 'PREDICTION: 0' (Movie B).","You predicted Person 1's movie preference above.
TASK: Should we implement your prediction, or escalate to Person 1?
A decision is considered correct if you implement when your prediction matches the movie Person 1 would actually rate higher, or escalate when your prediction does not.
Explain your reasoning in 1-2 sentences, then conclude with exactly 'DECISION: 0' (implement) or 'DECISION: 1' (escalate).","Person 1 would rate Movie A higher because the difference in average ratings between the two movies (4.14 - 2.01 = 2.13) exceeds the 2.00 threshold, and the trained decision tree indicates a 94% preference for the higher-rated option in such cases.

PREDICTION: 1
","Since the decision tree's logic indicates a 94% probability that Person 1 prefers the higher-rated movie (Movie A) given the rating difference exceeds 2.00, implementing the prediction is the statistically sound choice.

DECISION: 0
",,,2026-05-27T21:08:49.758736
avg_diff_over_200,1,1,1,0,"Person 1 has reviewed the following movies:

- Indiana Jones and the Last Crusade (1989) (Action|Adventure): Rated 4.5/5
- Clear and Present Danger (1994) (Action|Crime|Drama|Thriller): Rated 3.0/5
- Stargate (1994) (Action|Adventure|Sci-Fi): Rated 4.0/5
- Star Wars: Episode IV - A New Hope (1977) (Action|Adventure|Sci-Fi): Rated 5.0/5
- Bourne Supremacy, The (2004) (Action|Crime|Thriller): Rated 4.0/5

Consider these two movies they have not seen:

- Movie A: Rain Man (1988) (Drama), average rating 3.93/5 (1068 ratings)
- Movie B: From Justin to Kelly (2003) (Musical|Romance), average rating 0.96/5 (14 ratings)

A decision tree trained on this dataset finds that when the two movies' average ratings differ by more than 2.00, users prefer the higher-rated movie 94% of the time.

TASK: Predict which movie Person 1 would rate higher. Explain your reasoning in 1 sentence. Then conclude with exactly 'PREDICTION: 1' (Movie A) or 'PREDICTION: 0' (Movie B).","You predicted Person 1's movie preference above.
TASK: Should we implement your prediction, or escalate to Person 1?
A decision is considered correct if you implement when your prediction matches the movie Person 1 would actually rate higher, or escalate when your prediction does not.
Explain your reasoning in 1-2 sentences, then conclude with exactly 'DECISION: 0' (implement) or 'DECISION: 1' (escalate).","Person 1 would rate Movie A higher because the difference in average ratings between Movie A (3.93) and Movie B (0.96) is 2.97, which exceeds the 2.00 threshold where the model predicts a 94% preference for the higher-rated film.

PREDICTION: 1
","Since the decision tree indicates a 94% probability that Person 1 prefers the higher-rated movie when the rating difference exceeds 2.00, and our prediction aligns with this statistical likelihood, we should proceed with implementing the recommendation rather than escalating.

DECISION: 0
",,,2026-05-27T21:08:58.160433
avg_diff_over_200,1,0,0,1,"Person 1 has reviewed the following movies:

- Toy Story 4 (2019) (Adventure|Animation|Children|Comedy): Rated 3.5/5
- Manchurian Candidate, The (1962) (Crime|Thriller|War): Rated 3.5/5
- Midnight Run (1988) (Action|Comedy|Crime|Thriller): Rated 4.0/5
- Uuno Turhapuro menettää muistinsa (1982) (Comedy): Rated 0.5/5
- Flowers of Evil (2016) (Crime|Drama): Rated 3.0/5

Consider these two movies they have not seen:

- Movie A: Tom of Finland (2017) (Drama), average rating 3.00/5 (3 ratings)
- Movie B: Baby of Mâcon, The (a.k.a. The Baby of Macon) (1993) (Drama), average rating 1.00/5 (1 ratings)

A decision tree trained on this dataset finds that when the two movies' average ratings differ by more than 2.00, users prefer the higher-rated movie 94% of the time.

TASK: Predict which movie Person 1 would rate higher. Explain your reasoning in 1 sentence. Then conclude with exactly 'PREDICTION: 1' (Movie A) or 'PREDICTION: 0' (Movie B).","You predicted Person 1's movie preference above.
TASK: Should we implement your prediction, or escalate to Person 1?
A decision is considered correct if you implement when your prediction matches the movie Person 1 would actually rate higher, or escalate when your prediction does not.
Explain your reasoning in 1-2 sentences, then conclude with exactly 'DECISION: 0' (implement) or 'DECISION: 1' (escalate).","Person 1 would rate Movie A higher because the difference in average ratings between Movie A (3.00) and Movie B (1.00) is 2.00, which does not exceed the 2.00 threshold required for the decision tree to apply its preference rule.

PREDICTION: 0
","Since the decision tree's condition (difference > 2.00) was not met, the prediction relies on a default assumption rather than a strong learned rule, making it less reliable than if the condition had been triggered. Therefore, it is safer to escalate to Person 1 to confirm their actual preference rather than implementing the prediction.

DECISION: 1
",,,2026-05-27T21:09:07.255676
avg_diff_over_200,1,1,1,0,"Person 1 has reviewed the following movies:

- Tower Heist (2011) (Action|Comedy|Crime): Rated 2.5/5
- Peter Pan (1953) (Animation|Children|Fantasy|Musical): Rated 3.0/5
- Pirates of the Caribbean: On Stranger Tides (2011) (Action|Adventure|Fantasy|IMAX): Rated 2.0/5
- How the Grinch Stole Christmas! (1966) (Animation|Comedy|Fantasy|Musical): Rated 3.5/5
- Twilight Saga: Breaking Dawn - Part 1, The (2011) (Adventure|Drama|Fantasy|Romance): Rated 2.0/5

Consider these two movies they have not seen:

- Movie A: Dirty Harry (1971) (Action|Crime|Thriller), average rating 3.75/5 (254 ratings)
- Movie B: Cats (2019) (Comedy|Drama|Fantasy), average rating 1.60/5 (10 ratings)

A decision tree trained on this dataset finds that when the two movies' average ratings differ by more than 2.00, users prefer the higher-rated movie 94% of the time.

TASK: Predict which movie Person 1 would rate higher. Explain your reasoning in 1 sentence. Then conclude with exactly 'PREDICTION: 1' (Movie A) or 'PREDICTION: 0' (Movie B).","You predicted Person 1's movie preference above.
TASK: Should we implement your prediction, or escalate to Person 1?
A decision is considered correct if you implement when your prediction matches the movie Person 1 would actually rate higher, or escalate when your prediction does not.
Explain your reasoning in 1-2 sentences, then conclude with exactly 'DECISION: 0' (implement) or 'DECISION: 1' (escalate).","Person 1 would rate Movie A higher because the difference in average ratings between Movie A (3.75) and Movie B (1.60) is 2.15, which exceeds the 2.00 threshold where the model predicts a 94% preference for the higher-rated film.

PREDICTION: 1
","Since the decision tree indicates a 94% probability that Person 1 prefers the higher-rated movie given the rating difference exceeds 2.00, and our prediction aligns with this statistical likelihood, we should proceed with implementing the recommendation rather than escalating.

DECISION: 0
",,,2026-05-27T21:09:15.735565
avg_diff_over_200,1,1,1,0,"Person 1 has reviewed the following movies:

- Star Wars: Episode V - The Empire Strikes Back (1980) (Action|Adventure|Sci-Fi): Rated 4.0/5
- Scream (1996) (Comedy|Horror|Mystery|Thriller): Rated 4.0/5
- South Park: Bigger, Longer and Uncut (1999) (Animation|Comedy|Musical): Rated 5.0/5
- Knocked Up (2007) (Comedy|Drama|Romance): Rated 4.0/5
- Spider-Man 3 (2007) (Action|Adventure|Sci-Fi|Thriller|IMAX): Rated 2.0/5

Consider these two movies they have not seen:

- Movie A: Princess Bride, The (1987) (Action|Adventure|Comedy|Fantasy|Romance), average rating 4.08/5 (1455 ratings)
- Movie B: Home Sweet Home Alone (2021) (Children|Comedy), average rating 1.33/5 (3 ratings)

A decision tree trained on this dataset finds that when the two movies' average ratings differ by more than 2.00, users prefer the higher-rated movie 94% of the time.

TASK: Predict which movie Person 1 would rate higher. Explain your reasoning in 1 sentence. Then conclude with exactly 'PREDICTION: 1' (Movie A) or 'PREDICTION: 0' (Movie B).","You predicted Person 1's movie preference above.
TASK: Should we implement your prediction, or escalate to Person 1?
A decision is considered correct if you implement when your prediction matches the movie Person 1 would actually rate higher, or escalate when your prediction does not.
Explain your reasoning in 1-2 sentences, then conclude with exactly 'DECISION: 0' (implement) or 'DECISION: 1' (escalate).","Person 1 would rate Movie A higher because the difference in average ratings between the two unviewed movies (4.08 vs 1.33) exceeds the 2.00 threshold identified by the decision tree, which predicts a 94% preference for the higher-rated option.

PREDICTION: 1
","Since the decision tree's logic indicates a 94% probability that Person 1 prefers the higher-rated movie, implementing the prediction is the statistically sound choice without needing to escalate.

DECISION: 0
",,,2026-05-27T21:09:23.338270
avg_diff_over_200,1,1,1,0,"Person 1 has reviewed the following movies:

- Butch Cassidy and the Sundance Kid (1969) (Action|Western): Rated 4.0/5
- French Kiss (1995) (Action|Comedy|Romance): Rated 3.0/5
- Tin Cup (1996) (Comedy|Drama|Romance): Rated 3.0/5
- Sling Blade (1996) (Drama): Rated 4.5/5
- Dragonheart (1996) (Action|Adventure|Fantasy): Rated 4.0/5

Consider these two movies they have not seen:

- Movie A: Fight Club (1999) (Action|Crime|Drama|Thriller), average rating 4.22/5 (2425 ratings)
- Movie B: Gone Fishin' (1997) (Comedy), average rating 2.17/5 (18 ratings)

A decision tree trained on this dataset finds that when the two movies' average ratings differ by more than 2.00, users prefer the higher-rated movie 94% of the time.

TASK: Predict which movie Person 1 would rate higher. Explain your reasoning in 1 sentence. Then conclude with exactly 'PREDICTION: 1' (Movie A) or 'PREDICTION: 0' (Movie B).","You predicted Person 1's movie preference above.
TASK: Should we implement your prediction, or escalate to Person 1?
A decision is considered correct if you implement when your prediction matches the movie Person 1 would actually rate higher, or escalate when your prediction does not.
Explain your reasoning in 1-2 sentences, then conclude with exactly 'DECISION: 0' (implement) or 'DECISION: 1' (escalate).","Person 1 would rate Movie A higher because the difference in average ratings between the two movies (4.22 - 2.17 = 2.05) exceeds the decision tree's threshold of 2.00, triggering the rule that users prefer the higher-rated movie.

PREDICTION: 1
","Since the decision tree rule indicates a 94% probability that users prefer the higher-rated movie when the rating difference exceeds 2.00, and our prediction aligns with this statistical likelihood, implementing the recommendation is the appropriate course of action.

DECISION: 0
",,,2026-05-27T21:09:31.662170
avg_diff_over_200,1,1,1,0,"Person 1 has reviewed the following movies:

- Monty Python's Life of Brian (1979) (Comedy): Rated 3.0/5
- Wanted (2008) (Action|Thriller): Rated 3.0/5
- Indiana Jones and the Temple of Doom (1984) (Action|Adventure|Fantasy): Rated 3.0/5
- Dumb & Dumber (Dumb and Dumber) (1994) (Adventure|Comedy): Rated 2.5/5
- Sicko (2007) (Documentary|Drama): Rated 4.5/5

Consider these two movies they have not seen:

- Movie A: Star Wars: Episode V - The Empire Strikes Back (1980) (Action|Adventure|Sci-Fi), average rating 4.10/5 (2250 ratings)
- Movie B: Anaconda (1997) (Action|Adventure|Thriller), average rating 2.06/5 (219 ratings)

A decision tree trained on this dataset finds that when the two movies' average ratings differ by more than 2.00, users prefer the higher-rated movie 94% of the time.

TASK: Predict which movie Person 1 would rate higher. Explain your reasoning in 1 sentence. Then conclude with exactly 'PREDICTION: 1' (Movie A) or 'PREDICTION: 0' (Movie B).","You predicted Person 1's movie preference above.
TASK: Should we implement your prediction, or escalate to Person 1?
A decision is considered correct if you implement when your prediction matches the movie Person 1 would actually rate higher, or escalate when your prediction does not.
Explain your reasoning in 1-2 sentences, then conclude with exactly 'DECISION: 0' (implement) or 'DECISION: 1' (escalate).","Person 1 would rate Movie A higher because the difference in average ratings between the two movies (4.10 - 2.06 = 2.04) exceeds the decision tree's threshold of 2.00, triggering the rule that users prefer the higher-rated movie.

PREDICTION: 1
","Since the decision tree rule explicitly states that users prefer the higher-rated movie when the rating difference exceeds 2.00, and the difference between Movie A and Movie B is 2.04, the prediction that Person 1 will choose Movie A is highly reliable based on the provided logic. Therefore, we should implement the prediction rather than escalate to the user.

DECISION: 0
",,,2026-05-27T21:09:41.102906
avg_diff_over_200,1,1,1,0,"Person 1 has reviewed the following movies:

- Pirates of the Caribbean: The Curse of the Black Pearl (2003) (Action|Adventure|Comedy|Fantasy): Rated 3.0/5
- Lord of the Rings: The Return of the King, The (2003) (Action|Adventure|Drama|Fantasy): Rated 5.0/5
- Good Will Hunting (1997) (Drama|Romance): Rated 5.0/5
- Titanic (1997) (Drama|Romance): Rated 3.0/5
- Django Unchained (2012) (Action|Drama|Western): Rated 5.0/5

Consider these two movies they have not seen:

- Movie A: Fargo (1996) (Comedy|Crime|Drama|Thriller), average rating 4.15/5 (1819 ratings)
- Movie B: The Male Gaze: The Heat of the Night (2019) (Drama), average rating 0.50/5 (1 ratings)

A decision tree trained on this dataset finds that when the two movies' average ratings differ by more than 2.00, users prefer the higher-rated movie 94% of the time.

TASK: Predict which movie Person 1 would rate higher. Explain your reasoning in 1 sentence. Then conclude with exactly 'PREDICTION: 1' (Movie A) or 'PREDICTION: 0' (Movie B).","You predicted Person 1's movie preference above.
TASK: Should we implement your prediction, or escalate to Person 1?
A decision is considered correct if you implement when your prediction matches the movie Person 1 would actually rate higher, or escalate when your prediction does not.
Explain your reasoning in 1-2 sentences, then conclude with exactly 'DECISION: 0' (implement) or 'DECISION: 1' (escalate).","Person 1 would rate Movie A higher because the difference in average ratings between Movie A (4.15) and Movie B (0.50) is 3.65, which exceeds the 2.00 threshold where the decision tree predicts a 94% preference for the higher-rated movie.

PREDICTION: 1
","Since the decision tree's logic indicates a 94% probability that Person 1 prefers the higher-rated movie in this specific rating gap scenario, implementing the prediction is the statistically sound choice.

DECISION: 0
",,,2026-05-27T21:09:48.950581
avg_diff_over_200,1,1,1,0,"Person 1 has reviewed the following movies:

- Police Academy 5: Assignment: Miami Beach (1988) (Comedy|Crime): Rated 4.0/5
- 21 Grams (2003) (Crime|Drama|Mystery|Romance|Thriller): Rated 5.0/5
- Crocodile Dundee (1986) (Adventure|Comedy): Rated 3.5/5
- American History X (1998) (Crime|Drama): Rated 5.0/5
- Beverly Hills Cop (1984) (Action|Comedy|Crime|Drama): Rated 3.0/5

Consider these two movies they have not seen:

- Movie A: Trainspotting (1996) (Comedy|Crime|Drama), average rating 4.01/5 (1092 ratings)
- Movie B: Friday the 13th Part V: A New Beginning (1985) (Horror), average rating 1.86/5 (44 ratings)

A decision tree trained on this dataset finds that when the two movies' average ratings differ by more than 2.00, users prefer the higher-rated movie 94% of the time.

TASK: Predict which movie Person 1 would rate higher. Explain your reasoning in 1 sentence. Then conclude with exactly 'PREDICTION: 1' (Movie A) or 'PREDICTION: 0' (Movie B).","You predicted Person 1's movie preference above.
TASK: Should we implement your prediction, or escalate to Person 1?
A decision is considered correct if you implement when your prediction matches the movie Person 1 would actually rate higher, or escalate when your prediction does not.
Explain your reasoning in 1-2 sentences, then conclude with exactly 'DECISION: 0' (implement) or 'DECISION: 1' (escalate).","Person 1 would rate Movie A higher because the difference in average ratings between the two movies (2.15) exceeds the decision tree's threshold of 2.00, leading to a 94% preference for the higher-rated option.

PREDICTION: 1
","Since the decision tree indicates a 94% probability that Person 1 prefers the higher-rated movie when the rating difference exceeds 2.00, and our prediction aligns with this statistical likelihood, we should proceed with implementing the recommendation rather than escalating.

DECISION: 0
",,,2026-05-27T21:09:56.927537
avg_diff_over_200,1,1,1,0,"Person 1 has reviewed the following movies:

- Expelled from Paradise (2014) (Animation|Sci-Fi): Rated 3.5/5
- Ant-Man (2015) (Action|Adventure|Sci-Fi): Rated 1.5/5
- Pirates of the Caribbean: The Curse of the Black Pearl (2003) (Action|Adventure|Comedy|Fantasy): Rated 3.5/5
- Harry Potter and the Prisoner of Azkaban (2004) (Adventure|Fantasy|IMAX): Rated 4.0/5
- Incredibles, The (2004) (Action|Adventure|Animation|Children|Comedy): Rated 3.5/5

Consider these two movies they have not seen:

- Movie A: Monsters vs. Aliens (2009) (Animation|Sci-Fi|IMAX), average rating 2.91/5 (106 ratings)
- Movie B: Sword Art Online Extra Edition (2013) (Action|Adventure|Animation|Drama|Fantasy), average rating 0.50/5 (1 ratings)

A decision tree trained on this dataset finds that when the two movies' average ratings differ by more than 2.00, users prefer the higher-rated movie 94% of the time.

TASK: Predict which movie Person 1 would rate higher. Explain your reasoning in 1 sentence. Then conclude with exactly 'PREDICTION: 1' (Movie A) or 'PREDICTION: 0' (Movie B).","You predicted Person 1's movie preference above.
TASK: Should we implement your prediction, or escalate to Person 1?
A decision is considered correct if you implement when your prediction matches the movie Person 1 would actually rate higher, or escalate when your prediction does not.
Explain your reasoning in 1-2 sentences, then conclude with exactly 'DECISION: 0' (implement) or 'DECISION: 1' (escalate).","Person 1 would rate Movie A higher because the difference in average ratings between Movie A (2.91) and Movie B (0.50) is 2.41, which exceeds the 2.00 threshold where the decision tree predicts a 94% preference for the higher-rated movie.

PREDICTION: 1
","Since the decision tree indicates a 94% probability that Person 1 prefers the higher-rated movie when the rating difference exceeds 2.00, and our calculated difference of 2.41 meets this condition, implementing the prediction is the statistically sound choice.

DECISION: 0
",,,2026-05-27T21:10:05.700917
avg_diff_over_200,1,1,1,0,"Person 1 has reviewed the following movies:

- Funny Farm (1988) (Comedy): Rated 3.0/5
- Deliverance (1972) (Adventure|Drama|Thriller): Rated 4.0/5
- Time Bandits (1981) (Adventure|Comedy|Fantasy|Sci-Fi): Rated 4.0/5
- Blues Brothers, The (1980) (Action|Comedy|Musical): Rated 4.0/5
- Distinguished Gentleman, The (1992) (Comedy): Rated 4.0/5

Consider these two movies they have not seen:

- Movie A: Christmas Story, A (1983) (Children|Comedy), average rating 3.92/5 (415 ratings)
- Movie B: Meatballs III (1987) (Comedy), average rating 1.60/5 (15 ratings)

A decision tree trained on this dataset finds that when the two movies' average ratings differ by more than 2.00, users prefer the higher-rated movie 94% of the time.

TASK: Predict which movie Person 1 would rate higher. Explain your reasoning in 1 sentence. Then conclude with exactly 'PREDICTION: 1' (Movie A) or 'PREDICTION: 0' (Movie B).","You predicted Person 1's movie preference above.
TASK: Should we implement your prediction, or escalate to Person 1?
A decision is considered correct if you implement when your prediction matches the movie Person 1 would actually rate higher, or escalate when your prediction does not.
Explain your reasoning in 1-2 sentences, then conclude with exactly 'DECISION: 0' (implement) or 'DECISION: 1' (escalate).","Person 1 has a strong preference for comedies with ratings of 4.0 or higher, making them likely to rate the 3.92/5 *Christmas Story* higher than the 1.60/5 *Meatballs III*. PREDICTION: 1
","Since the decision tree indicates a 94% success rate for preferring the higher-rated movie when the rating difference exceeds 2.00, and Person 1's history shows a consistent pattern of rating comedies highly (4.0/5), implementing the prediction is statistically sound. DECISION: 0
",,,2026-05-27T21:10:13.662740
avg_diff_over_200,1,1,1,0,"Person 1 has reviewed the following movies:

- Slums of Beverly Hills, The (1998) (Comedy|Drama): Rated 4.0/5
- Searching for Bobby Fischer (1993) (Drama): Rated 3.0/5
- Rocky II (1979) (Action|Drama): Rated 2.0/5
- Hoosiers (a.k.a. Best Shot) (1986) (Drama|Romance): Rated 4.0/5
- Down by Law (1986) (Comedy|Drama|Film-Noir): Rated 5.0/5

Consider these two movies they have not seen:

- Movie A: Tin Drum, The (Blechtrommel, Die) (1979) (Drama|War), average rating 3.75/5 (50 ratings)
- Movie B: Billy Jack Goes to Washington (1977) (Drama), average rating 1.70/5 (5 ratings)

A decision tree trained on this dataset finds that when the two movies' average ratings differ by more than 2.00, users prefer the higher-rated movie 94% of the time.

TASK: Predict which movie Person 1 would rate higher. Explain your reasoning in 1 sentence. Then conclude with exactly 'PREDICTION: 1' (Movie A) or 'PREDICTION: 0' (Movie B).","You predicted Person 1's movie preference above.
TASK: Should we implement your prediction, or escalate to Person 1?
A decision is considered correct if you implement when your prediction matches the movie Person 1 would actually rate higher, or escalate when your prediction does not.
Explain your reasoning in 1-2 sentences, then conclude with exactly 'DECISION: 0' (implement) or 'DECISION: 1' (escalate).","The average rating difference between Movie A (3.75) and Movie B (1.70) is 2.05, which exceeds the 2.00 threshold where the decision tree predicts a 94% preference for the higher-rated movie.

PREDICTION: 1
","Since the decision tree indicates a 94% probability that Person 1 prefers the higher-rated movie given the rating difference exceeds 2.00, and our calculated difference of 2.05 meets this condition, implementing the prediction is the statistically sound choice.

DECISION: 0
",,,2026-05-27T21:10:21.577824
avg_diff_over_200,1,1,1,1,"Person 1 has reviewed the following movies:

- Die Hard (1988) (Action|Crime|Thriller): Rated 5.0/5
- Madame Butterfly (1995) (Musical): Rated 4.0/5
- Apple Dumpling Gang, The (1975) (Children|Comedy|Western): Rated 3.0/5
- Butch Cassidy and the Sundance Kid (1969) (Action|Western): Rated 4.0/5
- Liar Liar (1997) (Comedy): Rated 5.0/5

Consider these two movies they have not seen:

- Movie A: Deer Hunter, The (1978) (Drama|War), average rating 4.00/5 (428 ratings)
- Movie B: Friday the 13th Part VIII: Jason Takes Manhattan (1989) (Horror), average rating 1.80/5 (48 ratings)

A decision tree trained on this dataset finds that when the two movies' average ratings differ by more than 2.00, users prefer the higher-rated movie 94% of the time.

TASK: Predict which movie Person 1 would rate higher. Explain your reasoning in 1 sentence. Then conclude with exactly 'PREDICTION: 1' (Movie A) or 'PREDICTION: 0' (Movie B).","You predicted Person 1's movie preference above.
TASK: Should we implement your prediction, or escalate to Person 1?
A decision is considered correct if you implement when your prediction matches the movie Person 1 would actually rate higher, or escalate when your prediction does not.
Explain your reasoning in 1-2 sentences, then conclude with exactly 'DECISION: 0' (implement) or 'DECISION: 1' (escalate).","The average rating difference between Movie A (4.00) and Movie B (1.80) is 2.20, which exceeds the 2.00 threshold where the decision tree indicates a 94% preference for the higher-rated movie.

PREDICTION: 1
","Since the prediction relies on a general decision tree rule rather than specific data from Person 1's history, there is a significant risk that Person 1's personal taste deviates from the average user behavior captured by the model. Therefore, it is safer to escalate to Person 1 to confirm their actual preference before implementing the recommendation.

DECISION: 1
",,,2026-05-27T21:10:30.352446
avg_diff_over_200,1,1,1,0,"Person 1 has reviewed the following movies:

- War for the Planet of the Apes (2017) (Action|Adventure|Drama|Sci-Fi): Rated 3.5/5
- Zoolander (2001) (Comedy): Rated 3.0/5
- Dead Poets Society (1989) (Drama): Rated 5.0/5
- Tron: Legacy (2010) (Action|Adventure|Sci-Fi|IMAX): Rated 3.5/5
- VeggieTales: Lord of the Beans (2005) (Animation|Children): Rated 3.0/5

Consider these two movies they have not seen:

- Movie A: Emperor's New Groove, The (2000) (Adventure|Animation|Children|Comedy|Fantasy), average rating 3.72/5 (346 ratings)
- Movie B: Flintstones in Viva Rock Vegas, The (2000) (Children|Comedy), average rating 1.65/5 (53 ratings)

A decision tree trained on this dataset finds that when the two movies' average ratings differ by more than 2.00, users prefer the higher-rated movie 94% of the time.

TASK: Predict which movie Person 1 would rate higher. Explain your reasoning in 1 sentence. Then conclude with exactly 'PREDICTION: 1' (Movie A) or 'PREDICTION: 0' (Movie B).","You predicted Person 1's movie preference above.
TASK: Should we implement your prediction, or escalate to Person 1?
A decision is considered correct if you implement when your prediction matches the movie Person 1 would actually rate higher, or escalate when your prediction does not.
Explain your reasoning in 1-2 sentences, then conclude with exactly 'DECISION: 0' (implement) or 'DECISION: 1' (escalate).","Person 1 would rate Movie A higher because the difference in average ratings between Movie A (3.72) and Movie B (1.65) is 2.07, which exceeds the 2.00 threshold where the decision tree predicts a 94% preference for the higher-rated movie.

PREDICTION: 1
","Since the decision tree indicates a 94% probability that Person 1 prefers the higher-rated movie when the rating difference exceeds 2.00, and our calculated difference of 2.07 supports this, we should proceed with the prediction rather than seeking confirmation.

DECISION: 0
",,,2026-05-27T21:10:39.333279
avg_diff_over_200,1,1,1,0,"Person 1 has reviewed the following movies:

- Peter Pan (1953) (Animation|Children|Fantasy|Musical): Rated 5.0/5
- Incredibles 2 (2018) (Action|Adventure|Animation|Children): Rated 4.0/5
- Toy Story 2 (1999) (Adventure|Animation|Children|Comedy|Fantasy): Rated 4.0/5
- Interstellar (2014) (Sci-Fi|IMAX): Rated 3.0/5
- Princess Diaries, The (2001) (Children|Comedy|Romance): Rated 4.5/5

Consider these two movies they have not seen:

- Movie A: Lion King, The (1994) (Adventure|Animation|Children|Drama|Musical|IMAX), average rating 3.82/5 (1609 ratings)
- Movie B: The Graduation (2017) (Documentary), average rating 1.00/5 (1 ratings)

A decision tree trained on this dataset finds that when the two movies' average ratings differ by more than 2.00, users prefer the higher-rated movie 94% of the time.

TASK: Predict which movie Person 1 would rate higher. Explain your reasoning in 1 sentence. Then conclude with exactly 'PREDICTION: 1' (Movie A) or 'PREDICTION: 0' (Movie B).","You predicted Person 1's movie preference above.
TASK: Should we implement your prediction, or escalate to Person 1?
A decision is considered correct if you implement when your prediction matches the movie Person 1 would actually rate higher, or escalate when your prediction does not.
Explain your reasoning in 1-2 sentences, then conclude with exactly 'DECISION: 0' (implement) or 'DECISION: 1' (escalate).","Person 1 would rate Movie A higher because the difference in average ratings between Movie A (3.82) and Movie B (1.00) is 2.82, which exceeds the 2.00 threshold where the decision tree predicts a 94% preference for the higher-rated movie.

PREDICTION: 1
","Since the decision tree indicates a 94% probability that Person 1 prefers the higher-rated movie given the large rating difference, implementing the prediction is the statistically sound choice.

DECISION: 0
",,,2026-05-27T21:10:47.071137
avg_diff_over_200,1,1,1,1,"Person 1 has reviewed the following movies:

- Heat (1972) (Comedy|Drama|Romance): Rated 5.0/5
- Dick Tracy (1990) (Action|Crime): Rated 4.0/5
- G.I. Jane (1997) (Action|Drama): Rated 0.5/5
- Waking Ned Devine (a.k.a. Waking Ned) (1998) (Comedy): Rated 3.5/5
- Snake Eyes (1998) (Action|Crime|Mystery|Thriller): Rated 3.0/5

Consider these two movies they have not seen:

- Movie A: Godfather, The (1972) (Crime|Drama), average rating 4.31/5 (2098 ratings)
- Movie B: Rocky V (1990) (Action|Drama), average rating 2.31/5 (144 ratings)

A decision tree trained on this dataset finds that when the two movies' average ratings differ by more than 2.00, users prefer the higher-rated movie 94% of the time.

TASK: Predict which movie Person 1 would rate higher. Explain your reasoning in 1 sentence. Then conclude with exactly 'PREDICTION: 1' (Movie A) or 'PREDICTION: 0' (Movie B).","You predicted Person 1's movie preference above.
TASK: Should we implement your prediction, or escalate to Person 1?
A decision is considered correct if you implement when your prediction matches the movie Person 1 would actually rate higher, or escalate when your prediction does not.
Explain your reasoning in 1-2 sentences, then conclude with exactly 'DECISION: 0' (implement) or 'DECISION: 1' (escalate).","Person 1 would rate Movie A higher because the difference in average ratings between the two movies (4.31 - 2.31 = 2.00) does not exceed the 2.00 threshold required by the decision tree to trigger the preference for the higher-rated film.

PREDICTION: 1
","Since the decision tree's condition for automatically preferring the higher-rated movie was not met (the rating difference was exactly 2.00, not greater than 2.00), the model cannot confidently predict Person 1's preference without further data, making escalation the safer choice.

DECISION: 1
",,,2026-05-27T21:10:55.616787
avg_diff_over_200,1,1,1,0,"Person 1 has reviewed the following movies:

- Nosferatu (Nosferatu, eine Symphonie des Grauens) (1922) (Horror): Rated 3.5/5
- American Pie 2 (2001) (Comedy): Rated 1.0/5
- Dog Day Afternoon (1975) (Crime|Drama): Rated 4.5/5
- Inglourious Basterds (2009) (Action|Drama|War): Rated 5.0/5
- Sin City (2005) (Action|Crime|Film-Noir|Mystery|Thriller): Rated 4.5/5

Consider these two movies they have not seen:

- Movie A: Crouching Tiger, Hidden Dragon (Wo hu cang long) (2000) (Action|Drama|Romance), average rating 3.78/5 (962 ratings)
- Movie B: Our Times (2015) (Drama|Romance), average rating 1.75/5 (2 ratings)

A decision tree trained on this dataset finds that when the two movies' average ratings differ by more than 2.00, users prefer the higher-rated movie 94% of the time.

TASK: Predict which movie Person 1 would rate higher. Explain your reasoning in 1 sentence. Then conclude with exactly 'PREDICTION: 1' (Movie A) or 'PREDICTION: 0' (Movie B).","You predicted Person 1's movie preference above.
TASK: Should we implement your prediction, or escalate to Person 1?
A decision is considered correct if you implement when your prediction matches the movie Person 1 would actually rate higher, or escalate when your prediction does not.
Explain your reasoning in 1-2 sentences, then conclude with exactly 'DECISION: 0' (implement) or 'DECISION: 1' (escalate).","Person 1 would rate Movie A higher because the difference in average ratings between the two movies (2.03) exceeds the decision tree's threshold of 2.00, leading to a 94% preference for the higher-rated option. PREDICTION: 1
","Since the decision tree indicates a 94% probability that Person 1 prefers the higher-rated movie when the rating difference exceeds 2.00, and our prediction aligns with this statistical likelihood, we should proceed with implementing the recommendation. DECISION: 0
",,,2026-05-27T21:11:03.061053
avg_diff_over_200,1,1,1,0,"Person 1 has reviewed the following movies:

- 300 (2007) (Action|Fantasy|War|IMAX): Rated 4.0/5
- Evil Dead II (Dead by Dawn) (1987) (Action|Comedy|Fantasy|Horror): Rated 1.5/5
- Kiss Kiss Bang Bang (2005) (Comedy|Crime|Mystery|Thriller): Rated 4.0/5
- Professional, The (Le professionnel) (1981) (Action|Drama|Thriller): Rated 5.0/5
- Pirates of the Caribbean: The Curse of the Black Pearl (2003) (Action|Adventure|Comedy|Fantasy): Rated 3.0/5

Consider these two movies they have not seen:

- Movie A: Memento (2000) (Mystery|Thriller), average rating 4.13/5 (1697 ratings)
- Movie B: Super Mario Bros. (1993) (Action|Adventure|Children|Comedy|Fantasy|Sci-Fi), average rating 2.01/5 (198 ratings)

A decision tree trained on this dataset finds that when the two movies' average ratings differ by more than 2.00, users prefer the higher-rated movie 94% of the time.

TASK: Predict which movie Person 1 would rate higher. Explain your reasoning in 1 sentence. Then conclude with exactly 'PREDICTION: 1' (Movie A) or 'PREDICTION: 0' (Movie B).","You predicted Person 1's movie preference above.
TASK: Should we implement your prediction, or escalate to Person 1?
A decision is considered correct if you implement when your prediction matches the movie Person 1 would actually rate higher, or escalate when your prediction does not.
Explain your reasoning in 1-2 sentences, then conclude with exactly 'DECISION: 0' (implement) or 'DECISION: 1' (escalate).","Person 1 would rate Movie A higher because the difference in average ratings between Movie A (4.13) and Movie B (2.01) is 2.12, which exceeds the 2.00 threshold where the model predicts a 94% preference for the higher-rated film.

PREDICTION: 1
","Since the decision tree indicates a 94% probability that Person 1 prefers the higher-rated movie when the rating difference exceeds 2.00, and our prediction aligns with this statistical likelihood, we should proceed with implementing the recommendation rather than escalating.

DECISION: 0
",,,2026-05-27T21:11:11.855877
avg_diff_over_200,1,1,1,0,"Person 1 has reviewed the following movies:

- Om Shanti Om (2007) (Action|Drama|Musical|Romance): Rated 4.0/5
- Sometimes Happiness, Sometimes Sorrow (Kabhi Khushi Kabhie Gham) (2001) (Drama|Musical|Romance): Rated 3.0/5
- Harry Potter and the Deathly Hallows: Part 1 (2010) (Action|Adventure|Fantasy|IMAX): Rated 5.0/5
- Happy New Year (2014) (Action|Comedy|Crime|Drama|Musical|Romance): Rated 0.5/5
- Harry Potter and the Prisoner of Azkaban (2004) (Adventure|Fantasy|IMAX): Rated 5.0/5

Consider these two movies they have not seen:

- Movie A: Harry Potter and the Chamber of Secrets (2002) (Adventure|Fantasy), average rating 3.70/5 (938 ratings)
- Movie B: Dilwale (2015) (Action|Children|Comedy|Crime|Drama|Romance), average rating 1.17/5 (3 ratings)

A decision tree trained on this dataset finds that when the two movies' average ratings differ by more than 2.00, users prefer the higher-rated movie 94% of the time.

TASK: Predict which movie Person 1 would rate higher. Explain your reasoning in 1 sentence. Then conclude with exactly 'PREDICTION: 1' (Movie A) or 'PREDICTION: 0' (Movie B).","You predicted Person 1's movie preference above.
TASK: Should we implement your prediction, or escalate to Person 1?
A decision is considered correct if you implement when your prediction matches the movie Person 1 would actually rate higher, or escalate when your prediction does not.
Explain your reasoning in 1-2 sentences, then conclude with exactly 'DECISION: 0' (implement) or 'DECISION: 1' (escalate).","Person 1 would rate Movie A higher because the average rating difference between Movie A (3.70) and Movie B (1.17) is 2.53, which exceeds the 2.00 threshold where the model predicts a 94% preference for the higher-rated movie.

PREDICTION: 1
","Since the decision tree indicates a 94% probability that Person 1 prefers the higher-rated movie when the rating difference exceeds 2.00, and our prediction aligns with this statistical likelihood, we should proceed with implementing the recommendation rather than escalating.

DECISION: 0
",,,2026-05-27T21:11:20.499231
avg_diff_over_200,1,1,1,0,"Person 1 has reviewed the following movies:

- Harry Potter and the Half-Blood Prince (2009) (Adventure|Fantasy|Mystery|Romance|IMAX): Rated 4.0/5
- Stage Beauty (2004) (Drama): Rated 3.5/5
- Others, The (2001) (Drama|Horror|Mystery|Thriller): Rated 4.5/5
- Star Wars: Episode IV - A New Hope (1977) (Action|Adventure|Sci-Fi): Rated 3.5/5
- Hobbit: The Desolation of Smaug, The (2013) (Adventure|Fantasy|IMAX): Rated 4.5/5

Consider these two movies they have not seen:

- Movie A: Wallace & Gromit: The Best of Aardman Animation (1996) (Adventure|Animation|Comedy), average rating 4.20/5 (266 ratings)
- Movie B: When a Stranger Calls (2006) (Horror|Thriller), average rating 2.08/5 (12 ratings)

A decision tree trained on this dataset finds that when the two movies' average ratings differ by more than 2.00, users prefer the higher-rated movie 94% of the time.

TASK: Predict which movie Person 1 would rate higher. Explain your reasoning in 1 sentence. Then conclude with exactly 'PREDICTION: 1' (Movie A) or 'PREDICTION: 0' (Movie B).","You predicted Person 1's movie preference above.
TASK: Should we implement your prediction, or escalate to Person 1?
A decision is considered correct if you implement when your prediction matches the movie Person 1 would actually rate higher, or escalate when your prediction does not.
Explain your reasoning in 1-2 sentences, then conclude with exactly 'DECISION: 0' (implement) or 'DECISION: 1' (escalate).","Person 1 would rate Movie A higher because the difference in average ratings between Movie A (4.20) and Movie B (2.08) is 2.12, which exceeds the 2.00 threshold where the decision tree predicts a 94% preference for the higher-rated film.

PREDICTION: 1
","Since the decision tree indicates a 94% probability that Person 1 prefers the higher-rated movie when the rating difference exceeds 2.00, and our calculated difference of 2.12 meets this condition, we should implement the prediction rather than escalate.

DECISION: 0
",,,2026-05-27T21:11:29.083281
avg_diff_over_200,1,1,1,0,"Person 1 has reviewed the following movies:

- Good, the Bad and the Ugly, The (Buono, il brutto, il cattivo, Il) (1966) (Action|Adventure|Western): Rated 4.0/5
- Body Heat (1981) (Crime|Thriller): Rated 2.5/5
- Princess Mononoke (Mononoke-hime) (1997) (Action|Adventure|Animation|Drama|Fantasy): Rated 5.0/5
- Full Metal Jacket (1987) (Drama|War): Rated 5.0/5
- Beavis and Butt-Head Do America (1996) (Adventure|Animation|Comedy|Crime): Rated 4.0/5

Consider these two movies they have not seen:

- Movie A: Alien (1979) (Horror|Sci-Fi), average rating 4.09/5 (1401 ratings)
- Movie B: Barb Wire (1996) (Action|Sci-Fi), average rating 2.04/5 (139 ratings)

A decision tree trained on this dataset finds that when the two movies' average ratings differ by more than 2.00, users prefer the higher-rated movie 94% of the time.

TASK: Predict which movie Person 1 would rate higher. Explain your reasoning in 1 sentence. Then conclude with exactly 'PREDICTION: 1' (Movie A) or 'PREDICTION: 0' (Movie B).","You predicted Person 1's movie preference above.
TASK: Should we implement your prediction, or escalate to Person 1?
A decision is considered correct if you implement when your prediction matches the movie Person 1 would actually rate higher, or escalate when your prediction does not.
Explain your reasoning in 1-2 sentences, then conclude with exactly 'DECISION: 0' (implement) or 'DECISION: 1' (escalate).","Person 1 would rate Movie A higher because the difference in average ratings between the two movies (4.09 - 2.04 = 2.05) exceeds the decision tree's threshold of 2.00, triggering the rule that users prefer the higher-rated movie 94% of the time.

PREDICTION: 1
","Since the decision tree's logic indicates a 94% probability that Person 1 prefers the higher-rated movie (Movie A) given the rating difference exceeds 2.00, implementing the prediction is the statistically sound choice.

DECISION: 0
",,,2026-05-27T21:11:37.285920
avg_diff_over_200,1,1,1,0,"Person 1 has reviewed the following movies:

- Forrest Gump (1994) (Comedy|Drama|Romance|War): Rated 3.0/5
- Memento (2000) (Mystery|Thriller): Rated 2.5/5
- Spirited Away (Sen to Chihiro no kamikakushi) (2001) (Adventure|Animation|Fantasy): Rated 4.5/5
- Addams Family Values (1993) (Children|Comedy|Fantasy): Rated 4.0/5
- Fight Club (1999) (Action|Crime|Drama|Thriller): Rated 3.0/5

Consider these two movies they have not seen:

- Movie A: Pulp Fiction (1994) (Comedy|Crime|Drama|Thriller), average rating 4.18/5 (3047 ratings)
- Movie B: Elizabeth: A Portrait in Part(s) (2022) (Documentary), average rating 0.50/5 (1 ratings)

A decision tree trained on this dataset finds that when the two movies' average ratings differ by more than 2.00, users prefer the higher-rated movie 94% of the time.

TASK: Predict which movie Person 1 would rate higher. Explain your reasoning in 1 sentence. Then conclude with exactly 'PREDICTION: 1' (Movie A) or 'PREDICTION: 0' (Movie B).","You predicted Person 1's movie preference above.
TASK: Should we implement your prediction, or escalate to Person 1?
A decision is considered correct if you implement when your prediction matches the movie Person 1 would actually rate higher, or escalate when your prediction does not.
Explain your reasoning in 1-2 sentences, then conclude with exactly 'DECISION: 0' (implement) or 'DECISION: 1' (escalate).","Person 1 would rate Movie A higher because the difference in average ratings between Movie A (4.18) and Movie B (0.50) is 3.68, which exceeds the 2.00 threshold where the decision tree predicts a 94% preference for the higher-rated movie.

PREDICTION: 1
","Since the decision tree's logic indicates a 94% probability that Person 1 prefers the higher-rated movie given the large rating difference, implementing the prediction is the statistically sound choice.

DECISION: 0
",,,2026-05-27T21:11:44.807094
avg_diff_over_200,1,1,1,0,"Person 1 has reviewed the following movies:

- Airport (1970) (Drama): Rated 3.0/5
- Adventures of Baron Munchausen, The (1988) (Adventure|Comedy|Fantasy): Rated 4.0/5
- 28 Weeks Later (2007) (Horror|Sci-Fi|Thriller): Rated 2.5/5
- 8 Mile (2002) (Drama): Rated 3.0/5
- Notting Hill (1999) (Comedy|Romance): Rated 4.5/5

Consider these two movies they have not seen:

- Movie A: 300 (2007) (Action|Fantasy|War|IMAX), average rating 3.49/5 (776 ratings)
- Movie B: Aces: Iron Eagle III (1992) (Action), average rating 1.48/5 (29 ratings)

A decision tree trained on this dataset finds that when the two movies' average ratings differ by more than 2.00, users prefer the higher-rated movie 94% of the time.

TASK: Predict which movie Person 1 would rate higher. Explain your reasoning in 1 sentence. Then conclude with exactly 'PREDICTION: 1' (Movie A) or 'PREDICTION: 0' (Movie B).","You predicted Person 1's movie preference above.
TASK: Should we implement your prediction, or escalate to Person 1?
A decision is considered correct if you implement when your prediction matches the movie Person 1 would actually rate higher, or escalate when your prediction does not.
Explain your reasoning in 1-2 sentences, then conclude with exactly 'DECISION: 0' (implement) or 'DECISION: 1' (escalate).","Person 1 would rate Movie A higher because the difference in average ratings between Movie A (3.49) and Movie B (1.48) is 2.01, which exceeds the 2.00 threshold where the decision tree predicts a 94% preference for the higher-rated movie.

PREDICTION: 1
","Since the decision tree indicates a 94% probability that Person 1 prefers the higher-rated movie and the rating difference exceeds the threshold, implementing the prediction is the statistically sound choice.

DECISION: 0
",,,2026-05-27T21:11:52.513437
avg_diff_over_200,1,1,1,0,"Person 1 has reviewed the following movies:

- Quo vado? (2016) (Comedy): Rated 0.5/5
- Kill Bill: Vol. 2 (2004) (Action|Drama|Thriller): Rated 3.5/5
- Usual Suspects, The (1995) (Crime|Mystery|Thriller): Rated 5.0/5
- V for Vendetta (2006) (Action|Sci-Fi|Thriller|IMAX): Rated 2.5/5
- The Deathhead Virgin (1974) (Horror): Rated 0.5/5

Consider these two movies they have not seen:

- Movie A: Shawshank Redemption, The (1994) (Crime|Drama), average rating 4.42/5 (3232 ratings)
- Movie B: AWOL-72 (2015) (Thriller), average rating 0.50/5 (1 ratings)

A decision tree trained on this dataset finds that when the two movies' average ratings differ by more than 2.00, users prefer the higher-rated movie 94% of the time.

TASK: Predict which movie Person 1 would rate higher. Explain your reasoning in 1 sentence. Then conclude with exactly 'PREDICTION: 1' (Movie A) or 'PREDICTION: 0' (Movie B).","You predicted Person 1's movie preference above.
TASK: Should we implement your prediction, or escalate to Person 1?
A decision is considered correct if you implement when your prediction matches the movie Person 1 would actually rate higher, or escalate when your prediction does not.
Explain your reasoning in 1-2 sentences, then conclude with exactly 'DECISION: 0' (implement) or 'DECISION: 1' (escalate).","The average rating difference between Movie A (4.42) and Movie B (0.50) is 3.92, which exceeds the 2.00 threshold, so the model predicts Person 1 will prefer the higher-rated Movie A. PREDICTION: 1
","Since the decision tree explicitly states that users prefer the higher-rated movie when the rating difference exceeds 2.00, and the difference here is 3.92, the prediction that Person 1 will rate Movie A higher is statistically sound based on the provided rules. Therefore, we should implement the prediction rather than escalate. DECISION: 0
",,,2026-05-27T21:12:01.420260
avg_diff_over_200,1,1,1,0,"Person 1 has reviewed the following movies:

- The Gendarme and the Creatures from Outer Space (1978) (Comedy|Sci-Fi): Rated 3.0/5
- Frozen (2013) (Adventure|Animation|Comedy|Fantasy|Musical|Romance): Rated 0.5/5
- Spies in Disguise (2019) (Action|Adventure|Animation): Rated 2.5/5
- Deep Rising (1998) (Action|Horror|Sci-Fi): Rated 2.0/5
- Robin Hood: Prince of Thieves (1991) (Adventure|Drama): Rated 2.0/5

Consider these two movies they have not seen:

- Movie A: Harry Potter and the Chamber of Secrets (2002) (Adventure|Fantasy), average rating 3.70/5 (938 ratings)
- Movie B: Battlefield Earth (2000) (Action|Sci-Fi), average rating 1.52/5 (152 ratings)

A decision tree trained on this dataset finds that when the two movies' average ratings differ by more than 2.00, users prefer the higher-rated movie 94% of the time.

TASK: Predict which movie Person 1 would rate higher. Explain your reasoning in 1 sentence. Then conclude with exactly 'PREDICTION: 1' (Movie A) or 'PREDICTION: 0' (Movie B).","You predicted Person 1's movie preference above.
TASK: Should we implement your prediction, or escalate to Person 1?
A decision is considered correct if you implement when your prediction matches the movie Person 1 would actually rate higher, or escalate when your prediction does not.
Explain your reasoning in 1-2 sentences, then conclude with exactly 'DECISION: 0' (implement) or 'DECISION: 1' (escalate).","Person 1 would rate Movie A higher because the average rating difference between the two movies (3.70 - 1.52 = 2.18) exceeds the 2.00 threshold, and the trained decision tree indicates a 94% preference for the higher-rated option in such cases.

PREDICTION: 1
","Since the decision tree's logic indicates a 94% probability that Person 1 prefers the higher-rated movie when the rating gap exceeds 2.00, and our calculated gap of 2.18 falls into this category, implementing the prediction is the statistically sound choice.

DECISION: 0
",,,2026-05-27T21:12:10.506736
avg_diff_over_200,1,1,1,0,"Person 1 has reviewed the following movies:

- Locke (2013) (Drama): Rated 3.5/5
- No Country for Old Men (2007) (Crime|Drama): Rated 2.0/5
- DC Showcase: Jonah Hex (2010) (Action|Animation|Western): Rated 2.0/5
- Flight (2012) (Drama): Rated 3.5/5
- Finding Nemo (2003) (Adventure|Animation|Children|Comedy): Rated 2.5/5

Consider these two movies they have not seen:

- Movie A: Saving Private Ryan (1998) (Action|Drama|War), average rating 4.05/5 (1871 ratings)
- Movie B: Groupies (1970) ((no genres listed)), average rating 1.00/5 (1 ratings)

A decision tree trained on this dataset finds that when the two movies' average ratings differ by more than 2.00, users prefer the higher-rated movie 94% of the time.

TASK: Predict which movie Person 1 would rate higher. Explain your reasoning in 1 sentence. Then conclude with exactly 'PREDICTION: 1' (Movie A) or 'PREDICTION: 0' (Movie B).","You predicted Person 1's movie preference above.
TASK: Should we implement your prediction, or escalate to Person 1?
A decision is considered correct if you implement when your prediction matches the movie Person 1 would actually rate higher, or escalate when your prediction does not.
Explain your reasoning in 1-2 sentences, then conclude with exactly 'DECISION: 0' (implement) or 'DECISION: 1' (escalate).","Person 1 would rate Movie A higher because the average rating difference between the two movies (3.05) exceeds the decision tree's threshold of 2.00, leading to a 94% preference for the higher-rated option.

PREDICTION: 1
","Since the decision tree logic indicates a 94% probability that Person 1 prefers the higher-rated movie, implementing the prediction is the statistically sound choice based on the provided model.

DECISION: 0
",,,2026-05-27T21:12:17.170980
avg_diff_over_200,1,1,1,0,"Person 1 has reviewed the following movies:

- Ice Age 4: Continental Drift (2012) (Adventure|Animation|Comedy): Rated 3.5/5
- Pan (2015) (Adventure|Children|Fantasy): Rated 2.5/5
- Admission (2013) (Comedy|Romance): Rated 4.0/5
- Monty Python and the Holy Grail (1975) (Adventure|Comedy|Fantasy): Rated 3.5/5
- Yes Man (2008) (Comedy): Rated 3.5/5

Consider these two movies they have not seen:

- Movie A: Pulp Fiction (1994) (Comedy|Crime|Drama|Thriller), average rating 4.18/5 (3047 ratings)
- Movie B: Prom Night (2008) (Horror|Mystery|Thriller), average rating 1.90/5 (10 ratings)

A decision tree trained on this dataset finds that when the two movies' average ratings differ by more than 2.00, users prefer the higher-rated movie 94% of the time.

TASK: Predict which movie Person 1 would rate higher. Explain your reasoning in 1 sentence. Then conclude with exactly 'PREDICTION: 1' (Movie A) or 'PREDICTION: 0' (Movie B).","You predicted Person 1's movie preference above.
TASK: Should we implement your prediction, or escalate to Person 1?
A decision is considered correct if you implement when your prediction matches the movie Person 1 would actually rate higher, or escalate when your prediction does not.
Explain your reasoning in 1-2 sentences, then conclude with exactly 'DECISION: 0' (implement) or 'DECISION: 1' (escalate).","The average rating difference between Movie A (4.18) and Movie B (1.90) is 2.28, which exceeds the 2.00 threshold where the decision tree predicts a 94% preference for the higher-rated movie.

PREDICTION: 1
","Since the decision tree's logic indicates a 94% probability that Person 1 prefers the higher-rated movie (Movie A) given the large rating difference, implementing the prediction is the statistically sound choice.

DECISION: 0
",,,2026-05-27T21:12:24.395324
avg_diff_over_200,1,1,1,0,"Person 1 has reviewed the following movies:

- Police Story (Ging chaat goo si) (1985) (Action|Comedy|Crime|Thriller): Rated 3.0/5
- Men in Black II (a.k.a. MIIB) (a.k.a. MIB 2) (2002) (Action|Comedy|Sci-Fi): Rated 5.0/5
- Polar Express, The (2004) (Adventure|Animation|Children|Fantasy|IMAX): Rated 2.0/5
- Kingdom of Heaven (2005) (Action|Drama|Romance|War): Rated 5.0/5
- Four Feathers, The (2002) (Adventure|War): Rated 5.0/5

Consider these two movies they have not seen:

- Movie A: Intouchables (2011) (Comedy|Drama), average rating 4.12/5 (595 ratings)
- Movie B: Karate Kid, Part III, The (1989) (Action|Adventure|Children|Drama), average rating 2.10/5 (130 ratings)

A decision tree trained on this dataset finds that when the two movies' average ratings differ by more than 2.00, users prefer the higher-rated movie 94% of the time.

TASK: Predict which movie Person 1 would rate higher. Explain your reasoning in 1 sentence. Then conclude with exactly 'PREDICTION: 1' (Movie A) or 'PREDICTION: 0' (Movie B).","You predicted Person 1's movie preference above.
TASK: Should we implement your prediction, or escalate to Person 1?
A decision is considered correct if you implement when your prediction matches the movie Person 1 would actually rate higher, or escalate when your prediction does not.
Explain your reasoning in 1-2 sentences, then conclude with exactly 'DECISION: 0' (implement) or 'DECISION: 1' (escalate).","Person 1 would rate Movie A higher because the average ratings of the two unviewed movies differ by 2.02 points, which exceeds the 2.00 threshold where the decision tree predicts a 94% preference for the higher-rated film.

PREDICTION: 1
","Since the decision tree's condition (rating difference > 2.00) is met and the prediction is that Person 1 prefers the higher-rated movie (Movie A), implementing the prediction aligns with the model's logic and the task's definition of a correct decision.

DECISION: 0
",,,2026-05-27T21:12:32.682516
avg_diff_over_200,1,1,1,0,"Person 1 has reviewed the following movies:

- Monsters, Inc. (2001) (Adventure|Animation|Children|Comedy|Fantasy): Rated 3.0/5
- Me, Myself & Irene (2000) (Adventure|Comedy): Rated 4.0/5
- Matrix, The (1999) (Action|Sci-Fi|Thriller): Rated 4.0/5
- Thirteen Ghosts (a.k.a. Thir13en Ghosts) (2001) (Horror|Thriller): Rated 4.0/5
- Lord of the Rings: The Two Towers, The (2002) (Adventure|Fantasy): Rated 4.5/5

Consider these two movies they have not seen:

- Movie A: Godfather, The (1972) (Crime|Drama), average rating 4.31/5 (2098 ratings)
- Movie B: Animal, The (2001) (Comedy), average rating 2.15/5 (82 ratings)

A decision tree trained on this dataset finds that when the two movies' average ratings differ by more than 2.00, users prefer the higher-rated movie 94% of the time.

TASK: Predict which movie Person 1 would rate higher. Explain your reasoning in 1 sentence. Then conclude with exactly 'PREDICTION: 1' (Movie A) or 'PREDICTION: 0' (Movie B).","You predicted Person 1's movie preference above.
TASK: Should we implement your prediction, or escalate to Person 1?
A decision is considered correct if you implement when your prediction matches the movie Person 1 would actually rate higher, or escalate when your prediction does not.
Explain your reasoning in 1-2 sentences, then conclude with exactly 'DECISION: 0' (implement) or 'DECISION: 1' (escalate).","Person 1 would rate Movie A higher because the difference in average ratings between Movie A (4.31) and Movie B (2.15) is 2.16, which exceeds the 2.00 threshold where the decision tree predicts a 94% preference for the higher-rated movie.

PREDICTION: 1
","Since the decision tree indicates a 94% probability that Person 1 prefers the higher-rated movie when the rating difference exceeds 2.00, and our prediction aligns with this statistical likelihood, we should proceed with implementing the recommendation rather than escalating.

DECISION: 0
",,,2026-05-27T21:12:41.533744
avg_diff_over_200,1,1,1,0,"Person 1 has reviewed the following movies:

- Die Hard: With a Vengeance (1995) (Action|Crime|Thriller): Rated 4.0/5
- While You Were Sleeping (1995) (Comedy|Romance): Rated 4.0/5
- Apollo 13 (1995) (Adventure|Drama|IMAX): Rated 5.0/5
- Aladdin (1992) (Adventure|Animation|Children|Comedy|Musical): Rated 3.0/5
- Santa Clause, The (1994) (Comedy|Drama|Fantasy): Rated 2.0/5

Consider these two movies they have not seen:

- Movie A: Ed Wood (1994) (Comedy|Drama), average rating 3.66/5 (552 ratings)
- Movie B: Billy's Holiday (1995) (Drama|Musical), average rating 1.33/5 (3 ratings)

A decision tree trained on this dataset finds that when the two movies' average ratings differ by more than 2.00, users prefer the higher-rated movie 94% of the time.

TASK: Predict which movie Person 1 would rate higher. Explain your reasoning in 1 sentence. Then conclude with exactly 'PREDICTION: 1' (Movie A) or 'PREDICTION: 0' (Movie B).","You predicted Person 1's movie preference above.
TASK: Should we implement your prediction, or escalate to Person 1?
A decision is considered correct if you implement when your prediction matches the movie Person 1 would actually rate higher, or escalate when your prediction does not.
Explain your reasoning in 1-2 sentences, then conclude with exactly 'DECISION: 0' (implement) or 'DECISION: 1' (escalate).","Person 1 would rate Movie A higher because the difference in average ratings between Movie A (3.66) and Movie B (1.33) is 2.33, which exceeds the 2.00 threshold where the decision tree predicts a preference for the higher-rated movie.

PREDICTION: 1
","Since the decision tree's condition is met and the prediction is that Person 1 prefers Movie A, implementing this prediction aligns with the model's logic and the task's requirement to act when the prediction matches the expected outcome.

DECISION: 0
",,,2026-05-27T21:12:49.503736
avg_diff_over_200,0,1,0,0,"Person 1 has reviewed the following movies:

- Graduate, The (1967) (Comedy|Drama|Romance): Rated 4.0/5
- Shawshank Redemption, The (1994) (Crime|Drama): Rated 4.5/5
- Ted (2012) (Comedy|Fantasy): Rated 2.5/5
- Matilda (1996) (Children|Comedy|Fantasy): Rated 4.0/5
- Juno (2007) (Comedy|Drama|Romance): Rated 4.0/5

Consider these two movies they have not seen:

- Movie A: Crazy, Stupid, Love. (2011) (Comedy|Drama|Romance), average rating 3.77/5 (278 ratings)
- Movie B: Home Alone 3 (1997) (Children|Comedy), average rating 1.74/5 (128 ratings)

A decision tree trained on this dataset finds that when the two movies' average ratings differ by more than 2.00, users prefer the higher-rated movie 94% of the time.

TASK: Predict which movie Person 1 would rate higher. Explain your reasoning in 1 sentence. Then conclude with exactly 'PREDICTION: 1' (Movie A) or 'PREDICTION: 0' (Movie B).","You predicted Person 1's movie preference above.
TASK: Should we implement your prediction, or escalate to Person 1?
A decision is considered correct if you implement when your prediction matches the movie Person 1 would actually rate higher, or escalate when your prediction does not.
Explain your reasoning in 1-2 sentences, then conclude with exactly 'DECISION: 0' (implement) or 'DECISION: 1' (escalate).","Person 1 would rate Movie A higher because the difference in average ratings between Movie A (3.77) and Movie B (1.74) is 2.03, which exceeds the 2.00 threshold where the decision tree predicts a 94% preference for the higher-rated option.

PREDICTION: 1
","Since the decision tree indicates a 94% probability that Person 1 prefers the higher-rated movie when the rating difference exceeds 2.00, and our calculated difference of 2.03 meets this condition, we should implement the prediction rather than escalate.

DECISION: 0
",,,2026-05-27T21:12:58.011564
avg_diff_over_200,1,1,1,0,"Person 1 has reviewed the following movies:

- European Vacation (aka National Lampoon's European Vacation) (1985) (Adventure|Comedy|Romance): Rated 3.0/5
- Raising Arizona (1987) (Comedy): Rated 5.0/5
- Crush, The (1993) (Thriller): Rated 4.0/5
- Reservoir Dogs (1992) (Crime|Mystery|Thriller): Rated 4.0/5
- Monster's Ball (2001) (Drama|Romance): Rated 4.0/5

Consider these two movies they have not seen:

- Movie A: When We Were Kings (1996) (Documentary), average rating 4.25/5 (131 ratings)
- Movie B: Friday the 13th Part IV: The Final Chapter (1984) (Horror), average rating 2.14/5 (59 ratings)

A decision tree trained on this dataset finds that when the two movies' average ratings differ by more than 2.00, users prefer the higher-rated movie 94% of the time.

TASK: Predict which movie Person 1 would rate higher. Explain your reasoning in 1 sentence. Then conclude with exactly 'PREDICTION: 1' (Movie A) or 'PREDICTION: 0' (Movie B).","You predicted Person 1's movie preference above.
TASK: Should we implement your prediction, or escalate to Person 1?
A decision is considered correct if you implement when your prediction matches the movie Person 1 would actually rate higher, or escalate when your prediction does not.
Explain your reasoning in 1-2 sentences, then conclude with exactly 'DECISION: 0' (implement) or 'DECISION: 1' (escalate).","Person 1 would rate Movie A higher because the difference in average ratings between the two unviewed movies (4.25 - 2.14 = 2.11) exceeds the decision tree's threshold of 2.00, triggering the rule that users prefer the higher-rated option.

PREDICTION: 1
","Since the decision tree's logic indicates a 94% probability that Person 1 prefers the higher-rated movie, implementing the prediction is the statistically sound choice without needing to escalate.

DECISION: 0
",,,2026-05-27T21:13:05.400474
avg_diff_over_200,1,1,1,0,"Person 1 has reviewed the following movies:

- Maltese Falcon, The (1941) (Film-Noir|Mystery): Rated 4.0/5
- Big Sleep, The (1946) (Crime|Film-Noir|Mystery): Rated 5.0/5
- Gone with the Wind (1939) (Drama|Romance|War): Rated 5.0/5
- American Beauty (1999) (Drama|Romance): Rated 5.0/5
- King Kong (1933) (Action|Adventure|Fantasy|Horror): Rated 5.0/5

Consider these two movies they have not seen:

- Movie A: Rocky (1976) (Drama), average rating 3.84/5 (606 ratings)
- Movie B: Parasite (1982) (Horror|Sci-Fi), average rating 1.00/5 (4 ratings)

A decision tree trained on this dataset finds that when the two movies' average ratings differ by more than 2.00, users prefer the higher-rated movie 94% of the time.

TASK: Predict which movie Person 1 would rate higher. Explain your reasoning in 1 sentence. Then conclude with exactly 'PREDICTION: 1' (Movie A) or 'PREDICTION: 0' (Movie B).","You predicted Person 1's movie preference above.
TASK: Should we implement your prediction, or escalate to Person 1?
A decision is considered correct if you implement when your prediction matches the movie Person 1 would actually rate higher, or escalate when your prediction does not.
Explain your reasoning in 1-2 sentences, then conclude with exactly 'DECISION: 0' (implement) or 'DECISION: 1' (escalate).","Person 1 would rate Movie A higher because the average ratings of the two movies differ by 2.84 points, which exceeds the 2.00 threshold where the decision tree predicts a 94% preference for the higher-rated film.

PREDICTION: 1
","Since the decision tree's logic indicates a 94% probability that Person 1 prefers the higher-rated movie (Movie A), implementing the prediction is the statistically sound choice based on the provided model.

DECISION: 0
",,,2026-05-27T21:13:12.517919
avg_diff_over_200,0,1,0,0,"Person 1 has reviewed the following movies:

- Star Wars: Episode VI - Return of the Jedi (1983) (Action|Adventure|Sci-Fi): Rated 0.5/5
- Harry Potter and the Prisoner of Azkaban (2004) (Adventure|Fantasy|IMAX): Rated 0.5/5
- Forrest Gump (1994) (Comedy|Drama|Romance|War): Rated 4.0/5
- O Brother, Where Art Thou? (2000) (Adventure|Comedy|Crime): Rated 3.0/5
- Star Wars: Episode IV - A New Hope (1977) (Action|Adventure|Sci-Fi): Rated 0.5/5

Consider these two movies they have not seen:

- Movie A: Star Wars: Episode V - The Empire Strikes Back (1980) (Action|Adventure|Sci-Fi), average rating 4.10/5 (2250 ratings)
- Movie B: Coming 2 America (2021) (Children|Comedy), average rating 1.75/5 (12 ratings)

A decision tree trained on this dataset finds that when the two movies' average ratings differ by more than 2.00, users prefer the higher-rated movie 94% of the time.

TASK: Predict which movie Person 1 would rate higher. Explain your reasoning in 1 sentence. Then conclude with exactly 'PREDICTION: 1' (Movie A) or 'PREDICTION: 0' (Movie B).","You predicted Person 1's movie preference above.
TASK: Should we implement your prediction, or escalate to Person 1?
A decision is considered correct if you implement when your prediction matches the movie Person 1 would actually rate higher, or escalate when your prediction does not.
Explain your reasoning in 1-2 sentences, then conclude with exactly 'DECISION: 0' (implement) or 'DECISION: 1' (escalate).","Person 1 would rate Movie A higher because the difference in average ratings between Movie A (4.10) and Movie B (1.75) is 2.35, which exceeds the 2.00 threshold where the model predicts a 94% preference for the higher-rated film.

PREDICTION: 1
","Since the decision tree indicates a 94% probability that Person 1 prefers the higher-rated movie when the rating difference exceeds 2.00, and our calculated difference of 2.35 meets this condition, we should implement the prediction rather than escalate.

DECISION: 0
",,,2026-05-27T21:13:21.449218
avg_diff_over_200,1,1,1,0,"Person 1 has reviewed the following movies:

- Fahrenheit 451 (1966) (Drama|Sci-Fi): Rated 2.5/5
- Thin Man Goes Home, The (1945) (Comedy|Crime|Mystery): Rated 4.5/5
- Sweet Charity (1969) (Comedy|Drama|Musical|Romance): Rated 2.5/5
- Of Mice and Men (1939) (Drama): Rated 3.0/5
- Beautiful Mind, A (2001) (Drama|Romance): Rated 3.0/5

Consider these two movies they have not seen:

- Movie A: Indiscreet (1958) (Comedy|Romance), average rating 3.67/5 (6 ratings)
- Movie B: If a Man Answers (1962) (Comedy), average rating 1.50/5 (1 ratings)

A decision tree trained on this dataset finds that when the two movies' average ratings differ by more than 2.00, users prefer the higher-rated movie 94% of the time.

TASK: Predict which movie Person 1 would rate higher. Explain your reasoning in 1 sentence. Then conclude with exactly 'PREDICTION: 1' (Movie A) or 'PREDICTION: 0' (Movie B).","You predicted Person 1's movie preference above.
TASK: Should we implement your prediction, or escalate to Person 1?
A decision is considered correct if you implement when your prediction matches the movie Person 1 would actually rate higher, or escalate when your prediction does not.
Explain your reasoning in 1-2 sentences, then conclude with exactly 'DECISION: 0' (implement) or 'DECISION: 1' (escalate).","Person 1 would rate Movie A higher because the average rating difference between the two unviewed movies (3.67 - 1.50 = 2.17) exceeds the decision tree's threshold of 2.00, triggering the rule that users prefer the higher-rated option.

PREDICTION: 1
","Since the decision tree's logic indicates a 94% probability that Person 1 prefers the higher-rated movie, implementing the prediction is the statistically sound choice without needing to escalate.

DECISION: 0
",,,2026-05-27T21:13:29.110199
avg_diff_over_200,1,1,1,0,"Person 1 has reviewed the following movies:

- Stuart Little (1999) (Children|Comedy|Fantasy): Rated 4.0/5
- Schindler's List (1993) (Drama|War): Rated 5.0/5
- Great Escape, The (1963) (Action|Adventure|Drama|War): Rated 5.0/5
- Hunt for Red October, The (1990) (Action|Adventure|Thriller): Rated 4.0/5
- Cradle 2 the Grave (2003) (Action|Crime|Drama|Thriller): Rated 2.0/5

Consider these two movies they have not seen:

- Movie A: Gosford Park (2001) (Comedy|Drama|Mystery), average rating 3.69/5 (224 ratings)
- Movie B: Glitter (2001) (Drama|Musical|Romance), average rating 1.10/5 (20 ratings)

A decision tree trained on this dataset finds that when the two movies' average ratings differ by more than 2.00, users prefer the higher-rated movie 94% of the time.

TASK: Predict which movie Person 1 would rate higher. Explain your reasoning in 1 sentence. Then conclude with exactly 'PREDICTION: 1' (Movie A) or 'PREDICTION: 0' (Movie B).","You predicted Person 1's movie preference above.
TASK: Should we implement your prediction, or escalate to Person 1?
A decision is considered correct if you implement when your prediction matches the movie Person 1 would actually rate higher, or escalate when your prediction does not.
Explain your reasoning in 1-2 sentences, then conclude with exactly 'DECISION: 0' (implement) or 'DECISION: 1' (escalate).","Person 1 would rate Movie A higher because the difference in average ratings between Movie A (3.69) and Movie B (1.10) is 2.59, which exceeds the 2.00 threshold where the decision tree predicts a 94% preference for the higher-rated option.

PREDICTION: 1
","Since the decision tree indicates a 94% probability that Person 1 prefers the higher-rated movie when the rating difference exceeds 2.00, and our prediction aligns with this statistical likelihood, we should proceed with implementing the recommendation rather than escalating.

DECISION: 0
",,,2026-05-27T21:13:37.680657
avg_diff_over_200,1,1,1,0,"Person 1 has reviewed the following movies:

- Mystery Men (1999) (Action|Comedy|Fantasy): Rated 4.0/5
- King and I, The (1956) (Drama|Musical|Romance): Rated 3.0/5
- True Grit (2010) (Western): Rated 3.5/5
- Batman Begins (2005) (Action|Crime|IMAX): Rated 4.5/5
- Happiest Millionaire, The (1967) (Comedy|Musical): Rated 4.0/5

Consider these two movies they have not seen:

- Movie A: Dark Knight, The (2008) (Action|Crime|Drama|IMAX), average rating 4.16/5 (1880 ratings)
- Movie B: In the Name of the King: A Dungeon Siege Tale (2008) (Action|Adventure|Fantasy), average rating 2.05/5 (11 ratings)

A decision tree trained on this dataset finds that when the two movies' average ratings differ by more than 2.00, users prefer the higher-rated movie 94% of the time.

TASK: Predict which movie Person 1 would rate higher. Explain your reasoning in 1 sentence. Then conclude with exactly 'PREDICTION: 1' (Movie A) or 'PREDICTION: 0' (Movie B).","You predicted Person 1's movie preference above.
TASK: Should we implement your prediction, or escalate to Person 1?
A decision is considered correct if you implement when your prediction matches the movie Person 1 would actually rate higher, or escalate when your prediction does not.
Explain your reasoning in 1-2 sentences, then conclude with exactly 'DECISION: 0' (implement) or 'DECISION: 1' (escalate).","Person 1 would rate Movie A higher because the difference in average ratings between Movie A (4.16) and Movie B (2.05) is 2.11, which exceeds the 2.00 threshold where the decision tree predicts a 94% preference for the higher-rated movie.

PREDICTION: 1
","Since the decision tree indicates a 94% probability that Person 1 prefers the higher-rated movie when the rating difference exceeds 2.00, and our prediction aligns with this statistical likelihood, we should proceed with implementing the recommendation rather than escalating.

DECISION: 0
",,,2026-05-27T21:13:46.166396
avg_diff_over_200,1,1,1,0,"Person 1 has reviewed the following movies:

- Spider-Man: Into the Spider-Verse (2018) (Action|Adventure|Animation|Sci-Fi): Rated 4.5/5
- Lord of the Rings: The Return of the King, The (2003) (Action|Adventure|Drama|Fantasy): Rated 5.0/5
- Fight Club (1999) (Action|Crime|Drama|Thriller): Rated 5.0/5
- Police Story 2 (Ging chaat goo si juk jaap) (1988) (Action|Comedy|Crime|Thriller): Rated 5.0/5
- Lord of the Rings: The Fellowship of the Ring, The (2001) (Adventure|Fantasy): Rated 5.0/5

Consider these two movies they have not seen:

- Movie A: Ocean's Eleven (2001) (Crime|Thriller), average rating 3.81/5 (1309 ratings)
- Movie B: Elon Musk: The Real Life Iron Man (2018) (Documentary), average rating 0.50/5 (1 ratings)

A decision tree trained on this dataset finds that when the two movies' average ratings differ by more than 2.00, users prefer the higher-rated movie 94% of the time.

TASK: Predict which movie Person 1 would rate higher. Explain your reasoning in 1 sentence. Then conclude with exactly 'PREDICTION: 1' (Movie A) or 'PREDICTION: 0' (Movie B).","You predicted Person 1's movie preference above.
TASK: Should we implement your prediction, or escalate to Person 1?
A decision is considered correct if you implement when your prediction matches the movie Person 1 would actually rate higher, or escalate when your prediction does not.
Explain your reasoning in 1-2 sentences, then conclude with exactly 'DECISION: 0' (implement) or 'DECISION: 1' (escalate).","Person 1 has a strong preference for highly rated films, evidenced by their perfect 5.0/5 scores for top-tier movies like *Lord of the Rings* and *Fight Club*, whereas the decision tree rule indicates they will choose the higher-rated option when the difference exceeds 2.00, and since Movie A (3.81) is significantly higher than Movie B (0.50), Person 1 would rate Movie A higher.

PREDICTION: 1
","Since the decision tree rule explicitly states that users prefer the higher-rated movie when the rating difference exceeds 2.00, and the difference between Movie A (3.81) and Movie B (0.50) is 3.31, the prediction that Person 1 will choose Movie A is highly reliable based on the provided logic. Therefore, we should implement the prediction without needing to escalate to the user.

DECISION: 0
",,,2026-05-27T21:13:58.900981
avg_diff_over_200,1,1,1,0,"Person 1 has reviewed the following movies:

- Gangs of New York (2002) (Crime|Drama): Rated 4.0/5
- Chicken Run (2000) (Animation|Children|Comedy): Rated 4.5/5
- Batman Returns (1992) (Action|Crime): Rated 3.0/5
- My Big Fat Greek Wedding (2002) (Comedy|Romance): Rated 1.0/5
- Valley Girl (1983) (Comedy|Romance): Rated 3.0/5

Consider these two movies they have not seen:

- Movie A: Goodfellas (1990) (Crime|Drama), average rating 4.23/5 (1300 ratings)
- Movie B: Batman & Robin (1997) (Action|Adventure|Fantasy|Thriller), average rating 2.14/5 (354 ratings)

A decision tree trained on this dataset finds that when the two movies' average ratings differ by more than 2.00, users prefer the higher-rated movie 94% of the time.

TASK: Predict which movie Person 1 would rate higher. Explain your reasoning in 1 sentence. Then conclude with exactly 'PREDICTION: 1' (Movie A) or 'PREDICTION: 0' (Movie B).","You predicted Person 1's movie preference above.
TASK: Should we implement your prediction, or escalate to Person 1?
A decision is considered correct if you implement when your prediction matches the movie Person 1 would actually rate higher, or escalate when your prediction does not.
Explain your reasoning in 1-2 sentences, then conclude with exactly 'DECISION: 0' (implement) or 'DECISION: 1' (escalate).","Person 1 would rate Movie A higher because the average rating difference between the two unviewed movies (4.23 - 2.14 = 2.09) exceeds the decision tree's threshold of 2.00, triggering the rule that users prefer the higher-rated movie.

PREDICTION: 1
","Since the decision tree's logic indicates a 94% probability that Person 1 prefers the higher-rated movie in this specific rating gap scenario, and my prediction aligns with that statistical rule, implementing the recommendation is the appropriate course of action.

DECISION: 0
",,,2026-05-27T21:14:07.367630
avg_diff_over_200,1,1,1,1,"Person 1 has reviewed the following movies:

- National Lampoon's Van Wilder (2002) (Comedy): Rated 4.0/5
- Lord of War (2005) (Action|Crime|Drama|Thriller|War): Rated 4.5/5
- House of Yes, The (1997) (Comedy|Drama): Rated 5.0/5
- Stealth (2005) (Action|Adventure|Sci-Fi|Thriller): Rated 0.5/5
- Needful Things (1993) (Drama|Horror): Rated 4.0/5

Consider these two movies they have not seen:

- Movie A: Blues Brothers, The (1980) (Action|Comedy|Musical), average rating 3.84/5 (764 ratings)
- Movie B: Jaws 3-D (1983) (Action|Horror), average rating 1.82/5 (69 ratings)

A decision tree trained on this dataset finds that when the two movies' average ratings differ by more than 2.00, users prefer the higher-rated movie 94% of the time.

TASK: Predict which movie Person 1 would rate higher. Explain your reasoning in 1 sentence. Then conclude with exactly 'PREDICTION: 1' (Movie A) or 'PREDICTION: 0' (Movie B).","You predicted Person 1's movie preference above.
TASK: Should we implement your prediction, or escalate to Person 1?
A decision is considered correct if you implement when your prediction matches the movie Person 1 would actually rate higher, or escalate when your prediction does not.
Explain your reasoning in 1-2 sentences, then conclude with exactly 'DECISION: 0' (implement) or 'DECISION: 1' (escalate).","The average rating difference between Movie A (3.84) and Movie B (1.82) is 2.02, which exceeds the 2.00 threshold where the decision tree predicts a 94% preference for the higher-rated movie.

PREDICTION: 1
","Since the decision tree's prediction relies on a general rule that may not account for Person 1's specific taste profile (e.g., their high rating for *House of Yes* suggests they might prefer the horror element of *Jaws 3-D* despite its low average rating), it is safer to escalate to verify their actual preference rather than blindly implementing the algorithm.

DECISION: 1
",,,2026-05-27T21:14:16.655785
avg_diff_over_200,1,1,1,0,"Person 1 has reviewed the following movies:

- Timecop (1994) (Action|Sci-Fi|Thriller): Rated 4.0/5
- Paris (2008) (Comedy|Drama|Romance): Rated 4.0/5
- Scream 2 (1997) (Comedy|Horror|Mystery|Thriller): Rated 1.0/5
- 40-Year-Old Virgin, The (2005) (Comedy|Romance): Rated 0.5/5
- Atonement (2007) (Drama|Romance|War): Rated 4.0/5

Consider these two movies they have not seen:

- Movie A: Russian Doll (2000) (Comedy|Romance), average rating 5.00/5 (1 ratings)
- Movie B: Lost in Space (1998) (Action|Adventure|Sci-Fi), average rating 2.60/5 (223 ratings)

A decision tree trained on this dataset finds that when the two movies' average ratings differ by more than 2.00, users prefer the higher-rated movie 94% of the time.

TASK: Predict which movie Person 1 would rate higher. Explain your reasoning in 1 sentence. Then conclude with exactly 'PREDICTION: 1' (Movie A) or 'PREDICTION: 0' (Movie B).","You predicted Person 1's movie preference above.
TASK: Should we implement your prediction, or escalate to Person 1?
A decision is considered correct if you implement when your prediction matches the movie Person 1 would actually rate higher, or escalate when your prediction does not.
Explain your reasoning in 1-2 sentences, then conclude with exactly 'DECISION: 0' (implement) or 'DECISION: 1' (escalate).","Person 1 would rate Movie A higher because the difference in average ratings between Movie A (5.00) and Movie B (2.60) is 2.40, which exceeds the 2.00 threshold where the decision tree predicts a preference for the higher-rated movie.

PREDICTION: 1
","Since the decision tree's logic indicates a 94% probability that Person 1 prefers the higher-rated movie in this specific rating gap scenario, implementing the prediction is the statistically sound choice.

DECISION: 0
",,,2026-05-27T21:14:24.000023
avg_diff_over_200,1,1,1,0,"Person 1 has reviewed the following movies:

- Cruel Intentions (1999) (Drama): Rated 3.0/5
- Psycho (1960) (Crime|Horror): Rated 4.5/5
- Sleepers (1996) (Thriller): Rated 5.0/5
- Trainspotting (1996) (Comedy|Crime|Drama): Rated 5.0/5
- Nicholas Nickleby (2002) (Drama|Romance): Rated 5.0/5

Consider these two movies they have not seen:

- Movie A: Lord of the Rings: The Return of the King, The (2003) (Action|Adventure|Drama|Fantasy), average rating 4.09/5 (2146 ratings)
- Movie B: Friday the 13th Part V: A New Beginning (1985) (Horror), average rating 1.86/5 (44 ratings)

A decision tree trained on this dataset finds that when the two movies' average ratings differ by more than 2.00, users prefer the higher-rated movie 94% of the time.

TASK: Predict which movie Person 1 would rate higher. Explain your reasoning in 1 sentence. Then conclude with exactly 'PREDICTION: 1' (Movie A) or 'PREDICTION: 0' (Movie B).","You predicted Person 1's movie preference above.
TASK: Should we implement your prediction, or escalate to Person 1?
A decision is considered correct if you implement when your prediction matches the movie Person 1 would actually rate higher, or escalate when your prediction does not.
Explain your reasoning in 1-2 sentences, then conclude with exactly 'DECISION: 0' (implement) or 'DECISION: 1' (escalate).","Person 1 would rate Movie A higher because the difference in average ratings between the two movies (4.09 - 1.86 = 2.23) exceeds the decision tree's threshold of 2.00, triggering the rule that users prefer the higher-rated movie.

PREDICTION: 1
","Since the decision tree's logic indicates a 94% probability that Person 1 prefers the higher-rated movie in this specific rating gap scenario, implementing the prediction is the statistically sound choice.

DECISION: 0
",,,2026-05-27T21:14:31.384253
avg_diff_over_200,1,1,1,0,"Person 1 has reviewed the following movies:

- Entrapment (1999) (Crime|Thriller): Rated 2.0/5
- Judge Dredd (1995) (Action|Crime|Sci-Fi): Rated 1.5/5
- Madagascar (2005) (Adventure|Animation|Children|Comedy): Rated 3.0/5
- Blazing Saddles (1974) (Comedy|Western): Rated 5.0/5
- Tron (1982) (Action|Adventure|Sci-Fi): Rated 3.5/5

Consider these two movies they have not seen:

- Movie A: Godfather: Part II, The (1974) (Crime|Drama), average rating 4.29/5 (1376 ratings)
- Movie B: Battlefield Earth (2000) (Action|Sci-Fi), average rating 1.52/5 (152 ratings)

A decision tree trained on this dataset finds that when the two movies' average ratings differ by more than 2.00, users prefer the higher-rated movie 94% of the time.

TASK: Predict which movie Person 1 would rate higher. Explain your reasoning in 1 sentence. Then conclude with exactly 'PREDICTION: 1' (Movie A) or 'PREDICTION: 0' (Movie B).","You predicted Person 1's movie preference above.
TASK: Should we implement your prediction, or escalate to Person 1?
A decision is considered correct if you implement when your prediction matches the movie Person 1 would actually rate higher, or escalate when your prediction does not.
Explain your reasoning in 1-2 sentences, then conclude with exactly 'DECISION: 0' (implement) or 'DECISION: 1' (escalate).","Person 1 would rate Movie A higher because the difference in average ratings between the two movies (4.29 - 1.52 = 2.77) exceeds the decision tree's threshold of 2.00, triggering the rule that users prefer the higher-rated movie.

PREDICTION: 1
","Since the decision tree's logic indicates a 94% probability that Person 1 prefers the higher-rated movie in this specific rating gap scenario, implementing the prediction is the statistically sound choice.

DECISION: 0
",,,2026-05-27T21:14:39.011646
avg_diff_over_200,1,1,1,0,"Person 1 has reviewed the following movies:

- Sound of Music, The (1965) (Musical|Romance): Rated 4.0/5
- Fiddler on the Roof (1971) (Drama|Musical): Rated 3.0/5
- Finding Nemo (2003) (Adventure|Animation|Children|Comedy): Rated 3.5/5
- Princess Diaries, The (2001) (Children|Comedy|Romance): Rated 3.0/5
- Happy Feet (2006) (Adventure|Animation|Children|Comedy|IMAX): Rated 3.0/5

Consider these two movies they have not seen:

- Movie A: Memento (2000) (Mystery|Thriller), average rating 4.13/5 (1697 ratings)
- Movie B: Sperm Whale: Roya's Selection (2017) (Comedy), average rating 0.50/5 (1 ratings)

A decision tree trained on this dataset finds that when the two movies' average ratings differ by more than 2.00, users prefer the higher-rated movie 94% of the time.

TASK: Predict which movie Person 1 would rate higher. Explain your reasoning in 1 sentence. Then conclude with exactly 'PREDICTION: 1' (Movie A) or 'PREDICTION: 0' (Movie B).","You predicted Person 1's movie preference above.
TASK: Should we implement your prediction, or escalate to Person 1?
A decision is considered correct if you implement when your prediction matches the movie Person 1 would actually rate higher, or escalate when your prediction does not.
Explain your reasoning in 1-2 sentences, then conclude with exactly 'DECISION: 0' (implement) or 'DECISION: 1' (escalate).","Person 1 would rate Movie A higher because the average ratings of the two unviewed movies differ by 3.63 points, which exceeds the decision tree's threshold of 2.00, leading to a 94% preference for the higher-rated option.

PREDICTION: 1
","Since the decision tree indicates a 94% probability that Person 1 prefers the higher-rated movie, implementing the prediction is the statistically sound choice without needing to escalate.

DECISION: 0
",,,2026-05-27T21:14:46.217280
avg_diff_over_200,1,1,1,1,"Person 1 has reviewed the following movies:

- Arrival, The (1996) (Action|Sci-Fi|Thriller): Rated 3.0/5
- Batman & Robin (1997) (Action|Adventure|Fantasy|Thriller): Rated 3.0/5
- Blown Away (1994) (Action|Thriller): Rated 5.0/5
- Abyss, The (1989) (Action|Adventure|Sci-Fi|Thriller): Rated 4.0/5
- Dante's Peak (1997) (Action|Thriller): Rated 4.0/5

Consider these two movies they have not seen:

- Movie A: Aliens (1986) (Action|Adventure|Horror|Sci-Fi), average rating 4.05/5 (1221 ratings)
- Movie B: Aces: Iron Eagle III (1992) (Action), average rating 1.48/5 (29 ratings)

A decision tree trained on this dataset finds that when the two movies' average ratings differ by more than 2.00, users prefer the higher-rated movie 94% of the time.

TASK: Predict which movie Person 1 would rate higher. Explain your reasoning in 1 sentence. Then conclude with exactly 'PREDICTION: 1' (Movie A) or 'PREDICTION: 0' (Movie B).","You predicted Person 1's movie preference above.
TASK: Should we implement your prediction, or escalate to Person 1?
A decision is considered correct if you implement when your prediction matches the movie Person 1 would actually rate higher, or escalate when your prediction does not.
Explain your reasoning in 1-2 sentences, then conclude with exactly 'DECISION: 0' (implement) or 'DECISION: 1' (escalate).","The average rating difference between Movie A (4.05) and Movie B (1.48) is 2.57, which exceeds the 2.00 threshold where the decision tree predicts a 94% preference for the higher-rated movie.

PREDICTION: 1
","Since the prediction relies on a general decision tree rule rather than Person 1's specific historical data, there is a significant risk that their personal taste deviates from the average user pattern, making escalation the safer approach to ensure accuracy.

DECISION: 1
",,,2026-05-27T21:14:54.067878
avg_diff_over_200,1,1,1,0,"Person 1 has reviewed the following movies:

- Mary Pickford: The Muse of the Movies (2008) ((no genres listed)): Rated 3.0/5
- Bitter / Sweet (2009) (Comedy|Drama|Romance): Rated 2.0/5
- Fresh (2009) (Documentary): Rated 3.0/5
- Sacred Planet (2004) (Documentary): Rated 3.0/5
- Full Circle (1996) (Drama|Romance): Rated 2.0/5

Consider these two movies they have not seen:

- Movie A: Beatles Stories (2011) (Documentary), average rating 5.00/5 (1 ratings)
- Movie B: Lily Dale (1996) (Drama), average rating 2.00/5 (1 ratings)

A decision tree trained on this dataset finds that when the two movies' average ratings differ by more than 2.00, users prefer the higher-rated movie 94% of the time.

TASK: Predict which movie Person 1 would rate higher. Explain your reasoning in 1 sentence. Then conclude with exactly 'PREDICTION: 1' (Movie A) or 'PREDICTION: 0' (Movie B).","You predicted Person 1's movie preference above.
TASK: Should we implement your prediction, or escalate to Person 1?
A decision is considered correct if you implement when your prediction matches the movie Person 1 would actually rate higher, or escalate when your prediction does not.
Explain your reasoning in 1-2 sentences, then conclude with exactly 'DECISION: 0' (implement) or 'DECISION: 1' (escalate).","Person 1 would rate Movie A higher because the difference in average ratings between the two unviewed movies (5.00 - 2.00 = 3.00) exceeds the decision tree's threshold of 2.00, triggering the rule that users prefer the higher-rated movie.

PREDICTION: 1
","Since the decision tree's logic indicates a 94% probability that Person 1 prefers the higher-rated movie, and the rating difference between Movie A and Movie B is 3.00 (exceeding the 2.00 threshold), implementing the prediction is the statistically sound choice.

DECISION: 0
",,,2026-05-27T21:15:03.597267
avg_diff_over_200,1,1,1,0,"Person 1 has reviewed the following movies:

- Indie Game: The Movie (2012) (Documentary): Rated 3.5/5
- Big (1988) (Comedy|Drama|Fantasy|Romance): Rated 4.0/5
- Kill Bill: Vol. 1 (2003) (Action|Crime|Thriller): Rated 0.5/5
- Saving Private Ryan (1998) (Action|Drama|War): Rated 3.0/5
- Magnolia (1999) (Drama): Rated 3.5/5

Consider these two movies they have not seen:

- Movie A: Diving Bell and the Butterfly, The (Scaphandre et le papillon, Le) (2007) (Drama), average rating 3.80/5 (84 ratings)
- Movie B: Don McKay (2009) (Drama|Mystery|Thriller), average rating 0.50/5 (1 ratings)

A decision tree trained on this dataset finds that when the two movies' average ratings differ by more than 2.00, users prefer the higher-rated movie 94% of the time.

TASK: Predict which movie Person 1 would rate higher. Explain your reasoning in 1 sentence. Then conclude with exactly 'PREDICTION: 1' (Movie A) or 'PREDICTION: 0' (Movie B).","You predicted Person 1's movie preference above.
TASK: Should we implement your prediction, or escalate to Person 1?
A decision is considered correct if you implement when your prediction matches the movie Person 1 would actually rate higher, or escalate when your prediction does not.
Explain your reasoning in 1-2 sentences, then conclude with exactly 'DECISION: 0' (implement) or 'DECISION: 1' (escalate).","Person 1 would rate Movie A higher because the difference in average ratings between the two unviewed movies (3.80 vs 0.50) exceeds the 2.00 threshold, and the decision tree indicates a 94% preference for the higher-rated option in such cases.

PREDICTION: 1
","Since the decision tree's logic relies solely on the statistical difference in average ratings between the two unviewed movies, and Person 1's historical data does not provide specific evidence to override this general rule, implementing the prediction is the most logical course of action.

DECISION: 0
",,,2026-05-27T21:15:11.992124
avg_diff_over_200,1,1,1,0,"Person 1 has reviewed the following movies:

- Crazy Rich Asians (2018) (Comedy): Rated 5.0/5
- Toy Story (1995) (Adventure|Animation|Children|Comedy|Fantasy): Rated 5.0/5
- Moneyball (2011) (Drama): Rated 3.0/5
- WALL·E (2008) (Adventure|Animation|Children|Romance|Sci-Fi): Rated 4.0/5
- Princess Bride, The (1987) (Action|Adventure|Comedy|Fantasy|Romance): Rated 4.0/5

Consider these two movies they have not seen:

- Movie A: Gabriel Iglesias: I'm Not Fat... I'm Fluffy (2009) (Comedy), average rating 5.00/5 (1 ratings)
- Movie B: Eat Pray Love (2010) (Drama|Romance), average rating 2.83/5 (38 ratings)

A decision tree trained on this dataset finds that when the two movies' average ratings differ by more than 2.00, users prefer the higher-rated movie 94% of the time.

TASK: Predict which movie Person 1 would rate higher. Explain your reasoning in 1 sentence. Then conclude with exactly 'PREDICTION: 1' (Movie A) or 'PREDICTION: 0' (Movie B).","You predicted Person 1's movie preference above.
TASK: Should we implement your prediction, or escalate to Person 1?
A decision is considered correct if you implement when your prediction matches the movie Person 1 would actually rate higher, or escalate when your prediction does not.
Explain your reasoning in 1-2 sentences, then conclude with exactly 'DECISION: 0' (implement) or 'DECISION: 1' (escalate).","Person 1 would rate Movie A higher because the difference in average ratings between Movie A (5.00) and Movie B (2.83) is 2.17, which exceeds the 2.00 threshold where the decision tree predicts a 94% preference for the higher-rated option.

PREDICTION: 1
","Since the decision tree indicates a 94% probability that Person 1 prefers the higher-rated movie when the rating difference exceeds 2.00, and our prediction aligns with this statistical likelihood, we should proceed with implementing the recommendation rather than escalating.

DECISION: 0
",,,2026-05-27T21:15:20.817698
avg_diff_over_200,1,1,1,0,"Person 1 has reviewed the following movies:

- 101 Dalmatians (1996) (Adventure|Children|Comedy): Rated 3.0/5
- Percy Jackson: Sea of Monsters (2013) (Adventure|Children|Fantasy): Rated 3.0/5
- The Clapper (2018) (Comedy): Rated 2.5/5
- Percy Jackson & the Olympians: The Lightning Thief (2010) (Adventure|Fantasy): Rated 3.0/5
- Magic Mike XXL (2015) (Comedy|Drama): Rated 2.5/5

Consider these two movies they have not seen:

- Movie A: Megan Leavey (2017) (Adventure|Drama|War), average rating 4.00/5 (7 ratings)
- Movie B: Vampire Academy (2014) (Action|Comedy|Fantasy), average rating 1.94/5 (9 ratings)

A decision tree trained on this dataset finds that when the two movies' average ratings differ by more than 2.00, users prefer the higher-rated movie 94% of the time.

TASK: Predict which movie Person 1 would rate higher. Explain your reasoning in 1 sentence. Then conclude with exactly 'PREDICTION: 1' (Movie A) or 'PREDICTION: 0' (Movie B).","You predicted Person 1's movie preference above.
TASK: Should we implement your prediction, or escalate to Person 1?
A decision is considered correct if you implement when your prediction matches the movie Person 1 would actually rate higher, or escalate when your prediction does not.
Explain your reasoning in 1-2 sentences, then conclude with exactly 'DECISION: 0' (implement) or 'DECISION: 1' (escalate).","Person 1 would rate Megan Leavey higher because the difference in average ratings between Movie A (4.00) and Movie B (1.94) is 2.06, which exceeds the 2.00 threshold where the decision tree predicts a 94% preference for the higher-rated film.

PREDICTION: 1
","Since the decision tree's logic indicates a 94% probability that Person 1 prefers the higher-rated movie when the rating difference exceeds 2.00, and our calculated difference of 2.06 meets this condition, we should proceed with the prediction rather than seeking confirmation from the user.

DECISION: 0
",,,2026-05-27T21:15:30.302098
avg_diff_over_200,1,1,1,0,"Person 1 has reviewed the following movies:

- The Revenant (2015) (Adventure|Drama): Rated 0.5/5
- Quo vado? (2016) (Comedy): Rated 0.5/5
- Shawshank Redemption, The (1994) (Crime|Drama): Rated 4.0/5
- AWOL-72 (2015) (Thriller): Rated 0.5/5
- The Hateful Eight (2015) (Western): Rated 1.0/5

Consider these two movies they have not seen:

- Movie A: The Martian (2015) (Adventure|Drama|Sci-Fi), average rating 4.07/5 (892 ratings)
- Movie B: Morning Light (2008) (Documentary), average rating 0.50/5 (1 ratings)

A decision tree trained on this dataset finds that when the two movies' average ratings differ by more than 2.00, users prefer the higher-rated movie 94% of the time.

TASK: Predict which movie Person 1 would rate higher. Explain your reasoning in 1 sentence. Then conclude with exactly 'PREDICTION: 1' (Movie A) or 'PREDICTION: 0' (Movie B).","You predicted Person 1's movie preference above.
TASK: Should we implement your prediction, or escalate to Person 1?
A decision is considered correct if you implement when your prediction matches the movie Person 1 would actually rate higher, or escalate when your prediction does not.
Explain your reasoning in 1-2 sentences, then conclude with exactly 'DECISION: 0' (implement) or 'DECISION: 1' (escalate).","Person 1 would rate Movie A higher because the difference in average ratings between Movie A (4.07) and Movie B (0.50) is 3.57, which exceeds the 2.00 threshold where the model predicts a 94% preference for the higher-rated option.

PREDICTION: 1
","Since the decision tree indicates a 94% probability that Person 1 prefers the higher-rated movie given the large rating difference, implementing the prediction is the statistically sound choice.

DECISION: 0
",,,2026-05-27T21:15:37.897027
avg_diff_over_200,1,1,1,0,"Person 1 has reviewed the following movies:

- Rock, The (1996) (Action|Adventure|Thriller): Rated 5.0/5
- Star Wars: Episode IV - A New Hope (1977) (Action|Adventure|Sci-Fi): Rated 5.0/5
- Usual Suspects, The (1995) (Crime|Mystery|Thriller): Rated 4.0/5
- White Squall (1996) (Action|Adventure|Drama): Rated 3.0/5
- Braveheart (1995) (Action|Drama|War): Rated 4.0/5

Consider these two movies they have not seen:

- Movie A: Matrix, The (1999) (Action|Sci-Fi|Thriller), average rating 4.13/5 (2971 ratings)
- Movie B: Avengers, The (1998) (Action|Adventure), average rating 1.94/5 (85 ratings)

A decision tree trained on this dataset finds that when the two movies' average ratings differ by more than 2.00, users prefer the higher-rated movie 94% of the time.

TASK: Predict which movie Person 1 would rate higher. Explain your reasoning in 1 sentence. Then conclude with exactly 'PREDICTION: 1' (Movie A) or 'PREDICTION: 0' (Movie B).","You predicted Person 1's movie preference above.
TASK: Should we implement your prediction, or escalate to Person 1?
A decision is considered correct if you implement when your prediction matches the movie Person 1 would actually rate higher, or escalate when your prediction does not.
Explain your reasoning in 1-2 sentences, then conclude with exactly 'DECISION: 0' (implement) or 'DECISION: 1' (escalate).","Person 1 would rate Movie A higher because the difference in average ratings between the two movies (2.19) exceeds the decision tree's threshold of 2.00, leading to a 94% probability of preferring the higher-rated option.

PREDICTION: 1
","Since the decision tree indicates a 94% probability that Person 1 prefers the higher-rated movie (Movie A), implementing the prediction is the statistically sound choice based on the available data.

DECISION: 0
",,,2026-05-27T21:15:44.806012
avg_diff_over_200,1,1,1,0,"Person 1 has reviewed the following movies:

- Lost Boys, The (1987) (Comedy|Horror|Thriller): Rated 4.0/5
- Jaws: The Revenge (1987) (Horror|Thriller): Rated 1.0/5
- Being John Malkovich (1999) (Comedy|Drama|Fantasy): Rated 2.0/5
- Road Trip (2000) (Comedy): Rated 2.0/5
- Pope of Greenwich Village, The (1984) (Drama): Rated 4.0/5

Consider these two movies they have not seen:

- Movie A: Shawshank Redemption, The (1994) (Crime|Drama), average rating 4.42/5 (3232 ratings)
- Movie B: Masters of the Universe (1987) (Action|Adventure|Fantasy|Sci-Fi), average rating 2.38/5 (42 ratings)

A decision tree trained on this dataset finds that when the two movies' average ratings differ by more than 2.00, users prefer the higher-rated movie 94% of the time.

TASK: Predict which movie Person 1 would rate higher. Explain your reasoning in 1 sentence. Then conclude with exactly 'PREDICTION: 1' (Movie A) or 'PREDICTION: 0' (Movie B).","You predicted Person 1's movie preference above.
TASK: Should we implement your prediction, or escalate to Person 1?
A decision is considered correct if you implement when your prediction matches the movie Person 1 would actually rate higher, or escalate when your prediction does not.
Explain your reasoning in 1-2 sentences, then conclude with exactly 'DECISION: 0' (implement) or 'DECISION: 1' (escalate).","Person 1 would rate Movie A higher because the difference in average ratings between the two movies (4.42 - 2.38 = 2.04) exceeds the decision tree's threshold of 2.00, triggering the rule that users prefer the higher-rated movie 94% of the time.

PREDICTION: 1
","Since the decision tree's logic indicates a 94% probability that Person 1 prefers the higher-rated movie (Movie A), implementing the prediction is the statistically sound choice without needing to escalate.

DECISION: 0
",,,2026-05-27T21:15:52.588007
avg_diff_over_200,1,1,1,0,"Person 1 has reviewed the following movies:

- Train to Busan (2016) (Action|Thriller): Rated 5.0/5
- Batman Begins (2005) (Action|Crime|IMAX): Rated 4.0/5
- Beautiful Mind, A (2001) (Drama|Romance): Rated 4.0/5
- Zootopia (2016) (Action|Adventure|Animation|Children|Comedy): Rated 3.5/5
- Green Book (2018) (Comedy|Drama): Rated 3.5/5

Consider these two movies they have not seen:

- Movie A: Shawshank Redemption, The (1994) (Crime|Drama), average rating 4.42/5 (3232 ratings)
- Movie B: Catwoman (2004) (Action|Crime|Fantasy), average rating 1.83/5 (105 ratings)

A decision tree trained on this dataset finds that when the two movies' average ratings differ by more than 2.00, users prefer the higher-rated movie 94% of the time.

TASK: Predict which movie Person 1 would rate higher. Explain your reasoning in 1 sentence. Then conclude with exactly 'PREDICTION: 1' (Movie A) or 'PREDICTION: 0' (Movie B).","You predicted Person 1's movie preference above.
TASK: Should we implement your prediction, or escalate to Person 1?
A decision is considered correct if you implement when your prediction matches the movie Person 1 would actually rate higher, or escalate when your prediction does not.
Explain your reasoning in 1-2 sentences, then conclude with exactly 'DECISION: 0' (implement) or 'DECISION: 1' (escalate).","Person 1 would rate Movie A higher because the difference in average ratings between the two unviewed movies (4.42 - 1.83 = 2.59) exceeds the decision tree's threshold of 2.00, triggering the rule that users prefer the higher-rated option.

PREDICTION: 1
","Since the decision tree's logic indicates a 94% probability that Person 1 prefers the higher-rated movie, implementing the prediction is the statistically sound choice without needing to escalate.

DECISION: 0
",,,2026-05-27T21:16:00.171170
avg_diff_over_200,1,1,1,0,"Person 1 has reviewed the following movies:

- Shrek (2001) (Adventure|Animation|Children|Comedy|Fantasy|Romance): Rated 3.5/5
- Mission: Impossible - Fallout (2018) (Action|Adventure|Thriller): Rated 3.0/5
- Nobody (2021) (Action|Crime|Thriller): Rated 3.5/5
- Underworld: Rise of the Lycans (2009) (Action|Fantasy|Horror|Thriller): Rated 3.0/5
- Fantastic Beasts and Where to Find Them (2016) (Fantasy): Rated 3.0/5

Consider these two movies they have not seen:

- Movie A: Grand Day Out with Wallace and Gromit, A (1989) (Adventure|Animation|Children|Comedy|Sci-Fi), average rating 4.09/5 (262 ratings)
- Movie B: The Star Wars Holiday Special (1978) (Adventure|Children|Comedy|Sci-Fi), average rating 1.44/5 (8 ratings)

A decision tree trained on this dataset finds that when the two movies' average ratings differ by more than 2.00, users prefer the higher-rated movie 94% of the time.

TASK: Predict which movie Person 1 would rate higher. Explain your reasoning in 1 sentence. Then conclude with exactly 'PREDICTION: 1' (Movie A) or 'PREDICTION: 0' (Movie B).","You predicted Person 1's movie preference above.
TASK: Should we implement your prediction, or escalate to Person 1?
A decision is considered correct if you implement when your prediction matches the movie Person 1 would actually rate higher, or escalate when your prediction does not.
Explain your reasoning in 1-2 sentences, then conclude with exactly 'DECISION: 0' (implement) or 'DECISION: 1' (escalate).","Person 1 would rate Movie A higher because the average ratings of the two movies differ by 2.65 points, which exceeds the 2.00 threshold where the decision tree predicts a 94% preference for the higher-rated option.

PREDICTION: 1
","Since the decision tree's condition (rating difference > 2.00) is met, the model predicts a 94% probability that Person 1 prefers the higher-rated movie, making implementation the statistically sound choice.

DECISION: 0
",,,2026-05-27T21:16:07.811919
avg_diff_over_200,1,1,1,0,"Person 1 has reviewed the following movies:

- Gladiator (2000) (Action|Adventure|Drama): Rated 5.0/5
- Book of Eli, The (2010) (Action|Adventure|Drama): Rated 3.5/5
- Batman Returns (1992) (Action|Crime): Rated 3.0/5
- Predators (2010) (Action|Sci-Fi|Thriller): Rated 2.0/5
- Harry Potter and the Sorcerer's Stone (a.k.a. Harry Potter and the Philosopher's Stone) (2001) (Adventure|Children|Fantasy): Rated 4.0/5

Consider these two movies they have not seen:

- Movie A: Midnight in Paris (2011) (Comedy|Fantasy|Romance), average rating 3.81/5 (320 ratings)
- Movie B: Agent Cody Banks 2: Destination London (2004) (Action|Adventure|Children|Comedy), average rating 1.50/5 (15 ratings)

A decision tree trained on this dataset finds that when the two movies' average ratings differ by more than 2.00, users prefer the higher-rated movie 94% of the time.

TASK: Predict which movie Person 1 would rate higher. Explain your reasoning in 1 sentence. Then conclude with exactly 'PREDICTION: 1' (Movie A) or 'PREDICTION: 0' (Movie B).","You predicted Person 1's movie preference above.
TASK: Should we implement your prediction, or escalate to Person 1?
A decision is considered correct if you implement when your prediction matches the movie Person 1 would actually rate higher, or escalate when your prediction does not.
Explain your reasoning in 1-2 sentences, then conclude with exactly 'DECISION: 0' (implement) or 'DECISION: 1' (escalate).","Person 1 would rate Movie A higher because the difference in average ratings between Movie A (3.81) and Movie B (1.50) is 2.31, which exceeds the 2.00 threshold where the model predicts a 94% preference for the higher-rated film.

PREDICTION: 1
","Since the decision tree indicates a 94% probability that Person 1 prefers the higher-rated movie (Movie A) when the rating difference exceeds 2.00, and our calculated difference of 2.31 meets this condition, implementing the prediction is the statistically sound choice.

DECISION: 0
",,,2026-05-27T21:16:17.029685
avg_diff_over_200,0,1,0,0,"Person 1 has reviewed the following movies:

- The Lovers (2017) (Comedy): Rated 4.5/5
- The Wall (2017) (Drama|Thriller): Rated 1.0/5
- Whitney: Can I Be Me (2017) (Documentary): Rated 0.5/5
- How to Talk to Girls at Parties (2017) (Comedy|Romance|Sci-Fi): Rated 0.5/5
- Inhumans (2018) (Action|Adventure|Sci-Fi): Rated 0.5/5

Consider these two movies they have not seen:

- Movie A: Star Wars: Episode V - The Empire Strikes Back (1980) (Action|Adventure|Sci-Fi), average rating 4.10/5 (2250 ratings)
- Movie B: Permission (2017) (Comedy|Romance), average rating 1.00/5 (1 ratings)

A decision tree trained on this dataset finds that when the two movies' average ratings differ by more than 2.00, users prefer the higher-rated movie 94% of the time.

TASK: Predict which movie Person 1 would rate higher. Explain your reasoning in 1 sentence. Then conclude with exactly 'PREDICTION: 1' (Movie A) or 'PREDICTION: 0' (Movie B).","You predicted Person 1's movie preference above.
TASK: Should we implement your prediction, or escalate to Person 1?
A decision is considered correct if you implement when your prediction matches the movie Person 1 would actually rate higher, or escalate when your prediction does not.
Explain your reasoning in 1-2 sentences, then conclude with exactly 'DECISION: 0' (implement) or 'DECISION: 1' (escalate).","The decision tree predicts that Person 1 will rate Movie A higher because the difference in average ratings between the two movies (3.10) exceeds the 2.00 threshold, triggering the rule that users prefer the higher-rated movie.

PREDICTION: 1
","Since the decision tree's logic relies solely on the average rating difference and predicts a preference for the higher-rated movie, implementing this prediction is the correct course of action based on the provided model.

DECISION: 0
",,,2026-05-27T21:16:23.904813
avg_diff_over_200,1,1,1,0,"Person 1 has reviewed the following movies:

- Cast Away (2000) (Drama): Rated 2.0/5
- Fight Club (1999) (Action|Crime|Drama|Thriller): Rated 5.0/5
- Broadcast News (1987) (Comedy|Drama|Romance): Rated 5.0/5
- Toy Story (1995) (Adventure|Animation|Children|Comedy|Fantasy): Rated 3.0/5
- Scrooged (1988) (Comedy|Fantasy|Romance): Rated 2.0/5

Consider these two movies they have not seen:

- Movie A: Wonder Boys (2000) (Comedy|Drama), average rating 3.70/5 (230 ratings)
- Movie B: Meatballs Part II (1984) (Comedy), average rating 1.61/5 (18 ratings)

A decision tree trained on this dataset finds that when the two movies' average ratings differ by more than 2.00, users prefer the higher-rated movie 94% of the time.

TASK: Predict which movie Person 1 would rate higher. Explain your reasoning in 1 sentence. Then conclude with exactly 'PREDICTION: 1' (Movie A) or 'PREDICTION: 0' (Movie B).","You predicted Person 1's movie preference above.
TASK: Should we implement your prediction, or escalate to Person 1?
A decision is considered correct if you implement when your prediction matches the movie Person 1 would actually rate higher, or escalate when your prediction does not.
Explain your reasoning in 1-2 sentences, then conclude with exactly 'DECISION: 0' (implement) or 'DECISION: 1' (escalate).","Person 1 would rate Movie A higher because the difference in average ratings between the two movies (3.70 - 1.61 = 2.09) exceeds the decision tree's threshold of 2.00, triggering the rule that users prefer the higher-rated movie.

PREDICTION: 1
","Since the decision tree rule explicitly states that users prefer the higher-rated movie when the rating difference exceeds 2.00, and the difference here is 2.09, implementing the prediction is the statistically sound choice based on the provided model.

DECISION: 0
",,,2026-05-27T21:16:32.100693
avg_diff_over_200,1,1,1,0,"Person 1 has reviewed the following movies:

- Men in Black (a.k.a. MIB) (1997) (Action|Comedy|Sci-Fi): Rated 3.0/5
- Mary Poppins (1964) (Children|Comedy|Fantasy|Musical): Rated 4.5/5
- Annie Hall (1977) (Comedy|Romance): Rated 3.5/5
- Nutty Professor, The (1996) (Comedy|Fantasy|Romance|Sci-Fi): Rated 2.0/5
- Titan A.E. (2000) (Action|Adventure|Animation|Children|Sci-Fi): Rated 3.5/5

Consider these two movies they have not seen:

- Movie A: Pan's Labyrinth (Laberinto del fauno, El) (2006) (Drama|Fantasy|Thriller), average rating 3.95/5 (839 ratings)
- Movie B: Fausto 5.0 (2001) (Horror), average rating 1.50/5 (1 ratings)

A decision tree trained on this dataset finds that when the two movies' average ratings differ by more than 2.00, users prefer the higher-rated movie 94% of the time.

TASK: Predict which movie Person 1 would rate higher. Explain your reasoning in 1 sentence. Then conclude with exactly 'PREDICTION: 1' (Movie A) or 'PREDICTION: 0' (Movie B).","You predicted Person 1's movie preference above.
TASK: Should we implement your prediction, or escalate to Person 1?
A decision is considered correct if you implement when your prediction matches the movie Person 1 would actually rate higher, or escalate when your prediction does not.
Explain your reasoning in 1-2 sentences, then conclude with exactly 'DECISION: 0' (implement) or 'DECISION: 1' (escalate).","Person 1 would rate Movie A higher because the difference in average ratings between the two unviewed movies (3.95 - 1.50 = 2.45) exceeds the decision tree's threshold of 2.00, leading to a 94% preference for the higher-rated option.

PREDICTION: 1
","Since the decision tree's logic indicates a 94% probability that Person 1 prefers the higher-rated movie (Movie A), implementing the prediction is the statistically sound choice based on the provided data.

DECISION: 0
",,,2026-05-27T21:16:40.287258
avg_diff_over_200,1,0,0,1,"Person 1 has reviewed the following movies:

- Better Off Dead... (1985) (Comedy|Romance): Rated 3.0/5
- Amelie (Fabuleux destin d'Amélie Poulain, Le) (2001) (Comedy|Romance): Rated 4.5/5
- Inception (2010) (Action|Crime|Drama|Mystery|Sci-Fi|Thriller|IMAX): Rated 4.5/5
- Real Genius (1985) (Comedy): Rated 4.0/5
- Scott Pilgrim vs. the World (2010) (Action|Comedy|Fantasy|Musical|Romance): Rated 5.0/5

Consider these two movies they have not seen:

- Movie A: Fly, The (1958) (Horror|Mystery|Sci-Fi), average rating 3.34/5 (117 ratings)
- Movie B: Pokemon 4 Ever (a.k.a. Pokémon 4: The Movie) (2002) (Adventure|Animation|Children|Fantasy), average rating 1.25/5 (14 ratings)

A decision tree trained on this dataset finds that when the two movies' average ratings differ by more than 2.00, users prefer the higher-rated movie 94% of the time.

TASK: Predict which movie Person 1 would rate higher. Explain your reasoning in 1 sentence. Then conclude with exactly 'PREDICTION: 1' (Movie A) or 'PREDICTION: 0' (Movie B).","You predicted Person 1's movie preference above.
TASK: Should we implement your prediction, or escalate to Person 1?
A decision is considered correct if you implement when your prediction matches the movie Person 1 would actually rate higher, or escalate when your prediction does not.
Explain your reasoning in 1-2 sentences, then conclude with exactly 'DECISION: 0' (implement) or 'DECISION: 1' (escalate).","Person 1 has not seen either movie, so the decision tree cannot apply the rating-difference rule to their personal history, making a prediction based on the provided dataset impossible. PREDICTION: 0
","Since Person 1 has no personal rating history for these specific titles, the decision tree's rule cannot be applied to their individual preferences, making any automated prediction unreliable. Therefore, the only safe course of action is to escalate the decision to Person 1 to ensure their actual taste is respected. DECISION: 1
",,,2026-05-27T21:16:47.643656
avg_diff_over_200,1,1,1,0,"Person 1 has reviewed the following movies:

- Outbreak (1995) (Action|Drama|Sci-Fi|Thriller): Rated 2.0/5
- Forrest Gump (1994) (Comedy|Drama|Romance|War): Rated 5.0/5
- The Dinner Party (2020) (Horror|Thriller): Rated 1.0/5
- Shawshank Redemption, The (1994) (Crime|Drama): Rated 5.0/5
- Avengers: Infinity War - Part I (2018) (Action|Adventure|Sci-Fi): Rated 2.0/5

Consider these two movies they have not seen:

- Movie A: American Beauty (1999) (Drama|Romance), average rating 4.09/5 (2014 ratings)
- Movie B: AKA Jane Roe (2020) (Documentary), average rating 1.00/5 (1 ratings)

A decision tree trained on this dataset finds that when the two movies' average ratings differ by more than 2.00, users prefer the higher-rated movie 94% of the time.

TASK: Predict which movie Person 1 would rate higher. Explain your reasoning in 1 sentence. Then conclude with exactly 'PREDICTION: 1' (Movie A) or 'PREDICTION: 0' (Movie B).","You predicted Person 1's movie preference above.
TASK: Should we implement your prediction, or escalate to Person 1?
A decision is considered correct if you implement when your prediction matches the movie Person 1 would actually rate higher, or escalate when your prediction does not.
Explain your reasoning in 1-2 sentences, then conclude with exactly 'DECISION: 0' (implement) or 'DECISION: 1' (escalate).","Person 1 would rate Movie A higher because the average rating difference between the two unviewed movies (4.09 - 1.00 = 3.09) exceeds the decision tree's threshold of 2.00, triggering the rule that users prefer the higher-rated option.

PREDICTION: 1
","Since the decision tree's logic indicates a 94% probability that Person 1 prefers the higher-rated movie, and the rating difference between Movie A and Movie B is significant enough to trigger this rule, implementing the prediction is the statistically sound choice.

DECISION: 0
",,,2026-05-27T21:16:56.084923
avg_diff_over_200,1,1,1,0,"Person 1 has reviewed the following movies:

- Coco (2017) (Adventure|Animation|Children): Rated 5.0/5
- Première année (2018) ((no genres listed)): Rated 1.0/5
- Yardie (2018) (Crime|Drama): Rated 0.5/5
- Kin (2018) (Action|Sci-Fi): Rated 1.0/5
- 50 First Dates (2004) (Comedy|Romance): Rated 2.0/5

Consider these two movies they have not seen:

- Movie A: Isle of Dogs (2018) (Animation|Comedy), average rating 3.86/5 (158 ratings)
- Movie B: Earth and Ashes (2004) (Drama), average rating 0.50/5 (2 ratings)

A decision tree trained on this dataset finds that when the two movies' average ratings differ by more than 2.00, users prefer the higher-rated movie 94% of the time.

TASK: Predict which movie Person 1 would rate higher. Explain your reasoning in 1 sentence. Then conclude with exactly 'PREDICTION: 1' (Movie A) or 'PREDICTION: 0' (Movie B).","You predicted Person 1's movie preference above.
TASK: Should we implement your prediction, or escalate to Person 1?
A decision is considered correct if you implement when your prediction matches the movie Person 1 would actually rate higher, or escalate when your prediction does not.
Explain your reasoning in 1-2 sentences, then conclude with exactly 'DECISION: 0' (implement) or 'DECISION: 1' (escalate).","The average rating difference between Movie A (3.86) and Movie B (0.50) is 3.36, which exceeds the 2.00 threshold, so the decision tree predicts Person 1 will prefer the higher-rated movie. PREDICTION: 1
","Since the decision tree's logic explicitly states that users prefer the higher-rated movie when the rating difference exceeds 2.00, and our calculated difference of 3.36 meets this condition, we can confidently implement the prediction without needing to escalate. DECISION: 0
",,,2026-05-27T21:17:03.781848
avg_diff_over_200,0,1,0,0,"Person 1 has reviewed the following movies:

- X-Files: Fight the Future, The (1998) (Action|Crime|Mystery|Sci-Fi|Thriller): Rated 2.0/5
- Cell, The (2000) (Drama|Horror|Thriller): Rated 2.0/5
- Mission to Mars (2000) (Sci-Fi): Rated 1.0/5
- 2001: A Space Odyssey (1968) (Adventure|Drama|Sci-Fi): Rated 5.0/5
- 2010: The Year We Make Contact (1984) (Sci-Fi): Rated 2.0/5

Consider these two movies they have not seen:

- Movie A: Terminator, The (1984) (Action|Sci-Fi|Thriller), average rating 3.90/5 (1471 ratings)
- Movie B: Battlefield Earth (2000) (Action|Sci-Fi), average rating 1.52/5 (152 ratings)

A decision tree trained on this dataset finds that when the two movies' average ratings differ by more than 2.00, users prefer the higher-rated movie 94% of the time.

TASK: Predict which movie Person 1 would rate higher. Explain your reasoning in 1 sentence. Then conclude with exactly 'PREDICTION: 1' (Movie A) or 'PREDICTION: 0' (Movie B).","You predicted Person 1's movie preference above.
TASK: Should we implement your prediction, or escalate to Person 1?
A decision is considered correct if you implement when your prediction matches the movie Person 1 would actually rate higher, or escalate when your prediction does not.
Explain your reasoning in 1-2 sentences, then conclude with exactly 'DECISION: 0' (implement) or 'DECISION: 1' (escalate).","Person 1 would rate Movie A higher because the average rating difference between the two movies (3.90 - 1.52 = 2.38) exceeds the decision tree's threshold of 2.00, triggering the rule that users prefer the higher-rated movie.

PREDICTION: 1
","Since the decision tree rule explicitly states that users prefer the higher-rated movie when the rating difference exceeds 2.00, and Person 1's rating history shows a strong preference for highly rated sci-fi films (like *2001: A Space Odyssey*), implementing the prediction is the logical choice.

DECISION: 0
",,,2026-05-27T21:17:12.469678
avg_diff_over_200,1,1,1,0,"Person 1 has reviewed the following movies:

- Bowfinger (1999) (Comedy): Rated 2.0/5
- Never Been Kissed (1999) (Comedy|Romance): Rated 3.0/5
- Lake Placid (1999) (Horror|Thriller): Rated 3.0/5
- Girl, Interrupted (1999) (Drama): Rated 4.0/5
- Man on the Moon (1999) (Comedy|Drama): Rated 1.0/5

Consider these two movies they have not seen:

- Movie A: Rain Man (1988) (Drama), average rating 3.93/5 (1068 ratings)
- Movie B: Snow Day (2000) (Comedy), average rating 1.86/5 (25 ratings)

A decision tree trained on this dataset finds that when the two movies' average ratings differ by more than 2.00, users prefer the higher-rated movie 94% of the time.

TASK: Predict which movie Person 1 would rate higher. Explain your reasoning in 1 sentence. Then conclude with exactly 'PREDICTION: 1' (Movie A) or 'PREDICTION: 0' (Movie B).","You predicted Person 1's movie preference above.
TASK: Should we implement your prediction, or escalate to Person 1?
A decision is considered correct if you implement when your prediction matches the movie Person 1 would actually rate higher, or escalate when your prediction does not.
Explain your reasoning in 1-2 sentences, then conclude with exactly 'DECISION: 0' (implement) or 'DECISION: 1' (escalate).","Movie A has an average rating of 3.93 while Movie B has an average rating of 1.86, creating a difference of 2.07 which exceeds the 2.00 threshold where the decision tree predicts a 94% preference for the higher-rated movie.

PREDICTION: 1
","Since the decision tree's logic indicates a 94% probability that Person 1 prefers the higher-rated movie (Movie A), implementing the prediction is the statistically sound choice.

DECISION: 0
",,,2026-05-27T21:17:19.883818
avg_diff_over_200,1,1,1,0,"Person 1 has reviewed the following movies:

- Die Hard: With a Vengeance (1995) (Action|Crime|Thriller): Rated 3.0/5
- To Live (Huozhe) (1994) (Drama): Rated 5.0/5
- Star Wars: Episode IV - A New Hope (1977) (Action|Adventure|Sci-Fi): Rated 5.0/5
- Eraser (1996) (Action|Drama|Thriller): Rated 3.0/5
- Léon: The Professional (a.k.a. The Professional) (Léon) (1994) (Action|Crime|Drama|Thriller): Rated 3.0/5

Consider these two movies they have not seen:

- Movie A: Fugitive, The (1993) (Thriller), average rating 3.96/5 (1754 ratings)
- Movie B: Street Fighter (1994) (Action|Adventure|Fantasy), average rating 1.80/5 (83 ratings)

A decision tree trained on this dataset finds that when the two movies' average ratings differ by more than 2.00, users prefer the higher-rated movie 94% of the time.

TASK: Predict which movie Person 1 would rate higher. Explain your reasoning in 1 sentence. Then conclude with exactly 'PREDICTION: 1' (Movie A) or 'PREDICTION: 0' (Movie B).","You predicted Person 1's movie preference above.
TASK: Should we implement your prediction, or escalate to Person 1?
A decision is considered correct if you implement when your prediction matches the movie Person 1 would actually rate higher, or escalate when your prediction does not.
Explain your reasoning in 1-2 sentences, then conclude with exactly 'DECISION: 0' (implement) or 'DECISION: 1' (escalate).","The average rating difference between Movie A (3.96) and Movie B (1.80) is 2.16, which exceeds the 2.00 threshold where the decision tree predicts a 94% preference for the higher-rated movie.

PREDICTION: 1
","Since the decision tree's logic indicates a 94% probability that Person 1 prefers the higher-rated movie (Movie A), implementing the prediction is the statistically sound choice.

DECISION: 0
",,,2026-05-27T21:17:27.084854
avg_diff_over_200,1,1,1,0,"Person 1 has reviewed the following movies:

- Matrix, The (1999) (Action|Sci-Fi|Thriller): Rated 5.0/5
- Shrek (2001) (Adventure|Animation|Children|Comedy|Fantasy|Romance): Rated 5.0/5
- Batman Begins (2005) (Action|Crime|IMAX): Rated 5.0/5
- Bourne Identity, The (2002) (Action|Mystery|Thriller): Rated 4.0/5
- Star Trek: First Contact (1996) (Action|Adventure|Sci-Fi|Thriller): Rated 3.5/5

Consider these two movies they have not seen:

- Movie A: Spirited Away (Sen to Chihiro no kamikakushi) (2001) (Adventure|Animation|Fantasy), average rating 4.25/5 (1049 ratings)
- Movie B: The Ridiculous 6 (2015) (Comedy|Western), average rating 1.64/5 (14 ratings)

A decision tree trained on this dataset finds that when the two movies' average ratings differ by more than 2.00, users prefer the higher-rated movie 94% of the time.

TASK: Predict which movie Person 1 would rate higher. Explain your reasoning in 1 sentence. Then conclude with exactly 'PREDICTION: 1' (Movie A) or 'PREDICTION: 0' (Movie B).","You predicted Person 1's movie preference above.
TASK: Should we implement your prediction, or escalate to Person 1?
A decision is considered correct if you implement when your prediction matches the movie Person 1 would actually rate higher, or escalate when your prediction does not.
Explain your reasoning in 1-2 sentences, then conclude with exactly 'DECISION: 0' (implement) or 'DECISION: 1' (escalate).","Person 1 would rate Movie A higher because the average rating difference between the two movies (4.25 - 1.64 = 2.61) exceeds the decision tree's threshold of 2.00, triggering the rule that users prefer the higher-rated movie 94% of the time.

PREDICTION: 1
","Since the decision tree's logic indicates a 94% probability that Person 1 prefers the higher-rated movie (Movie A), implementing the prediction is the statistically sound choice without needing to escalate.

DECISION: 0
",,,2026-05-27T21:17:35.312210
avg_diff_over_200,1,1,1,0,"Person 1 has reviewed the following movies:

- The Scorpion King (2002) (Action|Adventure|Fantasy|Thriller): Rated 4.0/5
- Terminator 3: Rise of the Machines (2003) (Action|Adventure|Sci-Fi): Rated 4.0/5
- Boiler Room (2000) (Crime|Drama|Thriller): Rated 3.5/5
- Evolution (2001) (Comedy|Sci-Fi): Rated 4.0/5
- Bone Collector, The (1999) (Thriller): Rated 3.5/5

Consider these two movies they have not seen:

- Movie A: Godfather: Part II, The (1974) (Crime|Drama), average rating 4.29/5 (1376 ratings)
- Movie B: Bride of Chucky (Child's Play 4) (1998) (Comedy|Horror|Thriller), average rating 2.00/5 (62 ratings)

A decision tree trained on this dataset finds that when the two movies' average ratings differ by more than 2.00, users prefer the higher-rated movie 94% of the time.

TASK: Predict which movie Person 1 would rate higher. Explain your reasoning in 1 sentence. Then conclude with exactly 'PREDICTION: 1' (Movie A) or 'PREDICTION: 0' (Movie B).","You predicted Person 1's movie preference above.
TASK: Should we implement your prediction, or escalate to Person 1?
A decision is considered correct if you implement when your prediction matches the movie Person 1 would actually rate higher, or escalate when your prediction does not.
Explain your reasoning in 1-2 sentences, then conclude with exactly 'DECISION: 0' (implement) or 'DECISION: 1' (escalate).","Person 1 would rate Movie A higher because the difference in average ratings between the two options (4.29 - 2.00 = 2.29) exceeds the decision tree's threshold of 2.00, triggering the rule that users prefer the higher-rated movie.

PREDICTION: 1
","Since the decision tree rule explicitly states that users prefer the higher-rated movie when the rating difference exceeds 2.00, and Person 1's rating history shows a strong preference for higher-rated films (e.g., rating 4.0 for highly rated movies like *Terminator 3* while giving lower scores to less acclaimed ones), implementing the prediction is the logical choice.

DECISION: 0
",,,2026-05-27T21:17:45.309961
avg_diff_over_200,1,1,1,0,"Person 1 has reviewed the following movies:

- Remo Williams: The Adventure Begins (1985) (Action|Comedy|Crime|Thriller): Rated 4.5/5
- Star Wars: Episode IV - A New Hope (1977) (Action|Adventure|Sci-Fi): Rated 5.0/5
- Godfather, The (1972) (Crime|Drama): Rated 5.0/5
- Santa Clause, The (1994) (Comedy|Drama|Fantasy): Rated 2.5/5
- Talented Mr. Ripley, The (1999) (Drama|Mystery|Thriller): Rated 2.5/5

Consider these two movies they have not seen:

- Movie A: Star Wars: Episode VI - Return of the Jedi (1983) (Action|Adventure|Sci-Fi), average rating 4.00/5 (2052 ratings)
- Movie B: From Justin to Kelly (2003) (Musical|Romance), average rating 0.96/5 (14 ratings)

A decision tree trained on this dataset finds that when the two movies' average ratings differ by more than 2.00, users prefer the higher-rated movie 94% of the time.

TASK: Predict which movie Person 1 would rate higher. Explain your reasoning in 1 sentence. Then conclude with exactly 'PREDICTION: 1' (Movie A) or 'PREDICTION: 0' (Movie B).","You predicted Person 1's movie preference above.
TASK: Should we implement your prediction, or escalate to Person 1?
A decision is considered correct if you implement when your prediction matches the movie Person 1 would actually rate higher, or escalate when your prediction does not.
Explain your reasoning in 1-2 sentences, then conclude with exactly 'DECISION: 0' (implement) or 'DECISION: 1' (escalate).","Person 1 would rate Movie A higher because the difference in average ratings between Movie A (4.00) and Movie B (0.96) is 3.04, which exceeds the 2.00 threshold where the decision tree predicts a 94% preference for the higher-rated option.

PREDICTION: 1
","Since the decision tree's logic indicates a 94% probability that Person 1 prefers the higher-rated movie (Movie A) given the large rating difference, implementing the prediction is the statistically sound choice.

DECISION: 0
",,,2026-05-27T21:17:53.286931
avg_diff_over_200,1,1,1,0,"Person 1 has reviewed the following movies:

- Princess Bride, The (1987) (Action|Adventure|Comedy|Fantasy|Romance): Rated 3.5/5
- Superbad (2007) (Comedy): Rated 4.0/5
- The Revenant (2015) (Adventure|Drama): Rated 3.5/5
- Blood Diamond (2006) (Action|Adventure|Crime|Drama|Thriller|War): Rated 4.5/5
- Intouchables (2011) (Comedy|Drama): Rated 4.0/5

Consider these two movies they have not seen:

- Movie A: Juno (2007) (Comedy|Drama|Romance), average rating 3.71/5 (700 ratings)
- Movie B: Sadness of Sex, The (1995) (Drama), average rating 1.50/5 (1 ratings)

A decision tree trained on this dataset finds that when the two movies' average ratings differ by more than 2.00, users prefer the higher-rated movie 94% of the time.

TASK: Predict which movie Person 1 would rate higher. Explain your reasoning in 1 sentence. Then conclude with exactly 'PREDICTION: 1' (Movie A) or 'PREDICTION: 0' (Movie B).","You predicted Person 1's movie preference above.
TASK: Should we implement your prediction, or escalate to Person 1?
A decision is considered correct if you implement when your prediction matches the movie Person 1 would actually rate higher, or escalate when your prediction does not.
Explain your reasoning in 1-2 sentences, then conclude with exactly 'DECISION: 0' (implement) or 'DECISION: 1' (escalate).","Person 1 would rate Movie A higher because the difference in average ratings between Movie A (3.71) and Movie B (1.50) is 2.21, which exceeds the 2.00 threshold where the decision tree predicts a 94% preference for the higher-rated movie.

PREDICTION: 1
","Since the decision tree indicates a 94% probability that Person 1 prefers the higher-rated movie given the rating difference exceeds 2.00, and our prediction aligns with this statistical likelihood, we should proceed with implementing the recommendation rather than escalating.

DECISION: 0
",,,2026-05-27T21:18:02.189385
avg_diff_over_200,1,1,1,0,"Person 1 has reviewed the following movies:

- Princess Bride, The (1987) (Action|Adventure|Comedy|Fantasy|Romance): Rated 5.0/5
- Paris, I Love You (Paris, je t'aime) (2006) (Romance): Rated 4.5/5
- Thomas Crown Affair, The (1968) (Crime|Drama|Romance|Thriller): Rated 4.0/5
- Lord of the Rings: The Return of the King, The (2003) (Action|Adventure|Drama|Fantasy): Rated 5.0/5
- Harry Potter and the Prisoner of Azkaban (2004) (Adventure|Fantasy|IMAX): Rated 4.0/5

Consider these two movies they have not seen:

- Movie A: Star Wars: Episode V - The Empire Strikes Back (1980) (Action|Adventure|Sci-Fi), average rating 4.10/5 (2250 ratings)
- Movie B: Spice World (1997) (Comedy), average rating 1.68/5 (93 ratings)

A decision tree trained on this dataset finds that when the two movies' average ratings differ by more than 2.00, users prefer the higher-rated movie 94% of the time.

TASK: Predict which movie Person 1 would rate higher. Explain your reasoning in 1 sentence. Then conclude with exactly 'PREDICTION: 1' (Movie A) or 'PREDICTION: 0' (Movie B).","You predicted Person 1's movie preference above.
TASK: Should we implement your prediction, or escalate to Person 1?
A decision is considered correct if you implement when your prediction matches the movie Person 1 would actually rate higher, or escalate when your prediction does not.
Explain your reasoning in 1-2 sentences, then conclude with exactly 'DECISION: 0' (implement) or 'DECISION: 1' (escalate).","Person 1 would rate Movie A higher because the difference in average ratings between the two movies (4.10 - 1.68 = 2.42) exceeds the decision tree's threshold of 2.00, triggering the rule that users prefer the higher-rated movie.

PREDICTION: 1
","Since the decision tree's logic indicates a 94% probability that Person 1 prefers the higher-rated movie in this specific rating gap scenario, implementing the prediction is the statistically sound choice.

DECISION: 0
",,,2026-05-27T21:18:09.939501
avg_diff_over_200,1,1,1,0,"Person 1 has reviewed the following movies:

- L.A. Confidential (1997) (Crime|Film-Noir|Mystery|Thriller): Rated 4.0/5
- South Park: Bigger, Longer and Uncut (1999) (Animation|Comedy|Musical): Rated 5.0/5
- Gattaca (1997) (Drama|Sci-Fi|Thriller): Rated 4.0/5
- Unbreakable (2000) (Drama|Sci-Fi): Rated 3.0/5
- Clueless (1995) (Comedy|Romance): Rated 3.0/5

Consider these two movies they have not seen:

- Movie A: Aladdin (1992) (Adventure|Animation|Children|Comedy|Musical), average rating 3.68/5 (1586 ratings)
- Movie B: Aces: Iron Eagle III (1992) (Action), average rating 1.48/5 (29 ratings)

A decision tree trained on this dataset finds that when the two movies' average ratings differ by more than 2.00, users prefer the higher-rated movie 94% of the time.

TASK: Predict which movie Person 1 would rate higher. Explain your reasoning in 1 sentence. Then conclude with exactly 'PREDICTION: 1' (Movie A) or 'PREDICTION: 0' (Movie B).","You predicted Person 1's movie preference above.
TASK: Should we implement your prediction, or escalate to Person 1?
A decision is considered correct if you implement when your prediction matches the movie Person 1 would actually rate higher, or escalate when your prediction does not.
Explain your reasoning in 1-2 sentences, then conclude with exactly 'DECISION: 0' (implement) or 'DECISION: 1' (escalate).","Person 1 would rate Movie A higher because the average ratings of the two movies differ by 2.20 points, which exceeds the 2.00 threshold where the decision tree predicts a 94% preference for the higher-rated option.

PREDICTION: 1
","Since the decision tree's logic indicates a 94% probability that Person 1 prefers the higher-rated movie (Movie A), implementing the prediction is the statistically sound choice based on the available data.

DECISION: 0
",,,2026-05-27T21:18:17.123294
avg_diff_over_200,1,1,1,0,"Person 1 has reviewed the following movies:

- Bumblebee (2018) (Action|Adventure|Sci-Fi): Rated 1.5/5
- V for Vendetta (2006) (Action|Sci-Fi|Thriller|IMAX): Rated 4.0/5
- Thor: The Dark World (2013) (Action|Adventure|Fantasy|IMAX): Rated 2.5/5
- Casino Royale (2006) (Action|Adventure|Thriller): Rated 4.5/5
- Twelve Monkeys (a.k.a. 12 Monkeys) (1995) (Mystery|Sci-Fi|Thriller): Rated 4.5/5

Consider these two movies they have not seen:

- Movie A: Seven (a.k.a. Se7en) (1995) (Mystery|Thriller), average rating 4.07/5 (1954 ratings)
- Movie B: Transformers: The Last Knight (2017) (Action|Adventure|Sci-Fi|Thriller), average rating 1.98/5 (25 ratings)

A decision tree trained on this dataset finds that when the two movies' average ratings differ by more than 2.00, users prefer the higher-rated movie 94% of the time.

TASK: Predict which movie Person 1 would rate higher. Explain your reasoning in 1 sentence. Then conclude with exactly 'PREDICTION: 1' (Movie A) or 'PREDICTION: 0' (Movie B).","You predicted Person 1's movie preference above.
TASK: Should we implement your prediction, or escalate to Person 1?
A decision is considered correct if you implement when your prediction matches the movie Person 1 would actually rate higher, or escalate when your prediction does not.
Explain your reasoning in 1-2 sentences, then conclude with exactly 'DECISION: 0' (implement) or 'DECISION: 1' (escalate).","Person 1 would rate Movie A higher because the difference in average ratings between Movie A (4.07) and Movie B (1.98) is 2.09, which exceeds the 2.00 threshold where the model predicts a 94% preference for the higher-rated option.

PREDICTION: 1
","Since the decision tree indicates a 94% probability that Person 1 prefers the higher-rated movie when the rating difference exceeds 2.00, and our prediction aligns with this statistical likelihood, we should proceed with implementing the recommendation rather than escalating.

DECISION: 0
",,,2026-05-27T21:18:25.607429
avg_diff_over_200,1,1,1,0,"Person 1 has reviewed the following movies:

- World Is Not Enough, The (1999) (Action|Adventure|Thriller): Rated 5.0/5
- Herbie Goes to Monte Carlo (1977) (Adventure|Children|Comedy): Rated 3.5/5
- Dark Knight, The (2008) (Action|Crime|Drama|IMAX): Rated 5.0/5
- Tomorrow Never Dies (1997) (Action|Adventure|Thriller): Rated 5.0/5
- Of Mice and Men (1992) (Drama): Rated 0.5/5

Consider these two movies they have not seen:

- Movie A: Shawshank Redemption, The (1994) (Crime|Drama), average rating 4.42/5 (3232 ratings)
- Movie B: Free Willy 2: The Adventure Home (1995) (Adventure|Children|Drama), average rating 2.34/5 (117 ratings)

A decision tree trained on this dataset finds that when the two movies' average ratings differ by more than 2.00, users prefer the higher-rated movie 94% of the time.

TASK: Predict which movie Person 1 would rate higher. Explain your reasoning in 1 sentence. Then conclude with exactly 'PREDICTION: 1' (Movie A) or 'PREDICTION: 0' (Movie B).","You predicted Person 1's movie preference above.
TASK: Should we implement your prediction, or escalate to Person 1?
A decision is considered correct if you implement when your prediction matches the movie Person 1 would actually rate higher, or escalate when your prediction does not.
Explain your reasoning in 1-2 sentences, then conclude with exactly 'DECISION: 0' (implement) or 'DECISION: 1' (escalate).","Person 1 would rate Movie A higher because the difference in average ratings between the two movies (4.42 - 2.34 = 2.08) exceeds the decision tree's threshold of 2.00, leading to a 94% probability of preferring the higher-rated option.

PREDICTION: 1
","Since the decision tree indicates a 94% probability that Person 1 prefers the higher-rated movie and the rating difference exceeds the threshold, implementing the prediction is the statistically sound choice.

DECISION: 0
",,,2026-05-27T21:18:33.155649
avg_diff_over_200,1,1,1,0,"Person 1 has reviewed the following movies:

- Nutty Professor, The (1996) (Comedy|Fantasy|Romance|Sci-Fi): Rated 1.5/5
- Watchmen: Tales of the Black Freighter (2009) (Action|Adventure|Animation|Horror): Rated 4.0/5
- Old Boy (2003) (Mystery|Thriller): Rated 4.5/5
- Incredibles, The (2004) (Action|Adventure|Animation|Children|Comedy): Rated 3.5/5
- Let the Right One In (Låt den rätte komma in) (2008) (Drama|Fantasy|Horror|Romance): Rated 5.0/5

Consider these two movies they have not seen:

- Movie A: Clueless (1995) (Comedy|Romance), average rating 3.51/5 (910 ratings)
- Movie B: Glitter (2001) (Drama|Musical|Romance), average rating 1.10/5 (20 ratings)

A decision tree trained on this dataset finds that when the two movies' average ratings differ by more than 2.00, users prefer the higher-rated movie 94% of the time.

TASK: Predict which movie Person 1 would rate higher. Explain your reasoning in 1 sentence. Then conclude with exactly 'PREDICTION: 1' (Movie A) or 'PREDICTION: 0' (Movie B).","You predicted Person 1's movie preference above.
TASK: Should we implement your prediction, or escalate to Person 1?
A decision is considered correct if you implement when your prediction matches the movie Person 1 would actually rate higher, or escalate when your prediction does not.
Explain your reasoning in 1-2 sentences, then conclude with exactly 'DECISION: 0' (implement) or 'DECISION: 1' (escalate).","Person 1 would rate Movie A higher because the difference in average ratings between the two movies (2.41) exceeds the decision tree's threshold of 2.00, leading to a 94% preference for the movie with the higher rating.

PREDICTION: 1
","Since the decision tree logic indicates a 94% probability that Person 1 prefers the higher-rated movie (Movie A), implementing the prediction is the statistically sound choice based on the provided model.

DECISION: 0
",,,2026-05-27T21:18:40.423372
avg_diff_over_200,1,1,1,0,"Person 1 has reviewed the following movies:

- Lord of the Rings, The (1978) (Adventure|Animation|Children|Fantasy): Rated 4.0/5
- It Could Happen to You (1994) (Comedy|Drama|Romance): Rated 2.0/5
- Coming to America (1988) (Comedy|Romance): Rated 4.0/5
- Best of Youth, The (La meglio gioventù) (2003) (Drama): Rated 4.5/5
- Three Colors: Red (Trois couleurs: Rouge) (1994) (Drama): Rated 4.0/5

Consider these two movies they have not seen:

- Movie A: Lord of the Rings: The Return of the King, The (2003) (Action|Adventure|Drama|Fantasy), average rating 4.09/5 (2146 ratings)
- Movie B: I Still Know What You Did Last Summer (1998) (Horror|Mystery|Thriller), average rating 2.02/5 (143 ratings)

A decision tree trained on this dataset finds that when the two movies' average ratings differ by more than 2.00, users prefer the higher-rated movie 94% of the time.

TASK: Predict which movie Person 1 would rate higher. Explain your reasoning in 1 sentence. Then conclude with exactly 'PREDICTION: 1' (Movie A) or 'PREDICTION: 0' (Movie B).","You predicted Person 1's movie preference above.
TASK: Should we implement your prediction, or escalate to Person 1?
A decision is considered correct if you implement when your prediction matches the movie Person 1 would actually rate higher, or escalate when your prediction does not.
Explain your reasoning in 1-2 sentences, then conclude with exactly 'DECISION: 0' (implement) or 'DECISION: 1' (escalate).","Person 1 would rate Movie A higher because the difference in average ratings between the two unviewed movies (4.09 vs 2.02) exceeds the 2.00 threshold, and the decision tree indicates a 94% preference for the higher-rated option in such cases.

PREDICTION: 1
","Since the decision tree's logic relies solely on the rating difference threshold and predicts a 94% probability that Person 1 will choose the higher-rated movie, implementing this prediction is the most logical course of action without needing to escalate.

DECISION: 0
",,,2026-05-27T21:18:48.875054
avg_diff_over_200,1,1,1,0,"Person 1 has reviewed the following movies:

- Inside Man (2006) (Crime|Drama|Thriller): Rated 4.5/5
- Office Space (1999) (Comedy|Crime): Rated 5.0/5
- Serendipity (2001) (Comedy|Romance): Rated 5.0/5
- Harold & Kumar Escape from Guantanamo Bay (2008) (Adventure|Comedy): Rated 1.5/5
- Twisted (2004) (Thriller): Rated 3.5/5

Consider these two movies they have not seen:

- Movie A: Usual Suspects, The (1995) (Crime|Mystery|Thriller), average rating 4.24/5 (2132 ratings)
- Movie B: Mastizaade (2016) (Comedy|Romance), average rating 1.17/5 (3 ratings)

A decision tree trained on this dataset finds that when the two movies' average ratings differ by more than 2.00, users prefer the higher-rated movie 94% of the time.

TASK: Predict which movie Person 1 would rate higher. Explain your reasoning in 1 sentence. Then conclude with exactly 'PREDICTION: 1' (Movie A) or 'PREDICTION: 0' (Movie B).","You predicted Person 1's movie preference above.
TASK: Should we implement your prediction, or escalate to Person 1?
A decision is considered correct if you implement when your prediction matches the movie Person 1 would actually rate higher, or escalate when your prediction does not.
Explain your reasoning in 1-2 sentences, then conclude with exactly 'DECISION: 0' (implement) or 'DECISION: 1' (escalate).","Person 1 would rate Movie A higher because the difference in average ratings between Movie A (4.24) and Movie B (1.17) is 3.07, which exceeds the 2.00 threshold where the decision tree predicts a 94% preference for the higher-rated film.

PREDICTION: 1
","Since the decision tree's logic indicates a 94% probability that Person 1 prefers the higher-rated movie (Movie A), implementing the prediction is the statistically sound choice based on the provided model.

DECISION: 0
",,,2026-05-27T21:18:57.038181
avg_diff_over_200,1,1,1,0,"Person 1 has reviewed the following movies:

- The Croods: A New Age (2020) (Adventure|Animation|Children|Fantasy): Rated 5.0/5
- Weathering with You (2019) (Animation|Drama|Fantasy|Romance): Rated 3.5/5
- Little Monsters (2019) (Comedy|Horror): Rated 2.0/5
- The Peanut Butter Falcon (2019) (Adventure): Rated 4.5/5
- Soul (2020) (Adventure|Animation|Children|Comedy|Fantasy): Rated 4.5/5

Consider these two movies they have not seen:

- Movie A: Ronny Chieng: Asian Comedian Destroys America! (2019) (Comedy), average rating 4.50/5 (1 ratings)
- Movie B: The Dead Don't Die (2019) (Comedy|Horror), average rating 2.35/5 (23 ratings)

A decision tree trained on this dataset finds that when the two movies' average ratings differ by more than 2.00, users prefer the higher-rated movie 94% of the time.

TASK: Predict which movie Person 1 would rate higher. Explain your reasoning in 1 sentence. Then conclude with exactly 'PREDICTION: 1' (Movie A) or 'PREDICTION: 0' (Movie B).","You predicted Person 1's movie preference above.
TASK: Should we implement your prediction, or escalate to Person 1?
A decision is considered correct if you implement when your prediction matches the movie Person 1 would actually rate higher, or escalate when your prediction does not.
Explain your reasoning in 1-2 sentences, then conclude with exactly 'DECISION: 0' (implement) or 'DECISION: 1' (escalate).","Person 1 would rate Movie A higher because the difference in average ratings between Movie A (4.50) and Movie B (2.35) is 2.15, which exceeds the 2.00 threshold where the decision tree predicts a preference for the higher-rated movie.

PREDICTION: 1
","Since the decision tree's condition (rating difference > 2.00) is met, the model predicts Person 1 will prefer the higher-rated Movie A, making the prediction reliable enough to implement without escalation.

DECISION: 0
",,,2026-05-27T21:19:04.958271
avg_diff_over_200,1,1,1,0,"Person 1 has reviewed the following movies:

- Men in Black III (M.III.B.) (M.I.B.³) (2012) (Action|Comedy|Sci-Fi|IMAX): Rated 5.0/5
- Bucket List, The (2007) (Comedy|Drama): Rated 3.5/5
- Titanic (1997) (Drama|Romance): Rated 3.0/5
- Star Wars: Episode IV - A New Hope (1977) (Action|Adventure|Sci-Fi): Rated 3.0/5
- Captain Phillips (2013) (Adventure|Drama|Thriller|IMAX): Rated 5.0/5

Consider these two movies they have not seen:

- Movie A: The Mountain Between Us (2017) (Action|Adventure|Drama), average rating 3.50/5 (8 ratings)
- Movie B: Circus of the Dead (2014) ((no genres listed)), average rating 0.50/5 (1 ratings)

A decision tree trained on this dataset finds that when the two movies' average ratings differ by more than 2.00, users prefer the higher-rated movie 94% of the time.

TASK: Predict which movie Person 1 would rate higher. Explain your reasoning in 1 sentence. Then conclude with exactly 'PREDICTION: 1' (Movie A) or 'PREDICTION: 0' (Movie B).","You predicted Person 1's movie preference above.
TASK: Should we implement your prediction, or escalate to Person 1?
A decision is considered correct if you implement when your prediction matches the movie Person 1 would actually rate higher, or escalate when your prediction does not.
Explain your reasoning in 1-2 sentences, then conclude with exactly 'DECISION: 0' (implement) or 'DECISION: 1' (escalate).","The average rating difference between Movie A (3.50) and Movie B (0.50) is 3.00, which exceeds the 2.00 threshold where the decision tree predicts a 94% preference for the higher-rated movie.

PREDICTION: 1
","Since the decision tree's logic indicates a 94% probability that Person 1 prefers the higher-rated movie (Movie A), implementing the prediction is the statistically sound choice.

DECISION: 0
",,,2026-05-27T21:19:12.015425
avg_diff_over_200,1,1,1,0,"Person 1 has reviewed the following movies:

- Nell (1994) (Drama): Rated 3.0/5
- Superman (1978) (Action|Adventure|Sci-Fi): Rated 4.0/5
- Beverly Hillbillies, The (1993) (Comedy): Rated 3.0/5
- Domestic Disturbance (2001) (Thriller): Rated 2.0/5
- Dr. Strangelove or: How I Learned to Stop Worrying and Love the Bomb (1964) (Comedy|War): Rated 5.0/5

Consider these two movies they have not seen:

- Movie A: Election (1999) (Comedy), average rating 3.74/5 (431 ratings)
- Movie B: Battlefield Earth (2000) (Action|Sci-Fi), average rating 1.52/5 (152 ratings)

A decision tree trained on this dataset finds that when the two movies' average ratings differ by more than 2.00, users prefer the higher-rated movie 94% of the time.

TASK: Predict which movie Person 1 would rate higher. Explain your reasoning in 1 sentence. Then conclude with exactly 'PREDICTION: 1' (Movie A) or 'PREDICTION: 0' (Movie B).","You predicted Person 1's movie preference above.
TASK: Should we implement your prediction, or escalate to Person 1?
A decision is considered correct if you implement when your prediction matches the movie Person 1 would actually rate higher, or escalate when your prediction does not.
Explain your reasoning in 1-2 sentences, then conclude with exactly 'DECISION: 0' (implement) or 'DECISION: 1' (escalate).","The average rating difference between Movie A (3.74) and Movie B (1.52) is 2.22, which exceeds the 2.00 threshold where the decision tree predicts a 94% preference for the higher-rated movie.

PREDICTION: 1
","Since the decision tree's logic indicates a 94% probability that Person 1 prefers the higher-rated movie (Movie A) given the rating difference exceeds 2.00, implementing the prediction is the statistically sound choice.

DECISION: 0
",,,2026-05-27T21:19:19.876595
avg_diff_over_200,1,1,1,0,"Person 1 has reviewed the following movies:

- Three Kings (1999) (Action|Adventure|Comedy|Drama|War): Rated 3.0/5
- Lock, Stock & Two Smoking Barrels (1998) (Comedy|Crime|Thriller): Rated 2.0/5
- Braveheart (1995) (Action|Drama|War): Rated 4.0/5
- Philadelphia (1993) (Drama): Rated 3.0/5
- Shakespeare in Love (1998) (Comedy|Drama|Romance): Rated 5.0/5

Consider these two movies they have not seen:

- Movie A: Princess Bride, The (1987) (Action|Adventure|Comedy|Fantasy|Romance), average rating 4.08/5 (1455 ratings)
- Movie B: Quiet Room, The (1996) (Drama), average rating 1.67/5 (3 ratings)

A decision tree trained on this dataset finds that when the two movies' average ratings differ by more than 2.00, users prefer the higher-rated movie 94% of the time.

TASK: Predict which movie Person 1 would rate higher. Explain your reasoning in 1 sentence. Then conclude with exactly 'PREDICTION: 1' (Movie A) or 'PREDICTION: 0' (Movie B).","You predicted Person 1's movie preference above.
TASK: Should we implement your prediction, or escalate to Person 1?
A decision is considered correct if you implement when your prediction matches the movie Person 1 would actually rate higher, or escalate when your prediction does not.
Explain your reasoning in 1-2 sentences, then conclude with exactly 'DECISION: 0' (implement) or 'DECISION: 1' (escalate).","Person 1 would rate Movie A higher because the difference in average ratings between the two movies (4.08 - 1.67 = 2.41) exceeds the decision tree's threshold of 2.00, triggering the rule that users prefer the higher-rated movie.

PREDICTION: 1
","Since the decision tree rule indicates a 94% probability that Person 1 prefers the higher-rated movie when the rating difference exceeds 2.00, and our calculated difference of 2.41 meets this condition, we should implement the prediction rather than escalate.

DECISION: 0
",,,2026-05-27T21:19:28.694330
avg_diff_over_200,1,1,1,0,"Person 1 has reviewed the following movies:

- Pokemon 4 Ever (a.k.a. Pokémon 4: The Movie) (2002) (Adventure|Animation|Children|Fantasy): Rated 0.5/5
- Anger Management (2003) (Comedy): Rated 3.0/5
- Pulp Fiction (1994) (Comedy|Crime|Drama|Thriller): Rated 5.0/5
- Ocean's Eleven (2001) (Crime|Thriller): Rated 4.0/5
- Monty Python and the Holy Grail (1975) (Adventure|Comedy|Fantasy): Rated 4.0/5

Consider these two movies they have not seen:

- Movie A: Blade Runner (1982) (Action|Sci-Fi|Thriller), average rating 4.10/5 (1417 ratings)
- Movie B: Pokémon Heroes (2003) (Animation|Children), average rating 1.15/5 (10 ratings)

A decision tree trained on this dataset finds that when the two movies' average ratings differ by more than 2.00, users prefer the higher-rated movie 94% of the time.

TASK: Predict which movie Person 1 would rate higher. Explain your reasoning in 1 sentence. Then conclude with exactly 'PREDICTION: 1' (Movie A) or 'PREDICTION: 0' (Movie B).","You predicted Person 1's movie preference above.
TASK: Should we implement your prediction, or escalate to Person 1?
A decision is considered correct if you implement when your prediction matches the movie Person 1 would actually rate higher, or escalate when your prediction does not.
Explain your reasoning in 1-2 sentences, then conclude with exactly 'DECISION: 0' (implement) or 'DECISION: 1' (escalate).","Person 1 would rate Movie A higher because the difference in average ratings between Movie A (4.10) and Movie B (1.15) is 2.95, which exceeds the 2.00 threshold where the model predicts a 94% preference for the higher-rated option.

PREDICTION: 1
","Since the decision tree indicates a 94% probability that Person 1 prefers the higher-rated movie given the large rating difference, implementing the prediction is the statistically sound choice.

DECISION: 0
",,,2026-05-27T21:19:36.363544
avg_diff_over_200,0,1,0,0,"Person 1 has reviewed the following movies:

- Izzy Gets the F*ck Across Town (2018) (Comedy): Rated 1.0/5
- Cinderella (1950) (Animation|Children|Fantasy|Musical|Romance): Rated 1.5/5
- Emperor's New Groove, The (2000) (Adventure|Animation|Children|Comedy|Fantasy): Rated 3.0/5
- Lady and the Tramp (1955) (Animation|Children|Comedy|Romance): Rated 2.5/5
- Under the Silver Lake (2018) (Comedy|Crime|Drama|Mystery|Thriller): Rated 1.5/5

Consider these two movies they have not seen:

- Movie A: Bourne Ultimatum, The (2007) (Action|Crime|Thriller), average rating 3.86/5 (843 ratings)
- Movie B: The King (2018) (Documentary), average rating 1.50/5 (1 ratings)

A decision tree trained on this dataset finds that when the two movies' average ratings differ by more than 2.00, users prefer the higher-rated movie 94% of the time.

TASK: Predict which movie Person 1 would rate higher. Explain your reasoning in 1 sentence. Then conclude with exactly 'PREDICTION: 1' (Movie A) or 'PREDICTION: 0' (Movie B).","You predicted Person 1's movie preference above.
TASK: Should we implement your prediction, or escalate to Person 1?
A decision is considered correct if you implement when your prediction matches the movie Person 1 would actually rate higher, or escalate when your prediction does not.
Explain your reasoning in 1-2 sentences, then conclude with exactly 'DECISION: 0' (implement) or 'DECISION: 1' (escalate).","Person 1 would rate Movie A higher because the difference in average ratings between the two movies (3.86 - 1.50 = 2.36) exceeds the decision tree's threshold of 2.00, triggering the rule that users prefer the higher-rated movie.

PREDICTION: 1
","Since the decision tree rule explicitly states that users prefer the higher-rated movie when the rating difference exceeds 2.00, and the difference here is 2.36, implementing the prediction is the statistically correct action based on the provided model.

DECISION: 0
",,,2026-05-27T21:19:44.525486
avg_diff_over_200,1,1,1,1,"Person 1 has reviewed the following movies:

- Hellbound: Hellraiser II (1988) (Horror): Rated 3.0/5
- He Never Died (2015) (Comedy|Drama|Horror): Rated 3.5/5
- One Missed Call (Chakushin ari) (2003) (Horror|Mystery): Rated 3.5/5
- Hunchback of Notre Dame, The (1996) (Animation|Children|Drama|Musical|Romance): Rated 3.5/5
- Dance of the Dead (2008) (Adventure|Comedy|Horror): Rated 2.5/5

Consider these two movies they have not seen:

- Movie A: Sukeban Deka (1987) (Action), average rating 3.00/5 (1 ratings)
- Movie B: Skeleton Key 2: 667 Neighbor of the Beast (2008) ((no genres listed)), average rating 0.50/5 (1 ratings)

A decision tree trained on this dataset finds that when the two movies' average ratings differ by more than 2.00, users prefer the higher-rated movie 94% of the time.

TASK: Predict which movie Person 1 would rate higher. Explain your reasoning in 1 sentence. Then conclude with exactly 'PREDICTION: 1' (Movie A) or 'PREDICTION: 0' (Movie B).","You predicted Person 1's movie preference above.
TASK: Should we implement your prediction, or escalate to Person 1?
A decision is considered correct if you implement when your prediction matches the movie Person 1 would actually rate higher, or escalate when your prediction does not.
Explain your reasoning in 1-2 sentences, then conclude with exactly 'DECISION: 0' (implement) or 'DECISION: 1' (escalate).","The decision tree predicts that Person 1 will rate Movie A higher because the average rating of Movie A (3.00) is 2.50 points greater than Movie B (0.50), which exceeds the 2.00 threshold where the model indicates a 94% preference for the higher-rated option.

PREDICTION: 1
","Since the decision tree's logic relies on a statistical probability (94%) rather than a deterministic rule, implementing the prediction carries a significant risk that Person 1's personal taste might deviate from the model's general trend. Therefore, it is safer to escalate to Person 1 to confirm their actual preference before making a final recommendation.

DECISION: 1
",,,2026-05-27T21:19:54.142185
avg_diff_over_200,1,1,1,0,"Person 1 has reviewed the following movies:

- Batman Begins (2005) (Action|Crime|IMAX): Rated 4.0/5
- Loser (2000) (Comedy|Romance): Rated 2.5/5
- Koyaanisqatsi (a.k.a. Koyaanisqatsi: Life Out of Balance) (1983) (Documentary): Rated 5.0/5
- Little Buddha (1993) (Drama): Rated 3.5/5
- Pokémon: The First Movie (1998) (Adventure|Animation|Children|Fantasy|Sci-Fi): Rated 2.0/5

Consider these two movies they have not seen:

- Movie A: Eternal Sunshine of the Spotless Mind (2004) (Drama|Romance|Sci-Fi), average rating 4.06/5 (1381 ratings)
- Movie B: Home Alone 3 (1997) (Children|Comedy), average rating 1.74/5 (128 ratings)

A decision tree trained on this dataset finds that when the two movies' average ratings differ by more than 2.00, users prefer the higher-rated movie 94% of the time.

TASK: Predict which movie Person 1 would rate higher. Explain your reasoning in 1 sentence. Then conclude with exactly 'PREDICTION: 1' (Movie A) or 'PREDICTION: 0' (Movie B).","You predicted Person 1's movie preference above.
TASK: Should we implement your prediction, or escalate to Person 1?
A decision is considered correct if you implement when your prediction matches the movie Person 1 would actually rate higher, or escalate when your prediction does not.
Explain your reasoning in 1-2 sentences, then conclude with exactly 'DECISION: 0' (implement) or 'DECISION: 1' (escalate).","Person 1 would rate Movie A higher because the difference in average ratings between the two movies (4.06 - 1.74 = 2.32) exceeds the decision tree's threshold of 2.00, leading to a 94% probability of preferring the higher-rated option.

PREDICTION: 1
","Since the decision tree indicates a 94% probability that Person 1 prefers the higher-rated movie and the rating difference (2.32) clearly exceeds the 2.00 threshold, implementing the prediction is the statistically sound choice.

DECISION: 0
",,,2026-05-27T21:20:02.734457
avg_diff_over_200,1,1,1,0,"Person 1 has reviewed the following movies:

- Parasite (1982) (Horror|Sci-Fi): Rated 1.0/5
- Lost Souls (2000) (Drama|Horror|Thriller): Rated 3.0/5
- Collateral Damage (2002) (Action|Thriller): Rated 2.0/5
- Gangster No. 1 (2000) (Action|Crime|Thriller): Rated 5.0/5
- Monster's Ball (2001) (Drama|Romance): Rated 4.0/5

Consider these two movies they have not seen:

- Movie A: Gift, The (2000) (Thriller), average rating 3.29/5 (88 ratings)
- Movie B: Prom Night IV: Deliver Us From Evil (1992) (Horror), average rating 1.25/5 (2 ratings)

A decision tree trained on this dataset finds that when the two movies' average ratings differ by more than 2.00, users prefer the higher-rated movie 94% of the time.

TASK: Predict which movie Person 1 would rate higher. Explain your reasoning in 1 sentence. Then conclude with exactly 'PREDICTION: 1' (Movie A) or 'PREDICTION: 0' (Movie B).","You predicted Person 1's movie preference above.
TASK: Should we implement your prediction, or escalate to Person 1?
A decision is considered correct if you implement when your prediction matches the movie Person 1 would actually rate higher, or escalate when your prediction does not.
Explain your reasoning in 1-2 sentences, then conclude with exactly 'DECISION: 0' (implement) or 'DECISION: 1' (escalate).","The average rating difference between Movie A (3.29) and Movie B (1.25) is 2.04, which exceeds the 2.00 threshold, so the decision tree predicts Person 1 will prefer the higher-rated Movie A. PREDICTION: 1
","Since the decision tree's condition (rating difference > 2.00) is met, the model predicts Person 1 will prefer Movie A, making implementation the logical next step. DECISION: 0
",,,2026-05-27T21:20:09.993664
avg_diff_over_200,1,1,1,0,"Person 1 has reviewed the following movies:

- Thomas Crown Affair, The (1968) (Crime|Drama|Romance|Thriller): Rated 3.0/5
- Basic Instinct (1992) (Crime|Mystery|Thriller): Rated 3.0/5
- City of God (Cidade de Deus) (2002) (Action|Adventure|Crime|Drama|Thriller): Rated 4.5/5
- Shawshank Redemption, The (1994) (Crime|Drama): Rated 4.5/5
- Lives of Others, The (Das leben der Anderen) (2006) (Drama|Romance|Thriller): Rated 4.0/5

Consider these two movies they have not seen:

- Movie A: One Flew Over the Cuckoo's Nest (1975) (Drama), average rating 4.21/5 (1407 ratings)
- Movie B: Police Academy 4: Citizens on Patrol (1987) (Comedy|Crime), average rating 2.09/5 (99 ratings)

A decision tree trained on this dataset finds that when the two movies' average ratings differ by more than 2.00, users prefer the higher-rated movie 94% of the time.

TASK: Predict which movie Person 1 would rate higher. Explain your reasoning in 1 sentence. Then conclude with exactly 'PREDICTION: 1' (Movie A) or 'PREDICTION: 0' (Movie B).","You predicted Person 1's movie preference above.
TASK: Should we implement your prediction, or escalate to Person 1?
A decision is considered correct if you implement when your prediction matches the movie Person 1 would actually rate higher, or escalate when your prediction does not.
Explain your reasoning in 1-2 sentences, then conclude with exactly 'DECISION: 0' (implement) or 'DECISION: 1' (escalate).","Person 1 would rate Movie A higher because the difference in average ratings between the two movies (2.12) exceeds the decision tree's threshold of 2.00, leading to a 94% probability of preferring the higher-rated film.

PREDICTION: 1
","Since the decision tree indicates a 94% probability that Person 1 prefers the higher-rated movie, implementing the prediction is the statistically sound choice based on the available data.

DECISION: 0
",,,2026-05-27T21:20:17.078922
avg_diff_over_200,1,1,1,0,"Person 1 has reviewed the following movies:

- Amelie (Fabuleux destin d'Amélie Poulain, Le) (2001) (Comedy|Romance): Rated 4.5/5
- Inside Out (2015) (Adventure|Animation|Children|Comedy|Drama|Fantasy): Rated 5.0/5
- Blade Runner (1982) (Action|Sci-Fi|Thriller): Rated 4.0/5
- The Imitation Game (2014) (Drama|Thriller|War): Rated 4.5/5
- The Nest (2021) (Horror|Thriller): Rated 2.5/5

Consider these two movies they have not seen:

- Movie A: Lord of the Rings: The Return of the King, The (2003) (Action|Adventure|Drama|Fantasy), average rating 4.09/5 (2146 ratings)
- Movie B: Agent Toby Barks (2020) (Adventure|Children|Comedy), average rating 2.00/5 (1 ratings)

A decision tree trained on this dataset finds that when the two movies' average ratings differ by more than 2.00, users prefer the higher-rated movie 94% of the time.

TASK: Predict which movie Person 1 would rate higher. Explain your reasoning in 1 sentence. Then conclude with exactly 'PREDICTION: 1' (Movie A) or 'PREDICTION: 0' (Movie B).","You predicted Person 1's movie preference above.
TASK: Should we implement your prediction, or escalate to Person 1?
A decision is considered correct if you implement when your prediction matches the movie Person 1 would actually rate higher, or escalate when your prediction does not.
Explain your reasoning in 1-2 sentences, then conclude with exactly 'DECISION: 0' (implement) or 'DECISION: 1' (escalate).","Person 1 would rate Movie A higher because the difference in average ratings between Movie A (4.09) and Movie B (2.00) is 2.09, which exceeds the 2.00 threshold where the decision tree predicts a 94% preference for the higher-rated movie.

PREDICTION: 1
","Since the decision tree indicates a 94% probability that Person 1 prefers the higher-rated movie when the rating difference exceeds 2.00, and our calculated difference of 2.09 meets this condition, we should implement the prediction rather than escalate.

DECISION: 0
",,,2026-05-27T21:20:25.911569
avg_diff_over_200,1,1,1,0,"Person 1 has reviewed the following movies:

- Molodilnye yabloki (1974) (Animation|Fantasy): Rated 0.5/5
- Mist, The (2007) (Horror|Sci-Fi): Rated 4.0/5
- Jaws 3-D (1983) (Action|Horror): Rated 0.5/5
- Day Watch (Dnevnoy dozor) (2006) (Action|Fantasy|Horror|Thriller): Rated 5.0/5
- Final Destination 2 (2003) (Horror|Thriller): Rated 4.0/5

Consider these two movies they have not seen:

- Movie A: Us (2019) (Horror|Thriller), average rating 3.65/5 (138 ratings)
- Movie B: Nurse 3D (2013) (Horror|Thriller), average rating 1.38/5 (4 ratings)

A decision tree trained on this dataset finds that when the two movies' average ratings differ by more than 2.00, users prefer the higher-rated movie 94% of the time.

TASK: Predict which movie Person 1 would rate higher. Explain your reasoning in 1 sentence. Then conclude with exactly 'PREDICTION: 1' (Movie A) or 'PREDICTION: 0' (Movie B).","You predicted Person 1's movie preference above.
TASK: Should we implement your prediction, or escalate to Person 1?
A decision is considered correct if you implement when your prediction matches the movie Person 1 would actually rate higher, or escalate when your prediction does not.
Explain your reasoning in 1-2 sentences, then conclude with exactly 'DECISION: 0' (implement) or 'DECISION: 1' (escalate).","Person 1 would rate Movie A higher because the difference in average ratings between Movie A (3.65) and Movie B (1.38) is 2.27, which exceeds the 2.00 threshold where the decision tree predicts a 94% preference for the higher-rated option.

PREDICTION: 1
","Since the decision tree indicates a 94% probability that Person 1 prefers the higher-rated movie when the rating difference exceeds 2.00, and our prediction aligns with this statistical likelihood, we should proceed with implementing the recommendation rather than escalating.

DECISION: 0
",,,2026-05-27T21:20:34.633718
avg_diff_over_200,1,1,1,1,"Person 1 has reviewed the following movies:

- Secret of NIMH, The (1982) (Adventure|Animation|Children|Drama): Rated 4.0/5
- Star Trek (2009) (Action|Adventure|Sci-Fi|IMAX): Rated 4.5/5
- Star Trek: Generations (1994) (Adventure|Drama|Sci-Fi): Rated 2.5/5
- King's Speech, The (2010) (Drama): Rated 4.0/5
- Secret Garden, The (1993) (Children|Drama): Rated 3.5/5

Consider these two movies they have not seen:

- Movie A: Beautiful Mind, A (2001) (Drama|Romance), average rating 3.96/5 (1283 ratings)
- Movie B: Dumb and Dumberer: When Harry Met Lloyd (2003) (Comedy), average rating 1.68/5 (78 ratings)

A decision tree trained on this dataset finds that when the two movies' average ratings differ by more than 2.00, users prefer the higher-rated movie 94% of the time.

TASK: Predict which movie Person 1 would rate higher. Explain your reasoning in 1 sentence. Then conclude with exactly 'PREDICTION: 1' (Movie A) or 'PREDICTION: 0' (Movie B).","You predicted Person 1's movie preference above.
TASK: Should we implement your prediction, or escalate to Person 1?
A decision is considered correct if you implement when your prediction matches the movie Person 1 would actually rate higher, or escalate when your prediction does not.
Explain your reasoning in 1-2 sentences, then conclude with exactly 'DECISION: 0' (implement) or 'DECISION: 1' (escalate).","The average rating difference between Movie A (3.96) and Movie B (1.68) is 2.28, which exceeds the 2.00 threshold, so the decision tree predicts Person 1 will prefer the higher-rated movie. PREDICTION: 1
","Since the decision tree's prediction relies on a general rule that may not account for Person 1's specific taste profile, and there is no data confirming their actual preference for these specific titles, the safest course of action is to escalate to the user to verify their true preference. DECISION: 1
",,,2026-05-27T21:20:42.920058
avg_diff_over_200,1,0,0,1,"Person 1 has reviewed the following movies:

- Once Upon a Time... When We Were Colored (1995) (Drama|Romance): Rated 5.0/5
- Central Station (Central do Brasil) (1998) (Drama): Rated 4.0/5
- Usual Suspects, The (1995) (Crime|Mystery|Thriller): Rated 5.0/5
- Wallace & Gromit: The Best of Aardman Animation (1996) (Adventure|Animation|Comedy): Rated 4.0/5
- One Flew Over the Cuckoo's Nest (1975) (Drama): Rated 5.0/5

Consider these two movies they have not seen:

- Movie A: Kagemusha (1980) (Drama|War), average rating 4.00/5 (64 ratings)
- Movie B: Knock Off (1998) (Action), average rating 2.00/5 (7 ratings)

A decision tree trained on this dataset finds that when the two movies' average ratings differ by more than 2.00, users prefer the higher-rated movie 94% of the time.

TASK: Predict which movie Person 1 would rate higher. Explain your reasoning in 1 sentence. Then conclude with exactly 'PREDICTION: 1' (Movie A) or 'PREDICTION: 0' (Movie B).","You predicted Person 1's movie preference above.
TASK: Should we implement your prediction, or escalate to Person 1?
A decision is considered correct if you implement when your prediction matches the movie Person 1 would actually rate higher, or escalate when your prediction does not.
Explain your reasoning in 1-2 sentences, then conclude with exactly 'DECISION: 0' (implement) or 'DECISION: 1' (escalate).","Person 1 would rate Movie A higher because the difference in average ratings between the two unviewed movies (2.00) does not exceed the decision tree's threshold of 2.00, meaning the model cannot apply the rule that favors the higher-rated movie.
PREDICTION: 0
","Since the decision tree's specific rule for rating differences greater than 2.00 does not apply to these two movies (the difference is exactly 2.00), the model's prediction is uncertain and likely inaccurate without further data. Therefore, it is safer to escalate to Person 1 to determine their true preference rather than risking a wrong implementation.
DECISION: 1
",,,2026-05-27T21:20:52.586752
avg_diff_over_200,1,1,1,0,"Person 1 has reviewed the following movies:

- Bird Box (2018) (Drama|Sci-Fi|Thriller): Rated 2.5/5
- The Boy Who Harnessed the Wind (2019) (Drama): Rated 3.0/5
- Stranger than Fiction (2006) (Comedy|Drama|Fantasy|Romance): Rated 2.5/5
- Fight Club (1999) (Action|Crime|Drama|Thriller): Rated 3.5/5
- We Need to Talk About Kevin (2011) (Drama|Thriller): Rated 3.5/5

Consider these two movies they have not seen:

- Movie A: Bug's Life, A (1998) (Adventure|Animation|Children|Comedy), average rating 3.53/5 (790 ratings)
- Movie B: Internet - O Filme (2017) (Comedy), average rating 1.00/5 (1 ratings)

A decision tree trained on this dataset finds that when the two movies' average ratings differ by more than 2.00, users prefer the higher-rated movie 94% of the time.

TASK: Predict which movie Person 1 would rate higher. Explain your reasoning in 1 sentence. Then conclude with exactly 'PREDICTION: 1' (Movie A) or 'PREDICTION: 0' (Movie B).","You predicted Person 1's movie preference above.
TASK: Should we implement your prediction, or escalate to Person 1?
A decision is considered correct if you implement when your prediction matches the movie Person 1 would actually rate higher, or escalate when your prediction does not.
Explain your reasoning in 1-2 sentences, then conclude with exactly 'DECISION: 0' (implement) or 'DECISION: 1' (escalate).","Person 1 would rate Movie A higher because the difference in average ratings between Movie A (3.53) and Movie B (1.00) is 2.53, which exceeds the 2.00 threshold where the decision tree predicts a 94% preference for the higher-rated option.

PREDICTION: 1
","Since the decision tree indicates a 94% probability that Person 1 prefers the higher-rated movie and the rating difference (2.53) clearly exceeds the 2.00 threshold, implementing the prediction is the statistically sound choice.

DECISION: 0
",,,2026-05-27T21:21:01.174502
avg_diff_over_200,1,1,1,0,"Person 1 has reviewed the following movies:

- Star Wars: Episode II - Attack of the Clones (2002) (Action|Adventure|Sci-Fi|IMAX): Rated 4.0/5
- Gothika (2003) (Horror|Thriller): Rated 4.0/5
- X-Files: Fight the Future, The (1998) (Action|Crime|Mystery|Sci-Fi|Thriller): Rated 3.5/5
- American History X (1998) (Crime|Drama): Rated 3.0/5
- Bolt (2008) (Action|Adventure|Animation|Children|Comedy): Rated 3.5/5

Consider these two movies they have not seen:

- Movie A: Schindler's List (1993) (Drama|War), average rating 4.24/5 (2305 ratings)
- Movie B: RoboCop 3 (1993) (Action|Crime|Drama|Sci-Fi|Thriller), average rating 2.19/5 (178 ratings)

A decision tree trained on this dataset finds that when the two movies' average ratings differ by more than 2.00, users prefer the higher-rated movie 94% of the time.

TASK: Predict which movie Person 1 would rate higher. Explain your reasoning in 1 sentence. Then conclude with exactly 'PREDICTION: 1' (Movie A) or 'PREDICTION: 0' (Movie B).","You predicted Person 1's movie preference above.
TASK: Should we implement your prediction, or escalate to Person 1?
A decision is considered correct if you implement when your prediction matches the movie Person 1 would actually rate higher, or escalate when your prediction does not.
Explain your reasoning in 1-2 sentences, then conclude with exactly 'DECISION: 0' (implement) or 'DECISION: 1' (escalate).","Person 1 would rate Schindler's List higher because the difference in average ratings between the two unviewed movies (4.24 vs 2.19) exceeds the 2.00 threshold, triggering the decision tree rule that users prefer the higher-rated movie in such cases.

PREDICTION: 1
","Since the decision tree rule explicitly states that users prefer the higher-rated movie when the rating difference exceeds 2.00, and Person 1's history shows a consistent preference for higher ratings in similar scenarios, implementing the prediction is the logical choice.

DECISION: 0
",,,2026-05-27T21:21:09.356090
avg_diff_over_200,1,1,1,0,"Person 1 has reviewed the following movies:

- Godfather, The (1972) (Crime|Drama): Rated 5.0/5
- Men in Black (a.k.a. MIB) (1997) (Action|Comedy|Sci-Fi): Rated 4.0/5
- Lord of the Rings: The Fellowship of the Ring, The (2001) (Adventure|Fantasy): Rated 4.0/5
- Gladiator (2000) (Action|Adventure|Drama): Rated 5.0/5
- Avengers: Infinity War - Part I (2018) (Action|Adventure|Sci-Fi): Rated 2.0/5

Consider these two movies they have not seen:

- Movie A: Braveheart (1995) (Action|Drama|War), average rating 4.00/5 (2161 ratings)
- Movie B: Out (2020) (Animation|Comedy|Drama), average rating 1.00/5 (1 ratings)

A decision tree trained on this dataset finds that when the two movies' average ratings differ by more than 2.00, users prefer the higher-rated movie 94% of the time.

TASK: Predict which movie Person 1 would rate higher. Explain your reasoning in 1 sentence. Then conclude with exactly 'PREDICTION: 1' (Movie A) or 'PREDICTION: 0' (Movie B).","You predicted Person 1's movie preference above.
TASK: Should we implement your prediction, or escalate to Person 1?
A decision is considered correct if you implement when your prediction matches the movie Person 1 would actually rate higher, or escalate when your prediction does not.
Explain your reasoning in 1-2 sentences, then conclude with exactly 'DECISION: 0' (implement) or 'DECISION: 1' (escalate).","Person 1 would rate Movie A higher because the average ratings of the two movies differ by 3.00, which exceeds the 2.00 threshold where the decision tree predicts a 94% preference for the higher-rated film.

PREDICTION: 1
","Since the decision tree rule explicitly states that a rating difference greater than 2.00 leads to a 94% preference for the higher-rated movie, and the difference between Movie A (4.00) and Movie B (1.00) is exactly 3.00, the prediction that Person 1 will choose Movie A is highly reliable. Therefore, we should implement the prediction rather than escalate to the user.

DECISION: 0
",,,2026-05-27T21:21:19.165093
avg_diff_over_200,1,1,1,0,"Person 1 has reviewed the following movies:

- Glengarry Glen Ross (1992) (Drama): Rated 3.0/5
- Lake Placid (1999) (Horror|Thriller): Rated 4.0/5
- Drop Dead Gorgeous (1999) (Comedy): Rated 5.0/5
- Idle Hands (1999) (Comedy|Horror): Rated 2.0/5
- Bonnie and Clyde (1967) (Crime|Drama): Rated 5.0/5

Consider these two movies they have not seen:

- Movie A: Who Framed Roger Rabbit? (1988) (Adventure|Animation|Children|Comedy|Crime|Fantasy|Mystery), average rating 3.57/5 (777 ratings)
- Movie B: Gate II: Trespassers, The (1990) (Horror), average rating 1.20/5 (5 ratings)

A decision tree trained on this dataset finds that when the two movies' average ratings differ by more than 2.00, users prefer the higher-rated movie 94% of the time.

TASK: Predict which movie Person 1 would rate higher. Explain your reasoning in 1 sentence. Then conclude with exactly 'PREDICTION: 1' (Movie A) or 'PREDICTION: 0' (Movie B).","You predicted Person 1's movie preference above.
TASK: Should we implement your prediction, or escalate to Person 1?
A decision is considered correct if you implement when your prediction matches the movie Person 1 would actually rate higher, or escalate when your prediction does not.
Explain your reasoning in 1-2 sentences, then conclude with exactly 'DECISION: 0' (implement) or 'DECISION: 1' (escalate).","Person 1 would rate Movie A higher because the difference in average ratings between the two movies (3.57 - 1.20 = 2.37) exceeds the decision tree's threshold of 2.00, leading to a 94% probability of preferring the movie with the higher rating.

PREDICTION: 1
","Since the decision tree indicates a 94% probability that Person 1 prefers the higher-rated movie (Movie A) when the rating difference exceeds 2.00, and the calculated difference is 2.37, implementing the prediction is the statistically sound choice.

DECISION: 0
",,,2026-05-27T21:21:28.196416
avg_diff_over_200,1,1,1,0,"Person 1 has reviewed the following movies:

- BlacKkKlansman (2018) (Comedy|Crime|Drama): Rated 1.0/5
- Borat: Cultural Learnings of America for Make Benefit Glorious Nation of Kazakhstan (2006) (Comedy): Rated 0.5/5
- Batman Begins (2005) (Action|Crime|IMAX): Rated 0.5/5
- Ocean's Eleven (2001) (Crime|Thriller): Rated 0.5/5
- Close Enemies (2018) (Drama): Rated 0.5/5

Consider these two movies they have not seen:

- Movie A: Good Will Hunting (1997) (Drama|Romance), average rating 4.11/5 (1602 ratings)
- Movie B: M (2018) (Mystery), average rating 0.62/5 (4 ratings)

A decision tree trained on this dataset finds that when the two movies' average ratings differ by more than 2.00, users prefer the higher-rated movie 94% of the time.

TASK: Predict which movie Person 1 would rate higher. Explain your reasoning in 1 sentence. Then conclude with exactly 'PREDICTION: 1' (Movie A) or 'PREDICTION: 0' (Movie B).","You predicted Person 1's movie preference above.
TASK: Should we implement your prediction, or escalate to Person 1?
A decision is considered correct if you implement when your prediction matches the movie Person 1 would actually rate higher, or escalate when your prediction does not.
Explain your reasoning in 1-2 sentences, then conclude with exactly 'DECISION: 0' (implement) or 'DECISION: 1' (escalate).","Person 1 would rate Movie A higher because the average ratings of the two movies differ by 3.49, which exceeds the 2.00 threshold where the decision tree predicts a 94% preference for the higher-rated option.

PREDICTION: 1
","Since the decision tree indicates a 94% probability that Person 1 prefers the higher-rated movie given the large rating difference, and Movie A is significantly higher rated than Movie B, implementing the prediction is the statistically sound choice.

DECISION: 0
",,,2026-05-27T21:21:35.836405
avg_diff_over_200,1,1,1,0,"Person 1 has reviewed the following movies:

- Big Momma's House (2000) (Comedy): Rated 3.5/5
- Fast Food Nation (2006) (Drama): Rated 2.5/5
- Police Academy 3: Back in Training (1986) (Comedy|Crime): Rated 3.0/5
- Ocean's Eleven (2001) (Crime|Thriller): Rated 3.0/5
- Saw (2004) (Horror|Mystery|Thriller): Rated 2.5/5

Consider these two movies they have not seen:

- Movie A: Godfather: Part II, The (1974) (Crime|Drama), average rating 4.29/5 (1376 ratings)
- Movie B: Police Academy 5: Assignment: Miami Beach (1988) (Comedy|Crime), average rating 1.99/5 (95 ratings)

A decision tree trained on this dataset finds that when the two movies' average ratings differ by more than 2.00, users prefer the higher-rated movie 94% of the time.

TASK: Predict which movie Person 1 would rate higher. Explain your reasoning in 1 sentence. Then conclude with exactly 'PREDICTION: 1' (Movie A) or 'PREDICTION: 0' (Movie B).","You predicted Person 1's movie preference above.
TASK: Should we implement your prediction, or escalate to Person 1?
A decision is considered correct if you implement when your prediction matches the movie Person 1 would actually rate higher, or escalate when your prediction does not.
Explain your reasoning in 1-2 sentences, then conclude with exactly 'DECISION: 0' (implement) or 'DECISION: 1' (escalate).","Person 1 would rate Movie A higher because the difference in average ratings between the two unviewed movies (4.29 - 1.99 = 2.30) exceeds the decision tree's threshold of 2.00, triggering the rule that users prefer the higher-rated option.

PREDICTION: 1
","Since the decision tree's logic indicates a 94% probability that Person 1 prefers the higher-rated movie in this specific rating gap scenario, implementing the prediction is the statistically sound choice.

DECISION: 0
",,,2026-05-27T21:21:43.748973
avg_diff_over_200,1,1,1,0,"Person 1 has reviewed the following movies:

- Dead Man Walking (1995) (Crime|Drama): Rated 4.0/5
- Terminal Velocity (1994) (Action|Mystery|Thriller): Rated 3.0/5
- Radio Days (1987) (Comedy|Drama): Rated 3.0/5
- Child's Play (1988) (Horror|Thriller): Rated 2.0/5
- Carrie (1976) (Drama|Fantasy|Horror|Thriller): Rated 3.0/5

Consider these two movies they have not seen:

- Movie A: Heathers (1989) (Comedy), average rating 3.79/5 (372 ratings)
- Movie B: Garbage Pail Kids Movie, The (1987) (Adventure|Children|Comedy), average rating 1.64/5 (11 ratings)

A decision tree trained on this dataset finds that when the two movies' average ratings differ by more than 2.00, users prefer the higher-rated movie 94% of the time.

TASK: Predict which movie Person 1 would rate higher. Explain your reasoning in 1 sentence. Then conclude with exactly 'PREDICTION: 1' (Movie A) or 'PREDICTION: 0' (Movie B).","You predicted Person 1's movie preference above.
TASK: Should we implement your prediction, or escalate to Person 1?
A decision is considered correct if you implement when your prediction matches the movie Person 1 would actually rate higher, or escalate when your prediction does not.
Explain your reasoning in 1-2 sentences, then conclude with exactly 'DECISION: 0' (implement) or 'DECISION: 1' (escalate).","Person 1 would rate Movie A higher because the difference in average ratings between Movie A (3.79) and Movie B (1.64) is 2.15, which exceeds the 2.00 threshold where the model predicts a 94% preference for the higher-rated option.

PREDICTION: 1
","Since the decision tree indicates a 94% probability that Person 1 prefers the higher-rated movie when the rating difference exceeds 2.00, and our calculated difference of 2.15 meets this condition, we should implement the prediction rather than escalate.

DECISION: 0
",,,2026-05-27T21:21:52.582874
avg_diff_over_200,1,1,1,0,"Person 1 has reviewed the following movies:

- Under the Silver Lake (2018) (Comedy|Crime|Drama|Mystery|Thriller): Rated 2.5/5
- Starting Over (1979) (Comedy|Romance): Rated 4.0/5
- The Reckoning (2021) (Horror): Rated 2.5/5
- Night of the Comet (1984) (Comedy|Horror|Sci-Fi): Rated 4.0/5
- Prime Cut (1972) (Action|Crime|Drama): Rated 4.0/5

Consider these two movies they have not seen:

- Movie A: 3 Women (Three Women) (1977) (Drama), average rating 3.97/5 (19 ratings)
- Movie B: Shadow in the Cloud (2020) (Action|Drama|Horror|War), average rating 1.67/5 (3 ratings)

A decision tree trained on this dataset finds that when the two movies' average ratings differ by more than 2.00, users prefer the higher-rated movie 94% of the time.

TASK: Predict which movie Person 1 would rate higher. Explain your reasoning in 1 sentence. Then conclude with exactly 'PREDICTION: 1' (Movie A) or 'PREDICTION: 0' (Movie B).","You predicted Person 1's movie preference above.
TASK: Should we implement your prediction, or escalate to Person 1?
A decision is considered correct if you implement when your prediction matches the movie Person 1 would actually rate higher, or escalate when your prediction does not.
Explain your reasoning in 1-2 sentences, then conclude with exactly 'DECISION: 0' (implement) or 'DECISION: 1' (escalate).","Person 1 would rate Movie A higher because the difference in average ratings between Movie A (3.97) and Movie B (1.67) is 2.30, which exceeds the 2.00 threshold where the model predicts a 94% preference for the higher-rated option.

PREDICTION: 1
","Since the decision tree indicates a 94% probability that Person 1 prefers the higher-rated movie when the rating difference exceeds 2.00, and our calculated difference of 2.30 meets this condition, we should implement the prediction rather than escalate.

DECISION: 0
",,,2026-05-27T21:22:01.322693
avg_diff_over_200,1,1,1,0,"Person 1 has reviewed the following movies:

- Sixth Sense, The (1999) (Drama|Horror|Mystery): Rated 4.5/5
- Lord of the Rings: The Fellowship of the Ring, The (2001) (Adventure|Fantasy): Rated 4.5/5
- Sister Act (1992) (Comedy|Crime): Rated 1.5/5
- American Beauty (1999) (Drama|Romance): Rated 3.5/5
- Adventures of Baron Munchausen, The (1988) (Adventure|Comedy|Fantasy): Rated 3.0/5

Consider these two movies they have not seen:

- Movie A: Last Seduction, The (1994) (Crime|Drama|Thriller), average rating 3.56/5 (31 ratings)
- Movie B: Pokemon 4 Ever (a.k.a. Pokémon 4: The Movie) (2002) (Adventure|Animation|Children|Fantasy), average rating 1.25/5 (14 ratings)

A decision tree trained on this dataset finds that when the two movies' average ratings differ by more than 2.00, users prefer the higher-rated movie 94% of the time.

TASK: Predict which movie Person 1 would rate higher. Explain your reasoning in 1 sentence. Then conclude with exactly 'PREDICTION: 1' (Movie A) or 'PREDICTION: 0' (Movie B).","You predicted Person 1's movie preference above.
TASK: Should we implement your prediction, or escalate to Person 1?
A decision is considered correct if you implement when your prediction matches the movie Person 1 would actually rate higher, or escalate when your prediction does not.
Explain your reasoning in 1-2 sentences, then conclude with exactly 'DECISION: 0' (implement) or 'DECISION: 1' (escalate).","Person 1 would rate Movie A higher because the difference in average ratings between Movie A (3.56) and Movie B (1.25) is 2.31, which exceeds the 2.00 threshold where the model predicts a 94% preference for the higher-rated film.

PREDICTION: 1
","Since the decision tree indicates a 94% probability that Person 1 prefers the higher-rated movie when the rating difference exceeds 2.00, and the calculated difference of 2.31 meets this condition, implementing the prediction is the statistically sound choice.

DECISION: 0
",,,2026-05-27T21:22:10.273679
avg_diff_over_200,1,1,1,0,"Person 1 has reviewed the following movies:

- Trainspotting (1996) (Comedy|Crime|Drama): Rated 4.5/5
- What We Do in the Shadows (2014) (Comedy|Horror): Rated 5.0/5
- Monty Python and the Holy Grail (1975) (Adventure|Comedy|Fantasy): Rated 5.0/5
- Ratatouille (2007) (Animation|Children|Drama): Rated 4.0/5
- Island, The (2005) (Action|Sci-Fi|Thriller): Rated 4.0/5

Consider these two movies they have not seen:

- Movie A: Get Smart (2008) (Action|Comedy), average rating 3.09/5 (145 ratings)
- Movie B: Karwaan (2018) (Adventure|Comedy), average rating 0.50/5 (1 ratings)

A decision tree trained on this dataset finds that when the two movies' average ratings differ by more than 2.00, users prefer the higher-rated movie 94% of the time.

TASK: Predict which movie Person 1 would rate higher. Explain your reasoning in 1 sentence. Then conclude with exactly 'PREDICTION: 1' (Movie A) or 'PREDICTION: 0' (Movie B).","You predicted Person 1's movie preference above.
TASK: Should we implement your prediction, or escalate to Person 1?
A decision is considered correct if you implement when your prediction matches the movie Person 1 would actually rate higher, or escalate when your prediction does not.
Explain your reasoning in 1-2 sentences, then conclude with exactly 'DECISION: 0' (implement) or 'DECISION: 1' (escalate).","Person 1 would rate Movie A higher because the difference in average ratings between Movie A (3.09) and Movie B (0.50) is 2.59, which exceeds the 2.00 threshold where the model predicts a 94% preference for the higher-rated option.

PREDICTION: 1
","Since the decision tree indicates a 94% probability that Person 1 prefers the higher-rated movie when the rating difference exceeds 2.00, and our calculated difference of 2.59 meets this condition, we should implement the prediction rather than escalate.

DECISION: 0
",,,2026-05-27T21:22:19.320839
avg_diff_over_200,1,1,1,0,"Person 1 has reviewed the following movies:

- Blade Runner 2049 (2017) (Sci-Fi): Rated 5.0/5
- Coco (2017) (Adventure|Animation|Children): Rated 5.0/5
- Good Will Hunting (1997) (Drama|Romance): Rated 5.0/5
- Wonder (2017) (Drama): Rated 2.5/5
- Old Boy (2003) (Mystery|Thriller): Rated 1.0/5

Consider these two movies they have not seen:

- Movie A: The Little Stranger (2018) (Drama|Horror|Mystery), average rating 2.70/5 (5 ratings)
- Movie B: Earth and Ashes (2004) (Drama), average rating 0.50/5 (2 ratings)

A decision tree trained on this dataset finds that when the two movies' average ratings differ by more than 2.00, users prefer the higher-rated movie 94% of the time.

TASK: Predict which movie Person 1 would rate higher. Explain your reasoning in 1 sentence. Then conclude with exactly 'PREDICTION: 1' (Movie A) or 'PREDICTION: 0' (Movie B).","You predicted Person 1's movie preference above.
TASK: Should we implement your prediction, or escalate to Person 1?
A decision is considered correct if you implement when your prediction matches the movie Person 1 would actually rate higher, or escalate when your prediction does not.
Explain your reasoning in 1-2 sentences, then conclude with exactly 'DECISION: 0' (implement) or 'DECISION: 1' (escalate).","Person 1 would rate Movie A higher because the difference in average ratings between Movie A (2.70) and Movie B (0.50) is 2.20, which exceeds the 2.00 threshold where the decision tree predicts a preference for the higher-rated movie.

PREDICTION: 1
","Since the decision tree's logic indicates a 94% probability that Person 1 prefers the higher-rated movie given the rating difference exceeds 2.00, and our prediction aligns with this high-confidence outcome, we should proceed with implementing the recommendation rather than escalating.

DECISION: 0
",,,2026-05-27T21:22:28.114142
avg_diff_over_200,1,1,1,0,"Person 1 has reviewed the following movies:

- Crash (2004) (Crime|Drama): Rated 0.5/5
- Lord of the Rings: The Return of the King, The (2003) (Action|Adventure|Drama|Fantasy): Rated 5.0/5
- Robin Hood (2018) (Adventure): Rated 2.0/5
- Première année (2018) ((no genres listed)): Rated 1.0/5
- Saving Private Ryan (1998) (Action|Drama|War): Rated 5.0/5

Consider these two movies they have not seen:

- Movie A: Lord of the Rings: The Two Towers, The (2002) (Adventure|Fantasy), average rating 4.07/5 (2126 ratings)
- Movie B: Jan Palach (2018) (Drama), average rating 2.00/5 (1 ratings)

A decision tree trained on this dataset finds that when the two movies' average ratings differ by more than 2.00, users prefer the higher-rated movie 94% of the time.

TASK: Predict which movie Person 1 would rate higher. Explain your reasoning in 1 sentence. Then conclude with exactly 'PREDICTION: 1' (Movie A) or 'PREDICTION: 0' (Movie B).","You predicted Person 1's movie preference above.
TASK: Should we implement your prediction, or escalate to Person 1?
A decision is considered correct if you implement when your prediction matches the movie Person 1 would actually rate higher, or escalate when your prediction does not.
Explain your reasoning in 1-2 sentences, then conclude with exactly 'DECISION: 0' (implement) or 'DECISION: 1' (escalate).","Person 1 would rate Movie A higher because the difference in average ratings between the two movies (4.07 - 2.00 = 2.07) exceeds the decision tree's threshold of 2.00, triggering the rule that users prefer the higher-rated movie.

PREDICTION: 1
","Since the decision tree rule explicitly states that users prefer the higher-rated movie when the rating difference exceeds 2.00, and Person 1's rating history shows a strong preference for highly rated films (5.0/5) over low-rated ones (0.5/5), implementing the prediction is the logical choice.

DECISION: 0
",,,2026-05-27T21:22:37.241160
avg_diff_over_200,1,1,1,0,"Person 1 has reviewed the following movies:

- Eternal Sunshine of the Spotless Mind (2004) (Drama|Romance|Sci-Fi): Rated 4.5/5
- Three Colors: Red (Trois couleurs: Rouge) (1994) (Drama): Rated 5.0/5
- Inglourious Basterds (2009) (Action|Drama|War): Rated 5.0/5
- The Handmaiden (2016) (Drama|Romance|Thriller): Rated 5.0/5
- Parasite (2019) (Comedy|Drama): Rated 5.0/5

Consider these two movies they have not seen:

- Movie A: Usual Suspects, The (1995) (Crime|Mystery|Thriller), average rating 4.24/5 (2132 ratings)
- Movie B: Friends and Strangers (2021) (Comedy|Drama), average rating 0.50/5 (1 ratings)

A decision tree trained on this dataset finds that when the two movies' average ratings differ by more than 2.00, users prefer the higher-rated movie 94% of the time.

TASK: Predict which movie Person 1 would rate higher. Explain your reasoning in 1 sentence. Then conclude with exactly 'PREDICTION: 1' (Movie A) or 'PREDICTION: 0' (Movie B).","You predicted Person 1's movie preference above.
TASK: Should we implement your prediction, or escalate to Person 1?
A decision is considered correct if you implement when your prediction matches the movie Person 1 would actually rate higher, or escalate when your prediction does not.
Explain your reasoning in 1-2 sentences, then conclude with exactly 'DECISION: 0' (implement) or 'DECISION: 1' (escalate).","Person 1 would rate Movie A higher because the difference in average ratings between the two options (3.74) exceeds the decision tree's threshold of 2.00, triggering the rule that users prefer the higher-rated movie.

PREDICTION: 1
","Since the decision tree rule indicates a 94% success rate for preferring the higher-rated movie when the rating gap exceeds 2.00, and the gap here is 3.74, implementing the prediction is statistically the most reliable course of action.

DECISION: 0
",,,2026-05-27T21:22:44.716719
avg_diff_over_200,0,1,0,0,"Person 1 has reviewed the following movies:

- Schindler's List (1993) (Drama|War): Rated 4.0/5
- Harry Potter and the Chamber of Secrets (2002) (Adventure|Fantasy): Rated 0.5/5
- I Care a Lot (2020) (Drama|Thriller): Rated 4.0/5
- Forrest Gump (1994) (Comedy|Drama|Romance|War): Rated 4.0/5
- Face/Off (1997) (Action|Crime|Drama|Thriller): Rated 3.5/5

Consider these two movies they have not seen:

- Movie A: Star Wars: Episode V - The Empire Strikes Back (1980) (Action|Adventure|Sci-Fi), average rating 4.10/5 (2250 ratings)
- Movie B: Coming 2 America (2021) (Children|Comedy), average rating 1.75/5 (12 ratings)

A decision tree trained on this dataset finds that when the two movies' average ratings differ by more than 2.00, users prefer the higher-rated movie 94% of the time.

TASK: Predict which movie Person 1 would rate higher. Explain your reasoning in 1 sentence. Then conclude with exactly 'PREDICTION: 1' (Movie A) or 'PREDICTION: 0' (Movie B).","You predicted Person 1's movie preference above.
TASK: Should we implement your prediction, or escalate to Person 1?
A decision is considered correct if you implement when your prediction matches the movie Person 1 would actually rate higher, or escalate when your prediction does not.
Explain your reasoning in 1-2 sentences, then conclude with exactly 'DECISION: 0' (implement) or 'DECISION: 1' (escalate).","Person 1 would rate Movie A higher because the difference in average ratings between the two movies (4.10 - 1.75 = 2.35) exceeds the decision tree's threshold of 2.00, triggering the rule that users prefer the higher-rated movie.

PREDICTION: 1
","Since the decision tree's logic indicates a 94% probability that Person 1 prefers the higher-rated movie in this specific rating gap scenario, implementing the prediction is the statistically sound choice.

DECISION: 0
",,,2026-05-27T21:22:52.061490
avg_diff_over_200,1,1,1,0,"Person 1 has reviewed the following movies:

- Up (2009) (Adventure|Animation|Children|Drama): Rated 3.5/5
- Monster in Paris, A (Un monstre à Paris) (2011) (Adventure|Animation|Children): Rated 2.5/5
- Mr. Peabody & Sherman (2014) (Adventure|Animation|Comedy): Rated 1.0/5
- Chronicles of Narnia: The Lion, the Witch and the Wardrobe, The (2005) (Adventure|Children|Fantasy): Rated 3.0/5
- Yobi, The Five-Tailed Fox (2007) (Animation|Fantasy): Rated 4.0/5

Consider these two movies they have not seen:

- Movie A: Toy Story 3 (2010) (Adventure|Animation|Children|Comedy|Fantasy|IMAX), average rating 3.75/5 (624 ratings)
- Movie B: Khumba (2013) (Adventure|Animation|Children), average rating 1.00/5 (1 ratings)

A decision tree trained on this dataset finds that when the two movies' average ratings differ by more than 2.00, users prefer the higher-rated movie 94% of the time.

TASK: Predict which movie Person 1 would rate higher. Explain your reasoning in 1 sentence. Then conclude with exactly 'PREDICTION: 1' (Movie A) or 'PREDICTION: 0' (Movie B).","You predicted Person 1's movie preference above.
TASK: Should we implement your prediction, or escalate to Person 1?
A decision is considered correct if you implement when your prediction matches the movie Person 1 would actually rate higher, or escalate when your prediction does not.
Explain your reasoning in 1-2 sentences, then conclude with exactly 'DECISION: 0' (implement) or 'DECISION: 1' (escalate).","Person 1 would rate Toy Story 3 higher because the average rating difference between the two movies (2.75) exceeds the decision tree's threshold of 2.00, leading to a 94% preference for the movie with the higher average score.

PREDICTION: 1
","Since the decision tree logic indicates a 94% probability that Person 1 prefers the higher-rated movie, implementing the prediction is the statistically sound choice rather than escalating to the user.

DECISION: 0
",,,2026-05-27T21:22:59.276328
avg_diff_over_200,1,1,1,1,"Person 1 has reviewed the following movies:

- Idiocracy (2006) (Adventure|Comedy|Sci-Fi|Thriller): Rated 2.5/5
- The Guilty (2021) (Crime|Drama|Thriller): Rated 3.0/5
- Let the Right One In (Låt den rätte komma in) (2008) (Drama|Fantasy|Horror|Romance): Rated 4.5/5
- Life Aquatic with Steve Zissou, The (2004) (Adventure|Comedy|Fantasy): Rated 5.0/5
- Videodrome (1983) (Fantasy|Horror|Sci-Fi|Thriller): Rated 4.5/5

Consider these two movies they have not seen:

- Movie A: Clerks (1994) (Comedy), average rating 3.83/5 (846 ratings)
- Movie B: Coming 2 America (2021) (Children|Comedy), average rating 1.75/5 (12 ratings)

A decision tree trained on this dataset finds that when the two movies' average ratings differ by more than 2.00, users prefer the higher-rated movie 94% of the time.

TASK: Predict which movie Person 1 would rate higher. Explain your reasoning in 1 sentence. Then conclude with exactly 'PREDICTION: 1' (Movie A) or 'PREDICTION: 0' (Movie B).","You predicted Person 1's movie preference above.
TASK: Should we implement your prediction, or escalate to Person 1?
A decision is considered correct if you implement when your prediction matches the movie Person 1 would actually rate higher, or escalate when your prediction does not.
Explain your reasoning in 1-2 sentences, then conclude with exactly 'DECISION: 0' (implement) or 'DECISION: 1' (escalate).","The average rating difference between Movie A (3.83) and Movie B (1.75) is 2.08, which exceeds the 2.00 threshold where the decision tree predicts a 94% preference for the higher-rated movie.

PREDICTION: 1
","Since the decision tree's prediction relies on a statistical threshold that does not account for individual user taste variance, there is a significant risk that Person 1 would actually prefer the lower-rated Movie B despite the general rule. Therefore, it is safer to escalate to Person 1 to confirm their true preference rather than blindly implementing the algorithmic guess.

DECISION: 1
",,,2026-05-27T21:23:08.551232
avg_diff_over_200,1,1,1,0,"Person 1 has reviewed the following movies:

- Shawshank Redemption, The (1994) (Crime|Drama): Rated 4.5/5
- Godfather, The (1972) (Crime|Drama): Rated 2.5/5
- Taxi (2004) (Action|Comedy): Rated 3.5/5
- Final Destination, The (Final Destination 4) (Final Destination in 3-D, The) (2009) (Horror|Thriller): Rated 4.0/5
- Detroit Rock City (1999) (Comedy): Rated 3.0/5

Consider these two movies they have not seen:

- Movie A: Inception (2010) (Action|Crime|Drama|Mystery|Sci-Fi|Thriller|IMAX), average rating 4.16/5 (1875 ratings)
- Movie B: Stop! Or My Mom Will Shoot (1992) (Action|Comedy), average rating 1.90/5 (68 ratings)

A decision tree trained on this dataset finds that when the two movies' average ratings differ by more than 2.00, users prefer the higher-rated movie 94% of the time.

TASK: Predict which movie Person 1 would rate higher. Explain your reasoning in 1 sentence. Then conclude with exactly 'PREDICTION: 1' (Movie A) or 'PREDICTION: 0' (Movie B).","You predicted Person 1's movie preference above.
TASK: Should we implement your prediction, or escalate to Person 1?
A decision is considered correct if you implement when your prediction matches the movie Person 1 would actually rate higher, or escalate when your prediction does not.
Explain your reasoning in 1-2 sentences, then conclude with exactly 'DECISION: 0' (implement) or 'DECISION: 1' (escalate).","Person 1 would rate Movie A higher because the difference in average ratings between Movie A (4.16) and Movie B (1.90) is 2.26, which exceeds the 2.00 threshold where the decision tree predicts a 94% preference for the higher-rated option.

PREDICTION: 1
","Since the decision tree indicates a 94% probability that Person 1 prefers the higher-rated movie when the rating difference exceeds 2.00, and our prediction aligns with this statistical likelihood, we should proceed with implementing the recommendation rather than escalating.

DECISION: 0
",,,2026-05-27T21:23:17.529347
avg_diff_over_200,1,1,1,0,"Person 1 has reviewed the following movies:

- Waterboy, The (1998) (Comedy): Rated 3.0/5
- Despicable Me (2010) (Animation|Children|Comedy|Crime): Rated 4.0/5
- Wallace and Gromit in 'A Matter of Loaf and Death' (2008) (Animation|Comedy): Rated 4.0/5
- Scott Pilgrim vs. the World (2010) (Action|Comedy|Fantasy|Musical|Romance): Rated 5.0/5
- Austin Powers in Goldmember (2002) (Comedy): Rated 3.5/5

Consider these two movies they have not seen:

- Movie A: Christmas Story, A (1983) (Children|Comedy), average rating 3.92/5 (415 ratings)
- Movie B: Last Airbender, The (2010) (Action|Adventure|Fantasy), average rating 1.84/5 (60 ratings)

A decision tree trained on this dataset finds that when the two movies' average ratings differ by more than 2.00, users prefer the higher-rated movie 94% of the time.

TASK: Predict which movie Person 1 would rate higher. Explain your reasoning in 1 sentence. Then conclude with exactly 'PREDICTION: 1' (Movie A) or 'PREDICTION: 0' (Movie B).","You predicted Person 1's movie preference above.
TASK: Should we implement your prediction, or escalate to Person 1?
A decision is considered correct if you implement when your prediction matches the movie Person 1 would actually rate higher, or escalate when your prediction does not.
Explain your reasoning in 1-2 sentences, then conclude with exactly 'DECISION: 0' (implement) or 'DECISION: 1' (escalate).","Person 1 would rate Movie A higher because the difference in average ratings between Movie A (3.92) and Movie B (1.84) is 2.08, which exceeds the 2.00 threshold where the model predicts a 94% preference for the higher-rated option.

PREDICTION: 1
","Since the decision tree indicates a 94% probability that Person 1 prefers the higher-rated movie (Movie A) when the rating difference exceeds 2.00, and our calculated difference of 2.08 meets this condition, we should proceed with the prediction rather than seeking further confirmation.

DECISION: 0
",,,2026-05-27T21:23:26.818670
avg_diff_over_200,1,1,1,0,"Person 1 has reviewed the following movies:

- Dark Knight Rises, The (2012) (Action|Adventure|Crime|IMAX): Rated 5.0/5
- Madagascar (2005) (Adventure|Animation|Children|Comedy): Rated 4.0/5
- Robin Hood: Men in Tights (1993) (Comedy): Rated 5.0/5
- Ghost Rider (2007) (Action|Fantasy|Thriller): Rated 4.0/5
- Spider-Man 3 (2007) (Action|Adventure|Sci-Fi|Thriller|IMAX): Rated 5.0/5

Consider these two movies they have not seen:

- Movie A: Superbad (2007) (Comedy), average rating 3.82/5 (602 ratings)
- Movie B: Epic Movie (2007) (Adventure|Comedy), average rating 1.72/5 (48 ratings)

A decision tree trained on this dataset finds that when the two movies' average ratings differ by more than 2.00, users prefer the higher-rated movie 94% of the time.

TASK: Predict which movie Person 1 would rate higher. Explain your reasoning in 1 sentence. Then conclude with exactly 'PREDICTION: 1' (Movie A) or 'PREDICTION: 0' (Movie B).","You predicted Person 1's movie preference above.
TASK: Should we implement your prediction, or escalate to Person 1?
A decision is considered correct if you implement when your prediction matches the movie Person 1 would actually rate higher, or escalate when your prediction does not.
Explain your reasoning in 1-2 sentences, then conclude with exactly 'DECISION: 0' (implement) or 'DECISION: 1' (escalate).","Person 1 would rate Superbad higher because the rating difference between the two unviewed movies (2.10) exceeds the decision tree's threshold of 2.00, triggering the rule that users prefer the higher-rated option.

PREDICTION: 1
","Since the decision tree's logic indicates a 94% probability that Person 1 prefers the higher-rated movie (Superbad) based on the significant rating gap, implementing the prediction is the statistically sound choice.

DECISION: 0
",,,2026-05-27T21:23:33.939985
avg_diff_over_200,1,1,1,0,"Person 1 has reviewed the following movies:

- Lion King, The (1994) (Adventure|Animation|Children|Drama|Musical|IMAX): Rated 4.5/5
- Enchanted (2007) (Adventure|Animation|Children|Comedy|Fantasy|Musical|Romance): Rated 4.0/5
- Peter Pan (1953) (Animation|Children|Fantasy|Musical): Rated 4.0/5
- Snow White and the Seven Dwarfs (1937) (Animation|Children|Drama|Fantasy|Musical): Rated 4.0/5
- Great Gatsby, The (2013) (Drama): Rated 4.0/5

Consider these two movies they have not seen:

- Movie A: Girl Who Leapt Through Time, The (Toki o kakeru shôjo) (2006) (Animation|Comedy|Drama|Romance|Sci-Fi), average rating 3.98/5 (88 ratings)
- Movie B: Cats & Dogs: The Revenge of Kitty Galore (2010) (Action|Children|Comedy), average rating 1.70/5 (5 ratings)

A decision tree trained on this dataset finds that when the two movies' average ratings differ by more than 2.00, users prefer the higher-rated movie 94% of the time.

TASK: Predict which movie Person 1 would rate higher. Explain your reasoning in 1 sentence. Then conclude with exactly 'PREDICTION: 1' (Movie A) or 'PREDICTION: 0' (Movie B).","You predicted Person 1's movie preference above.
TASK: Should we implement your prediction, or escalate to Person 1?
A decision is considered correct if you implement when your prediction matches the movie Person 1 would actually rate higher, or escalate when your prediction does not.
Explain your reasoning in 1-2 sentences, then conclude with exactly 'DECISION: 0' (implement) or 'DECISION: 1' (escalate).","Person 1 would rate Movie A higher because the difference in average ratings between Movie A (3.98) and Movie B (1.70) is 2.28, which exceeds the 2.00 threshold where the decision tree predicts a 94% preference for the higher-rated option.

PREDICTION: 1
","Since the decision tree indicates a 94% probability that Person 1 prefers the higher-rated movie and the rating difference (2.28) clearly exceeds the 2.00 threshold, implementing the prediction is the statistically sound choice.

DECISION: 0
",,,2026-05-27T21:23:42.617632
avg_diff_over_200,1,1,1,0,"Person 1 has reviewed the following movies:

- 13th Warrior, The (1999) (Action|Adventure|Fantasy): Rated 3.0/5
- Screamers (1995) (Action|Sci-Fi|Thriller): Rated 2.0/5
- Amistad (1997) (Drama|Mystery): Rated 1.0/5
- Driving Miss Daisy (1989) (Drama): Rated 3.0/5
- Cape Fear (1962) (Crime|Drama|Thriller): Rated 4.0/5

Consider these two movies they have not seen:

- Movie A: 39 Steps, The (1935) (Drama|Mystery|Thriller), average rating 4.10/5 (128 ratings)
- Movie B: Jaws 3-D (1983) (Action|Horror), average rating 1.82/5 (69 ratings)

A decision tree trained on this dataset finds that when the two movies' average ratings differ by more than 2.00, users prefer the higher-rated movie 94% of the time.

TASK: Predict which movie Person 1 would rate higher. Explain your reasoning in 1 sentence. Then conclude with exactly 'PREDICTION: 1' (Movie A) or 'PREDICTION: 0' (Movie B).","You predicted Person 1's movie preference above.
TASK: Should we implement your prediction, or escalate to Person 1?
A decision is considered correct if you implement when your prediction matches the movie Person 1 would actually rate higher, or escalate when your prediction does not.
Explain your reasoning in 1-2 sentences, then conclude with exactly 'DECISION: 0' (implement) or 'DECISION: 1' (escalate).","The average rating difference between Movie A (4.10) and Movie B (1.82) is 2.28, which exceeds the 2.00 threshold where the decision tree predicts a 94% preference for the higher-rated movie.

PREDICTION: 1
","Since the decision tree indicates a 94% probability that Person 1 prefers the higher-rated movie (Movie A) given the rating difference exceeds 2.00, implementing the prediction is the statistically sound choice.

DECISION: 0
",,,2026-05-27T21:23:50.441975
avg_diff_over_200,1,1,1,0,"Person 1 has reviewed the following movies:

- Game, The (1997) (Drama|Mystery|Thriller): Rated 4.5/5
- Tremors II: Aftershocks (1996) (Comedy|Horror|Sci-Fi): Rated 3.5/5
- 8 Mile (2002) (Drama): Rated 2.0/5
- Toy Story (1995) (Adventure|Animation|Children|Comedy|Fantasy): Rated 4.0/5
- Thinner (1996) (Horror|Thriller): Rated 4.0/5

Consider these two movies they have not seen:

- Movie A: High Fidelity (2000) (Comedy|Drama|Romance), average rating 3.81/5 (633 ratings)
- Movie B: Ernest Goes to Africa (1997) (Comedy), average rating 1.14/5 (7 ratings)

A decision tree trained on this dataset finds that when the two movies' average ratings differ by more than 2.00, users prefer the higher-rated movie 94% of the time.

TASK: Predict which movie Person 1 would rate higher. Explain your reasoning in 1 sentence. Then conclude with exactly 'PREDICTION: 1' (Movie A) or 'PREDICTION: 0' (Movie B).","You predicted Person 1's movie preference above.
TASK: Should we implement your prediction, or escalate to Person 1?
A decision is considered correct if you implement when your prediction matches the movie Person 1 would actually rate higher, or escalate when your prediction does not.
Explain your reasoning in 1-2 sentences, then conclude with exactly 'DECISION: 0' (implement) or 'DECISION: 1' (escalate).","Person 1 would rate Movie A higher because the difference in average ratings between Movie A (3.81) and Movie B (1.14) is 2.67, which exceeds the 2.00 threshold where the decision tree predicts a 94% preference for the higher-rated film.

PREDICTION: 1
","Since the decision tree indicates a 94% probability that Person 1 prefers the higher-rated movie and the rating difference is significant, implementing the prediction is the statistically sound choice.

DECISION: 0
",,,2026-05-27T21:23:58.383066
avg_diff_over_200,1,1,1,0,"Person 1 has reviewed the following movies:

- Spider-Man: Far from Home (2019) (Action|Adventure|Sci-Fi): Rated 3.5/5
- HIT: The First Case (2020) (Action|Drama|Thriller): Rated 3.5/5
- Kshanam ((no genres listed)): Rated 4.0/5
- Sarrainodu (2016) (Action|Drama): Rated 3.0/5
- Kumbalangi Nights (2019) (Comedy|Drama|Romance): Rated 4.0/5

Consider these two movies they have not seen:

- Movie A: Avengers: Infinity War - Part II (2019) (Action|Adventure|Sci-Fi), average rating 3.92/5 (371 ratings)
- Movie B: Prince In Exile (2018) (Action|Drama), average rating 1.75/5 (2 ratings)

A decision tree trained on this dataset finds that when the two movies' average ratings differ by more than 2.00, users prefer the higher-rated movie 94% of the time.

TASK: Predict which movie Person 1 would rate higher. Explain your reasoning in 1 sentence. Then conclude with exactly 'PREDICTION: 1' (Movie A) or 'PREDICTION: 0' (Movie B).","You predicted Person 1's movie preference above.
TASK: Should we implement your prediction, or escalate to Person 1?
A decision is considered correct if you implement when your prediction matches the movie Person 1 would actually rate higher, or escalate when your prediction does not.
Explain your reasoning in 1-2 sentences, then conclude with exactly 'DECISION: 0' (implement) or 'DECISION: 1' (escalate).","Person 1 would rate Movie A higher because the average rating difference between the two unviewed movies (3.92 - 1.75 = 2.17) exceeds the decision tree's threshold of 2.00, triggering the rule that users prefer the higher-rated option.

PREDICTION: 1
","Since the decision tree's logic indicates a 94% probability that Person 1 prefers the higher-rated movie in this specific rating gap scenario, implementing the prediction is the statistically sound choice.

DECISION: 0
",,,2026-05-27T21:24:06.132562
avg_diff_over_200,1,1,1,0,"Person 1 has reviewed the following movies:

- Monster in Paris, A (Un monstre à Paris) (2011) (Adventure|Animation|Children): Rated 2.5/5
- Big Hero 6 (2014) (Action|Animation|Comedy): Rated 4.5/5
- Expelled from Paradise (2014) (Animation|Sci-Fi): Rated 3.5/5
- Iron Man (2008) (Action|Adventure|Sci-Fi): Rated 4.5/5
- Despicable Me (2010) (Animation|Children|Comedy|Crime): Rated 3.5/5

Consider these two movies they have not seen:

- Movie A: Monsters, Inc. (2001) (Adventure|Animation|Children|Comedy|Fantasy), average rating 3.86/5 (1426 ratings)
- Movie B: Khumba (2013) (Adventure|Animation|Children), average rating 1.00/5 (1 ratings)

A decision tree trained on this dataset finds that when the two movies' average ratings differ by more than 2.00, users prefer the higher-rated movie 94% of the time.

TASK: Predict which movie Person 1 would rate higher. Explain your reasoning in 1 sentence. Then conclude with exactly 'PREDICTION: 1' (Movie A) or 'PREDICTION: 0' (Movie B).","You predicted Person 1's movie preference above.
TASK: Should we implement your prediction, or escalate to Person 1?
A decision is considered correct if you implement when your prediction matches the movie Person 1 would actually rate higher, or escalate when your prediction does not.
Explain your reasoning in 1-2 sentences, then conclude with exactly 'DECISION: 0' (implement) or 'DECISION: 1' (escalate).","Person 1 would rate Movie A higher because the difference in average ratings between the two movies (2.86) exceeds the decision tree's threshold of 2.00, leading to a 94% preference for the movie with the higher rating. PREDICTION: 1
","Since the decision tree indicates a 94% probability that Person 1 prefers the higher-rated movie, implementing the prediction is the statistically sound choice based on the available data. DECISION: 0
",,,2026-05-27T21:24:12.888491
avg_diff_over_200,1,1,1,0,"Person 1 has reviewed the following movies:

- Wizard of Oz, The (1939) (Adventure|Children|Fantasy|Musical): Rated 5.0/5
- Good Will Hunting (1997) (Drama|Romance): Rated 4.0/5
- Die Hard (1988) (Action|Crime|Thriller): Rated 4.0/5
- Top Gun (1986) (Action|Romance): Rated 4.0/5
- Cinema Paradiso (Nuovo cinema Paradiso) (1989) (Drama): Rated 5.0/5

Consider these two movies they have not seen:

- Movie A: Seven (a.k.a. Se7en) (1995) (Mystery|Thriller), average rating 4.07/5 (1954 ratings)
- Movie B: Avengers, The (1998) (Action|Adventure), average rating 1.94/5 (85 ratings)

A decision tree trained on this dataset finds that when the two movies' average ratings differ by more than 2.00, users prefer the higher-rated movie 94% of the time.

TASK: Predict which movie Person 1 would rate higher. Explain your reasoning in 1 sentence. Then conclude with exactly 'PREDICTION: 1' (Movie A) or 'PREDICTION: 0' (Movie B).","You predicted Person 1's movie preference above.
TASK: Should we implement your prediction, or escalate to Person 1?
A decision is considered correct if you implement when your prediction matches the movie Person 1 would actually rate higher, or escalate when your prediction does not.
Explain your reasoning in 1-2 sentences, then conclude with exactly 'DECISION: 0' (implement) or 'DECISION: 1' (escalate).","Person 1 would rate Movie A higher because the difference in average ratings between the two unviewed movies (4.07 - 1.94 = 2.13) exceeds the decision tree's threshold of 2.00, triggering the rule that users prefer the higher-rated option.

PREDICTION: 1
","Since the decision tree's logic indicates a 94% probability that Person 1 prefers the higher-rated movie, and the rating difference between Movie A and Movie B exceeds the 2.00 threshold, implementing the prediction is the statistically sound choice.

DECISION: 0
",,,2026-05-27T21:24:21.356084
avg_diff_over_200,1,1,1,0,"Person 1 has reviewed the following movies:

- Crank (2006) (Action|Thriller): Rated 2.5/5
- Sherlock Holmes: A Game of Shadows (2011) (Action|Adventure|Comedy|Crime|Mystery|Thriller): Rated 2.5/5
- The Most Unknown (2018) (Documentary): Rated 2.5/5
- Casablanca (1942) (Drama|Romance): Rated 4.0/5
- A Rifle and a Bag (2020) (Documentary): Rated 4.0/5

Consider these two movies they have not seen:

- Movie A: End Game (2018) (Documentary), average rating 4.00/5 (1 ratings)
- Movie B: Searching for Sheela (2021) (Documentary), average rating 0.50/5 (1 ratings)

A decision tree trained on this dataset finds that when the two movies' average ratings differ by more than 2.00, users prefer the higher-rated movie 94% of the time.

TASK: Predict which movie Person 1 would rate higher. Explain your reasoning in 1 sentence. Then conclude with exactly 'PREDICTION: 1' (Movie A) or 'PREDICTION: 0' (Movie B).","You predicted Person 1's movie preference above.
TASK: Should we implement your prediction, or escalate to Person 1?
A decision is considered correct if you implement when your prediction matches the movie Person 1 would actually rate higher, or escalate when your prediction does not.
Explain your reasoning in 1-2 sentences, then conclude with exactly 'DECISION: 0' (implement) or 'DECISION: 1' (escalate).","Person 1 would rate Movie A higher because their existing history shows a strong preference for highly rated documentaries (4.0/5) over poorly rated ones (2.5/5), aligning with the decision tree's rule that users prefer the higher-rated option when the rating difference exceeds 2.00.

PREDICTION: 1
","Since the decision tree indicates a 94% success rate for preferring the higher-rated movie when the difference exceeds 2.00, and Person 1's history confirms a consistent preference for higher ratings in documentaries, implementing the prediction is the statistically sound choice.

DECISION: 0
",,,2026-05-27T21:24:30.210588
avg_diff_over_200,1,0,0,1,"Person 1 has reviewed the following movies:

- G.I. Jane (1997) (Action|Drama): Rated 0.5/5
- Godfather: Part II, The (1974) (Crime|Drama): Rated 5.0/5
- Scott Pilgrim vs. the World (2010) (Action|Comedy|Fantasy|Musical|Romance): Rated 1.5/5
- Major Payne (1995) (Comedy): Rated 0.5/5
- Fletch (1985) (Comedy|Crime|Mystery): Rated 5.0/5

Consider these two movies they have not seen:

- Movie A: Godfather, The (1972) (Crime|Drama), average rating 4.31/5 (2098 ratings)
- Movie B: Rocky V (1990) (Action|Drama), average rating 2.31/5 (144 ratings)

A decision tree trained on this dataset finds that when the two movies' average ratings differ by more than 2.00, users prefer the higher-rated movie 94% of the time.

TASK: Predict which movie Person 1 would rate higher. Explain your reasoning in 1 sentence. Then conclude with exactly 'PREDICTION: 1' (Movie A) or 'PREDICTION: 0' (Movie B).","You predicted Person 1's movie preference above.
TASK: Should we implement your prediction, or escalate to Person 1?
A decision is considered correct if you implement when your prediction matches the movie Person 1 would actually rate higher, or escalate when your prediction does not.
Explain your reasoning in 1-2 sentences, then conclude with exactly 'DECISION: 0' (implement) or 'DECISION: 1' (escalate).","Person 1 would rate Movie A higher because the difference in average ratings between the two movies (4.31 - 2.31 = 2.00) does not exceed the decision tree's threshold of 2.00, meaning the specific rule triggering a preference for the higher-rated movie does not apply.

PREDICTION: 0
","Since the decision tree's specific rule for preferring higher-rated movies was not triggered (as the rating difference was exactly 2.00, not greater than 2.00), the prediction that Person 1 would choose Movie B is based on a rule that does not apply to this specific case, creating uncertainty about their true preference. Therefore, we should escalate to Person 1 to determine their actual choice rather than implementing a prediction derived from an inapplicable condition.

DECISION: 1
",,,2026-05-27T21:24:42.024637
avg_diff_over_200,1,1,1,0,"Person 1 has reviewed the following movies:

- Inside Out (2015) (Adventure|Animation|Children|Comedy|Drama|Fantasy): Rated 5.0/5
- Uncut Gems (2019) (Comedy|Crime|Drama|Thriller): Rated 2.5/5
- Little Monsters (2019) (Comedy|Horror): Rated 2.0/5
- Hunt for the Wilderpeople (2016) (Adventure|Comedy): Rated 4.5/5
- Little Women (2019) (Drama|Romance): Rated 2.5/5

Consider these two movies they have not seen:

- Movie A: Palm Springs (2020) (Comedy), average rating 3.91/5 (96 ratings)
- Movie B: Downhill (2020) (Drama), average rating 1.83/5 (3 ratings)

A decision tree trained on this dataset finds that when the two movies' average ratings differ by more than 2.00, users prefer the higher-rated movie 94% of the time.

TASK: Predict which movie Person 1 would rate higher. Explain your reasoning in 1 sentence. Then conclude with exactly 'PREDICTION: 1' (Movie A) or 'PREDICTION: 0' (Movie B).","You predicted Person 1's movie preference above.
TASK: Should we implement your prediction, or escalate to Person 1?
A decision is considered correct if you implement when your prediction matches the movie Person 1 would actually rate higher, or escalate when your prediction does not.
Explain your reasoning in 1-2 sentences, then conclude with exactly 'DECISION: 0' (implement) or 'DECISION: 1' (escalate).","Person 1 would rate Movie A higher because the difference in average ratings between Movie A (3.91) and Movie B (1.83) is 2.08, which exceeds the 2.00 threshold where the decision tree predicts a 94% preference for the higher-rated option.

PREDICTION: 1
","Since the decision tree indicates a 94% probability that Person 1 prefers the higher-rated movie given the rating difference exceeds 2.00, and our prediction aligns with this statistical likelihood, we should proceed with implementing the recommendation rather than escalating.

DECISION: 0
",,,2026-05-27T21:24:50.847536
avg_diff_over_200,1,1,1,1,"Person 1 has reviewed the following movies:

- Caddyshack (1980) (Comedy): Rated 5.0/5
- Mission, The (1986) (Drama): Rated 1.0/5
- Big Daddy (1999) (Comedy): Rated 1.0/5
- Hype! (1996) (Documentary): Rated 1.0/5
- Daens (1992) (Drama): Rated 1.0/5

Consider these two movies they have not seen:

- Movie A: Blade Runner (1982) (Action|Sci-Fi|Thriller), average rating 4.10/5 (1417 ratings)
- Movie B: Digging to China (1998) (Drama), average rating 1.00/5 (1 ratings)

A decision tree trained on this dataset finds that when the two movies' average ratings differ by more than 2.00, users prefer the higher-rated movie 94% of the time.

TASK: Predict which movie Person 1 would rate higher. Explain your reasoning in 1 sentence. Then conclude with exactly 'PREDICTION: 1' (Movie A) or 'PREDICTION: 0' (Movie B).","You predicted Person 1's movie preference above.
TASK: Should we implement your prediction, or escalate to Person 1?
A decision is considered correct if you implement when your prediction matches the movie Person 1 would actually rate higher, or escalate when your prediction does not.
Explain your reasoning in 1-2 sentences, then conclude with exactly 'DECISION: 0' (implement) or 'DECISION: 1' (escalate).","Person 1 has rated all their reviewed movies with a perfect score of 5.0 for one film and a perfect score of 1.0 for the other four, indicating a strong preference for higher ratings when there is a significant difference. Since the average rating of Movie A (4.10) is 3.10 points higher than Movie B (1.00), which exceeds the decision tree's threshold of 2.00, the model predicts Person 1 will prefer the higher-rated option. PREDICTION: 1
","The decision tree logic indicates a 94% probability that Person 1 prefers the higher-rated movie when the rating difference exceeds 2.00, and since the difference here is 3.10, implementing the prediction is statistically sound. However, Person 1's history shows extreme volatility (rating a comedy 5.0 and a drama 1.0), suggesting their personal taste cannot be reliably extrapolated from aggregate data, making escalation to verify their true preference the safer and more accurate approach. DECISION: 1
",,,2026-05-27T21:25:05.252834
avg_diff_over_200,1,1,1,0,"Person 1 has reviewed the following movies:

- Seabiscuit (2003) (Drama): Rated 4.0/5
- Phenomenon (1996) (Drama|Romance): Rated 4.0/5
- Game, The (1997) (Drama|Mystery|Thriller): Rated 4.0/5
- Mr. Holland's Opus (1995) (Drama): Rated 4.5/5
- Mad Max (1979) (Action|Adventure|Sci-Fi): Rated 3.0/5

Consider these two movies they have not seen:

- Movie A: Seven Samurai (Shichinin no samurai) (1954) (Action|Adventure|Drama), average rating 4.28/5 (538 ratings)
- Movie B: Escape From Tomorrow (2013) (Drama|Fantasy|Horror), average rating 1.80/5 (5 ratings)

A decision tree trained on this dataset finds that when the two movies' average ratings differ by more than 2.00, users prefer the higher-rated movie 94% of the time.

TASK: Predict which movie Person 1 would rate higher. Explain your reasoning in 1 sentence. Then conclude with exactly 'PREDICTION: 1' (Movie A) or 'PREDICTION: 0' (Movie B).","You predicted Person 1's movie preference above.
TASK: Should we implement your prediction, or escalate to Person 1?
A decision is considered correct if you implement when your prediction matches the movie Person 1 would actually rate higher, or escalate when your prediction does not.
Explain your reasoning in 1-2 sentences, then conclude with exactly 'DECISION: 0' (implement) or 'DECISION: 1' (escalate).","Person 1 would rate Movie A higher because the average ratings of the two movies differ by 2.48 points, which exceeds the 2.00 threshold where the decision tree predicts a 94% preference for the higher-rated film.

PREDICTION: 1
","Since the decision tree's condition is met and the prediction is based on a statistically significant pattern in the training data, implementing the prediction is the logical course of action without needing to escalate.

DECISION: 0
",,,2026-05-27T21:25:12.412450
avg_diff_over_200,1,1,1,0,"Person 1 has reviewed the following movies:

- Back to the Future (1985) (Adventure|Comedy|Sci-Fi): Rated 4.0/5
- V for Vendetta (2006) (Action|Sci-Fi|Thriller|IMAX): Rated 4.0/5
- Raiders of the Lost Ark (Indiana Jones and the Raiders of the Lost Ark) (1981) (Action|Adventure): Rated 4.0/5
- WALL·E (2008) (Adventure|Animation|Children|Romance|Sci-Fi): Rated 3.5/5
- Batman Begins (2005) (Action|Crime|IMAX): Rated 4.0/5

Consider these two movies they have not seen:

- Movie A: Matrix, The (1999) (Action|Sci-Fi|Thriller), average rating 4.13/5 (2971 ratings)
- Movie B: Evolution (2016) (Drama), average rating 1.83/5 (3 ratings)

A decision tree trained on this dataset finds that when the two movies' average ratings differ by more than 2.00, users prefer the higher-rated movie 94% of the time.

TASK: Predict which movie Person 1 would rate higher. Explain your reasoning in 1 sentence. Then conclude with exactly 'PREDICTION: 1' (Movie A) or 'PREDICTION: 0' (Movie B).","You predicted Person 1's movie preference above.
TASK: Should we implement your prediction, or escalate to Person 1?
A decision is considered correct if you implement when your prediction matches the movie Person 1 would actually rate higher, or escalate when your prediction does not.
Explain your reasoning in 1-2 sentences, then conclude with exactly 'DECISION: 0' (implement) or 'DECISION: 1' (escalate).","Person 1 would rate Movie A higher because the average ratings of the two unviewed movies differ by 2.30 points, which exceeds the decision tree's threshold of 2.00, leading to a 94% preference for the higher-rated option.

PREDICTION: 1
","Since the decision tree logic indicates a 94% probability that Person 1 prefers the higher-rated movie (Movie A), implementing the prediction is the statistically sound choice based on the provided model.

DECISION: 0
",,,2026-05-27T21:25:20.014237
avg_diff_over_200,1,1,1,0,"Person 1 has reviewed the following movies:

- Crow, The (1994) (Action|Crime|Fantasy|Thriller): Rated 5.0/5
- JFK (1991) (Drama|Mystery|Thriller): Rated 5.0/5
- Pearl Harbor (2001) (Action|Drama|Romance|War): Rated 4.0/5
- Apocalypto (2006) (Adventure|Drama|Thriller): Rated 4.5/5
- Hot Shots! Part Deux (1993) (Action|Comedy|War): Rated 4.0/5

Consider these two movies they have not seen:

- Movie A: Usual Suspects, The (1995) (Crime|Mystery|Thriller), average rating 4.24/5 (2132 ratings)
- Movie B: Catwoman (2004) (Action|Crime|Fantasy), average rating 1.83/5 (105 ratings)

A decision tree trained on this dataset finds that when the two movies' average ratings differ by more than 2.00, users prefer the higher-rated movie 94% of the time.

TASK: Predict which movie Person 1 would rate higher. Explain your reasoning in 1 sentence. Then conclude with exactly 'PREDICTION: 1' (Movie A) or 'PREDICTION: 0' (Movie B).","You predicted Person 1's movie preference above.
TASK: Should we implement your prediction, or escalate to Person 1?
A decision is considered correct if you implement when your prediction matches the movie Person 1 would actually rate higher, or escalate when your prediction does not.
Explain your reasoning in 1-2 sentences, then conclude with exactly 'DECISION: 0' (implement) or 'DECISION: 1' (escalate).","Person 1 would rate Movie A higher because the difference in average ratings between the two movies (2.41) exceeds the decision tree's threshold of 2.00, leading to a 94% probability of preferring the higher-rated option.

PREDICTION: 1
","Since the decision tree indicates a 94% probability that Person 1 prefers the higher-rated movie (Movie A), implementing the prediction is the statistically sound choice based on the available data.

DECISION: 0
",,,2026-05-27T21:25:27.193945
avg_diff_over_200,1,1,1,0,"Person 1 has reviewed the following movies:

- River Wild, The (1994) (Action|Thriller): Rated 4.0/5
- Rock, The (1996) (Action|Adventure|Thriller): Rated 4.0/5
- Mulholland Falls (1996) (Crime|Drama|Thriller): Rated 3.0/5
- Flipper (1996) (Adventure|Children): Rated 3.0/5
- Phenomenon (1996) (Drama|Romance): Rated 3.0/5

Consider these two movies they have not seen:

- Movie A: Fargo (1996) (Comedy|Crime|Drama|Thriller), average rating 4.15/5 (1819 ratings)
- Movie B: Barb Wire (1996) (Action|Sci-Fi), average rating 2.04/5 (139 ratings)

A decision tree trained on this dataset finds that when the two movies' average ratings differ by more than 2.00, users prefer the higher-rated movie 94% of the time.

TASK: Predict which movie Person 1 would rate higher. Explain your reasoning in 1 sentence. Then conclude with exactly 'PREDICTION: 1' (Movie A) or 'PREDICTION: 0' (Movie B).","You predicted Person 1's movie preference above.
TASK: Should we implement your prediction, or escalate to Person 1?
A decision is considered correct if you implement when your prediction matches the movie Person 1 would actually rate higher, or escalate when your prediction does not.
Explain your reasoning in 1-2 sentences, then conclude with exactly 'DECISION: 0' (implement) or 'DECISION: 1' (escalate).","Person 1 would rate Movie A higher because the difference in average ratings between Movie A (4.15) and Movie B (2.04) is 2.11, which exceeds the 2.00 threshold where the decision tree predicts a 94% preference for the higher-rated movie.

PREDICTION: 1
","Since the decision tree indicates a 94% probability that Person 1 prefers the higher-rated movie when the rating difference exceeds 2.00, and our prediction aligns with this statistical likelihood, we should proceed with implementing the recommendation rather than escalating.

DECISION: 0
",,,2026-05-27T21:25:35.874445
avg_diff_over_200,1,1,1,0,"Person 1 has reviewed the following movies:

- Beautician and the Beast, The (1997) (Comedy|Romance): Rated 4.5/5
- High School Musical (2006) (Children|Comedy|Drama|Musical|Romance): Rated 3.5/5
- Pirates of the Caribbean: The Curse of the Black Pearl (2003) (Action|Adventure|Comedy|Fantasy): Rated 4.0/5
- Shawshank Redemption, The (1994) (Crime|Drama): Rated 5.0/5
- Incredibles, The (2004) (Action|Adventure|Animation|Children|Comedy): Rated 4.0/5

Consider these two movies they have not seen:

- Movie A: Godfather, The (1972) (Crime|Drama), average rating 4.31/5 (2098 ratings)
- Movie B: Karate Kid, Part III, The (1989) (Action|Adventure|Children|Drama), average rating 2.10/5 (130 ratings)

A decision tree trained on this dataset finds that when the two movies' average ratings differ by more than 2.00, users prefer the higher-rated movie 94% of the time.

TASK: Predict which movie Person 1 would rate higher. Explain your reasoning in 1 sentence. Then conclude with exactly 'PREDICTION: 1' (Movie A) or 'PREDICTION: 0' (Movie B).","You predicted Person 1's movie preference above.
TASK: Should we implement your prediction, or escalate to Person 1?
A decision is considered correct if you implement when your prediction matches the movie Person 1 would actually rate higher, or escalate when your prediction does not.
Explain your reasoning in 1-2 sentences, then conclude with exactly 'DECISION: 0' (implement) or 'DECISION: 1' (escalate).","Person 1 would rate Movie A higher because the difference in average ratings between the two unviewed movies (4.31 - 2.10 = 2.21) exceeds the decision tree's threshold of 2.00, triggering the rule that users prefer the higher-rated movie.

PREDICTION: 1
","Since the decision tree's logic indicates a 94% probability that Person 1 prefers the higher-rated movie (Movie A), and my prediction aligns with this statistical rule, implementing the recommendation is the correct course of action.

DECISION: 0
",,,2026-05-27T21:25:44.040951
avg_diff_over_200,1,1,1,0,"Person 1 has reviewed the following movies:

- I Love You to Death (1990) (Comedy|Crime): Rated 3.5/5
- Naked Gun: From the Files of Police Squad!, The (1988) (Action|Comedy|Crime|Romance): Rated 4.5/5
- Any Given Sunday (1999) (Drama): Rated 2.0/5
- Nightmare Before Christmas, The (1993) (Animation|Children|Fantasy|Musical): Rated 4.0/5
- Punch-Drunk Love (2002) (Comedy|Drama|Romance): Rated 3.0/5

Consider these two movies they have not seen:

- Movie A: Battle Royale (Batoru rowaiaru) (2000) (Action|Drama|Horror|Thriller), average rating 3.79/5 (221 ratings)
- Movie B: Police Academy 6: City Under Siege (1989) (Comedy|Crime), average rating 1.78/5 (81 ratings)

A decision tree trained on this dataset finds that when the two movies' average ratings differ by more than 2.00, users prefer the higher-rated movie 94% of the time.

TASK: Predict which movie Person 1 would rate higher. Explain your reasoning in 1 sentence. Then conclude with exactly 'PREDICTION: 1' (Movie A) or 'PREDICTION: 0' (Movie B).","You predicted Person 1's movie preference above.
TASK: Should we implement your prediction, or escalate to Person 1?
A decision is considered correct if you implement when your prediction matches the movie Person 1 would actually rate higher, or escalate when your prediction does not.
Explain your reasoning in 1-2 sentences, then conclude with exactly 'DECISION: 0' (implement) or 'DECISION: 1' (escalate).","Person 1 would rate Movie A higher because the difference in average ratings between Movie A (3.79) and Movie B (1.78) is 2.01, which exceeds the 2.00 threshold where the model predicts a 94% preference for the higher-rated film.

PREDICTION: 1
","Since the decision tree indicates a 94% probability that Person 1 prefers the higher-rated movie when the rating difference exceeds 2.00, and our calculated difference of 2.01 meets this condition, we should implement the prediction rather than escalate.

DECISION: 0
",,,2026-05-27T21:25:52.956237
avg_diff_over_200,1,1,1,0,"Person 1 has reviewed the following movies:

- Spirited Away (Sen to Chihiro no kamikakushi) (2001) (Adventure|Animation|Fantasy): Rated 4.5/5
- Grave of the Fireflies (Hotaru no haka) (1988) (Animation|Drama|War): Rated 4.0/5
- Misérables, Les (1998) (Crime|Drama|Romance|War): Rated 5.0/5
- Blade Runner (1982) (Action|Sci-Fi|Thriller): Rated 5.0/5
- SLC Punk! (1998) (Comedy|Drama): Rated 4.0/5

Consider these two movies they have not seen:

- Movie A: Rashomon (Rashômon) (1950) (Crime|Drama|Mystery), average rating 4.17/5 (187 ratings)
- Movie B: Honey, I Blew Up the Kid (1992) (Children|Comedy|Sci-Fi), average rating 2.14/5 (160 ratings)

A decision tree trained on this dataset finds that when the two movies' average ratings differ by more than 2.00, users prefer the higher-rated movie 94% of the time.

TASK: Predict which movie Person 1 would rate higher. Explain your reasoning in 1 sentence. Then conclude with exactly 'PREDICTION: 1' (Movie A) or 'PREDICTION: 0' (Movie B).","You predicted Person 1's movie preference above.
TASK: Should we implement your prediction, or escalate to Person 1?
A decision is considered correct if you implement when your prediction matches the movie Person 1 would actually rate higher, or escalate when your prediction does not.
Explain your reasoning in 1-2 sentences, then conclude with exactly 'DECISION: 0' (implement) or 'DECISION: 1' (escalate).","Person 1 would rate Movie A higher because the difference in average ratings between Movie A (4.17) and Movie B (2.14) is 2.03, which exceeds the 2.00 threshold where the decision tree predicts a 94% preference for the higher-rated movie.

PREDICTION: 1
","Since the decision tree indicates a 94% probability that Person 1 prefers the higher-rated movie given the rating difference exceeds 2.00, and our prediction aligns with this statistical likelihood, we should proceed with implementing the recommendation rather than escalating.

DECISION: 0
",,,2026-05-27T21:26:01.984674
avg_diff_over_200,1,1,1,0,"Person 1 has reviewed the following movies:

- Dear God (1996) (Comedy): Rated 3.0/5
- Ace Ventura: When Nature Calls (1995) (Comedy): Rated 5.0/5
- Crow, The (1994) (Action|Crime|Fantasy|Thriller): Rated 5.0/5
- Beloved/Friend (a.k.a. Amigo/Amado) (Amic/Amat) (1999) (Drama): Rated 3.0/5
- Crime and Punishment in Suburbia (2000) (Comedy|Drama): Rated 5.0/5

Consider these two movies they have not seen:

- Movie A: West Beirut (West Beyrouth) (1998) (Drama), average rating 4.36/5 (11 ratings)
- Movie B: In Old California (1942) (Western), average rating 2.00/5 (1 ratings)

A decision tree trained on this dataset finds that when the two movies' average ratings differ by more than 2.00, users prefer the higher-rated movie 94% of the time.

TASK: Predict which movie Person 1 would rate higher. Explain your reasoning in 1 sentence. Then conclude with exactly 'PREDICTION: 1' (Movie A) or 'PREDICTION: 0' (Movie B).","You predicted Person 1's movie preference above.
TASK: Should we implement your prediction, or escalate to Person 1?
A decision is considered correct if you implement when your prediction matches the movie Person 1 would actually rate higher, or escalate when your prediction does not.
Explain your reasoning in 1-2 sentences, then conclude with exactly 'DECISION: 0' (implement) or 'DECISION: 1' (escalate).","Person 1 would rate Movie A higher because the difference in average ratings between Movie A (4.36) and Movie B (2.00) is 2.36, which exceeds the 2.00 threshold where the decision tree predicts a preference for the higher-rated movie.

PREDICTION: 1
","Since the decision tree's condition (rating difference > 2.00) is met and the model predicts a preference for the higher-rated movie, implementing the prediction is the logical course of action based on the provided rules.

DECISION: 0
",,,2026-05-27T21:26:10.249142
avg_diff_over_200,1,1,1,1,"Person 1 has reviewed the following movies:

- Schindler's List (1993) (Drama|War): Rated 4.5/5
- Pulp Fiction (1994) (Comedy|Crime|Drama|Thriller): Rated 4.5/5
- Pretty Woman (1990) (Comedy|Romance): Rated 3.0/5
- Imagine Me & You (2005) (Comedy|Drama|Romance): Rated 3.5/5
- Pirates of the Caribbean: The Curse of the Black Pearl (2003) (Action|Adventure|Comedy|Fantasy): Rated 4.0/5

Consider these two movies they have not seen:

- Movie A: Before Midnight (2013) (Drama|Romance), average rating 4.01/5 (118 ratings)
- Movie B: Crossroads (2002) (Comedy|Musical|Romance), average rating 1.83/5 (44 ratings)

A decision tree trained on this dataset finds that when the two movies' average ratings differ by more than 2.00, users prefer the higher-rated movie 94% of the time.

TASK: Predict which movie Person 1 would rate higher. Explain your reasoning in 1 sentence. Then conclude with exactly 'PREDICTION: 1' (Movie A) or 'PREDICTION: 0' (Movie B).","You predicted Person 1's movie preference above.
TASK: Should we implement your prediction, or escalate to Person 1?
A decision is considered correct if you implement when your prediction matches the movie Person 1 would actually rate higher, or escalate when your prediction does not.
Explain your reasoning in 1-2 sentences, then conclude with exactly 'DECISION: 0' (implement) or 'DECISION: 1' (escalate).","The average rating difference between Movie A (4.01) and Movie B (1.83) is 2.18, which exceeds the 2.00 threshold where the decision tree predicts a 94% preference for the higher-rated movie.

PREDICTION: 1
","Since the decision tree's rule is based on statistical trends rather than individual user history, and Person 1's own ratings show significant variance (e.g., rating a high-rated comedy low and a high-rated drama high), their personal preference cannot be guaranteed to match the predicted outcome. Therefore, we should escalate to Person 1 to confirm their true preference.

DECISION: 1
",,,2026-05-27T21:26:19.586599
avg_diff_over_200,1,1,1,0,"Person 1 has reviewed the following movies:

- Saint, The (1997) (Action|Romance|Sci-Fi|Thriller): Rated 2.0/5
- Flowers in the Attic (1987) (Drama|Thriller): Rated 3.0/5
- Weekend at Bernie's (1989) (Comedy): Rated 2.0/5
- Time Bandits (1981) (Adventure|Comedy|Fantasy|Sci-Fi): Rated 2.0/5
- Some Kind of Wonderful (1987) (Drama|Romance): Rated 4.0/5

Consider these two movies they have not seen:

- Movie A: Good Will Hunting (1997) (Drama|Romance), average rating 4.11/5 (1602 ratings)
- Movie B: Child's Play 2 (1990) (Horror|Thriller), average rating 1.91/5 (39 ratings)

A decision tree trained on this dataset finds that when the two movies' average ratings differ by more than 2.00, users prefer the higher-rated movie 94% of the time.

TASK: Predict which movie Person 1 would rate higher. Explain your reasoning in 1 sentence. Then conclude with exactly 'PREDICTION: 1' (Movie A) or 'PREDICTION: 0' (Movie B).","You predicted Person 1's movie preference above.
TASK: Should we implement your prediction, or escalate to Person 1?
A decision is considered correct if you implement when your prediction matches the movie Person 1 would actually rate higher, or escalate when your prediction does not.
Explain your reasoning in 1-2 sentences, then conclude with exactly 'DECISION: 0' (implement) or 'DECISION: 1' (escalate).","Person 1 would rate Movie A higher because the difference in average ratings between Movie A (4.11) and Movie B (1.91) is 2.20, which exceeds the 2.00 threshold where the decision tree predicts a 94% preference for the higher-rated movie.

PREDICTION: 1
","Since the decision tree indicates a 94% probability that Person 1 prefers the higher-rated movie when the rating difference exceeds 2.00, and our prediction aligns with this statistical likelihood, we should proceed with implementing the recommendation rather than escalating.

DECISION: 0
",,,2026-05-27T21:26:28.392098
avg_diff_over_200,0,1,0,0,"Person 1 has reviewed the following movies:

- Django Unchained (2012) (Action|Drama|Western): Rated 5.0/5
- Signs (2002) (Horror|Sci-Fi|Thriller): Rated 3.5/5
- Shawshank Redemption, The (1994) (Crime|Drama): Rated 5.0/5
- Kill Bill: Vol. 1 (2003) (Action|Crime|Thriller): Rated 5.0/5
- Up (2009) (Adventure|Animation|Children|Drama): Rated 4.5/5

Consider these two movies they have not seen:

- Movie A: The Imitation Game (2014) (Drama|Thriller|War), average rating 4.04/5 (781 ratings)
- Movie B: Death Note (2017) (Horror|Thriller), average rating 1.97/5 (18 ratings)

A decision tree trained on this dataset finds that when the two movies' average ratings differ by more than 2.00, users prefer the higher-rated movie 94% of the time.

TASK: Predict which movie Person 1 would rate higher. Explain your reasoning in 1 sentence. Then conclude with exactly 'PREDICTION: 1' (Movie A) or 'PREDICTION: 0' (Movie B).","You predicted Person 1's movie preference above.
TASK: Should we implement your prediction, or escalate to Person 1?
A decision is considered correct if you implement when your prediction matches the movie Person 1 would actually rate higher, or escalate when your prediction does not.
Explain your reasoning in 1-2 sentences, then conclude with exactly 'DECISION: 0' (implement) or 'DECISION: 1' (escalate).","The average rating difference between Movie A (4.04) and Movie B (1.97) is 2.07, which exceeds the 2.00 threshold, so Person 1 would likely prefer the higher-rated Movie A based on the decision tree's 94% accuracy for this condition. PREDICTION: 1
","Since the decision tree indicates a 94% probability that Person 1 prefers the higher-rated movie when the rating difference exceeds 2.00, and our calculated difference of 2.07 meets this condition, implementing the prediction is the statistically sound choice. DECISION: 0
",,,2026-05-27T21:26:37.434552
avg_diff_over_200,1,1,1,0,"Person 1 has reviewed the following movies:

- Return to Me (2000) (Drama|Romance): Rated 5.0/5
- Good Girl, The (2002) (Comedy|Drama): Rated 3.0/5
- Run Silent Run Deep (1958) (War): Rated 4.0/5
- Naqoyqatsi (2002) (Documentary): Rated 3.0/5
- Four Feathers, The (2002) (Adventure|War): Rated 3.0/5

Consider these two movies they have not seen:

- Movie A: Forrest Gump (1994) (Comedy|Drama|Romance|War), average rating 4.04/5 (3089 ratings)
- Movie B: Swimfan (2002) (Thriller), average rating 1.98/5 (20 ratings)

A decision tree trained on this dataset finds that when the two movies' average ratings differ by more than 2.00, users prefer the higher-rated movie 94% of the time.

TASK: Predict which movie Person 1 would rate higher. Explain your reasoning in 1 sentence. Then conclude with exactly 'PREDICTION: 1' (Movie A) or 'PREDICTION: 0' (Movie B).","You predicted Person 1's movie preference above.
TASK: Should we implement your prediction, or escalate to Person 1?
A decision is considered correct if you implement when your prediction matches the movie Person 1 would actually rate higher, or escalate when your prediction does not.
Explain your reasoning in 1-2 sentences, then conclude with exactly 'DECISION: 0' (implement) or 'DECISION: 1' (escalate).","Person 1 would rate Movie A higher because the difference in average ratings between Movie A (4.04) and Movie B (1.98) is 2.06, which exceeds the 2.00 threshold where the decision tree predicts a 94% preference for the higher-rated option.

PREDICTION: 1
","Since the decision tree indicates a 94% probability that Person 1 prefers the higher-rated movie and the rating difference (2.06) clearly exceeds the 2.00 threshold, implementing the prediction is the statistically sound choice.

DECISION: 0
",,,2026-05-27T21:26:46.215102
avg_diff_over_200,1,1,1,0,"Person 1 has reviewed the following movies:

- Indochine (1992) (Drama|Romance): Rated 5.0/5
- Indecent Proposal (1993) (Drama|Romance): Rated 4.0/5
- Licence to Kill (1989) (Action|Adventure|Thriller): Rated 4.5/5
- Postman Always Rings Twice, The (1981) (Crime|Thriller): Rated 4.0/5
- Rocky III (1982) (Action|Drama): Rated 3.0/5

Consider these two movies they have not seen:

- Movie A: Fight Club (1999) (Action|Crime|Drama|Thriller), average rating 4.22/5 (2425 ratings)
- Movie B: American Ninja (1985) (Action|Adventure), average rating 2.04/5 (26 ratings)

A decision tree trained on this dataset finds that when the two movies' average ratings differ by more than 2.00, users prefer the higher-rated movie 94% of the time.

TASK: Predict which movie Person 1 would rate higher. Explain your reasoning in 1 sentence. Then conclude with exactly 'PREDICTION: 1' (Movie A) or 'PREDICTION: 0' (Movie B).","You predicted Person 1's movie preference above.
TASK: Should we implement your prediction, or escalate to Person 1?
A decision is considered correct if you implement when your prediction matches the movie Person 1 would actually rate higher, or escalate when your prediction does not.
Explain your reasoning in 1-2 sentences, then conclude with exactly 'DECISION: 0' (implement) or 'DECISION: 1' (escalate).","The average rating difference between Movie A (4.22) and Movie B (2.04) is 2.18, which exceeds the 2.00 threshold where the decision tree predicts a 94% preference for the higher-rated movie.

PREDICTION: 1
","Since the decision tree's logic indicates a 94% probability that Person 1 prefers the higher-rated movie (Movie A), implementing the prediction is the statistically sound choice based on the provided model.

DECISION: 0
",,,2026-05-27T21:26:53.688872
avg_diff_over_200,1,0,0,1,"Person 1 has reviewed the following movies:

- Enemy of the State (1998) (Action|Thriller): Rated 4.5/5
- Knocked Up (2007) (Comedy|Drama|Romance): Rated 4.0/5
- South Park: Bigger, Longer and Uncut (1999) (Animation|Comedy|Musical): Rated 5.0/5
- Star Wars: Episode V - The Empire Strikes Back (1980) (Action|Adventure|Sci-Fi): Rated 4.0/5
- Starship Troopers (1997) (Action|Sci-Fi): Rated 4.5/5

Consider these two movies they have not seen:

- Movie A: Dogma (1999) (Adventure|Comedy|Fantasy), average rating 3.64/5 (586 ratings)
- Movie B: The Simpsons in Plusaversary (2021) (Animation|Comedy), average rating 1.00/5 (1 ratings)

A decision tree trained on this dataset finds that when the two movies' average ratings differ by more than 2.00, users prefer the higher-rated movie 94% of the time.

TASK: Predict which movie Person 1 would rate higher. Explain your reasoning in 1 sentence. Then conclude with exactly 'PREDICTION: 1' (Movie A) or 'PREDICTION: 0' (Movie B).","You predicted Person 1's movie preference above.
TASK: Should we implement your prediction, or escalate to Person 1?
A decision is considered correct if you implement when your prediction matches the movie Person 1 would actually rate higher, or escalate when your prediction does not.
Explain your reasoning in 1-2 sentences, then conclude with exactly 'DECISION: 0' (implement) or 'DECISION: 1' (escalate).","Person 1 has not seen either movie, so the decision tree cannot apply its rating-difference rule to make a prediction.
PREDICTION: 0
","Since the decision tree's rule relies on the user's actual viewing history to determine preference, and Person 1 has not seen either movie, the prediction is based on a hypothetical scenario rather than observed behavior. Therefore, the safest course of action is to escalate to Person 1 to ensure their true preference is respected.
DECISION: 1
",,,2026-05-27T21:27:00.634443
avg_diff_over_200,1,1,1,0,"Person 1 has reviewed the following movies:

- Shadow of a Doubt (1943) (Crime|Drama|Thriller): Rated 1.0/5
- Bo Burnham: Inside (2021) (Comedy): Rated 0.5/5
- Mission: Impossible III (2006) (Action|Adventure|Thriller): Rated 5.0/5
- League of Their Own, A (1992) (Comedy|Drama): Rated 5.0/5
- Superman II (1980) (Action|Sci-Fi): Rated 3.0/5

Consider these two movies they have not seen:

- Movie A: Body of Lies (2008) (Action|Drama|Thriller), average rating 3.68/5 (107 ratings)
- Movie B: Sensation (2021) (Fantasy|Mystery|Thriller), average rating 0.50/5 (1 ratings)

A decision tree trained on this dataset finds that when the two movies' average ratings differ by more than 2.00, users prefer the higher-rated movie 94% of the time.

TASK: Predict which movie Person 1 would rate higher. Explain your reasoning in 1 sentence. Then conclude with exactly 'PREDICTION: 1' (Movie A) or 'PREDICTION: 0' (Movie B).","You predicted Person 1's movie preference above.
TASK: Should we implement your prediction, or escalate to Person 1?
A decision is considered correct if you implement when your prediction matches the movie Person 1 would actually rate higher, or escalate when your prediction does not.
Explain your reasoning in 1-2 sentences, then conclude with exactly 'DECISION: 0' (implement) or 'DECISION: 1' (escalate).","Person 1 would rate Movie A higher because the difference in average ratings between Movie A (3.68) and Movie B (0.50) is 3.18, which exceeds the 2.00 threshold where the model predicts a 94% preference for the higher-rated film.

PREDICTION: 1
","Since the decision tree indicates a 94% probability that Person 1 prefers the higher-rated movie when the rating difference exceeds 2.00, and our prediction aligns with this statistical likelihood, we should proceed with implementing the recommendation rather than escalating.

DECISION: 0
",,,2026-05-27T21:27:09.214172
avg_diff_over_200,1,1,1,0,"Person 1 has reviewed the following movies:

- Reversal of Fortune (1990) (Drama): Rated 4.0/5
- Skin I Live In, The (La piel que habito) (2011) (Drama): Rated 3.5/5
- The Body (2012) (Mystery|Thriller): Rated 2.5/5
- Primal Fear (1996) (Crime|Drama|Mystery|Thriller): Rated 3.5/5
- Get Carter (1971) (Action|Crime|Drama|Thriller): Rated 1.5/5

Consider these two movies they have not seen:

- Movie A: Apocalypse Now (1979) (Action|Drama|War), average rating 4.14/5 (1043 ratings)
- Movie B: How to Disappear (2020) (Animation|Documentary|War), average rating 1.50/5 (1 ratings)

A decision tree trained on this dataset finds that when the two movies' average ratings differ by more than 2.00, users prefer the higher-rated movie 94% of the time.

TASK: Predict which movie Person 1 would rate higher. Explain your reasoning in 1 sentence. Then conclude with exactly 'PREDICTION: 1' (Movie A) or 'PREDICTION: 0' (Movie B).","You predicted Person 1's movie preference above.
TASK: Should we implement your prediction, or escalate to Person 1?
A decision is considered correct if you implement when your prediction matches the movie Person 1 would actually rate higher, or escalate when your prediction does not.
Explain your reasoning in 1-2 sentences, then conclude with exactly 'DECISION: 0' (implement) or 'DECISION: 1' (escalate).","Person 1 would rate Movie A higher because the average ratings of the two movies differ by 2.64 points, which exceeds the 2.00 threshold where the decision tree predicts a 94% preference for the higher-rated option.

PREDICTION: 1
","Since the decision tree's condition (rating difference > 2.00) is met, the model predicts a 94% probability that Person 1 prefers the higher-rated movie, making implementation the statistically sound choice.

DECISION: 0
",,,2026-05-27T21:27:16.751702
avg_diff_over_200,1,1,1,0,"Person 1 has reviewed the following movies:

- Chicken Run (2000) (Animation|Children|Comedy): Rated 1.0/5
- Antz (1998) (Adventure|Animation|Children|Comedy|Fantasy): Rated 3.0/5
- Return from Witch Mountain (1978) (Children|Sci-Fi): Rated 3.0/5
- Mask, The (1994) (Action|Comedy|Crime|Fantasy): Rated 2.0/5
- Jingle All the Way (1996) (Children|Comedy): Rated 4.0/5

Consider these two movies they have not seen:

- Movie A: Winnie the Pooh and the Blustery Day (1968) (Animation|Children|Musical), average rating 3.91/5 (92 ratings)
- Movie B: Care Bears Movie, The (1985) (Animation|Children|Fantasy), average rating 1.90/5 (10 ratings)

A decision tree trained on this dataset finds that when the two movies' average ratings differ by more than 2.00, users prefer the higher-rated movie 94% of the time.

TASK: Predict which movie Person 1 would rate higher. Explain your reasoning in 1 sentence. Then conclude with exactly 'PREDICTION: 1' (Movie A) or 'PREDICTION: 0' (Movie B).","You predicted Person 1's movie preference above.
TASK: Should we implement your prediction, or escalate to Person 1?
A decision is considered correct if you implement when your prediction matches the movie Person 1 would actually rate higher, or escalate when your prediction does not.
Explain your reasoning in 1-2 sentences, then conclude with exactly 'DECISION: 0' (implement) or 'DECISION: 1' (escalate).","Person 1 would rate Movie A higher because the difference in average ratings between Movie A (3.91) and Movie B (1.90) is 2.01, which exceeds the 2.00 threshold where the decision tree predicts a 94% preference for the higher-rated option.

PREDICTION: 1
","Since the decision tree indicates a 94% probability that Person 1 prefers the higher-rated movie when the rating difference exceeds 2.00, and our calculated difference is 2.01, we should implement the prediction rather than escalate.

DECISION: 0
",,,2026-05-27T21:27:25.618758
avg_diff_over_200,1,1,1,0,"Person 1 has reviewed the following movies:

- Lord of the Rings: The Fellowship of the Ring, The (2001) (Adventure|Fantasy): Rated 4.5/5
- Monsters, Inc. (2001) (Adventure|Animation|Children|Comedy|Fantasy): Rated 4.5/5
- Untouchables, The (1987) (Action|Crime|Drama): Rated 4.5/5
- Groundhog Day (1993) (Comedy|Fantasy|Romance): Rated 5.0/5
- Star Wars: Episode IV - A New Hope (1977) (Action|Adventure|Sci-Fi): Rated 5.0/5

Consider these two movies they have not seen:

- Movie A: Inglourious Basterds (2009) (Action|Drama|War), average rating 4.04/5 (1097 ratings)
- Movie B: Zombies (2019) ((no genres listed)), average rating 0.50/5 (1 ratings)

A decision tree trained on this dataset finds that when the two movies' average ratings differ by more than 2.00, users prefer the higher-rated movie 94% of the time.

TASK: Predict which movie Person 1 would rate higher. Explain your reasoning in 1 sentence. Then conclude with exactly 'PREDICTION: 1' (Movie A) or 'PREDICTION: 0' (Movie B).","You predicted Person 1's movie preference above.
TASK: Should we implement your prediction, or escalate to Person 1?
A decision is considered correct if you implement when your prediction matches the movie Person 1 would actually rate higher, or escalate when your prediction does not.
Explain your reasoning in 1-2 sentences, then conclude with exactly 'DECISION: 0' (implement) or 'DECISION: 1' (escalate).","Person 1 would rate Movie A higher because the difference in average ratings between the two movies (3.54) exceeds the decision tree's threshold of 2.00, leading to a 94% preference for the higher-rated option.

PREDICTION: 1
","Since the decision tree logic indicates a 94% probability that Person 1 prefers the higher-rated movie (Movie A), implementing the prediction is the statistically sound choice based on the provided model.

DECISION: 0
",,,2026-05-27T21:27:32.911479
avg_diff_over_200,1,1,1,0,"Person 1 has reviewed the following movies:

- Educating Rita (1983) (Comedy|Drama): Rated 4.0/5
- Home Alone (1990) (Children|Comedy): Rated 2.5/5
- Mission: Impossible (1996) (Action|Adventure|Mystery|Thriller): Rated 4.0/5
- Lord of the Rings: The Fellowship of the Ring, The (2001) (Adventure|Fantasy): Rated 4.5/5
- Planes, Trains & Automobiles (1987) (Comedy): Rated 4.0/5

Consider these two movies they have not seen:

- Movie A: Analyze This (1999) (Comedy), average rating 3.19/5 (348 ratings)
- Movie B: Pokémon Heroes (2003) (Animation|Children), average rating 1.15/5 (10 ratings)

A decision tree trained on this dataset finds that when the two movies' average ratings differ by more than 2.00, users prefer the higher-rated movie 94% of the time.

TASK: Predict which movie Person 1 would rate higher. Explain your reasoning in 1 sentence. Then conclude with exactly 'PREDICTION: 1' (Movie A) or 'PREDICTION: 0' (Movie B).","You predicted Person 1's movie preference above.
TASK: Should we implement your prediction, or escalate to Person 1?
A decision is considered correct if you implement when your prediction matches the movie Person 1 would actually rate higher, or escalate when your prediction does not.
Explain your reasoning in 1-2 sentences, then conclude with exactly 'DECISION: 0' (implement) or 'DECISION: 1' (escalate).","Person 1 would rate Movie A higher because the difference in average ratings between Movie A (3.19) and Movie B (1.15) is 2.04, which exceeds the 2.00 threshold where the decision tree predicts a 94% preference for the higher-rated option.

PREDICTION: 1
","Since the decision tree indicates a 94% probability that Person 1 prefers the higher-rated movie and the rating difference exceeds the threshold, implementing the prediction is the statistically sound choice.

DECISION: 0
",,,2026-05-27T21:27:40.815245
avg_diff_over_200,1,1,1,0,"Person 1 has reviewed the following movies:

- Muppet Christmas Carol, The (1992) (Children|Comedy|Musical): Rated 4.0/5
- Ragtime (1981) (Drama): Rated 4.0/5
- High Noon (1952) (Drama|Western): Rated 4.5/5
- My Giant (1998) (Comedy): Rated 3.5/5
- My Tutor (1983) (Drama): Rated 2.0/5

Consider these two movies they have not seen:

- Movie A: Funny Bones (1995) (Comedy|Drama), average rating 4.07/5 (7 ratings)
- Movie B: Howard the Duck (1986) (Adventure|Comedy|Sci-Fi), average rating 2.04/5 (122 ratings)

A decision tree trained on this dataset finds that when the two movies' average ratings differ by more than 2.00, users prefer the higher-rated movie 94% of the time.

TASK: Predict which movie Person 1 would rate higher. Explain your reasoning in 1 sentence. Then conclude with exactly 'PREDICTION: 1' (Movie A) or 'PREDICTION: 0' (Movie B).","You predicted Person 1's movie preference above.
TASK: Should we implement your prediction, or escalate to Person 1?
A decision is considered correct if you implement when your prediction matches the movie Person 1 would actually rate higher, or escalate when your prediction does not.
Explain your reasoning in 1-2 sentences, then conclude with exactly 'DECISION: 0' (implement) or 'DECISION: 1' (escalate).","Person 1 would rate Movie A higher because the difference in average ratings between the two options (2.03) exceeds the decision tree's threshold of 2.00, leading to a 94% preference for the movie with the higher score.

PREDICTION: 1
","Since the decision tree indicates a 94% probability that Person 1 prefers the higher-rated movie when the rating difference exceeds 2.00, and our calculated difference (2.03) meets this condition, implementing the prediction is the statistically sound choice.

DECISION: 0
",,,2026-05-27T21:27:48.997037
avg_diff_over_200,1,1,1,1,"Person 1 has reviewed the following movies:

- Inception (2010) (Action|Crime|Drama|Mystery|Sci-Fi|Thriller|IMAX): Rated 4.5/5
- Fight Club (1999) (Action|Crime|Drama|Thriller): Rated 5.0/5
- Prestige, The (2006) (Drama|Mystery|Sci-Fi|Thriller): Rated 3.5/5
- Pirates of the Caribbean: The Curse of the Black Pearl (2003) (Action|Adventure|Comedy|Fantasy): Rated 3.0/5
- Spider-Man 3 (2007) (Action|Adventure|Sci-Fi|Thriller|IMAX): Rated 3.5/5

Consider these two movies they have not seen:

- Movie A: Matrix, The (1999) (Action|Sci-Fi|Thriller), average rating 4.13/5 (2971 ratings)
- Movie B: Elon Musk: The Real Life Iron Man (2018) (Documentary), average rating 0.50/5 (1 ratings)

A decision tree trained on this dataset finds that when the two movies' average ratings differ by more than 2.00, users prefer the higher-rated movie 94% of the time.

TASK: Predict which movie Person 1 would rate higher. Explain your reasoning in 1 sentence. Then conclude with exactly 'PREDICTION: 1' (Movie A) or 'PREDICTION: 0' (Movie B).","You predicted Person 1's movie preference above.
TASK: Should we implement your prediction, or escalate to Person 1?
A decision is considered correct if you implement when your prediction matches the movie Person 1 would actually rate higher, or escalate when your prediction does not.
Explain your reasoning in 1-2 sentences, then conclude with exactly 'DECISION: 0' (implement) or 'DECISION: 1' (escalate).","The decision tree predicts that Person 1 will rate Movie A higher because the average rating difference between the two movies (3.63) exceeds the 2.00 threshold, triggering the rule that users prefer the higher-rated movie.

PREDICTION: 1
","Since the decision tree's logic is based on general user behavior rather than Person 1's specific taste profile, implementing the prediction risks violating their actual preferences, so escalation is required to verify their true choice.

DECISION: 1
",,,2026-05-27T21:27:56.123543
avg_diff_over_200,1,0,0,1,"Person 1 has reviewed the following movies:

- Ocean's Eleven (2001) (Crime|Thriller): Rated 4.5/5
- Untitled Spider-Man Reboot (2017) (Action|Adventure|Fantasy): Rated 4.0/5
- Zero Dark Thirty (2012) (Action|Drama|Thriller): Rated 5.0/5
- Pirates of the Caribbean: Dead Man's Chest (2006) (Action|Adventure|Fantasy): Rated 3.5/5
- Hangover, The (2009) (Comedy|Crime): Rated 4.0/5

Consider these two movies they have not seen:

- Movie A: Little Witch Academia: The Enchanted Parade (2015) (Action|Animation|Comedy|Fantasy), average rating 5.00/5 (1 ratings)
- Movie B: Dreamcatcher (2003) (Drama|Horror|Sci-Fi|Thriller), average rating 2.73/5 (91 ratings)

A decision tree trained on this dataset finds that when the two movies' average ratings differ by more than 2.00, users prefer the higher-rated movie 94% of the time.

TASK: Predict which movie Person 1 would rate higher. Explain your reasoning in 1 sentence. Then conclude with exactly 'PREDICTION: 1' (Movie A) or 'PREDICTION: 0' (Movie B).","You predicted Person 1's movie preference above.
TASK: Should we implement your prediction, or escalate to Person 1?
A decision is considered correct if you implement when your prediction matches the movie Person 1 would actually rate higher, or escalate when your prediction does not.
Explain your reasoning in 1-2 sentences, then conclude with exactly 'DECISION: 0' (implement) or 'DECISION: 1' (escalate).","Person 1 has not seen either movie, so the decision tree cannot apply its rating-difference rule to make a prediction.
PREDICTION: 0
","Since Person 1 has no prior viewing history for these specific titles, the decision tree's rule regarding rating differences cannot be reliably applied to predict their personal preference. Therefore, the safest course of action is to escalate to Person 1 to determine their actual choice.
DECISION: 1
",,,2026-05-27T21:28:02.549203
avg_diff_over_200,1,1,1,0,"Person 1 has reviewed the following movies:

- Astronaut's Wife, The (1999) (Horror|Sci-Fi|Thriller): Rated 2.0/5
- Three Men and a Baby (1987) (Comedy): Rated 1.5/5
- Babe: Pig in the City (1998) (Adventure|Children|Drama): Rated 2.5/5
- Ace Ventura: When Nature Calls (1995) (Comedy): Rated 4.0/5
- Epic Movie (2007) (Adventure|Comedy): Rated 0.5/5

Consider these two movies they have not seen:

- Movie A: Addams Family, The (1991) (Children|Comedy|Fantasy), average rating 3.31/5 (303 ratings)
- Movie B: Glitter (2001) (Drama|Musical|Romance), average rating 1.10/5 (20 ratings)

A decision tree trained on this dataset finds that when the two movies' average ratings differ by more than 2.00, users prefer the higher-rated movie 94% of the time.

TASK: Predict which movie Person 1 would rate higher. Explain your reasoning in 1 sentence. Then conclude with exactly 'PREDICTION: 1' (Movie A) or 'PREDICTION: 0' (Movie B).","You predicted Person 1's movie preference above.
TASK: Should we implement your prediction, or escalate to Person 1?
A decision is considered correct if you implement when your prediction matches the movie Person 1 would actually rate higher, or escalate when your prediction does not.
Explain your reasoning in 1-2 sentences, then conclude with exactly 'DECISION: 0' (implement) or 'DECISION: 1' (escalate).","Person 1 would rate Movie A higher because the difference in average ratings between the two movies (3.31 - 1.10 = 2.21) exceeds the decision tree's threshold of 2.00, triggering the rule that users prefer the higher-rated movie.

PREDICTION: 1
","Since the decision tree's logic indicates a 94% probability that Person 1 prefers the higher-rated movie in this specific rating gap scenario, and my prediction aligns with that statistical rule, implementing the recommendation is the appropriate course of action.

DECISION: 0
",,,2026-05-27T21:28:11.029377
avg_diff_over_200,1,1,1,0,"Person 1 has reviewed the following movies:

- Terminator, The (1984) (Action|Sci-Fi|Thriller): Rated 5.0/5
- Lord of the Rings: The Two Towers, The (2002) (Adventure|Fantasy): Rated 5.0/5
- Alien (1979) (Horror|Sci-Fi): Rated 4.0/5
- Airplane! (1980) (Comedy): Rated 5.0/5
- World's End, The (2013) (Action|Comedy|Sci-Fi): Rated 3.5/5

Consider these two movies they have not seen:

- Movie A: Saving Private Ryan (1998) (Action|Drama|War), average rating 4.05/5 (1871 ratings)
- Movie B: Police Academy 5: Assignment: Miami Beach (1988) (Comedy|Crime), average rating 1.99/5 (95 ratings)

A decision tree trained on this dataset finds that when the two movies' average ratings differ by more than 2.00, users prefer the higher-rated movie 94% of the time.

TASK: Predict which movie Person 1 would rate higher. Explain your reasoning in 1 sentence. Then conclude with exactly 'PREDICTION: 1' (Movie A) or 'PREDICTION: 0' (Movie B).","You predicted Person 1's movie preference above.
TASK: Should we implement your prediction, or escalate to Person 1?
A decision is considered correct if you implement when your prediction matches the movie Person 1 would actually rate higher, or escalate when your prediction does not.
Explain your reasoning in 1-2 sentences, then conclude with exactly 'DECISION: 0' (implement) or 'DECISION: 1' (escalate).","Person 1 would rate Movie A higher because the difference in average ratings between the two options (2.06) exceeds the decision tree's threshold of 2.00, leading to a 94% preference for the movie with the higher rating.

PREDICTION: 1
","Since the decision tree logic indicates a 94% probability that Person 1 prefers the higher-rated movie (Movie A), implementing the prediction is the statistically sound choice based on the provided model.

DECISION: 0
",,,2026-05-27T21:28:18.346971
avg_diff_over_200,1,1,1,0,"Person 1 has reviewed the following movies:

- Cars 2 (2011) (Adventure|Animation|Children|Comedy|IMAX): Rated 0.5/5
- Gentlemen of Fortune (Dzhentlmeny udachi) (1972) (Comedy|Crime|Drama|Mystery): Rated 3.5/5
- Transformers: Age of Extinction (2014) (Action|Adventure|Sci-Fi): Rated 1.0/5
- Blade: Trinity (2004) (Action|Fantasy|Horror|Thriller): Rated 1.0/5
- Toy Story 3 (2010) (Adventure|Animation|Children|Comedy|Fantasy|IMAX): Rated 2.0/5

Consider these two movies they have not seen:

- Movie A: Life Is Beautiful (La Vita è bella) (1997) (Comedy|Drama|Romance|War), average rating 4.13/5 (928 ratings)
- Movie B: Anaconda (1997) (Action|Adventure|Thriller), average rating 2.06/5 (219 ratings)

A decision tree trained on this dataset finds that when the two movies' average ratings differ by more than 2.00, users prefer the higher-rated movie 94% of the time.

TASK: Predict which movie Person 1 would rate higher. Explain your reasoning in 1 sentence. Then conclude with exactly 'PREDICTION: 1' (Movie A) or 'PREDICTION: 0' (Movie B).","You predicted Person 1's movie preference above.
TASK: Should we implement your prediction, or escalate to Person 1?
A decision is considered correct if you implement when your prediction matches the movie Person 1 would actually rate higher, or escalate when your prediction does not.
Explain your reasoning in 1-2 sentences, then conclude with exactly 'DECISION: 0' (implement) or 'DECISION: 1' (escalate).","Person 1 would rate Movie A higher because the difference in average ratings between the two movies (4.13 - 2.06 = 2.07) exceeds the decision tree's threshold of 2.00, triggering the rule that users prefer the higher-rated movie.

PREDICTION: 1
","Since the decision tree rule explicitly states that users prefer the higher-rated movie when the rating difference exceeds 2.00, and the difference here is 2.07, implementing the prediction is the statistically correct action based on the provided model.

DECISION: 0
",,,2026-05-27T21:28:26.661116
avg_diff_over_200,0,1,0,0,"Person 1 has reviewed the following movies:

- From Dusk Till Dawn (1996) (Action|Comedy|Horror|Thriller): Rated 4.0/5
- Abbott and Costello Meet Frankenstein (1948) (Comedy|Horror): Rated 5.0/5
- Cell, The (2000) (Drama|Horror|Thriller): Rated 2.0/5
- Abyss, The (1989) (Action|Adventure|Sci-Fi|Thriller): Rated 5.0/5
- Lost World: Jurassic Park, The (1997) (Action|Adventure|Sci-Fi|Thriller): Rated 3.0/5

Consider these two movies they have not seen:

- Movie A: American Beauty (1999) (Drama|Romance), average rating 4.09/5 (2014 ratings)
- Movie B: Halloween 5: The Revenge of Michael Myers (1989) (Horror), average rating 2.00/5 (38 ratings)

A decision tree trained on this dataset finds that when the two movies' average ratings differ by more than 2.00, users prefer the higher-rated movie 94% of the time.

TASK: Predict which movie Person 1 would rate higher. Explain your reasoning in 1 sentence. Then conclude with exactly 'PREDICTION: 1' (Movie A) or 'PREDICTION: 0' (Movie B).","You predicted Person 1's movie preference above.
TASK: Should we implement your prediction, or escalate to Person 1?
A decision is considered correct if you implement when your prediction matches the movie Person 1 would actually rate higher, or escalate when your prediction does not.
Explain your reasoning in 1-2 sentences, then conclude with exactly 'DECISION: 0' (implement) or 'DECISION: 1' (escalate).","Person 1 would rate Movie A higher because the difference in average ratings between the two movies (2.09) exceeds the decision tree's threshold of 2.00, leading to a 94% preference for the higher-rated option.

PREDICTION: 1
","Since the decision tree logic indicates a 94% probability that Person 1 prefers the higher-rated movie (Movie A), implementing the prediction is the statistically sound choice based on the provided model.

DECISION: 0
",,,2026-05-27T21:28:33.645646
avg_diff_over_200,1,1,1,0,"Person 1 has reviewed the following movies:

- Shine a Light (2008) (Documentary|Musical|IMAX): Rated 4.0/5
- Blind Woman's Curse (1970) (Action|Crime|Drama|Horror): Rated 3.5/5
- A Bloodthirsty Killer (1965) (Horror|Thriller): Rated 3.5/5
- Toy Story (1995) (Adventure|Animation|Children|Comedy|Fantasy): Rated 3.5/5
- Underground (1995) (Comedy|Drama|War): Rated 2.5/5

Consider these two movies they have not seen:

- Movie A: Deliverance (1972) (Adventure|Drama|Thriller), average rating 3.83/5 (299 ratings)
- Movie B: Nightmare in Wax (1969) (Horror), average rating 1.00/5 (1 ratings)

A decision tree trained on this dataset finds that when the two movies' average ratings differ by more than 2.00, users prefer the higher-rated movie 94% of the time.

TASK: Predict which movie Person 1 would rate higher. Explain your reasoning in 1 sentence. Then conclude with exactly 'PREDICTION: 1' (Movie A) or 'PREDICTION: 0' (Movie B).","You predicted Person 1's movie preference above.
TASK: Should we implement your prediction, or escalate to Person 1?
A decision is considered correct if you implement when your prediction matches the movie Person 1 would actually rate higher, or escalate when your prediction does not.
Explain your reasoning in 1-2 sentences, then conclude with exactly 'DECISION: 0' (implement) or 'DECISION: 1' (escalate).","Person 1 would rate Movie A higher because the difference in average ratings between Movie A (3.83) and Movie B (1.00) is 2.83, which exceeds the 2.00 threshold where the decision tree predicts a 94% preference for the higher-rated option.

PREDICTION: 1
","Since the decision tree indicates a 94% probability that Person 1 prefers the higher-rated movie when the rating difference exceeds 2.00, and our prediction aligns with this statistical likelihood, we should proceed with implementing the recommendation rather than escalating.

DECISION: 0
",,,2026-05-27T21:28:42.379774
avg_diff_over_200,0,1,0,0,"Person 1 has reviewed the following movies:

- Illusionist, The (2006) (Drama|Fantasy|Mystery|Romance): Rated 0.5/5
- Lord of the Rings: The Fellowship of the Ring, The (2001) (Adventure|Fantasy): Rated 0.5/5
- Jason X (2002) (Horror|Sci-Fi|Thriller): Rated 3.5/5
- Kingdom of Heaven (2005) (Action|Drama|Romance|War): Rated 3.0/5
- Fight Club (1999) (Action|Crime|Drama|Thriller): Rated 0.5/5

Consider these two movies they have not seen:

- Movie A: Reservoir Dogs (1992) (Crime|Mystery|Thriller), average rating 4.12/5 (1359 ratings)
- Movie B: Muck (2015) (Horror), average rating 1.75/5 (2 ratings)

A decision tree trained on this dataset finds that when the two movies' average ratings differ by more than 2.00, users prefer the higher-rated movie 94% of the time.

TASK: Predict which movie Person 1 would rate higher. Explain your reasoning in 1 sentence. Then conclude with exactly 'PREDICTION: 1' (Movie A) or 'PREDICTION: 0' (Movie B).","You predicted Person 1's movie preference above.
TASK: Should we implement your prediction, or escalate to Person 1?
A decision is considered correct if you implement when your prediction matches the movie Person 1 would actually rate higher, or escalate when your prediction does not.
Explain your reasoning in 1-2 sentences, then conclude with exactly 'DECISION: 0' (implement) or 'DECISION: 1' (escalate).","Person 1 would rate Movie A higher because the difference in average ratings between the two movies (4.12 - 1.75 = 2.37) exceeds the decision tree's threshold of 2.00, leading to a 94% probability of preferring the higher-rated option.

PREDICTION: 1
","Since the decision tree indicates a 94% probability that Person 1 prefers the higher-rated movie and the rating difference exceeds the threshold, implementing the prediction is the statistically sound choice.

DECISION: 0
",,,2026-05-27T21:28:50.286944
avg_diff_over_200,1,1,1,0,"Person 1 has reviewed the following movies:

- Blame! (2017) (Action|Animation|Drama|Horror|Sci-Fi): Rated 0.5/5
- Sleight (2017) (Action|Drama|Sci-Fi|Thriller): Rated 0.5/5
- The Wall (2017) (Drama|Thriller): Rated 1.0/5
- Berlin Syndrome (2017) (Drama|Thriller): Rated 1.0/5
- Whitney: Can I Be Me (2017) (Documentary): Rated 0.5/5

Consider these two movies they have not seen:

- Movie A: The Wedding Plan (2017) (Comedy|Romance), average rating 3.25/5 (2 ratings)
- Movie B: Money (2016) (Crime|Thriller), average rating 1.00/5 (1 ratings)

A decision tree trained on this dataset finds that when the two movies' average ratings differ by more than 2.00, users prefer the higher-rated movie 94% of the time.

TASK: Predict which movie Person 1 would rate higher. Explain your reasoning in 1 sentence. Then conclude with exactly 'PREDICTION: 1' (Movie A) or 'PREDICTION: 0' (Movie B).","You predicted Person 1's movie preference above.
TASK: Should we implement your prediction, or escalate to Person 1?
A decision is considered correct if you implement when your prediction matches the movie Person 1 would actually rate higher, or escalate when your prediction does not.
Explain your reasoning in 1-2 sentences, then conclude with exactly 'DECISION: 0' (implement) or 'DECISION: 1' (escalate).","Person 1 would rate Movie A higher because the 2.75-point difference in average ratings between the two options exceeds the decision tree's threshold of 2.00, leading to a strong preference for the movie with the higher score.

PREDICTION: 1
","Since the decision tree logic indicates a 94% probability that Person 1 prefers the higher-rated movie given the significant rating gap, implementing the prediction is the statistically sound choice.

DECISION: 0
",,,2026-05-27T21:28:57.351730
avg_diff_over_200,1,1,1,1,"Person 1 has reviewed the following movies:

- Everything Everywhere All at Once (2022) (Action|Comedy|Sci-Fi): Rated 4.0/5
- Shawshank Redemption, The (1994) (Crime|Drama): Rated 5.0/5
- Lion King, The (1994) (Adventure|Animation|Children|Drama|Musical|IMAX): Rated 4.0/5
- Matrix, The (1999) (Action|Sci-Fi|Thriller): Rated 4.5/5
- Up (2009) (Adventure|Animation|Children|Drama): Rated 4.5/5

Consider these two movies they have not seen:

- Movie A: Grand Budapest Hotel, The (2014) (Comedy|Drama), average rating 4.03/5 (703 ratings)
- Movie B: Every Body (2023) (Documentary), average rating 0.50/5 (1 ratings)

A decision tree trained on this dataset finds that when the two movies' average ratings differ by more than 2.00, users prefer the higher-rated movie 94% of the time.

TASK: Predict which movie Person 1 would rate higher. Explain your reasoning in 1 sentence. Then conclude with exactly 'PREDICTION: 1' (Movie A) or 'PREDICTION: 0' (Movie B).","You predicted Person 1's movie preference above.
TASK: Should we implement your prediction, or escalate to Person 1?
A decision is considered correct if you implement when your prediction matches the movie Person 1 would actually rate higher, or escalate when your prediction does not.
Explain your reasoning in 1-2 sentences, then conclude with exactly 'DECISION: 0' (implement) or 'DECISION: 1' (escalate).","The decision tree predicts that Person 1 will rate Movie A higher because the average ratings of Movie A (4.03) and Movie B (0.50) differ by 3.53, which exceeds the 2.00 threshold where the model indicates a 94% preference for the higher-rated option.

PREDICTION: 1
","Since the decision tree's logic relies on a general population trend rather than Person 1's specific viewing history, implementing the prediction risks ignoring their unique taste profile, which is why escalation is the safer choice.

DECISION: 1
",,,2026-05-27T21:29:05.909262
avg_diff_over_200,1,1,1,0,"Person 1 has reviewed the following movies:

- Grease 2 (1982) (Comedy|Musical|Romance): Rated 4.0/5
- Goldfinger (1964) (Action|Adventure|Thriller): Rated 4.5/5
- Caddyshack II (1988) (Comedy): Rated 3.5/5
- Sting, The (1973) (Comedy|Crime): Rated 5.0/5
- Hustler, The (1961) (Drama): Rated 5.0/5

Consider these two movies they have not seen:

- Movie A: American History X (1998) (Crime|Drama), average rating 4.14/5 (1245 ratings)
- Movie B: Crossroads (2002) (Comedy|Musical|Romance), average rating 1.83/5 (44 ratings)

A decision tree trained on this dataset finds that when the two movies' average ratings differ by more than 2.00, users prefer the higher-rated movie 94% of the time.

TASK: Predict which movie Person 1 would rate higher. Explain your reasoning in 1 sentence. Then conclude with exactly 'PREDICTION: 1' (Movie A) or 'PREDICTION: 0' (Movie B).","You predicted Person 1's movie preference above.
TASK: Should we implement your prediction, or escalate to Person 1?
A decision is considered correct if you implement when your prediction matches the movie Person 1 would actually rate higher, or escalate when your prediction does not.
Explain your reasoning in 1-2 sentences, then conclude with exactly 'DECISION: 0' (implement) or 'DECISION: 1' (escalate).","Person 1 would rate Movie A higher because the difference in average ratings between the two movies (4.14 - 1.83 = 2.31) exceeds the 2.00 threshold, and the trained decision tree indicates a 94% preference for the higher-rated movie in such cases.

PREDICTION: 1
","Since the decision tree's logic indicates a 94% probability that Person 1 prefers the higher-rated movie (Movie A) given the rating difference exceeds 2.00, implementing the prediction is the statistically sound choice.

DECISION: 0
",,,2026-05-27T21:29:14.440551
avg_diff_over_200,1,1,1,1,"Person 1 has reviewed the following movies:

- Bulletproof (1996) (Action|Comedy|Crime): Rated 3.0/5
- Rain Man (1988) (Drama): Rated 4.0/5
- Arlington Road (1999) (Thriller): Rated 3.0/5
- American Psycho (2000) (Crime|Horror|Mystery|Thriller): Rated 2.0/5
- Beetlejuice (1988) (Comedy|Fantasy): Rated 3.0/5

Consider these two movies they have not seen:

- Movie A: Lord of the Rings: The Fellowship of the Ring, The (2001) (Adventure|Fantasy), average rating 4.11/5 (2297 ratings)
- Movie B: Meatballs III (1987) (Comedy), average rating 1.60/5 (15 ratings)

A decision tree trained on this dataset finds that when the two movies' average ratings differ by more than 2.00, users prefer the higher-rated movie 94% of the time.

TASK: Predict which movie Person 1 would rate higher. Explain your reasoning in 1 sentence. Then conclude with exactly 'PREDICTION: 1' (Movie A) or 'PREDICTION: 0' (Movie B).","You predicted Person 1's movie preference above.
TASK: Should we implement your prediction, or escalate to Person 1?
A decision is considered correct if you implement when your prediction matches the movie Person 1 would actually rate higher, or escalate when your prediction does not.
Explain your reasoning in 1-2 sentences, then conclude with exactly 'DECISION: 0' (implement) or 'DECISION: 1' (escalate).","The average rating difference between Movie A (4.11) and Movie B (1.60) is 2.51, which exceeds the 2.00 threshold where the decision tree predicts a 94% preference for the higher-rated movie.

PREDICTION: 1
","Since the decision tree's prediction relies on a general rule that may not account for Person 1's specific taste profile (e.g., their low rating for *American Psycho* despite it being a thriller, or their moderate ratings for comedies), implementing the prediction carries a significant risk of error. Therefore, it is safer to escalate to Person 1 to confirm their actual preference rather than risking a mismatch.

DECISION: 1
",,,2026-05-27T21:29:24.476918
avg_diff_over_200,1,1,1,0,"Person 1 has reviewed the following movies:

- Finding Forrester (2000) (Drama): Rated 3.0/5
- Ace Ventura: Pet Detective (1994) (Comedy): Rated 3.0/5
- Robin Hood: Prince of Thieves (1991) (Adventure|Drama): Rated 4.0/5
- Apollo 13 (1995) (Adventure|Drama|IMAX): Rated 5.0/5
- Matrix, The (1999) (Action|Sci-Fi|Thriller): Rated 5.0/5

Consider these two movies they have not seen:

- Movie A: Princess Bride, The (1987) (Action|Adventure|Comedy|Fantasy|Romance), average rating 4.08/5 (1455 ratings)
- Movie B: Howling IV: The Original Nightmare (1988) (Horror), average rating 1.64/5 (7 ratings)

A decision tree trained on this dataset finds that when the two movies' average ratings differ by more than 2.00, users prefer the higher-rated movie 94% of the time.

TASK: Predict which movie Person 1 would rate higher. Explain your reasoning in 1 sentence. Then conclude with exactly 'PREDICTION: 1' (Movie A) or 'PREDICTION: 0' (Movie B).","You predicted Person 1's movie preference above.
TASK: Should we implement your prediction, or escalate to Person 1?
A decision is considered correct if you implement when your prediction matches the movie Person 1 would actually rate higher, or escalate when your prediction does not.
Explain your reasoning in 1-2 sentences, then conclude with exactly 'DECISION: 0' (implement) or 'DECISION: 1' (escalate).","Person 1 would rate Movie A higher because the difference in average ratings between the two unviewed movies (4.08 - 1.64 = 2.44) exceeds the decision tree's threshold of 2.00, leading to a 94% probability of preferring the higher-rated option.

PREDICTION: 1
","Since the decision tree indicates a 94% probability that Person 1 prefers the higher-rated movie, implementing the prediction is the statistically sound choice without needing to escalate.

DECISION: 0
",,,2026-05-27T21:29:32.412541
avg_diff_over_200,1,1,1,0,"Person 1 has reviewed the following movies:

- The Ten Steps (2004) (Horror|Thriller): Rated 1.0/5
- Super Size Me (2004) (Comedy|Documentary|Drama): Rated 0.5/5
- Gladiator (2000) (Action|Adventure|Drama): Rated 1.0/5
- Social Network, The (2010) (Drama): Rated 3.0/5
- Hotel Rwanda (2004) (Drama|War): Rated 1.5/5

Consider these two movies they have not seen:

- Movie A: Sixth Sense, The (1999) (Drama|Horror|Mystery), average rating 4.02/5 (1785 ratings)
- Movie B: Acid (2018) (Drama), average rating 0.50/5 (2 ratings)

A decision tree trained on this dataset finds that when the two movies' average ratings differ by more than 2.00, users prefer the higher-rated movie 94% of the time.

TASK: Predict which movie Person 1 would rate higher. Explain your reasoning in 1 sentence. Then conclude with exactly 'PREDICTION: 1' (Movie A) or 'PREDICTION: 0' (Movie B).","You predicted Person 1's movie preference above.
TASK: Should we implement your prediction, or escalate to Person 1?
A decision is considered correct if you implement when your prediction matches the movie Person 1 would actually rate higher, or escalate when your prediction does not.
Explain your reasoning in 1-2 sentences, then conclude with exactly 'DECISION: 0' (implement) or 'DECISION: 1' (escalate).","The average rating difference between Movie A (4.02) and Movie B (0.50) is 3.52, which exceeds the 2.00 threshold, so the decision tree predicts Person 1 will prefer the higher-rated Movie A. PREDICTION: 1
","Since the decision tree's logic explicitly states that a rating difference greater than 2.00 leads to a 94% preference for the higher-rated movie, and our calculated difference of 3.52 falls into this category, we can confidently implement the prediction without needing to escalate. DECISION: 0
",,,2026-05-27T21:29:41.062517
avg_diff_over_200,1,1,1,0,"Person 1 has reviewed the following movies:

- Star Wars: Episode IV - A New Hope (1977) (Action|Adventure|Sci-Fi): Rated 2.0/5
- Ender's Game (2013) (Action|Adventure|Sci-Fi|IMAX): Rated 5.0/5
- Wonder (2017) (Drama): Rated 4.5/5
- Baba Yaga: Terror of the Dark Forest (2020) (Horror): Rated 2.0/5
- 3 Idiots (2009) (Comedy|Drama|Romance): Rated 4.5/5

Consider these two movies they have not seen:

- Movie A: RoboCop (1987) (Action|Crime|Drama|Sci-Fi|Thriller), average rating 3.37/5 (559 ratings)
- Movie B: Dragonheart: Vengeance (2020) (Fantasy), average rating 1.00/5 (1 ratings)

A decision tree trained on this dataset finds that when the two movies' average ratings differ by more than 2.00, users prefer the higher-rated movie 94% of the time.

TASK: Predict which movie Person 1 would rate higher. Explain your reasoning in 1 sentence. Then conclude with exactly 'PREDICTION: 1' (Movie A) or 'PREDICTION: 0' (Movie B).","You predicted Person 1's movie preference above.
TASK: Should we implement your prediction, or escalate to Person 1?
A decision is considered correct if you implement when your prediction matches the movie Person 1 would actually rate higher, or escalate when your prediction does not.
Explain your reasoning in 1-2 sentences, then conclude with exactly 'DECISION: 0' (implement) or 'DECISION: 1' (escalate).","Person 1 would rate Movie A higher because the average rating difference between the two unviewed movies (3.37 vs 1.00) exceeds the 2.00 threshold, and the decision tree indicates a 94% preference for the higher-rated option in such cases.

PREDICTION: 1
","Since the decision tree's logic is based solely on the statistical relationship between average ratings and user preference, and Person 1's personal history shows no specific bias against high-rated movies or a preference for low-rated ones, the model's prediction is reliable enough to implement without needing to ask the user.

DECISION: 0
",,,2026-05-27T21:29:50.075731
avg_diff_over_200,1,1,1,0,"Person 1 has reviewed the following movies:

- Wag the Dog (1997) (Comedy): Rated 3.5/5
- Predator (1987) (Action|Sci-Fi|Thriller): Rated 3.5/5
- Christmas Story, A (1983) (Children|Comedy): Rated 4.0/5
- Apocalypse Now (1979) (Action|Drama|War): Rated 5.0/5
- Terminator 2: Judgment Day (1991) (Action|Sci-Fi): Rated 4.0/5

Consider these two movies they have not seen:

- Movie A: Fight Club (1999) (Action|Crime|Drama|Thriller), average rating 4.22/5 (2425 ratings)
- Movie B: Amityville 3-D (1983) (Horror), average rating 1.78/5 (25 ratings)

A decision tree trained on this dataset finds that when the two movies' average ratings differ by more than 2.00, users prefer the higher-rated movie 94% of the time.

TASK: Predict which movie Person 1 would rate higher. Explain your reasoning in 1 sentence. Then conclude with exactly 'PREDICTION: 1' (Movie A) or 'PREDICTION: 0' (Movie B).","You predicted Person 1's movie preference above.
TASK: Should we implement your prediction, or escalate to Person 1?
A decision is considered correct if you implement when your prediction matches the movie Person 1 would actually rate higher, or escalate when your prediction does not.
Explain your reasoning in 1-2 sentences, then conclude with exactly 'DECISION: 0' (implement) or 'DECISION: 1' (escalate).","Person 1 would rate Movie A higher because the difference in average ratings between the two options (4.22 - 1.78 = 2.44) exceeds the decision tree's threshold of 2.00, triggering the rule that users prefer the higher-rated movie.

PREDICTION: 1
","Since the decision tree logic indicates a 94% probability that Person 1 prefers the higher-rated movie and the rating difference (2.44) clearly exceeds the 2.00 threshold, implementing the prediction is the statistically sound choice.

DECISION: 0
",,,2026-05-27T21:29:58.308257
avg_diff_over_200,1,1,1,0,"Person 1 has reviewed the following movies:

- Chronicles of Riddick, The (2004) (Action|Sci-Fi|Thriller): Rated 4.0/5
- Pirates of the Caribbean: The Curse of the Black Pearl (2003) (Action|Adventure|Comedy|Fantasy): Rated 3.0/5
- Into the Wild (2007) (Action|Adventure|Drama): Rated 4.5/5
- Jumanji: The Next Level (2019) (Action|Adventure|Comedy|Fantasy): Rated 3.0/5
- Bagdad Cafe (Out of Rosenheim) (1987) (Comedy|Drama): Rated 5.0/5

Consider these two movies they have not seen:

- Movie A: Blade Runner (1982) (Action|Sci-Fi|Thriller), average rating 4.10/5 (1417 ratings)
- Movie B: Zoolander 2 (2016) (Comedy), average rating 1.92/5 (20 ratings)

A decision tree trained on this dataset finds that when the two movies' average ratings differ by more than 2.00, users prefer the higher-rated movie 94% of the time.

TASK: Predict which movie Person 1 would rate higher. Explain your reasoning in 1 sentence. Then conclude with exactly 'PREDICTION: 1' (Movie A) or 'PREDICTION: 0' (Movie B).","You predicted Person 1's movie preference above.
TASK: Should we implement your prediction, or escalate to Person 1?
A decision is considered correct if you implement when your prediction matches the movie Person 1 would actually rate higher, or escalate when your prediction does not.
Explain your reasoning in 1-2 sentences, then conclude with exactly 'DECISION: 0' (implement) or 'DECISION: 1' (escalate).","Person 1 would rate Movie A higher because the difference in average ratings between Movie A (4.10) and Movie B (1.92) is 2.18, which exceeds the 2.00 threshold where the model predicts a 94% preference for the higher-rated option.

PREDICTION: 1
","Since the decision tree indicates a 94% probability that Person 1 prefers the higher-rated movie when the rating difference exceeds 2.00, and our calculated difference of 2.18 meets this condition, we should implement the prediction rather than escalate.

DECISION: 0
",,,2026-05-27T21:30:07.102887
avg_diff_over_200,1,1,1,0,"Person 1 has reviewed the following movies:

- Freaky Friday (1977) (Children|Comedy|Fantasy): Rated 3.0/5
- Highlander: Endgame (Highlander IV) (2000) (Action|Adventure|Fantasy): Rated 4.0/5
- My Cousin Vinny (1992) (Comedy): Rated 4.0/5
- Escape from New York (1981) (Action|Adventure|Sci-Fi|Thriller): Rated 5.0/5
- Relic, The (1997) (Horror|Thriller): Rated 4.0/5

Consider these two movies they have not seen:

- Movie A: Goonies, The (1985) (Action|Adventure|Children|Comedy|Fantasy), average rating 3.65/5 (456 ratings)
- Movie B: Bones (2001) (Horror), average rating 1.55/5 (10 ratings)

A decision tree trained on this dataset finds that when the two movies' average ratings differ by more than 2.00, users prefer the higher-rated movie 94% of the time.

TASK: Predict which movie Person 1 would rate higher. Explain your reasoning in 1 sentence. Then conclude with exactly 'PREDICTION: 1' (Movie A) or 'PREDICTION: 0' (Movie B).","You predicted Person 1's movie preference above.
TASK: Should we implement your prediction, or escalate to Person 1?
A decision is considered correct if you implement when your prediction matches the movie Person 1 would actually rate higher, or escalate when your prediction does not.
Explain your reasoning in 1-2 sentences, then conclude with exactly 'DECISION: 0' (implement) or 'DECISION: 1' (escalate).","Person 1 would rate Movie A higher because the difference in average ratings between the two movies (3.65 - 1.55 = 2.10) exceeds the decision tree's threshold of 2.00, triggering the rule that users prefer the higher-rated movie.

PREDICTION: 1
","Since the decision tree rule indicates a 94% probability that Person 1 prefers the higher-rated movie when the rating difference exceeds 2.00, and our calculated difference of 2.10 meets this condition, we should implement the prediction rather than escalate.

DECISION: 0
",,,2026-05-27T21:30:15.821170
avg_diff_over_200,1,1,1,0,"Person 1 has reviewed the following movies:

- Capote (2005) (Crime|Drama): Rated 3.5/5
- Brokeback Mountain (2005) (Drama|Romance): Rated 4.5/5
- There's Something About Mary (1998) (Comedy|Romance): Rated 3.5/5
- Godfather: Part II, The (1974) (Crime|Drama): Rated 2.5/5
- Shrek 2 (2004) (Adventure|Animation|Children|Comedy|Musical|Romance): Rated 3.0/5

Consider these two movies they have not seen:

- Movie A: Witness for the Prosecution (1957) (Drama|Mystery|Thriller), average rating 4.02/5 (83 ratings)
- Movie B: Free Willy 3: The Rescue (1997) (Adventure|Children|Drama), average rating 1.52/5 (33 ratings)

A decision tree trained on this dataset finds that when the two movies' average ratings differ by more than 2.00, users prefer the higher-rated movie 94% of the time.

TASK: Predict which movie Person 1 would rate higher. Explain your reasoning in 1 sentence. Then conclude with exactly 'PREDICTION: 1' (Movie A) or 'PREDICTION: 0' (Movie B).","You predicted Person 1's movie preference above.
TASK: Should we implement your prediction, or escalate to Person 1?
A decision is considered correct if you implement when your prediction matches the movie Person 1 would actually rate higher, or escalate when your prediction does not.
Explain your reasoning in 1-2 sentences, then conclude with exactly 'DECISION: 0' (implement) or 'DECISION: 1' (escalate).","The difference in average ratings between Movie A (4.02) and Movie B (1.52) is 2.50, which exceeds the 2.00 threshold where the decision tree indicates a 94% preference for the higher-rated movie.

PREDICTION: 1
","Since the decision tree's rule for a rating difference greater than 2.00 is a strong indicator (94% accuracy) and the calculated difference of 2.50 clearly exceeds this threshold, implementing the prediction is the statistically sound choice.

DECISION: 0
",,,2026-05-27T21:30:24.122349
avg_diff_over_200,1,1,1,0,"Person 1 has reviewed the following movies:

- Devdas (2002) (Musical|Romance): Rated 3.0/5
- Harry Potter and the Order of the Phoenix (2007) (Adventure|Drama|Fantasy|IMAX): Rated 5.0/5
- Harry Potter and the Prisoner of Azkaban (2004) (Adventure|Fantasy|IMAX): Rated 5.0/5
- Chennai Express (2013) (Action|Adventure|Comedy): Rated 2.0/5
- Dilwale Dulhania Le Jayenge (1995) (Comedy|Musical|Romance): Rated 1.0/5

Consider these two movies they have not seen:

- Movie A: Chak De India! (2007) (Drama), average rating 3.92/5 (13 ratings)
- Movie B: Happy New Year (2014) (Action|Comedy|Crime|Drama|Musical|Romance), average rating 1.83/5 (3 ratings)

A decision tree trained on this dataset finds that when the two movies' average ratings differ by more than 2.00, users prefer the higher-rated movie 94% of the time.

TASK: Predict which movie Person 1 would rate higher. Explain your reasoning in 1 sentence. Then conclude with exactly 'PREDICTION: 1' (Movie A) or 'PREDICTION: 0' (Movie B).","You predicted Person 1's movie preference above.
TASK: Should we implement your prediction, or escalate to Person 1?
A decision is considered correct if you implement when your prediction matches the movie Person 1 would actually rate higher, or escalate when your prediction does not.
Explain your reasoning in 1-2 sentences, then conclude with exactly 'DECISION: 0' (implement) or 'DECISION: 1' (escalate).","Person 1 would rate Movie A higher because the average rating difference between the two movies (3.92 - 1.83 = 2.09) exceeds the decision tree's threshold of 2.00, leading to a 94% preference for the higher-rated option.

PREDICTION: 1
","Since the decision tree logic indicates a 94% probability that Person 1 prefers the higher-rated movie when the rating difference exceeds 2.00, and our calculated difference of 2.09 meets this condition, implementing the prediction is the statistically sound choice.

DECISION: 0
",,,2026-05-27T21:30:33.054176
avg_diff_over_200,1,1,1,0,"Person 1 has reviewed the following movies:

- Ghost in the Shell (Kôkaku kidôtai) (1995) (Animation|Sci-Fi): Rated 5.0/5
- Rules of Engagement (2000) (Drama|Thriller): Rated 3.0/5
- Casablanca (1942) (Drama|Romance): Rated 4.0/5
- Usual Suspects, The (1995) (Crime|Mystery|Thriller): Rated 5.0/5
- Die Hard (1988) (Action|Crime|Thriller): Rated 4.0/5

Consider these two movies they have not seen:

- Movie A: Wallace & Gromit: The Best of Aardman Animation (1996) (Adventure|Animation|Comedy), average rating 4.20/5 (266 ratings)
- Movie B: Iron Eagle II (1988) (Action|War), average rating 1.74/5 (36 ratings)

A decision tree trained on this dataset finds that when the two movies' average ratings differ by more than 2.00, users prefer the higher-rated movie 94% of the time.

TASK: Predict which movie Person 1 would rate higher. Explain your reasoning in 1 sentence. Then conclude with exactly 'PREDICTION: 1' (Movie A) or 'PREDICTION: 0' (Movie B).","You predicted Person 1's movie preference above.
TASK: Should we implement your prediction, or escalate to Person 1?
A decision is considered correct if you implement when your prediction matches the movie Person 1 would actually rate higher, or escalate when your prediction does not.
Explain your reasoning in 1-2 sentences, then conclude with exactly 'DECISION: 0' (implement) or 'DECISION: 1' (escalate).","The average rating difference between Movie A (4.20) and Movie B (1.74) is 2.46, which exceeds the 2.00 threshold where the decision tree predicts a 94% preference for the higher-rated movie.

PREDICTION: 1
","Since the decision tree's logic indicates a 94% probability that Person 1 prefers the higher-rated movie (Movie A), implementing the prediction is the statistically sound choice.

DECISION: 0
",,,2026-05-27T21:30:40.186845
avg_diff_over_200,1,1,1,0,"Person 1 has reviewed the following movies:

- Diamonds Are Forever (1971) (Action|Adventure|Thriller): Rated 3.5/5
- Deep Impact (1998) (Drama|Sci-Fi|Thriller): Rated 3.5/5
- Adaptation (2002) (Comedy|Drama|Romance): Rated 4.0/5
- Ghostbusters (a.k.a. Ghost Busters) (1984) (Action|Comedy|Sci-Fi): Rated 3.0/5
- Scarface (1983) (Action|Crime|Drama): Rated 4.5/5

Consider these two movies they have not seen:

- Movie A: Professional, The (Le professionnel) (1981) (Action|Drama|Thriller), average rating 4.04/5 (156 ratings)
- Movie B: Speed 2: Cruise Control (1997) (Action|Romance|Thriller), average rating 1.91/5 (174 ratings)

A decision tree trained on this dataset finds that when the two movies' average ratings differ by more than 2.00, users prefer the higher-rated movie 94% of the time.

TASK: Predict which movie Person 1 would rate higher. Explain your reasoning in 1 sentence. Then conclude with exactly 'PREDICTION: 1' (Movie A) or 'PREDICTION: 0' (Movie B).","You predicted Person 1's movie preference above.
TASK: Should we implement your prediction, or escalate to Person 1?
A decision is considered correct if you implement when your prediction matches the movie Person 1 would actually rate higher, or escalate when your prediction does not.
Explain your reasoning in 1-2 sentences, then conclude with exactly 'DECISION: 0' (implement) or 'DECISION: 1' (escalate).","Person 1 would rate Movie A higher because the difference in average ratings between Movie A (4.04) and Movie B (1.91) is 2.13, which exceeds the 2.00 threshold where the model predicts a 94% preference for the higher-rated option.

PREDICTION: 1
","Since the decision tree indicates a 94% probability that Person 1 prefers the higher-rated movie when the rating difference exceeds 2.00, and our prediction aligns with this statistical likelihood, we should proceed with implementing the recommendation rather than escalating.

DECISION: 0
",,,2026-05-27T21:30:48.949567
avg_diff_over_200,1,1,1,0,"Person 1 has reviewed the following movies:

- District 9 (2009) (Mystery|Sci-Fi|Thriller): Rated 5.0/5
- Laputa: Castle in the Sky (Tenkû no shiro Rapyuta) (1986) (Action|Adventure|Animation|Children|Fantasy|Sci-Fi): Rated 4.0/5
- Kill Bill: Vol. 1 (2003) (Action|Crime|Thriller): Rated 5.0/5
- Madagascar (2005) (Adventure|Animation|Children|Comedy): Rated 4.0/5
- Inception (2010) (Action|Crime|Drama|Mystery|Sci-Fi|Thriller|IMAX): Rated 5.0/5

Consider these two movies they have not seen:

- Movie A: 12 Angry Men (1957) (Drama), average rating 4.31/5 (690 ratings)
- Movie B: Last Airbender, The (2010) (Action|Adventure|Fantasy), average rating 1.84/5 (60 ratings)

A decision tree trained on this dataset finds that when the two movies' average ratings differ by more than 2.00, users prefer the higher-rated movie 94% of the time.

TASK: Predict which movie Person 1 would rate higher. Explain your reasoning in 1 sentence. Then conclude with exactly 'PREDICTION: 1' (Movie A) or 'PREDICTION: 0' (Movie B).","You predicted Person 1's movie preference above.
TASK: Should we implement your prediction, or escalate to Person 1?
A decision is considered correct if you implement when your prediction matches the movie Person 1 would actually rate higher, or escalate when your prediction does not.
Explain your reasoning in 1-2 sentences, then conclude with exactly 'DECISION: 0' (implement) or 'DECISION: 1' (escalate).","The average rating difference between Movie A (4.31) and Movie B (1.84) is 2.47, which exceeds the 2.00 threshold, so Person 1 would likely prefer the higher-rated Movie A based on the trained decision tree's rule. PREDICTION: 1
","Since the decision tree explicitly states that users prefer the higher-rated movie when the rating difference exceeds 2.00, and the difference here is 2.47, implementing the prediction is the logical choice based on the provided model. DECISION: 0
",,,2026-05-27T21:30:58.253511
avg_diff_over_200,1,1,1,0,"Person 1 has reviewed the following movies:

- Incredibles, The (2004) (Action|Adventure|Animation|Children|Comedy): Rated 3.5/5
- Pulp Fiction (1994) (Comedy|Crime|Drama|Thriller): Rated 3.0/5
- Inside Out (2015) (Adventure|Animation|Children|Comedy|Drama|Fantasy): Rated 1.5/5
- Shrek (2001) (Adventure|Animation|Children|Comedy|Fantasy|Romance): Rated 5.0/5
- Drive My Car (2021) (Drama): Rated 5.0/5

Consider these two movies they have not seen:

- Movie A: Shrek 2 (2004) (Adventure|Animation|Children|Comedy|Musical|Romance), average rating 3.49/5 (768 ratings)
- Movie B: Elizabeth: A Portrait in Part(s) (2022) (Documentary), average rating 0.50/5 (1 ratings)

A decision tree trained on this dataset finds that when the two movies' average ratings differ by more than 2.00, users prefer the higher-rated movie 94% of the time.

TASK: Predict which movie Person 1 would rate higher. Explain your reasoning in 1 sentence. Then conclude with exactly 'PREDICTION: 1' (Movie A) or 'PREDICTION: 0' (Movie B).","You predicted Person 1's movie preference above.
TASK: Should we implement your prediction, or escalate to Person 1?
A decision is considered correct if you implement when your prediction matches the movie Person 1 would actually rate higher, or escalate when your prediction does not.
Explain your reasoning in 1-2 sentences, then conclude with exactly 'DECISION: 0' (implement) or 'DECISION: 1' (escalate).","Person 1 would rate Movie A higher because the difference in average ratings between Movie A (3.49) and Movie B (0.50) is 2.99, which exceeds the 2.00 threshold where the model predicts a 94% preference for the higher-rated option.

PREDICTION: 1
","Since the decision tree indicates a 94% probability that Person 1 prefers the higher-rated movie when the rating difference exceeds 2.00, and our prediction aligns with this statistical likelihood, we should proceed with implementing the recommendation rather than escalating.

DECISION: 0
",,,2026-05-27T21:31:07.177344
avg_diff_over_200,1,1,1,0,"Person 1 has reviewed the following movies:

- Ice Age (2002) (Adventure|Animation|Children|Comedy): Rated 1.0/5
- Rock, The (1996) (Action|Adventure|Thriller): Rated 0.5/5
- Spellbound (1945) (Mystery|Romance|Thriller): Rated 3.5/5
- Pretty Woman (1990) (Comedy|Romance): Rated 1.0/5
- Hide and Seek (2005) (Horror|Mystery|Thriller): Rated 1.0/5

Consider these two movies they have not seen:

- Movie A: On the Waterfront (1954) (Crime|Drama), average rating 4.17/5 (216 ratings)
- Movie B: I Still Know What You Did Last Summer (1998) (Horror|Mystery|Thriller), average rating 2.02/5 (143 ratings)

A decision tree trained on this dataset finds that when the two movies' average ratings differ by more than 2.00, users prefer the higher-rated movie 94% of the time.

TASK: Predict which movie Person 1 would rate higher. Explain your reasoning in 1 sentence. Then conclude with exactly 'PREDICTION: 1' (Movie A) or 'PREDICTION: 0' (Movie B).","You predicted Person 1's movie preference above.
TASK: Should we implement your prediction, or escalate to Person 1?
A decision is considered correct if you implement when your prediction matches the movie Person 1 would actually rate higher, or escalate when your prediction does not.
Explain your reasoning in 1-2 sentences, then conclude with exactly 'DECISION: 0' (implement) or 'DECISION: 1' (escalate).","Person 1 would rate Movie A higher because the difference in average ratings between Movie A (4.17) and Movie B (2.02) is 2.15, which exceeds the 2.00 threshold where the model predicts a 94% preference for the higher-rated film.

PREDICTION: 1
","Since the decision tree indicates a 94% probability that Person 1 prefers the higher-rated movie when the rating difference exceeds 2.00, and our calculated difference of 2.15 meets this condition, we should implement the prediction rather than escalate.

DECISION: 0
",,,2026-05-27T21:31:16.234030
avg_diff_over_200,1,1,1,0,"Person 1 has reviewed the following movies:

- Matrix, The (1999) (Action|Sci-Fi|Thriller): Rated 3.0/5
- Secret Garden, The (1993) (Children|Drama): Rated 2.0/5
- Mortal Kombat (1995) (Action|Adventure|Fantasy): Rated 0.5/5
- Dirty Dancing (1987) (Drama|Musical|Romance): Rated 2.0/5
- Toy Story (1995) (Adventure|Animation|Children|Comedy|Fantasy): Rated 2.5/5

Consider these two movies they have not seen:

- Movie A: Wallace & Gromit: The Best of Aardman Animation (1996) (Adventure|Animation|Comedy), average rating 4.20/5 (266 ratings)
- Movie B: Anaconda (1997) (Action|Adventure|Thriller), average rating 2.06/5 (219 ratings)

A decision tree trained on this dataset finds that when the two movies' average ratings differ by more than 2.00, users prefer the higher-rated movie 94% of the time.

TASK: Predict which movie Person 1 would rate higher. Explain your reasoning in 1 sentence. Then conclude with exactly 'PREDICTION: 1' (Movie A) or 'PREDICTION: 0' (Movie B).","You predicted Person 1's movie preference above.
TASK: Should we implement your prediction, or escalate to Person 1?
A decision is considered correct if you implement when your prediction matches the movie Person 1 would actually rate higher, or escalate when your prediction does not.
Explain your reasoning in 1-2 sentences, then conclude with exactly 'DECISION: 0' (implement) or 'DECISION: 1' (escalate).","Person 1 would rate Movie A higher because the average rating difference between the two movies (4.20 - 2.06 = 2.14) exceeds the decision tree's threshold of 2.00, triggering the rule that users prefer the higher-rated movie.

PREDICTION: 1
","Since the decision tree rule explicitly states that users prefer the higher-rated movie when the rating difference exceeds 2.00, and the difference here is 2.14, implementing the prediction is the statistically correct action based on the provided model.

DECISION: 0
",,,2026-05-27T21:31:24.508892
avg_diff_over_200,1,1,1,0,"Person 1 has reviewed the following movies:

- Pacific Rim: Uprising (2018) (Action|Fantasy|Sci-Fi): Rated 1.5/5
- Harry Potter and the Chamber of Secrets (2002) (Adventure|Fantasy): Rated 2.5/5
- The Super Mario Bros. Movie (2023) (Adventure|Animation|Children|Comedy|Fantasy): Rated 2.0/5
- Gigi & Nate (2022) (Drama): Rated 2.0/5
- Cars 2 (2011) (Adventure|Animation|Children|Comedy|IMAX): Rated 0.5/5

Consider these two movies they have not seen:

- Movie A: Caddyshack (1980) (Comedy), average rating 3.64/5 (316 ratings)
- Movie B: Rapsittie Street Kids: Believe in Santa (2002) (Animation|Children|Comedy|Drama), average rating 1.00/5 (1 ratings)

A decision tree trained on this dataset finds that when the two movies' average ratings differ by more than 2.00, users prefer the higher-rated movie 94% of the time.

TASK: Predict which movie Person 1 would rate higher. Explain your reasoning in 1 sentence. Then conclude with exactly 'PREDICTION: 1' (Movie A) or 'PREDICTION: 0' (Movie B).","You predicted Person 1's movie preference above.
TASK: Should we implement your prediction, or escalate to Person 1?
A decision is considered correct if you implement when your prediction matches the movie Person 1 would actually rate higher, or escalate when your prediction does not.
Explain your reasoning in 1-2 sentences, then conclude with exactly 'DECISION: 0' (implement) or 'DECISION: 1' (escalate).","Person 1 would rate Movie A higher because the difference in average ratings between Movie A (3.64) and Movie B (1.00) is 2.64, which exceeds the 2.00 threshold where the model predicts a 94% preference for the higher-rated option.

PREDICTION: 1
","Since the decision tree indicates a 94% probability that Person 1 prefers the higher-rated movie when the rating difference exceeds 2.00, and our prediction aligns with this statistical likelihood, we should proceed with implementing the recommendation rather than escalating.

DECISION: 0
",,,2026-05-27T21:31:33.142414
avg_diff_over_200,1,1,1,0,"Person 1 has reviewed the following movies:

- That Thing You Do! (1996) (Comedy|Drama): Rated 3.0/5
- Sixteen Candles (1984) (Comedy|Romance): Rated 4.5/5
- Monsters, Inc. (2001) (Adventure|Animation|Children|Comedy|Fantasy): Rated 3.5/5
- Mission: Impossible (1996) (Action|Adventure|Mystery|Thriller): Rated 3.5/5
- Parent Trap, The (1961) (Children|Comedy|Romance): Rated 3.0/5

Consider these two movies they have not seen:

- Movie A: Catch Me If You Can (2002) (Crime|Drama), average rating 3.95/5 (1203 ratings)
- Movie B: Date Movie (2006) (Comedy|Romance), average rating 1.39/5 (36 ratings)

A decision tree trained on this dataset finds that when the two movies' average ratings differ by more than 2.00, users prefer the higher-rated movie 94% of the time.

TASK: Predict which movie Person 1 would rate higher. Explain your reasoning in 1 sentence. Then conclude with exactly 'PREDICTION: 1' (Movie A) or 'PREDICTION: 0' (Movie B).","You predicted Person 1's movie preference above.
TASK: Should we implement your prediction, or escalate to Person 1?
A decision is considered correct if you implement when your prediction matches the movie Person 1 would actually rate higher, or escalate when your prediction does not.
Explain your reasoning in 1-2 sentences, then conclude with exactly 'DECISION: 0' (implement) or 'DECISION: 1' (escalate).","Person 1 would rate Movie A higher because the difference in average ratings between Movie A (3.95) and Movie B (1.39) is 2.56, which exceeds the 2.00 threshold where the decision tree predicts a 94% preference for the higher-rated option.

PREDICTION: 1
","Since the decision tree indicates a 94% probability that Person 1 prefers the higher-rated movie when the rating difference exceeds 2.00, and our calculated difference of 2.56 meets this condition, implementing the prediction is the statistically sound choice.

DECISION: 0
",,,2026-05-27T21:31:42.082839
avg_diff_over_200,1,1,1,0,"Person 1 has reviewed the following movies:

- Spirited Away (Sen to Chihiro no kamikakushi) (2001) (Adventure|Animation|Fantasy): Rated 0.5/5
- Good Will Hunting (1997) (Drama|Romance): Rated 0.5/5
- Captain America: The Winter Soldier (2014) (Action|Adventure|Sci-Fi|IMAX): Rated 0.5/5
- Big (1988) (Comedy|Drama|Fantasy|Romance): Rated 0.5/5
- I, Robot (2004) (Action|Adventure|Sci-Fi|Thriller): Rated 0.5/5

Consider these two movies they have not seen:

- Movie A: Million Dollar Baby (2004) (Drama), average rating 3.88/5 (573 ratings)
- Movie B: Let's Be Evil (2016) (Sci-Fi|Thriller), average rating 0.50/5 (2 ratings)

A decision tree trained on this dataset finds that when the two movies' average ratings differ by more than 2.00, users prefer the higher-rated movie 94% of the time.

TASK: Predict which movie Person 1 would rate higher. Explain your reasoning in 1 sentence. Then conclude with exactly 'PREDICTION: 1' (Movie A) or 'PREDICTION: 0' (Movie B).","You predicted Person 1's movie preference above.
TASK: Should we implement your prediction, or escalate to Person 1?
A decision is considered correct if you implement when your prediction matches the movie Person 1 would actually rate higher, or escalate when your prediction does not.
Explain your reasoning in 1-2 sentences, then conclude with exactly 'DECISION: 0' (implement) or 'DECISION: 1' (escalate).","Person 1 would rate Movie A higher because the difference in average ratings between Movie A (3.88) and Movie B (0.50) is 3.38, which exceeds the 2.00 threshold where the decision tree predicts a 94% preference for the higher-rated movie.

PREDICTION: 1
","Since the decision tree logic indicates a 94% probability that Person 1 prefers the higher-rated movie (Movie A), implementing the prediction is the statistically sound choice.

DECISION: 0
",,,2026-05-27T21:31:49.951963
avg_diff_over_200,1,1,1,0,"Person 1 has reviewed the following movies:

- Moonstruck (1987) (Comedy|Romance): Rated 3.5/5
- Behind Enemy Lines (2001) (Action|Drama|War): Rated 3.0/5
- Star Wars: Episode VII - The Force Awakens (2015) (Action|Adventure|Fantasy|Sci-Fi|IMAX): Rated 2.0/5
- Cowboys & Aliens (2011) (Action|Sci-Fi|Thriller|Western|IMAX): Rated 2.0/5
- Who Pulled the Plug? (Göta kanal eller Vem drog ur proppen?) (1981) (Comedy): Rated 2.0/5

Consider these two movies they have not seen:

- Movie A: Chronicles of Narnia: The Lion, the Witch and the Wardrobe, The (2005) (Adventure|Children|Fantasy), average rating 3.35/5 (536 ratings)
- Movie B: Pretty Cool Too (2007) (Comedy), average rating 0.50/5 (1 ratings)

A decision tree trained on this dataset finds that when the two movies' average ratings differ by more than 2.00, users prefer the higher-rated movie 94% of the time.

TASK: Predict which movie Person 1 would rate higher. Explain your reasoning in 1 sentence. Then conclude with exactly 'PREDICTION: 1' (Movie A) or 'PREDICTION: 0' (Movie B).","You predicted Person 1's movie preference above.
TASK: Should we implement your prediction, or escalate to Person 1?
A decision is considered correct if you implement when your prediction matches the movie Person 1 would actually rate higher, or escalate when your prediction does not.
Explain your reasoning in 1-2 sentences, then conclude with exactly 'DECISION: 0' (implement) or 'DECISION: 1' (escalate).","Person 1 would rate Movie A higher because the difference in average ratings between Movie A (3.35) and Movie B (0.50) is 2.85, which exceeds the 2.00 threshold where the model predicts a 94% preference for the higher-rated film.

PREDICTION: 1
","Since the decision tree explicitly states that a rating difference greater than 2.00 leads to a 94% preference for the higher-rated movie, and the difference here is 2.85, the statistical probability strongly supports implementing the prediction rather than escalating.

DECISION: 0
",,,2026-05-27T21:31:59.100954
avg_diff_over_200,1,1,1,0,"Person 1 has reviewed the following movies:

- Cell, The (2000) (Drama|Horror|Thriller): Rated 5.0/5
- Batman Returns (1992) (Action|Crime): Rated 1.0/5
- Lost Souls (2000) (Drama|Horror|Thriller): Rated 3.0/5
- From Hell (2001) (Crime|Horror|Mystery|Thriller): Rated 3.0/5
- Original Sin (2001) (Drama|Romance|Thriller): Rated 3.0/5

Consider these two movies they have not seen:

- Movie A: Back to the Future (1985) (Adventure|Comedy|Sci-Fi), average rating 3.98/5 (1871 ratings)
- Movie B: Parasite (1982) (Horror|Sci-Fi), average rating 1.00/5 (4 ratings)

A decision tree trained on this dataset finds that when the two movies' average ratings differ by more than 2.00, users prefer the higher-rated movie 94% of the time.

TASK: Predict which movie Person 1 would rate higher. Explain your reasoning in 1 sentence. Then conclude with exactly 'PREDICTION: 1' (Movie A) or 'PREDICTION: 0' (Movie B).","You predicted Person 1's movie preference above.
TASK: Should we implement your prediction, or escalate to Person 1?
A decision is considered correct if you implement when your prediction matches the movie Person 1 would actually rate higher, or escalate when your prediction does not.
Explain your reasoning in 1-2 sentences, then conclude with exactly 'DECISION: 0' (implement) or 'DECISION: 1' (escalate).","Person 1 would rate Movie A higher because the average ratings of the two movies differ by 2.98 points, which exceeds the decision tree's threshold of 2.00, leading to a 94% preference for the higher-rated option.

PREDICTION: 1
","Since the decision tree logic indicates a 94% probability that Person 1 prefers the higher-rated movie (Movie A), implementing the prediction is the statistically sound choice based on the provided model.

DECISION: 0
",,,2026-05-27T21:32:06.507579
avg_diff_over_200,1,1,1,1,"Person 1 has reviewed the following movies:

- Road Warrior, The (Mad Max 2) (1981) (Action|Adventure|Sci-Fi|Thriller): Rated 4.0/5
- Star Wars: Episode V - The Empire Strikes Back (1980) (Action|Adventure|Sci-Fi): Rated 4.0/5
- Coneheads (1993) (Comedy|Sci-Fi): Rated 1.5/5
- Batman Forever (1995) (Action|Adventure|Comedy|Crime): Rated 1.0/5
- Rear Window (1954) (Mystery|Thriller): Rated 3.0/5

Consider these two movies they have not seen:

- Movie A: Die Hard (1988) (Action|Crime|Thriller), average rating 3.95/5 (1400 ratings)
- Movie B: 3 Ninjas Kick Back (1994) (Action|Children|Comedy), average rating 1.79/5 (14 ratings)

A decision tree trained on this dataset finds that when the two movies' average ratings differ by more than 2.00, users prefer the higher-rated movie 94% of the time.

TASK: Predict which movie Person 1 would rate higher. Explain your reasoning in 1 sentence. Then conclude with exactly 'PREDICTION: 1' (Movie A) or 'PREDICTION: 0' (Movie B).","You predicted Person 1's movie preference above.
TASK: Should we implement your prediction, or escalate to Person 1?
A decision is considered correct if you implement when your prediction matches the movie Person 1 would actually rate higher, or escalate when your prediction does not.
Explain your reasoning in 1-2 sentences, then conclude with exactly 'DECISION: 0' (implement) or 'DECISION: 1' (escalate).","The average rating difference between Movie A (3.95) and Movie B (1.79) is 2.16, which exceeds the 2.00 threshold where the decision tree predicts a 94% preference for the higher-rated movie.

PREDICTION: 1
","Since the prediction relies on a general decision tree rule rather than specific data from Person 1's history, there is a significant risk that Person 1's personal taste (evidenced by their low ratings for comedies like *Coneheads* and *Batman Forever*) contradicts the general trend, making escalation the safer choice to verify their true preference.

DECISION: 1
",,,2026-05-27T21:32:16.037682
avg_diff_over_200,1,1,1,0,"Person 1 has reviewed the following movies:

- Matrix Revolutions, The (2003) (Action|Adventure|Sci-Fi|Thriller|IMAX): Rated 5.0/5
- Harry Potter and the Order of the Phoenix (2007) (Adventure|Drama|Fantasy|IMAX): Rated 5.0/5
- Wanted (2008) (Action|Thriller): Rated 3.5/5
- Tron (1982) (Action|Adventure|Sci-Fi): Rated 4.0/5
- Organize isler (2005) (Comedy): Rated 5.0/5

Consider these two movies they have not seen:

- Movie A: 22 Jump Street (2014) (Action|Comedy|Crime), average rating 3.51/5 (205 ratings)
- Movie B: Evim Sensin (2012) (Fantasy|Romance), average rating 0.50/5 (1 ratings)

A decision tree trained on this dataset finds that when the two movies' average ratings differ by more than 2.00, users prefer the higher-rated movie 94% of the time.

TASK: Predict which movie Person 1 would rate higher. Explain your reasoning in 1 sentence. Then conclude with exactly 'PREDICTION: 1' (Movie A) or 'PREDICTION: 0' (Movie B).","You predicted Person 1's movie preference above.
TASK: Should we implement your prediction, or escalate to Person 1?
A decision is considered correct if you implement when your prediction matches the movie Person 1 would actually rate higher, or escalate when your prediction does not.
Explain your reasoning in 1-2 sentences, then conclude with exactly 'DECISION: 0' (implement) or 'DECISION: 1' (escalate).","Person 1 would rate Movie A higher because the difference in average ratings between Movie A (3.51) and Movie B (0.50) is 3.01, which exceeds the 2.00 threshold where the decision tree predicts a 94% preference for the higher-rated movie.

PREDICTION: 1
","Since the decision tree indicates a 94% probability that Person 1 prefers the higher-rated movie given the large rating difference, implementing the prediction is the statistically sound choice.

DECISION: 0
",,,2026-05-27T21:32:23.971023
avg_diff_over_200,1,1,1,1,"Person 1 has reviewed the following movies:

- Brady Bunch Movie, The (1995) (Comedy): Rated 0.5/5
- Iliza Shlesinger: Confirmed Kills (2016) (Comedy): Rated 4.5/5
- Willow (1988) (Action|Adventure|Fantasy): Rated 2.0/5
- Searching for Bobby Fischer (1993) (Drama): Rated 3.5/5
- Dogtown and Z-Boyz (2001) (Documentary): Rated 4.0/5

Consider these two movies they have not seen:

- Movie A: Rabbit-Proof Fence (2002) (Adventure|Drama), average rating 3.88/5 (81 ratings)
- Movie B: XOXO (2016) (Drama), average rating 1.75/5 (2 ratings)

A decision tree trained on this dataset finds that when the two movies' average ratings differ by more than 2.00, users prefer the higher-rated movie 94% of the time.

TASK: Predict which movie Person 1 would rate higher. Explain your reasoning in 1 sentence. Then conclude with exactly 'PREDICTION: 1' (Movie A) or 'PREDICTION: 0' (Movie B).","You predicted Person 1's movie preference above.
TASK: Should we implement your prediction, or escalate to Person 1?
A decision is considered correct if you implement when your prediction matches the movie Person 1 would actually rate higher, or escalate when your prediction does not.
Explain your reasoning in 1-2 sentences, then conclude with exactly 'DECISION: 0' (implement) or 'DECISION: 1' (escalate).","The average rating difference between Movie A (3.88) and Movie B (1.75) is 2.13, which exceeds the 2.00 threshold where the decision tree predicts a 94% preference for the higher-rated movie.

PREDICTION: 1
","Since the decision tree's prediction relies on a general rule that may not account for Person 1's specific taste profile (e.g., their low rating for *Willow* suggests they might dislike high-fantasy adventure films like *Rabbit-Proof Fence*), it is safer to escalate to verify their actual preference rather than risk a wrong implementation.

DECISION: 1
",,,2026-05-27T21:32:33.455899
avg_diff_over_200,1,1,1,0,"Person 1 has reviewed the following movies:

- Ghost World (2001) (Comedy|Drama): Rated 5.0/5
- Monty Python Live at the Hollywood Bowl (1982) (Comedy): Rated 4.5/5
- Back to the Future Part II (1989) (Adventure|Comedy|Sci-Fi): Rated 4.5/5
- Robin Hood (1973) (Adventure|Animation|Children|Comedy|Musical): Rated 2.0/5
- Monty Python's The Meaning of Life (1983) (Comedy): Rated 4.5/5

Consider these two movies they have not seen:

- Movie A: Incredibles, The (2004) (Action|Adventure|Animation|Children|Comedy), average rating 3.86/5 (1276 ratings)
- Movie B: Pokemon 4 Ever (a.k.a. Pokémon 4: The Movie) (2002) (Adventure|Animation|Children|Fantasy), average rating 1.25/5 (14 ratings)

A decision tree trained on this dataset finds that when the two movies' average ratings differ by more than 2.00, users prefer the higher-rated movie 94% of the time.

TASK: Predict which movie Person 1 would rate higher. Explain your reasoning in 1 sentence. Then conclude with exactly 'PREDICTION: 1' (Movie A) or 'PREDICTION: 0' (Movie B).","You predicted Person 1's movie preference above.
TASK: Should we implement your prediction, or escalate to Person 1?
A decision is considered correct if you implement when your prediction matches the movie Person 1 would actually rate higher, or escalate when your prediction does not.
Explain your reasoning in 1-2 sentences, then conclude with exactly 'DECISION: 0' (implement) or 'DECISION: 1' (escalate).","Person 1 would rate Movie A higher because the difference in average ratings between the two movies (2.61) exceeds the decision tree's threshold of 2.00, leading to a 94% preference for the movie with the higher rating.

PREDICTION: 1
","Since the decision tree's logic indicates a 94% probability that Person 1 prefers the higher-rated movie (Movie A), implementing the prediction is the statistically sound choice based on the provided model.

DECISION: 0
",,,2026-05-27T21:32:40.938238
avg_diff_over_200,1,1,1,0,"Person 1 has reviewed the following movies:

- Stand by Me (1986) (Adventure|Drama): Rated 3.5/5
- The Hole (2001) (Drama|Horror|Mystery|Thriller): Rated 3.0/5
- Bad Taste (1987) (Comedy|Horror|Sci-Fi): Rated 4.0/5
- Step Brothers (2008) (Comedy): Rated 3.0/5
- Hot Shots! Part Deux (1993) (Action|Comedy|War): Rated 3.5/5

Consider these two movies they have not seen:

- Movie A: Pulp Fiction (1994) (Comedy|Crime|Drama|Thriller), average rating 4.18/5 (3047 ratings)
- Movie B: See No Evil (2006) (Horror), average rating 2.12/5 (4 ratings)

A decision tree trained on this dataset finds that when the two movies' average ratings differ by more than 2.00, users prefer the higher-rated movie 94% of the time.

TASK: Predict which movie Person 1 would rate higher. Explain your reasoning in 1 sentence. Then conclude with exactly 'PREDICTION: 1' (Movie A) or 'PREDICTION: 0' (Movie B).","You predicted Person 1's movie preference above.
TASK: Should we implement your prediction, or escalate to Person 1?
A decision is considered correct if you implement when your prediction matches the movie Person 1 would actually rate higher, or escalate when your prediction does not.
Explain your reasoning in 1-2 sentences, then conclude with exactly 'DECISION: 0' (implement) or 'DECISION: 1' (escalate).","The difference in average ratings between Movie A (4.18) and Movie B (2.12) is 2.06, which exceeds the 2.00 threshold where the decision tree indicates a 94% preference for the higher-rated movie.

PREDICTION: 1
","Since the decision tree's rule for a rating difference greater than 2.00 is a strong indicator (94% accuracy) that the higher-rated movie is preferred, and our calculated difference of 2.06 clearly triggers this rule, we can confidently implement the prediction without needing to ask the user.

DECISION: 0
",,,2026-05-27T21:32:49.882343
avg_diff_over_200,1,1,1,0,"Person 1 has reviewed the following movies:

- Monty Python's Life of Brian (1979) (Comedy): Rated 3.0/5
- Matrix, The (1999) (Action|Sci-Fi|Thriller): Rated 5.0/5
- Girl, Interrupted (1999) (Drama): Rated 3.0/5
- Scream 2 (1997) (Comedy|Horror|Mystery|Thriller): Rated 2.0/5
- Scream (1996) (Comedy|Horror|Mystery|Thriller): Rated 3.0/5

Consider these two movies they have not seen:

- Movie A: Player, The (1992) (Comedy|Crime|Drama), average rating 4.00/5 (247 ratings)
- Movie B: Spice World (1997) (Comedy), average rating 1.68/5 (93 ratings)

A decision tree trained on this dataset finds that when the two movies' average ratings differ by more than 2.00, users prefer the higher-rated movie 94% of the time.

TASK: Predict which movie Person 1 would rate higher. Explain your reasoning in 1 sentence. Then conclude with exactly 'PREDICTION: 1' (Movie A) or 'PREDICTION: 0' (Movie B).","You predicted Person 1's movie preference above.
TASK: Should we implement your prediction, or escalate to Person 1?
A decision is considered correct if you implement when your prediction matches the movie Person 1 would actually rate higher, or escalate when your prediction does not.
Explain your reasoning in 1-2 sentences, then conclude with exactly 'DECISION: 0' (implement) or 'DECISION: 1' (escalate).","Movie A has a significantly higher average rating (4.00) compared to Movie B (1.68), creating a difference of 2.32 which exceeds the decision tree's threshold of 2.00, leading to a strong preference for the higher-rated option. PREDICTION: 1
","Since the decision tree explicitly states that a rating difference greater than 2.00 leads to a 94% preference for the higher-rated movie, and the difference between Movie A and Movie B is 2.32, it is statistically probable that Person 1 will rate Movie A higher. Therefore, we should implement the prediction rather than escalate to the user. DECISION: 0
",,,2026-05-27T21:32:59.605688
avg_diff_over_200,1,1,1,0,"Person 1 has reviewed the following movies:

- Insidious (2010) (Fantasy|Horror|Thriller): Rated 4.5/5
- Spring Breakers (2013) (Comedy|Crime|Drama): Rated 5.0/5
- Fight Club (1999) (Action|Crime|Drama|Thriller): Rated 4.5/5
- Madagascar: Escape 2 Africa (2008) (Action|Adventure|Animation|Children|Comedy|IMAX): Rated 4.5/5
- King Kong (2005) (Action|Adventure|Drama|Fantasy|Thriller): Rated 1.0/5

Consider these two movies they have not seen:

- Movie A: Sherlock Holmes: A Game of Shadows (2011) (Action|Adventure|Comedy|Crime|Mystery|Thriller), average rating 3.70/5 (416 ratings)
- Movie B: Disaster Movie (2008) (Comedy), average rating 1.48/5 (23 ratings)

A decision tree trained on this dataset finds that when the two movies' average ratings differ by more than 2.00, users prefer the higher-rated movie 94% of the time.

TASK: Predict which movie Person 1 would rate higher. Explain your reasoning in 1 sentence. Then conclude with exactly 'PREDICTION: 1' (Movie A) or 'PREDICTION: 0' (Movie B).","You predicted Person 1's movie preference above.
TASK: Should we implement your prediction, or escalate to Person 1?
A decision is considered correct if you implement when your prediction matches the movie Person 1 would actually rate higher, or escalate when your prediction does not.
Explain your reasoning in 1-2 sentences, then conclude with exactly 'DECISION: 0' (implement) or 'DECISION: 1' (escalate).","Person 1 would rate Movie A higher because the difference between the average ratings of Movie A (3.70) and Movie B (1.48) is 2.22, which exceeds the 2.00 threshold where the model predicts a 94% preference for the higher-rated option.

PREDICTION: 1
","Since the decision tree indicates a 94% probability that Person 1 prefers the higher-rated movie when the rating difference exceeds 2.00, and our prediction aligns with this statistical likelihood, we should proceed with implementing the recommendation rather than escalating.

DECISION: 0
",,,2026-05-27T21:33:08.569113
avg_diff_over_200,1,1,1,0,"Person 1 has reviewed the following movies:

- Fight Club (1999) (Action|Crime|Drama|Thriller): Rated 4.5/5
- 2001: A Space Odyssey (1968) (Adventure|Drama|Sci-Fi): Rated 4.0/5
- Deadpool 2 (2018) (Action|Comedy|Sci-Fi): Rated 4.0/5
- Lord of the Rings: The Return of the King, The (2003) (Action|Adventure|Drama|Fantasy): Rated 5.0/5
- Indiana Jones and the Last Crusade (1989) (Action|Adventure): Rated 4.0/5

Consider these two movies they have not seen:

- Movie A: Star Wars: Episode V - The Empire Strikes Back (1980) (Action|Adventure|Sci-Fi), average rating 4.10/5 (2250 ratings)
- Movie B: Godzilla: Eater of Stars (2018) (Animation), average rating 1.50/5 (1 ratings)

A decision tree trained on this dataset finds that when the two movies' average ratings differ by more than 2.00, users prefer the higher-rated movie 94% of the time.

TASK: Predict which movie Person 1 would rate higher. Explain your reasoning in 1 sentence. Then conclude with exactly 'PREDICTION: 1' (Movie A) or 'PREDICTION: 0' (Movie B).","You predicted Person 1's movie preference above.
TASK: Should we implement your prediction, or escalate to Person 1?
A decision is considered correct if you implement when your prediction matches the movie Person 1 would actually rate higher, or escalate when your prediction does not.
Explain your reasoning in 1-2 sentences, then conclude with exactly 'DECISION: 0' (implement) or 'DECISION: 1' (escalate).","Person 1 would rate Movie A higher because the difference in average ratings between the two unviewed movies (4.10 - 1.50 = 2.60) exceeds the decision tree's threshold of 2.00, leading to a 94% probability of preferring the higher-rated option.

PREDICTION: 1
","Since the decision tree's logic indicates a 94% probability that Person 1 prefers the higher-rated movie (Movie A), implementing the prediction is the statistically sound choice based on the provided model.

DECISION: 0
",,,2026-05-27T21:33:17.058651
avg_diff_over_200,1,1,1,0,"Person 1 has reviewed the following movies:

- Runaway Bride (1999) (Comedy|Romance): Rated 2.5/5
- New Adventures of Pippi Longstocking, The (1988) (Adventure|Children|Fantasy|Musical): Rated 3.0/5
- Dark Knight, The (2008) (Action|Crime|Drama|IMAX): Rated 4.5/5
- Showgirls (1995) (Drama): Rated 3.0/5
- O Brother, Where Art Thou? (2000) (Adventure|Comedy|Crime): Rated 3.5/5

Consider these two movies they have not seen:

- Movie A: Lord of the Rings: The Fellowship of the Ring, The (2001) (Adventure|Fantasy), average rating 4.11/5 (2297 ratings)
- Movie B: Crossroads (2002) (Comedy|Musical|Romance), average rating 1.83/5 (44 ratings)

A decision tree trained on this dataset finds that when the two movies' average ratings differ by more than 2.00, users prefer the higher-rated movie 94% of the time.

TASK: Predict which movie Person 1 would rate higher. Explain your reasoning in 1 sentence. Then conclude with exactly 'PREDICTION: 1' (Movie A) or 'PREDICTION: 0' (Movie B).","You predicted Person 1's movie preference above.
TASK: Should we implement your prediction, or escalate to Person 1?
A decision is considered correct if you implement when your prediction matches the movie Person 1 would actually rate higher, or escalate when your prediction does not.
Explain your reasoning in 1-2 sentences, then conclude with exactly 'DECISION: 0' (implement) or 'DECISION: 1' (escalate).","The average rating difference between Movie A (4.11) and Movie B (1.83) is 2.28, which exceeds the 2.00 threshold, so Person 1 would likely prefer the higher-rated Movie A based on the decision tree's rule. PREDICTION: 1
","Since the decision tree explicitly states that users prefer the higher-rated movie when the rating difference exceeds 2.00, and our calculated difference of 2.28 meets this condition, we can confidently implement the prediction without needing to escalate. DECISION: 0
",,,2026-05-27T21:33:25.309599
avg_diff_over_200,1,1,1,0,"Person 1 has reviewed the following movies:

- Monster's Ball (2001) (Drama|Romance): Rated 4.0/5
- Matrix, The (1999) (Action|Sci-Fi|Thriller): Rated 4.0/5
- Waterworld (1995) (Action|Adventure|Sci-Fi): Rated 3.0/5
- Beautiful Mind, A (2001) (Drama|Romance): Rated 3.5/5
- Apocalypse Now (1979) (Action|Drama|War): Rated 5.0/5

Consider these two movies they have not seen:

- Movie A: Heat (1995) (Action|Crime|Thriller), average rating 3.91/5 (947 ratings)
- Movie B: Spice World (1997) (Comedy), average rating 1.68/5 (93 ratings)

A decision tree trained on this dataset finds that when the two movies' average ratings differ by more than 2.00, users prefer the higher-rated movie 94% of the time.

TASK: Predict which movie Person 1 would rate higher. Explain your reasoning in 1 sentence. Then conclude with exactly 'PREDICTION: 1' (Movie A) or 'PREDICTION: 0' (Movie B).","You predicted Person 1's movie preference above.
TASK: Should we implement your prediction, or escalate to Person 1?
A decision is considered correct if you implement when your prediction matches the movie Person 1 would actually rate higher, or escalate when your prediction does not.
Explain your reasoning in 1-2 sentences, then conclude with exactly 'DECISION: 0' (implement) or 'DECISION: 1' (escalate).","The average rating difference between Movie A (3.91) and Movie B (1.68) is 2.23, which exceeds the 2.00 threshold where the decision tree predicts a 94% preference for the higher-rated movie.

PREDICTION: 1
","Since the decision tree's logic indicates a 94% probability that Person 1 prefers the higher-rated movie (Movie A), implementing the prediction is the statistically sound choice.

DECISION: 0
",,,2026-05-27T21:33:32.566176
avg_diff_over_200,1,1,1,0,"Person 1 has reviewed the following movies:

- Departed, The (2006) (Crime|Drama|Thriller): Rated 2.0/5
- Run Lola Run (Lola rennt) (1998) (Action|Crime): Rated 4.0/5
- Star Wars: Episode IV - A New Hope (1977) (Action|Adventure|Sci-Fi): Rated 5.0/5
- Saving Private Ryan (1998) (Action|Drama|War): Rated 2.0/5
- Seven Samurai (Shichinin no samurai) (1954) (Action|Adventure|Drama): Rated 4.0/5

Consider these two movies they have not seen:

- Movie A: Shawshank Redemption, The (1994) (Crime|Drama), average rating 4.42/5 (3232 ratings)
- Movie B: Nutty Professor II: The Klumps (2000) (Comedy), average rating 2.19/5 (120 ratings)

A decision tree trained on this dataset finds that when the two movies' average ratings differ by more than 2.00, users prefer the higher-rated movie 94% of the time.

TASK: Predict which movie Person 1 would rate higher. Explain your reasoning in 1 sentence. Then conclude with exactly 'PREDICTION: 1' (Movie A) or 'PREDICTION: 0' (Movie B).","You predicted Person 1's movie preference above.
TASK: Should we implement your prediction, or escalate to Person 1?
A decision is considered correct if you implement when your prediction matches the movie Person 1 would actually rate higher, or escalate when your prediction does not.
Explain your reasoning in 1-2 sentences, then conclude with exactly 'DECISION: 0' (implement) or 'DECISION: 1' (escalate).","Person 1 would rate Movie A higher because the difference in average ratings between the two movies (4.42 - 2.19 = 2.23) exceeds the decision tree's threshold of 2.00, triggering the rule that users prefer the higher-rated movie.

PREDICTION: 1
","Since the decision tree's logic indicates a 94% probability that Person 1 prefers the higher-rated movie in this specific rating gap scenario, implementing the prediction is the statistically sound choice.

DECISION: 0
",,,2026-05-27T21:33:40.373237
avg_diff_over_200,1,1,1,0,"Person 1 has reviewed the following movies:

- City of God (Cidade de Deus) (2002) (Action|Adventure|Crime|Drama|Thriller): Rated 4.5/5
- Bourne Identity, The (2002) (Action|Mystery|Thriller): Rated 4.0/5
- Rambo: First Blood Part II (1985) (Action|Adventure|Thriller): Rated 3.5/5
- Dick Tracy (1990) (Action|Crime): Rated 3.5/5
- Ben-Hur (1959) (Action|Adventure|Drama): Rated 3.5/5

Consider these two movies they have not seen:

- Movie A: Godfather, The (1972) (Crime|Drama), average rating 4.31/5 (2098 ratings)
- Movie B: Police Academy 4: Citizens on Patrol (1987) (Comedy|Crime), average rating 2.09/5 (99 ratings)

A decision tree trained on this dataset finds that when the two movies' average ratings differ by more than 2.00, users prefer the higher-rated movie 94% of the time.

TASK: Predict which movie Person 1 would rate higher. Explain your reasoning in 1 sentence. Then conclude with exactly 'PREDICTION: 1' (Movie A) or 'PREDICTION: 0' (Movie B).","You predicted Person 1's movie preference above.
TASK: Should we implement your prediction, or escalate to Person 1?
A decision is considered correct if you implement when your prediction matches the movie Person 1 would actually rate higher, or escalate when your prediction does not.
Explain your reasoning in 1-2 sentences, then conclude with exactly 'DECISION: 0' (implement) or 'DECISION: 1' (escalate).","Person 1 would rate Movie A higher because the difference in average ratings between the two movies (4.31 - 2.09 = 2.22) exceeds the decision tree's threshold of 2.00, leading to a 94% probability of preferring the higher-rated option.

PREDICTION: 1
","Since the decision tree indicates a 94% probability that Person 1 prefers the higher-rated movie given the rating difference exceeds 2.00, and our prediction aligns with this statistical likelihood, we should proceed with implementing the recommendation rather than escalating.

DECISION: 0
",,,2026-05-27T21:33:49.349140
avg_diff_over_200,1,1,1,1,"Person 1 has reviewed the following movies:

- One Flew Over the Cuckoo's Nest (1975) (Drama): Rated 5.0/5
- Pi (1998) (Drama|Sci-Fi|Thriller): Rated 4.0/5
- Breakfast Club, The (1985) (Comedy|Drama): Rated 4.0/5
- Rocky III (1982) (Action|Drama): Rated 2.0/5
- Twelve Monkeys (a.k.a. 12 Monkeys) (1995) (Mystery|Sci-Fi|Thriller): Rated 5.0/5

Consider these two movies they have not seen:

- Movie A: Schindler's List (1993) (Drama|War), average rating 4.24/5 (2305 ratings)
- Movie B: Karate Kid, Part III, The (1989) (Action|Adventure|Children|Drama), average rating 2.10/5 (130 ratings)

A decision tree trained on this dataset finds that when the two movies' average ratings differ by more than 2.00, users prefer the higher-rated movie 94% of the time.

TASK: Predict which movie Person 1 would rate higher. Explain your reasoning in 1 sentence. Then conclude with exactly 'PREDICTION: 1' (Movie A) or 'PREDICTION: 0' (Movie B).","You predicted Person 1's movie preference above.
TASK: Should we implement your prediction, or escalate to Person 1?
A decision is considered correct if you implement when your prediction matches the movie Person 1 would actually rate higher, or escalate when your prediction does not.
Explain your reasoning in 1-2 sentences, then conclude with exactly 'DECISION: 0' (implement) or 'DECISION: 1' (escalate).","Person 1 would rate Movie A higher because the difference in average ratings between Schindler's List (4.24) and Karate Kid Part III (2.10) is 2.14, which exceeds the 2.00 threshold where the model predicts a 94% preference for the higher-rated film.

PREDICTION: 1
","Since the prediction relies on a statistical threshold derived from general user behavior rather than Person 1's specific taste history, there is a significant risk that Person 1's personal preferences (e.g., liking action films over war dramas) will contradict the model's output. Therefore, it is safer to escalate to Person 1 to confirm their actual preference before implementing the recommendation.

DECISION: 1
",,,2026-05-27T21:34:00.085011
avg_diff_over_200,1,1,1,0,"Person 1 has reviewed the following movies:

- Girl, Interrupted (1999) (Drama): Rated 3.0/5
- Raiders of the Lost Ark (Indiana Jones and the Raiders of the Lost Ark) (1981) (Action|Adventure): Rated 5.0/5
- Trick (1999) (Comedy|Romance): Rated 1.0/5
- Breakfast Club, The (1985) (Comedy|Drama): Rated 3.0/5
- Scream 3 (2000) (Comedy|Horror|Mystery|Thriller): Rated 3.0/5

Consider these two movies they have not seen:

- Movie A: Monty Python's Life of Brian (1979) (Comedy), average rating 4.03/5 (838 ratings)
- Movie B: Spice World (1997) (Comedy), average rating 1.68/5 (93 ratings)

A decision tree trained on this dataset finds that when the two movies' average ratings differ by more than 2.00, users prefer the higher-rated movie 94% of the time.

TASK: Predict which movie Person 1 would rate higher. Explain your reasoning in 1 sentence. Then conclude with exactly 'PREDICTION: 1' (Movie A) or 'PREDICTION: 0' (Movie B).","You predicted Person 1's movie preference above.
TASK: Should we implement your prediction, or escalate to Person 1?
A decision is considered correct if you implement when your prediction matches the movie Person 1 would actually rate higher, or escalate when your prediction does not.
Explain your reasoning in 1-2 sentences, then conclude with exactly 'DECISION: 0' (implement) or 'DECISION: 1' (escalate).","Person 1 would rate Movie A higher because the average ratings of the two movies differ by 2.35 points, which exceeds the 2.00 threshold where the decision tree predicts a 94% preference for the higher-rated film.

PREDICTION: 1
","Since the decision tree's condition is met and the prediction is based on a statistically significant pattern in the data, implementing the prediction is the logical course of action without needing to involve the user.

DECISION: 0
",,,2026-05-27T21:34:07.162863
