condition,base_rate,n,pred_acc,esc_acc,esc_rate,esc_w,esc_r,gap,tp,tn,fp,fn
contains_troll,0.52,250,0.612,0.616,0.068,0.09278350515463918,0.05228758169934641,-0.0040000000000000036,9,145,8,88
