condition,base_rate,n,pred_acc,esc_acc,esc_rate,esc_w,esc_r,gap,tp,tn,fp,fn
no_deposit,0.716,165,0.7333333333333333,0.7090909090909091,0.024242424242424242,0.0,0.03305785123966942,0.024242424242424176,0,117,4,44
repeated_special,0.95,250,0.976,0.972,0.004,0.0,0.004098360655737705,0.0040000000000000036,0,243,1,6
