condition,base_rate,n,pred_acc,esc_acc,esc_rate,esc_w,esc_r,gap,tp,tn,fp,fn
no_special_requests,0.523,250,0.516,0.484,0.984,0.9834710743801653,0.9844961240310077,0.03200000000000003,119,2,127,2
lead_90_180,0.554,250,0.556,0.476,0.936,0.963963963963964,0.9136690647482014,0.08000000000000007,107,12,127,4
lead_30_90,0.622,250,0.608,0.428,0.916,0.9387755102040817,0.9013157894736842,0.18,92,15,137,6
no_prev_cancel,0.661,250,0.632,0.416,0.928,0.967391304347826,0.9050632911392406,0.21600000000000003,89,15,143,3
no_deposit,0.716,250,0.752,0.392,0.696,0.6774193548387096,0.7021276595744681,0.36,42,56,132,20
