condition,base_rate,n,pred_acc,esc_acc,esc_rate,esc_w,esc_r,gap,tp,tn,fp,fn
dti_over_30,0.51,250,0.616,0.472,0.904,0.9895833333333334,0.8506493506493507,0.14400000000000002,95,23,131,1
loan_under_5000,0.53,250,0.688,0.548,0.652,0.8205128205128205,0.5755813953488372,0.1399999999999999,64,73,99,14
dti_over_25,0.64,250,0.7,0.372,0.92,0.9866666666666667,0.8914285714285715,0.32799999999999996,74,19,156,1
dti_under_10,0.67,250,0.7,0.368,0.908,0.96,0.8857142857142857,0.33199999999999996,72,20,155,3
loan_over_25000,0.75,238,0.7815126050420168,0.6932773109243697,0.4327731092436975,0.7884615384615384,0.3333333333333333,0.08823529411764708,41,124,62,11
