condition,base_rate,n,pred_acc,esc_acc,esc_rate,esc_w,esc_r,gap,tp,tn,fp,fn
high_vs_low_status,0.57,189,0.544973544973545,0.4444444444444444,0.36507936507936506,0.29069767441860467,0.42718446601941745,0.10052910052910058,25,59,44,61
humans_vs_pets,0.79,250,0.776,0.7,0.148,0.16071428571428573,0.14432989690721648,0.07600000000000007,9,166,28,47
four_plus_more,0.84,250,0.776,0.736,0.096,0.125,0.08762886597938144,0.040000000000000036,7,177,17,49
legal_and_more,0.87,249,0.8514056224899599,0.7710843373493976,0.1285140562248996,0.16216216216216217,0.12264150943396226,0.08032128514056225,6,186,26,31
legal_3plus_more,0.91,184,0.907608695652174,0.8206521739130435,0.08695652173913043,0.0,0.09580838323353294,0.08695652173913049,0,151,16,17
