condition,base_rate,n,pred_acc,esc_acc,esc_rate,esc_w,esc_r,gap,tp,tn,fp,fn
contains_troll,0.52,250,0.62,0.492,0.824,0.9157894736842105,0.7677419354838709,0.128,87,36,119,8
contains_vandal,0.61,250,0.632,0.568,0.68,0.8369565217391305,0.5886075949367089,0.06400000000000006,77,65,93,15
contains_stop,0.67,250,0.7,0.416,0.788,0.84,0.7657142857142857,0.284,63,41,134,12
contains_love,0.74,250,0.828,0.6,0.508,0.813953488372093,0.4444444444444444,0.22799999999999998,35,115,92,8
